{"parsing": 1.9112746829999878, "frontend": 0.25334731299999996, "backend": 0.388747108, "simcode": 0.023192280000000003, "templates": 0.05596017700000001, "build": 2.7029345630000137, "sim": 0.12097984500002212, "diff": {"time": 0.009790488000021469, "vars": [], "numCompared": 3}, "phase": 7, "exectime": 6.126167514999992}