{"parsing": 1.9080751139999848, "frontend": 0.23679838699999997, "backend": 0.029696493000000004, "simcode": 0.008367664999999996, "templates": 0.0280421, "build": 2.1967744689999904, "sim": 0.03299771199999668, "diff": {"time": 0.061072544000012385, "vars": ["spring.w_rel", "spring.phi_rel", "inertia1.w", "inertia1.phi"], "numCompared": 7}, "phase": 6, "exectime": 5.180147077000001}