{"parsing": 1.9082091970000192, "frontend": 0.23846319900000001, "backend": 0.029902842000000006, "simcode": 0.008609666999999994, "templates": 0.037510236, "build": 2.2175575299999934, "sim": 0.036686293999991904, "diff": {"time": 0.061548195000000305, "vars": ["spring.w_rel", "spring.phi_rel", "inertia1.w", "inertia1.phi"], "numCompared": 7}, "phase": 6, "exectime": 5.221705009999994}