{"parsing": 1.8980815840000105, "frontend": 0.2530118650000001, "backend": 0.37376524099999986, "simcode": 0.021851403, "templates": 0.053776941, "build": 2.6698057840000047, "sim": 0.1300883810000073, "diff": {"time": 0.010334292999999661, "vars": [], "numCompared": 3}, "phase": 7, "exectime": 6.078190408000012}