{"parsing": 1.9899115590000065, "frontend": 0.2529940500000001, "backend": 0.3784603489999999, "simcode": 0.02178234300000001, "templates": 0.061840229, "build": 2.6075253850000024, "sim": 0.14694534000000203, "diff": {"time": 0.009857097000008253, "vars": [], "numCompared": 3}, "phase": 7, "exectime": 6.111297823000001}