{"parsing": 1.9365768070000229, "frontend": 0.23612931599999998, "backend": 0.029592095000000006, "simcode": 0.008217752000000002, "templates": 0.035985586, "build": 2.1582425930000113, "sim": 0.06800056699998436, "diff": {"time": 0.06158697000000757, "vars": ["spring.w_rel", "spring.phi_rel", "inertia1.w", "inertia1.phi"], "numCompared": 7}, "phase": 6, "exectime": 5.199200113999979}