{"parsing": 1.9322282429999973, "frontend": 0.26878694000000003, "backend": 0.397218694, "simcode": 0.024688592999999995, "templates": 0.05853010500000001, "build": 2.793401868000018, "sim": 0.13023956500001077, "diff": {"time": 0.010572312999983069, "vars": [], "numCompared": 3}, "phase": 7, "exectime": 6.286864625999982}