{"parsing": 1.8870499180000024, "frontend": 0.25851323899999995, "backend": 0.410527863, "simcode": 0.021910107999999998, "templates": 0.053556876, "build": 2.635601692999984, "sim": 0.1812970459999974, "diff": {"time": 0.01046961599999463, "vars": [], "numCompared": 3}, "phase": 7, "exectime": 6.095054677000007}