{"parsing": 1.8706247120000512, "frontend": 0.250975598, "backend": 0.3747081, "simcode": 0.021471501000000004, "templates": 0.062623542, "build": 2.653320903000008, "sim": 0.22921877599998197, "diff": {"time": 0.010347636000005878, "vars": [], "numCompared": 3}, "phase": 7, "exectime": 6.115133251999964}