{"parsing": 1.9535286569999926, "frontend": 0.25041109599999994, "backend": 0.41280232400000005, "simcode": 0.021629869000000003, "templates": 0.053109711, "build": 2.5783723199999997, "sim": 0.35055652100001566, "diff": {"time": 0.010450157000008176, "vars": [], "numCompared": 3}, "phase": 7, "exectime": 6.270339950999983}