{"parsing": 1.9371042539999905, "frontend": 0.26039496400000006, "backend": 0.39339277899999997, "simcode": 0.022003557000000007, "templates": 0.053216788, "build": 2.6535113339999725, "sim": 0.2114186889999985, "diff": {"time": 0.009715657000015199, "vars": [], "numCompared": 3}, "phase": 7, "exectime": 6.194797362000003}