{"parsing": 1.987776389000004, "frontend": 0.23661312899999998, "backend": 0.02987137599999999, "simcode": 0.008085455000000012, "templates": 0.028970348, "build": 2.2283297989999937, "sim": 0.03420223399999145, "diff": {"time": 0.11365539999999896, "vars": ["spring.w_rel", "spring.phi_rel", "inertia1.w", "inertia1.phi"], "numCompared": 7}, "phase": 6, "exectime": 5.3692156020000255}