{"parsing": 1.9120590150000112, "frontend": 0.2382131629999999, "backend": 0.030277006000000002, "simcode": 0.008367444000000002, "templates": 0.028806274, "build": 2.186631425999991, "sim": 0.028532697000002827, "diff": {"time": 0.060945720999995956, "vars": ["spring.w_rel", "spring.phi_rel", "inertia1.w", "inertia1.phi"], "numCompared": 7}, "phase": 6, "exectime": 5.1564741180000055}