{"parsing": 2.002393269999999, "frontend": 0.26098732200000013, "backend": 0.38409939599999987, "simcode": 0.022869389999999996, "templates": 0.058767088, "build": 2.742832104999991, "sim": 0.3102667500000109, "diff": {"time": 0.01052864499999373, "vars": [], "numCompared": 3}, "phase": 7, "exectime": 6.46927585200001}