{"parsing": 1.963381543999958, "frontend": 0.258637684, "backend": 0.38644836899999996, "simcode": 0.02341466099999999, "templates": 0.05626979100000001, "build": 2.70269706900001, "sim": 0.08933976299999813, "diff": {"time": 0.010665496999990864, "vars": [], "numCompared": 3}, "phase": 7, "exectime": 6.180440417}