{"parsing": 1.9587358990000325, "frontend": 0.23600420900000002, "backend": 0.029981068000000007, "simcode": 0.008539527000000002, "templates": 0.028699684, "build": 2.191251020999971, "sim": 0.029016011000010167, "diff": {"time": 0.1086404719999905, "vars": ["spring.w_rel", "spring.phi_rel", "inertia1.w", "inertia1.phi"], "numCompared": 7}, "phase": 6, "exectime": 5.295580419999965}