{"parsing": 1.968368345000016, "frontend": 0.265851728, "backend": 0.400679751, "simcode": 0.022058904000000004, "templates": 0.053587542, "build": 2.6572928419999755, "sim": 0.17736367199998426, "diff": {"time": 0.010620941000013318, "vars": [], "numCompared": 3}, "phase": 7, "exectime": 6.228058876000006}