{"parsing": 1.891826424000044, "frontend": 0.279710875, "backend": 0.418319607, "simcode": 0.022211347999999992, "templates": 0.05422130300000001, "build": 2.6614516189999904, "sim": 0.14503187600001866, "diff": {"time": 0.009952521000002434, "vars": [], "numCompared": 3}, "phase": 7, "exectime": 6.166439658000002}