{"parsing": 2.033935583999977, "frontend": 0.260332389, "backend": 0.385419898, "simcode": 0.022747659000000003, "templates": 0.05473834700000001, "build": 2.7155243790000156, "sim": 0.18646386300000017, "diff": {"time": 0.010028310999985024, "vars": [], "numCompared": 3}, "phase": 7, "exectime": 6.3371309709999935}