{"parsing": 1.9306296749999774, "frontend": 0.23958334199999998, "backend": 0.030643597999999987, "simcode": 0.008778635, "templates": 0.03761301700000001, "build": 2.2814330809999888, "sim": 0.055353062999984104, "diff": {"time": 0.06216657100003431, "vars": ["spring.w_rel", "spring.phi_rel", "inertia1.w", "inertia1.phi"], "numCompared": 7}, "phase": 6, "exectime": 5.342590804999986}