{"parsing": 1.8925588480000215, "frontend": 0.2327095689999999, "backend": 0.029590894000000006, "simcode": 0.008259365999999997, "templates": 0.036896663, "build": 2.182932469999969, "sim": 0.037416766999967876, "diff": {"time": 0.06533925900009763, "vars": ["spring.w_rel", "spring.phi_rel", "inertia1.w", "inertia1.phi"], "numCompared": 7}, "phase": 6, "exectime": 5.163227605000088}