{"parsing": 1.9776652760000388, "frontend": 0.262947971, "backend": 0.400067491, "simcode": 0.023235016999999997, "templates": 0.05649545800000001, "build": 2.7897714989999827, "sim": 0.25974780399997144, "diff": {"time": 0.010248145000048225, "vars": [], "numCompared": 3}, "phase": 7, "exectime": 6.44959519300005}