{"parsing": 1.8917947630000072, "frontend": 0.255861034, "backend": 0.382661795, "simcode": 0.022557797000000004, "templates": 0.063604936, "build": 2.686377375999996, "sim": 0.15457024299996647, "diff": {"time": 0.010587512000029164, "vars": [], "numCompared": 3}, "phase": 7, "exectime": 6.1337213829999655}