{"parsing": 1.8792931710000005, "frontend": 0.237267073, "backend": 0.03010235700000001, "simcode": 0.008507348999999997, "templates": 0.037205868, "build": 2.1431122999999843, "sim": 0.05558859499998903, "diff": {"time": 0.06142099799998846, "vars": ["spring.w_rel", "spring.phi_rel", "inertia1.w", "inertia1.phi"], "numCompared": 7}, "phase": 6, "exectime": 5.132509886000008}