{"parsing": 1.8835124130000054, "frontend": 0.255289313, "backend": 0.392578645, "simcode": 0.021940444999999996, "templates": 0.06147914300000001, "build": 2.6235104809999825, "sim": 0.15933971900000188, "diff": {"time": 0.010354160000019874, "vars": [], "numCompared": 3}, "phase": 7, "exectime": 6.072908280999997}