{"parsing": 1.875523611999995, "frontend": 0.25561825899999996, "backend": 0.399178924, "simcode": 0.021843214, "templates": 0.063630816, "build": 2.7089302279999856, "sim": 0.19732482999998524, "diff": {"time": 0.010307797999985269, "vars": [], "numCompared": 3}, "phase": 7, "exectime": 6.171361189999999}