{"parsing": 1.9061765289999926, "frontend": 0.23186562899999996, "backend": 0.029401974000000004, "simcode": 0.008284495999999999, "templates": 0.028325634, "build": 2.1458141360000127, "sim": 0.03232114900004035, "diff": {"time": 0.06169455200000584, "vars": ["spring.w_rel", "spring.phi_rel", "inertia1.w", "inertia1.phi"], "numCompared": 7}, "phase": 6, "exectime": 5.126881936000018}