{"parsing": 1.9068367209999906, "frontend": 0.25402494099999995, "backend": 0.376163171, "simcode": 0.022400372, "templates": 0.06417449900000001, "build": 2.670101102999979, "sim": 0.2137758050000116, "diff": {"time": 0.010007755999993151, "vars": [], "numCompared": 3}, "phase": 7, "exectime": 6.163528246999988}