{"parsing": 1.938525205000019, "frontend": 0.2712743900000001, "backend": 0.390904871, "simcode": 0.02349518500000001, "templates": 0.056715127, "build": 2.6817574920000027, "sim": 0.19672163600000658, "diff": {"time": 0.00990519600000539, "vars": [], "numCompared": 3}, "phase": 7, "exectime": 6.269284886000008}