time,reference,actual,high,low,error,actual (raw)
0,0,0,0.00734537831168168,-0.00734537831168168,0,0
0.0008,0,0,0.00734537831168168,-0.00734537831168168,0,
0.000798084596967279,,,,,,0
0.2096,0,0,0.0550903373376126,-0.0550903373376126,,
0.00159616919393456,,,,,,0
0.00239425379090184,,,,,,0
0.00319233838786911,,,,,,0
0.00399042298483639,,,,,,0
0.00478850758180367,,,,,,0
0.00558659217877095,,,,,,0
0.00638467677573823,,,,,,0
0.00718276137270551,,,,,,0
0.00798084596967279,,,,,,0
0.00877893056664006,,,,,,0
0.00957701516360734,,,,,,0
0.0103750997605746,,,,,,0
0.0111731843575419,,,,,,0
0.0119712689545092,,,,,,0
0.0127693535514765,,,,,,0
0.0135674381484437,,,,,,0
0.014365522745411,,,,,,0
0.0151636073423783,,,,,,0
0.0159616919393456,,,,,,0
0.0167597765363128,,,,,,0
0.0175578611332801,,,,,,0
0.0183559457302474,,,,,,0
0.0191540303272147,,,,,,0
0.019952114924182,,,,,,0
0.0207501995211492,,,,,,0
0.0215482841181165,,,,,,0
0.0223463687150838,,,,,,0
0.0231444533120511,,,,,,0
0.0239425379090184,,,,,,0
0.0247406225059856,,,,,,0
0.0255387071029529,,,,,,0
0.0263367916999202,,,,,,0
0.0271348762968875,,,,,,0
0.0279329608938547,,,,,,0
0.028731045490822,,,,,,0
0.0295291300877893,,,,,,0
0.0303272146847566,,,,,,0
0.0311252992817239,,,,,,0
0.0319233838786911,,,,,,0
0.0327214684756584,,,,,,0
0.0335195530726257,,,,,,0
0.034317637669593,,,,,,0
0.0351157222665603,,,,,,0
0.0359138068635275,,,,,,0
0.0367118914604948,,,,,,0
0.0375099760574621,,,,,,0
0.0383080606544294,,,,,,0
0.0391061452513966,,,,,,0
0.0399042298483639,,,,,,0
0.0407023144453312,,,,,,0
0.0415003990422985,,,,,,0
0.0422984836392658,,,,,,0
0.043096568236233,,,,,,0
0.0438946528332003,,,,,,0
0.0446927374301676,,,,,,0
0.0454908220271349,,,,,,0
0.0462889066241022,,,,,,0
0.0470869912210694,,,,,,0
0.0478850758180367,,,,,,0
0.048683160415004,,,,,,0
0.0494812450119713,,,,,,0
0.0502793296089385,,,,,,0
0.0510774142059058,,,,,,0
0.0518754988028731,,,,,,0
0.0526735833998404,,,,,,0
0.0534716679968077,,,,,,0
0.0542697525937749,,,,,,0
0.0550678371907422,,,,,,0
0.0558659217877095,,,,,,0
0.0566640063846768,,,,,,0
0.0574620909816441,,,,,,0
0.0582601755786113,,,,,,0
0.0590582601755786,,,,,,0
0.0598563447725459,,,,,,0
0.0606544293695132,,,,,,0
0.0614525139664804,,,,,,0
0.0622505985634477,,,,,,0
0.063048683160415,,,,,,0
0.0638467677573823,,,,,,0
0.0646448523543496,,,,,,0
0.0654429369513168,,,,,,0
0.0662410215482841,,,,,,0
0.0670391061452514,,,,,,0
0.0678371907422187,,,,,,0
0.068635275339186,,,,,,0
0.0694333599361532,,,,,,0
0.0702314445331205,,,,,,0
0.0710295291300878,,,,,,0
0.0718276137270551,,,,,,0
0.0726256983240224,,,,,,0
0.0734237829209896,,,,,,0
0.0742218675179569,,,,,,0
0.0750199521149242,,,,,,0
0.0758180367118915,,,,,,0
0.0766161213088587,,,,,,0
0.077414205905826,,,,,,0
0.0782122905027933,,,,,,0
0.0790103750997606,,,,,,0
0.0798084596967279,,,,,,0
0.0806065442936951,,,,,,0
0.0814046288906624,,,,,,0
0.0822027134876297,,,,,,0
0.083000798084597,,,,,,0
0.0837988826815642,,,,,,0
0.0845969672785315,,,,,,0
0.0853950518754988,,,,,,0
0.0861931364724661,,,,,,0
0.0869912210694334,,,,,,0
0.0877893056664006,,,,,,0
0.0885873902633679,,,,,,0
0.0893854748603352,,,,,,0
0.0901835594573025,,,,,,0
0.0909816440542698,,,,,,0
0.091779728651237,,,,,,0
0.0925778132482043,,,,,,0
0.0933758978451716,,,,,,0
0.0941739824421389,,,,,,0
0.0949720670391061,,,,,,0
0.0957701516360734,,,,,,0
0.0965682362330407,,,,,,0
0.097366320830008,,,,,,0
0.0981644054269753,,,,,,0
0.0989624900239425,,,,,,0
0.0997605746209098,,,,,,0
0.100558659217877,,,,,,0
0.101356743814844,,,,,,0
0.102154828411812,,,,,,0
0.102952913008779,,,,,,0
0.103750997605746,,,,,,0
0.104549082202713,,,,,,0
0.105347166799681,,,,,,0
0.106145251396648,,,,,,0
0.106943335993615,,,,,,0
0.107741420590583,,,,,,0
0.10853950518755,,,,,,0
0.109337589784517,,,,,,0
0.110135674381484,,,,,,0
0.110933758978452,,,,,,0
0.111731843575419,,,,,,0
0.112529928172386,,,,,,0
0.113328012769354,,,,,,0
0.114126097366321,,,,,,0
0.114924181963288,,,,,,0
0.115722266560255,,,,,,0
0.116520351157223,,,,,,0
0.11731843575419,,,,,,0
0.118116520351157,,,,,,0
0.118914604948125,,,,,,0
0.119712689545092,,,,,,0
0.120510774142059,,,,,,0
0.121308858739026,,,,,,0
0.122106943335994,,,,,,0
0.122905027932961,,,,,,0
0.123703112529928,,,,,,0
0.124501197126895,,,,,,0
0.125299281723863,,,,,,0
0.12609736632083,,,,,,0
0.126895450917797,,,,,,0
0.127693535514765,,,,,,0
0.128491620111732,,,,,,0
0.129289704708699,,,,,,0
0.130087789305666,,,,,,0
0.130885873902634,,,,,,0
0.131683958499601,,,,,,0
0.132482043096568,,,,,,0
0.133280127693536,,,,,,0
0.134078212290503,,,,,,0
0.13487629688747,,,,,,0
0.135674381484437,,,,,,0
0.136472466081405,,,,,,0
0.137270550678372,,,,,,0
0.138068635275339,,,,,,0
0.138866719872306,,,,,,0
0.139664804469274,,,,,,0
0.140462889066241,,,,,,0
0.141260973663208,,,,,,0
0.142059058260176,,,,,,0
0.142857142857143,,,,,,0
0.14365522745411,,,,,,0
0.144453312051077,,,,,,0
0.145251396648045,,,,,,0
0.146049481245012,,,,,,0
0.146847565841979,,,,,,0
0.147645650438947,,,,,,0
0.148443735035914,,,,,,0
0.149241819632881,,,,,,0
0.150039904229848,,,,,,0
0.150837988826816,,,,,,0
0.151636073423783,,,,,,0
0.15243415802075,,,,,,0
0.153232242617717,,,,,,0
0.154030327214685,,,,,,0
0.154828411811652,,,,,,0
0.155626496408619,,,,,,0
0.156424581005587,,,,,,0
0.157222665602554,,,,,,0
0.158020750199521,,,,,,0
0.158818834796488,,,,,,0
0.159616919393456,,,,,,0
0.160415003990423,,,,,,0
0.16121308858739,,,,,,0
0.162011173184358,,,,,,0
0.162809257781325,,,,,,0
0.163607342378292,,,,,,0
0.164405426975259,,,,,,0
0.165203511572227,,,,,,0
0.166001596169194,,,,,,0
0.166799680766161,,,,,,0
0.167597765363128,,,,,,0
0.168395849960096,,,,,,0
0.169193934557063,,,,,,0
0.16999201915403,,,,,,0
0.170790103750998,,,,,,0
0.171588188347965,,,,,,0
0.172386272944932,,,,,,0
0.173184357541899,,,,,,0
0.173982442138867,,,,,,0
0.174780526735834,,,,,,0
0.175578611332801,,,,,,0
0.176376695929769,,,,,,0
0.177174780526736,,,,,,0
0.177972865123703,,,,,,0
0.17877094972067,,,,,,0
0.179569034317638,,,,,,0
0.180367118914605,,,,,,0
0.181165203511572,,,,,,0
0.18196328810854,,,,,,0
0.182761372705507,,,,,,0
0.183559457302474,,,,,,0
0.184357541899441,,,,,,0
0.185155626496409,,,,,,0
0.185953711093376,,,,,,0
0.186751795690343,,,,,,0
0.18754988028731,,,,,,0
0.188347964884278,,,,,,0
0.189146049481245,,,,,,0
0.189944134078212,,,,,,0
0.19074221867518,,,,,,0
0.191540303272147,,,,,,0
0.192338387869114,,,,,,0
0.193136472466081,,,,,,0
0.193934557063049,,,,,,0
0.194732641660016,,,,,,0
0.195530726256983,,,,,,0
0.196328810853951,,,,,,0
0.197126895450918,,,,,,0
0.197924980047885,,,,,,0
0.198723064644852,,,,,,0
0.19952114924182,,,,,,0
0.200319233838787,,,,,,0
0.201117318435754,,,,,,0
0.201915403032721,,,,,,0
0.202713487629689,,,,,,0
0.203511572226656,,,,,,0
0.204309656823623,,,,,,0
0.205107741420591,,,,,,0
0.205905826017558,,,,,,0
0.206703910614525,,,,,,0
0.207501995211492,,,,,,0
0.20830007980846,,,,,,0
0.209098164405427,,,,,,0
0.209600000000004,0,0,0.0550903373376126,-0.0550903373376126,,
0.209600000000008,0,0,0.0550903373376126,-0.0550903373376126,,
0.209600000000012,0,0,0.0550903373376126,-0.0550903373376126,,
0.209600000000016,0,0,0.0550903373376126,-0.0550903373376126,,
0.20960000000002,0,0,0.0550903373376126,-0.0550903373376126,,
0.209600000000024,0,0,0.0550903373376126,-0.0550903373376126,,
0.209600000000028,0,0,0.0550903373376126,-0.0550903373376126,,
0.209600000000032,0,0,0.0550903373376126,-0.0550903373376126,,
0.209600000000036,0,0,0.0550903373376126,-0.0550903373376126,,
0.20960000000004,0,0,0.0550903373376126,-0.0550903373376126,,
0.209600000000044,0,0,0.0550903373376126,-0.0550903373376126,,
0.209600000000048,0,0,0.0550903373376126,-0.0550903373376126,,
0.209600000000052,0,0,0.0550903373376126,-0.0550903373376126,,
0.209600000000056,0,0,0.0550903373376126,-0.0550903373376126,,
0.20960000000006,0,0,0.0550903373376126,-0.0550903373376126,,
0.209600000000064,0,0,0.0550903373376126,-0.0550903373376126,,
0.209600000000068,0,0,0.0550903373376126,-0.0550903373376126,,
0.209600000000072,0,0,0.0550903373376126,-0.0550903373376126,,
0.209600000000076,0,0,0.0550903373376126,-0.0550903373376126,,
0.20960000000008,0,0,0.0550903373376126,-0.0550903373376126,,
0.209600000000084,0,0,0.0550903373376126,-0.0550903373376126,,
0.209600000000088,0,0,0.0550903373376126,-0.0550903373376126,,
0.209600000000092,0,0,0.0550903373376126,-0.0550903373376126,,
0.209600000000096,0,0,0.0550903373376126,-0.0550903373376126,,
0.2096000000001,0,0,0.0550903373376126,-0.0550903373376126,,
0.209600000000104,0,0,0.0550903373376126,-0.0550903373376126,,
0.209600000000108,0,0,0.0550903373376126,-0.0550903373376126,,
0.209600000000112,0,0,0.0550903373376126,-0.0550903373376126,,
0.209600000000116,0,0,0.0550903373376126,-0.0550903373376126,,
0.20960000000012,0,0,0.0550903373376126,-0.0550903373376126,,
0.209600000000124,0,0,0.0550903373376126,-0.0550903373376126,,
0.209600000000128,0,0,0.0550903373376126,-0.0550903373376126,,
0.209600000000132,0,0,0.0550903373376126,-0.0550903373376126,,
0.209600000000136,0,0,0.0550903373376126,-0.0550903373376126,,
0.20960000000014,0,0,0.0550903373376126,-0.0550903373376126,,
0.209600000000144,0,0,0.0550903373376126,-0.0550903373376126,,
0.209600000000148,0,0,0.0550903373376126,-0.0550903373376126,,
0.209600000000152,0,0,0.0550903373376126,-0.0550903373376126,,
0.209600000000156,0,0,0.0550903373376126,-0.0550903373376126,,
0.20960000000016,0,0,0.0550903373376126,-0.0550903373376126,,
0.209600000000164,0,0,0.0550903373376126,-0.0550903373376126,,
0.209600000000168,0,0,0.0550903373376126,-0.0550903373376126,,
0.209600000000172,0,0,0.0550903373376126,-0.0550903373376126,,
0.209600000000176,0,0,0.0550903373376126,-0.0550903373376126,,
0.20960000000018,0,0,0.0550903373376126,-0.0550903373376126,,
0.209600000000184,0,0,0.0550903373376126,-0.0550903373376126,,
0.209600000000188,0,0,0.0550903373376126,-0.0550903373376126,,
0.209600000000192,0,0,0.0550903373376126,-0.0550903373376126,,
0.209600000000196,0,0,0.0550903373376126,-0.0550903373376126,,
0.2096000000002,0,0,0.0550903373376126,-0.0550903373376126,,
0.209600000000204,0,0,0.0550903373376126,-0.0550903373376126,,
0.209600000000208,0,0,0.0550903373376126,-0.0550903373376126,,
0.209600000000212,0,0,0.0550903373376126,-0.0550903373376126,,
0.209600000000216,0,0,0.0550903373376126,-0.0550903373376126,,
0.20960000000022,0,0,0.0550903373376126,-0.0550903373376126,,
0.209600000000224,0,0,0.0550903373376126,-0.0550903373376126,,
0.209600000000228,0,0,0.0550903373376126,-0.0550903373376126,,
0.209600000000232,0,0,0.0550903373376126,-0.0550903373376126,,
0.209600000000236,0,0,0.0550903373376126,-0.0550903373376126,,
0.20960000000024,0,0,0.0550903373376126,-0.0550903373376126,,
0.209600000000244,0,0,0.0550903373376126,-0.0550903373376126,,
0.209600000000248,0,0,0.0550903373376126,-0.0550903373376126,,
0.209600000000252,0,0,0.0550903373376126,-0.0550903373376126,,
0.209600000000256,0,0,0.0550903373376126,-0.0550903373376126,,
0.20960000000026,0,0,0.0550903373376126,-0.0550903373376126,,
0.209600000000264,0,0,0.0550903373376126,-0.0550903373376126,,
0.209600000000268,0,0,0.0550903373376126,-0.0550903373376126,,
0.209600000000272,0,0,0.0550903373376126,-0.0550903373376126,,
0.209600000000276,0,0,0.0550903373376126,-0.0550903373376126,,
0.20960000000028,0,0,0.0550903373376126,-0.0550903373376126,,
0.209600000000284,0,0,0.0550903373376126,-0.0550903373376126,,
0.209600000000288,0,0,0.0550903373376126,-0.0550903373376126,,
0.209600000000292,0,0,0.0550903373376126,-0.0550903373376126,,
0.209600000000296,0,0,0.0550903373376126,-0.0550903373376126,,
0.2096000000003,0,0,0.0550903373376126,-0.0550903373376126,,
0.209600000000304,0,0,0.0550903373376126,-0.0550903373376126,,
0.209600000000308,0,0,0.0550903373376126,-0.0550903373376126,,
0.209600000000312,0,0,0.0550903373376126,-0.0550903373376126,,
0.209600000000316,0,0,0.0550903373376126,-0.0550903373376126,,
0.20960000000032,0,0,0.0550903373376126,-0.0550903373376126,,
0.209600000000324,0,0,0.0550903373376126,-0.0550903373376126,,
0.209600000000328,0,0,0.0550903373376126,-0.0550903373376126,,
0.209600000000332,0,0,0.0550903373376126,-0.0550903373376126,,
0.209600000000336,0,0,0.0550903373376126,-0.0550903373376126,,
0.20960000000034,0,0,0.0550903373376126,-0.0550903373376126,,
0.209600000000344,0,0,0.0550903373376126,-0.0550903373376126,,
0.209600000000348,0,0,0.0550903373376126,-0.0550903373376126,,
0.209600000000352,0,0,0.0550903373376126,-0.0550903373376126,,
0.209600000000356,0,0,0.0550903373376126,-0.0550903373376126,,
0.20960000000036,0,0,0.0550903373376126,-0.0550903373376126,,
0.209600000000364,0,0,0.0550903373376126,-0.0550903373376126,,
0.209600000000368,0,0,0.0550903373376126,-0.0550903373376126,,
0.209600000000372,0,0,0.0550903373376126,-0.0550903373376126,,
0.209600000000376,0,0,0.0550903373376126,-0.0550903373376126,,
0.20960000000038,0,0,0.0550903373376126,-0.0550903373376126,,
0.209600000000384,0,0,0.0550903373376126,-0.0550903373376126,,
0.209600000000388,0,0,0.0550903373376126,-0.0550903373376126,,
0.209600000000392,0,0,0.0550903373376126,-0.0550903373376126,,
0.209600000000396,0,0,0.0550903373376126,-0.0550903373376126,,
0.2096000000004,0,0,0.0550903373376126,-0.0550903373376126,,
0.209600000000404,0,0,0.0550903373376126,-0.0550903373376126,,
0.209600000000408,0,0,0.0550903373376126,-0.0550903373376126,,
0.209600000000412,0,0,0.0550903373376126,-0.0550903373376126,,
0.209600000000416,0,0,0.0550903373376126,-0.0550903373376126,,
0.20960000000042,0,0,0.0550903373376126,-0.0550903373376126,,
0.209600000000424,0,0,0.0550903373376126,-0.0550903373376126,,
0.209600000000428,0,0,0.0550903373376126,-0.0550903373376126,,
0.209600000000432,0,0,0.0550903373376126,-0.0550903373376126,,
0.209600000000436,0,0,0.0550903373376126,-0.0550903373376126,,
0.20960000000044,0,0,0.0550903373376126,-0.0550903373376126,,
0.209600000000444,0,0,0.0550903373376126,-0.0550903373376126,,
0.209600000000448,0,0,0.0550903373376126,-0.0550903373376126,,
0.209600000000452,0,0,0.0550903373376126,-0.0550903373376126,,
0.209600000000456,0,0,0.0550903373376126,-0.0550903373376126,,
0.20960000000046,0,0,0.0550903373376126,-0.0550903373376126,,
0.209600000000464,0,0,0.0550903373376126,-0.0550903373376126,,
0.209600000000468,0,0,0.0550903373376126,-0.0550903373376126,,
0.209600000000472,0,0,0.0550903373376126,-0.0550903373376126,,
0.209600000000476,0,0,0.0550903373376126,-0.0550903373376126,,
0.20960000000048,0,0,0.0550903373376126,-0.0550903373376126,,
0.209600000000484,0,0,0.0550903373376126,-0.0550903373376126,,
0.209600000000488,0,0,0.0550903373376126,-0.0550903373376126,,
0.209600000000492,0,0,0.0550903373376126,-0.0550903373376126,,
0.209600000000496,0,0,0.0550903373376126,-0.0550903373376126,,
0.2096000000005,0,0,0.0550903373376126,-0.0550903373376126,,
0.209600000000504,0,0,0.0550903373376126,-0.0550903373376126,,
0.209600000000508,0,0,0.0550903373376126,-0.0550903373376126,,
0.209600000000512,0,0,0.0550903373376126,-0.0550903373376126,,
0.209600000000516,0,0,0.0550903373376126,-0.0550903373376126,,
0.20960000000052,0,0,0.0550903373376126,-0.0550903373376126,,
0.209600000000524,0,0,0.0550903373376126,-0.0550903373376126,,
0.209600000000528,0,0,0.0550903373376126,-0.0550903373376126,,
0.209600000000532,0,0,0.0550903373376126,-0.0550903373376126,,
0.209600000000536,0,0,0.0550903373376126,-0.0550903373376126,,
0.20960000000054,0,0,0.0550903373376126,-0.0550903373376126,,
0.209600000000544,0,0,0.0550903373376126,-0.0550903373376126,,
0.209600000000548,0,0,0.0550903373376126,-0.0550903373376126,,
0.209600000000552,0,0,0.0550903373376126,-0.0550903373376126,,
0.209600000000556,0,0,0.0550903373376126,-0.0550903373376126,,
0.20960000000056,0,0,0.0550903373376126,-0.0550903373376126,,
0.209600000000564,0,0,0.0550903373376126,-0.0550903373376126,,
0.209600000000568,0,0,0.0550903373376126,-0.0550903373376126,,
0.209600000000572,0,0,0.0550903373376126,-0.0550903373376126,,
0.209600000000576,0,0,0.0550903373376126,-0.0550903373376126,,
0.20960000000058,0,0,0.0550903373376126,-0.0550903373376126,,
0.209600000000584,0,0,0.0550903373376126,-0.0550903373376126,,
0.209600000000588,0,0,0.0550903373376126,-0.0550903373376126,,
0.209600000000592,0,0,0.0550903373376126,-0.0550903373376126,,
0.209600000000596,0,0,0.0550903373376126,-0.0550903373376126,,
0.2096000000006,0,0,0.0550903373376126,-0.0550903373376126,,
0.209600000000604,0,0,0.0550903373376126,-0.0550903373376126,,
0.209600000000608,0,0,0.0550903373376126,-0.0550903373376126,,
0.209600000000612,0,0,0.0550903373376126,-0.0550903373376126,,
0.209600000000616,0,0,0.0550903373376126,-0.0550903373376126,,
0.20960000000062,0,0,0.0550903373376126,-0.0550903373376126,,
0.209600000000624,0,0,0.0550903373376126,-0.0550903373376126,,
0.209600000000628,0,0,0.0550903373376126,-0.0550903373376126,,
0.209600000000632,0,0,0.0550903373376126,-0.0550903373376126,,
0.209600000000636,0,0,0.0550903373376126,-0.0550903373376126,,
0.209600000000639,0,0,0.0550903373376126,-0.0550903373376126,,
0.209600000000643,0,0,0.0550903373376126,-0.0550903373376126,,
0.209600000000647,0,0,0.0550903373376126,-0.0550903373376126,,
0.209600000000651,0,0,0.0550903373376126,-0.0550903373376126,,
0.209600000000655,0,0,0.0550903373376126,-0.0550903373376126,,
0.209600000000659,0,0,0.0550903373376126,-0.0550903373376126,,
0.209600000000663,0,0,0.0550903373376126,-0.0550903373376126,,
0.209600000000667,0,0,0.0550903373376126,-0.0550903373376126,,
0.209600000000671,0,0,0.0550903373376126,-0.0550903373376126,,
0.209600000000675,0,0,0.0550903373376126,-0.0550903373376126,,
0.209600000000679,0,0,0.0550903373376126,-0.0550903373376126,,
0.209600000000683,0,0,0.0550903373376126,-0.0550903373376126,,
0.209600000000687,0,0,0.0550903373376126,-0.0550903373376126,,
0.209600000000691,0,0,0.0550903373376126,-0.0550903373376126,,
0.209600000000695,0,0,0.0550903373376126,-0.0550903373376126,,
0.209600000000699,0,0,0.0550903373376126,-0.0550903373376126,,
0.209600000000703,0,0,0.0550903373376126,-0.0550903373376126,,
0.209600000000707,0,0,0.0550903373376126,-0.0550903373376126,,
0.209600000000711,0,0,0.0550903373376126,-0.0550903373376126,,
0.209600000000715,0,0,0.0550903373376126,-0.0550903373376126,,
0.209600000000719,0,0,0.0550903373376126,-0.0550903373376126,,
0.209600000000723,0,0,0.0550903373376126,-0.0550903373376126,,
0.209600000000727,0,0,0.0550903373376126,-0.0550903373376126,,
0.209600000000731,0,0,0.0550903373376126,-0.0550903373376126,,
0.209600000000735,0,0,0.0550903373376126,-0.0550903373376126,,
0.209600000000739,0,0,0.0550903373376126,-0.0550903373376126,,
0.209600000000743,0,0,0.0550903373376126,-0.0550903373376126,,
0.209600000000747,0,0,0.0550903373376126,-0.0550903373376126,,
0.209600000000751,0,0,0.0550903373376126,-0.0550903373376126,,
0.209600000000755,0,0,0.0550903373376126,-0.0550903373376126,,
0.209600000000759,0,0,0.0550903373376126,-0.0550903373376126,,
0.209600000000763,0,0,0.0550903373376126,-0.0550903373376126,,
0.209600000000767,0,0,0.0550903373376126,-0.0550903373376126,,
0.209600000000771,0,0,0.0550903373376126,-0.0550903373376126,,
0.209600000000775,0,0,0.0550903373376126,-0.0550903373376126,,
0.209600000000779,0,0,0.0550903373376126,-0.0550903373376126,,
0.209600000000783,0,0,0.0550903373376126,-0.0550903373376126,,
0.209600000000787,0,0,0.0550903373376126,-0.0550903373376126,,
0.209600000000791,0,0,0.0550903373376126,-0.0550903373376126,,
0.209600000000795,0,0,0.0550903373376126,-0.0550903373376126,,
0.209600000000799,0,0,0.0550903373376126,-0.0550903373376126,,
0.209600000000803,0,0,0.0550903373376126,-0.0550903373376126,,
0.209600000000807,0,0,0.0550903373376126,-0.0550903373376126,,
0.209600000000811,0,0,0.0550903373376126,-0.0550903373376126,,
0.209600000000815,0,0,0.0550903373376126,-0.0550903373376126,,
0.209600000000819,0,0,0.0550903373376126,-0.0550903373376126,,
0.209600000000823,0,0,0.0550903373376126,-0.0550903373376126,,
0.209600000000827,0,0,0.0550903373376126,-0.0550903373376126,,
0.209600000000831,0,0,0.0550903373376126,-0.0550903373376126,,
0.209600000000835,0,0,0.0550903373376126,-0.0550903373376126,,
0.209600000000839,0,0,0.0550903373376126,-0.0550903373376126,,
0.209600000000843,0,0,0.0550903373376126,-0.0550903373376126,,
0.209600000000847,0,0,0.0550903373376126,-0.0550903373376126,,
0.209600000000851,0,0,0.0550903373376126,-0.0550903373376126,,
0.209600000000855,0,0,0.0550903373376126,-0.0550903373376126,,
0.209600000000859,0,0,0.0550903373376126,-0.0550903373376126,,
0.209600000000863,0,0,0.0550903373376126,-0.0550903373376126,,
0.209600000000867,0,0,0.0550903373376126,-0.0550903373376126,,
0.209600000000871,0,0,0.0550903373376126,-0.0550903373376126,,
0.209600000000875,0,0,0.0550903373376126,-0.0550903373376126,,
0.209600000000879,0,0,0.0550903373376126,-0.0550903373376126,,
0.209600000000883,0,0,0.0550903373376126,-0.0550903373376126,,
0.209600000000887,0,0,0.0550903373376126,-0.0550903373376126,,
0.209600000000891,0,0,0.0550903373376126,-0.0550903373376126,,
0.209600000000895,0,0,0.0550903373376126,-0.0550903373376126,,
0.209600000000899,0,0,0.0550903373376126,-0.0550903373376126,,
0.209600000000903,0,0,0.0550903373376126,-0.0550903373376126,,
0.209600000000907,0,0,0.0550903373376126,-0.0550903373376126,,
0.209600000000911,0,0,0.0550903373376126,-0.0550903373376126,,
0.209600000000915,0,0,0.0550903373376126,-0.0550903373376126,,
0.209600000000919,0,0,0.0550903373376126,-0.0550903373376126,,
0.209600000000923,0,0,0.0550903373376126,-0.0550903373376126,,
0.209600000000927,0,0,0.0550903373376126,-0.0550903373376126,,
0.209600000000931,0,0,0.0550903373376126,-0.0550903373376126,,
0.209600000000935,0,0,0.0550903373376126,-0.0550903373376126,,
0.209600000000939,0,0,0.0550903373376126,-0.0550903373376126,,
0.209600000000943,0,0,0.0550903373376126,-0.0550903373376126,,
0.209600000000947,0,0,0.0550903373376126,-0.0550903373376126,,
0.209600000000951,0,0,0.0550903373376126,-0.0550903373376126,,
0.209600000000955,0,0,0.0550903373376126,-0.0550903373376126,,
0.209600000000959,0,0,0.0550903373376126,-0.0550903373376126,,
0.209600000000963,0,0,0.0550903373376126,-0.0550903373376126,,
0.209600000000967,0,0,0.0550903373376126,-0.0550903373376126,,
0.209600000000971,0,0,0.0550903373376126,-0.0550903373376126,,
0.209600000000975,0,0,0.0550903373376126,-0.0550903373376126,,
0.209600000000979,0,0,0.0550903373376126,-0.0550903373376126,,
0.209600000000983,0,0,0.0550903373376126,-0.0550903373376126,,
0.209600000000987,0,0,0.0550903373376126,-0.0550903373376126,,
0.209600000000991,0,0,0.0550903373376126,-0.0550903373376126,,
0.209600000000995,0,0,0.0550903373376126,-0.0550903373376126,,
0.209600000000999,0,0,0.0550903373376126,-0.0550903373376126,,
0.209600000001003,0,0,0.0550903373376126,-0.0550903373376126,,
0.209600000001007,0,0,0.0550903373376126,-0.0550903373376126,,
0.209600000001011,0,0,0.0550903373376126,-0.0550903373376126,,
0.209600000001015,0,0,0.0550903373376126,-0.0550903373376126,,
0.209600000001019,0,0,0.0550903373376126,-0.0550903373376126,,
0.209600000001023,0,0,0.0550903373376126,-0.0550903373376126,,
0.209600000001027,0,0,0.0550903373376126,-0.0550903373376126,,
0.209600000001031,0,0,0.0550903373376126,-0.0550903373376126,,
0.209600000001035,0,0,0.0550903373376126,-0.0550903373376126,,
0.209600000001039,0,0,0.0550903373376126,-0.0550903373376126,,
0.2104,0,0,0.00734537831168168,-0.00734537831168168,0,
0.209896249002394,,,,,,0
0.2112,0,0,0.00734537831168168,-0.00734537831168168,0,
0.210694333599362,,,,,,0
0.212,0,0,0.00734537831168168,-0.00734537831168168,0,
0.211492418196329,,,,,,0
0.2128,0,0,0.00734537831168168,-0.00734537831168168,0,
0.212290502793296,,,,,,0
0.2136,0,0,0.00734537831168168,-0.00734537831168168,0,
0.213088587390263,,,,,,0
0.2144,0,0,0.00734537831168168,-0.00734537831168168,0,
0.213886671987231,,,,,,0
0.2152,0,0,0.00734537831168168,-0.00734537831168168,0,
0.214684756584198,,,,,,0
0.216,0,0,0.00734537831168168,-0.00734537831168168,0,
0.215482841181165,,,,,,0
0.2168,0,0,0.00734537831168168,-0.00734537831168168,0,
0.216280925778132,,,,,,0
0.2176,0,0,0.00734537831168168,-0.00734537831168168,0,
0.2170790103751,,,,,,0
0.2184,0,0,0.00734537831168168,-0.00734537831168168,0,
0.217877094972067,,,,,,0
0.2192,0,0,0.00734537831168168,-0.00734537831168168,0,
0.218675179569034,,,,,,0
0.22,0,0,0.00734537831168168,-0.00734537831168168,0,
0.219473264166002,,,,,,0
0.2208,0,0,0.00734537831168168,-0.00734537831168168,0,
0.220271348762969,,,,,,0
0.2216,0,0,0.00734537831168168,-0.00734537831168168,0,
0.221069433359936,,,,,,0
0.2224,0,0,0.00734537831168168,-0.00734537831168168,0,
0.221867517956903,,,,,,0
0.2232,0,0,0.00734537831168168,-0.00734537831168168,0,
0.222665602553871,,,,,,0
0.224,0,0,0.00734537831168168,-0.00734537831168168,0,
0.223463687150838,,,,,,0
0.2248,0,0,0.00734537831168168,-0.00734537831168168,0,
0.224261771747805,,,,,,0
0.2256,0,0,0.00734537831168168,-0.00734537831168168,0,
0.225059856344773,,,,,,0
0.2264,0,0,0.00734537831168168,-0.00734537831168168,0,
0.22585794094174,,,,,,0
0.2272,0,0,0.00734537831168168,-0.00734537831168168,0,
0.226656025538707,,,,,,0
0.228,0,0,0.00734537831168168,-0.00734537831168168,0,
0.227454110135674,,,,,,0
0.2288,0,0,0.00734537831168168,-0.00734537831168168,0,
0.228252194732642,,,,,,0
0.2296,0,0,0.00734537831168168,-0.00734537831168168,0,
0.229050279329609,,,,,,0
0.2304,0,0,0.00734537831168168,-0.00734537831168168,0,
0.229848363926576,,,,,,0
0.2312,0,0,0.00734537831168168,-0.00734537831168168,0,
0.230646448523543,,,,,,0
0.232,0,0,0.00734537831168168,-0.00734537831168168,0,
0.231444533120511,,,,,,0
0.2328,0,0,0.00734537831168168,-0.00734537831168168,0,
0.232242617717478,,,,,,0
0.2336,0,0,0.00734537831168168,-0.00734537831168168,0,
0.233040702314445,,,,,,0
0.2344,0,0,0.00734537831168168,-0.00734537831168168,0,
0.233838786911413,,,,,,0
0.2352,0,0,0.00734537831168168,-0.00734537831168168,0,
0.23463687150838,,,,,,0
0.236,0,0,0.00734537831168168,-0.00734537831168168,0,
0.235434956105347,,,,,,0
0.2368,0,0,0.00734537831168168,-0.00734537831168168,0,
0.236233040702314,,,,,,0
0.2376,0,0,0.00734537831168168,-0.00734537831168168,0,
0.237031125299282,,,,,,0
0.2384,0,0,0.00734537831168168,-0.00734537831168168,0,
0.237829209896249,,,,,,0
0.2392,0,0,0.00734537831168168,-0.00734537831168168,0,
0.238627294493216,,,,,,0
0.24,0,0,0.00734537831168168,-0.00734537831168168,0,
0.239425379090184,,,,,,0
0.2408,0,0,0.00734537831168168,-0.00734537831168168,0,
0.240223463687151,,,,,,0
0.2416,0,0,0.00734537831168168,-0.00734537831168168,0,
0.241021548284118,,,,,,0
0.2424,0,0,0.00734537831168168,-0.00734537831168168,0,
0.241819632881085,,,,,,0
0.2432,0,0,0.00734537831168168,-0.00734537831168168,0,
0.242617717478053,,,,,,0
0.244,0,0,0.00734537831168168,-0.00734537831168168,0,
0.24341580207502,,,,,,0
0.2448,0,0,0.00734537831168168,-0.00734537831168168,0,
0.244213886671987,,,,,,0
0.2456,0,0,0.00734537831168168,-0.00734537831168168,0,
0.245011971268955,,,,,,0
0.2464,0,0,0.00734537831168168,-0.00734537831168168,0,
0.245810055865922,,,,,,0
0.2472,0,0,0.00734537831168168,-0.00734537831168168,0,
0.246608140462889,,,,,,0
0.248,0,0,0.00734537831168168,-0.00734537831168168,0,
0.247406225059856,,,,,,0
0.2488,0,0,0.00734537831168168,-0.00734537831168168,0,
0.248204309656824,,,,,,0
0.2496,0,0,0.00734537831168168,-0.00734537831168168,0,
0.249002394253791,,,,,,0
0.2504,0,0,0.00734537831168168,-0.00734537831168168,0,
0.249800478850758,,,,,,0
0.2512,0,0,0.00734537831168168,-0.00734537831168168,0,
0.250598563447725,,,,,,0
0.252,0,0,0.00734537831168168,-0.00734537831168168,0,
0.251396648044693,,,,,,0
0.2528,0,0,0.00734537831168168,-0.00734537831168168,0,
0.25219473264166,,,,,,0
0.2536,0,0,0.00734537831168168,-0.00734537831168168,0,
0.252992817238627,,,,,,0
0.2544,0,0,0.00734537831168168,-0.00734537831168168,0,
0.253790901835595,,,,,,0
0.2552,0,0,0.00734537831168168,-0.00734537831168168,0,
0.254588986432562,,,,,,0
0.256,0,0,0.00734537831168168,-0.00734537831168168,0,
0.255387071029529,,,,,,0
0.2568,0,0,0.00734537831168168,-0.00734537831168168,0,
0.256185155626496,,,,,,0
0.2576,0,0,0.00734537831168168,-0.00734537831168168,0,
0.256983240223464,,,,,,0
0.2584,0,0,0.00734537831168168,-0.00734537831168168,0,
0.257781324820431,,,,,,0
0.2592,0,0,0.00734537831168168,-0.00734537831168168,0,
0.258579409417398,,,,,,0
0.26,0,0,0.00734537831168168,-0.00734537831168168,0,
0.259377494014365,,,,,,0
0.2608,0,0,0.00734537831168168,-0.00734537831168168,0,
0.260175578611333,,,,,,0
0.2616,0,0,0.00734537831168168,-0.00734537831168168,0,
0.2609736632083,,,,,,0
0.2624,0,0,0.00734537831168168,-0.00734537831168168,0,
0.261771747805267,,,,,,0
0.2632,0,0,0.00734537831168168,-0.00734537831168168,0,
0.262569832402235,,,,,,0
0.264,0,0,0.00734537831168168,-0.00734537831168168,0,
0.263367916999202,,,,,,0
0.2648,0,0,0.00734537831168168,-0.00734537831168168,0,
0.264166001596169,,,,,,0
0.2656,0,0,0.00734537831168168,-0.00734537831168168,0,
0.264964086193136,,,,,,0
0.2664,0,0,0.00734537831168168,-0.00734537831168168,0,
0.265762170790104,,,,,,0
0.2672,0,0,0.00734537831168168,-0.00734537831168168,0,
0.266560255387071,,,,,,0
0.268,0,0,0.00734537831168168,-0.00734537831168168,0,
0.267358339984038,,,,,,0
0.2688,0,0,0.00734537831168168,-0.00734537831168168,0,
0.268156424581006,,,,,,0
0.2696,0,0,0.00734537831168168,-0.00734537831168168,0,
0.268954509177973,,,,,,0
0.2704,0,0,0.00734537831168168,-0.00734537831168168,0,
0.26975259377494,,,,,,0
0.2712,0,0,0.00734537831168168,-0.00734537831168168,0,
0.270550678371907,,,,,,0
0.272,0,0,0.00734537831168168,-0.00734537831168168,0,
0.271348762968875,,,,,,0
0.2728,0,0,0.00734537831168168,-0.00734537831168168,0,
0.272146847565842,,,,,,0
0.2736,0,0,0.00734537831168168,-0.00734537831168168,0,
0.272944932162809,,,,,,0
0.2744,0,0,0.00734537831168168,-0.00734537831168168,0,
0.273743016759777,,,,,,0
0.2752,0,0,0.00734537831168168,-0.00734537831168168,0,
0.274541101356744,,,,,,0
0.276,0,0,0.00734537831168168,-0.00734537831168168,0,
0.275339185953711,,,,,,0
0.2768,0,0,0.00734537831168168,-0.00734537831168168,0,
0.276137270550678,,,,,,0
0.2776,0,0,0.00734537831168168,-0.00734537831168168,0,
0.276935355147646,,,,,,0
0.2784,0,0,0.00734537831168168,-0.00734537831168168,0,
0.277733439744613,,,,,,0
0.2792,0,0,0.00734537831168168,-0.00734537831168168,0,
0.27853152434158,,,,,,0
0.28,0,0,0.00734537831168168,-0.00734537831168168,0,
0.279329608938547,,,,,,0
0.2808,0,0,0.00734537831168168,-0.00734537831168168,0,
0.280127693535515,,,,,,0
0.2816,0,0,0.00734537831168168,-0.00734537831168168,0,
0.280925778132482,,,,,,0
0.2824,0,0,0.00734537831168168,-0.00734537831168168,0,
0.281723862729449,,,,,,0
0.2832,0,0,0.00734537831168168,-0.00734537831168168,0,
0.282521947326417,,,,,,0
0.284,0,0,0.00734537831168168,-0.00734537831168168,0,
0.283320031923384,,,,,,0
0.2848,0,0,0.00734537831168168,-0.00734537831168168,0,
0.284118116520351,,,,,,0
0.2856,0,0,0.00734537831168168,-0.00734537831168168,0,
0.284916201117318,,,,,,0
0.2864,0,0,0.00734537831168168,-0.00734537831168168,0,
0.285714285714286,,,,,,0
0.2872,0,0,0.00734537831168168,-0.00734537831168168,0,
0.286512370311253,,,,,,0
0.288,0,0,0.00734537831168168,-0.00734537831168168,0,
0.28731045490822,,,,,,0
0.2888,0,0,0.00734537831168168,-0.00734537831168168,0,
0.288108539505188,,,,,,0
0.2896,0,0,0.00734537831168168,-0.00734537831168168,0,
0.288906624102155,,,,,,0
0.2904,0,0,0.00734537831168168,-0.00734537831168168,0,
0.289704708699122,,,,,,0
0.2912,0,0,0.00734537831168168,-0.00734537831168168,0,
0.290502793296089,,,,,,0
0.292,0,0,0.00734537831168168,-0.00734537831168168,0,
0.291300877893057,,,,,,0
0.2928,0,0,0.00734537831168168,-0.00734537831168168,0,
0.292098962490024,,,,,,0
0.2936,0,0,0.00734537831168168,-0.00734537831168168,0,
0.292897047086991,,,,,,0
0.2944,0,0,0.00734537831168168,-0.00734537831168168,0,
0.293695131683958,,,,,,0
0.2952,0,0,0.00734537831168168,-0.00734537831168168,0,
0.294493216280926,,,,,,0
0.296,0,0,0.00734537831168168,-0.00734537831168168,0,
0.295291300877893,,,,,,0
0.2968,0,0,0.00734537831168168,-0.00734537831168168,0,
0.29608938547486,,,,,,0
0.2976,0,0,0.00734537831168168,-0.00734537831168168,0,
0.296887470071828,,,,,,0
0.2984,0,0,0.00734537831168168,-0.00734537831168168,0,
0.297685554668795,,,,,,0
0.2992,0,0,0.00734537831168168,-0.00734537831168168,0,
0.298483639265762,,,,,,0
0.3,0,0,0.00734537831168168,-0.00734537831168168,0,
0.299281723862729,,,,,,0
0.3008,0,0,0.00734537831168168,-0.00734537831168168,0,
0.300079808459697,,,,,,0
0.3016,0,0,0.00734537831168168,-0.00734537831168168,0,
0.300877893056664,,,,,,0
0.3024,0,0,0.00734537831168168,-0.00734537831168168,0,
0.301675977653631,,,,,,0
0.3032,0,0,0.00734537831168168,-0.00734537831168168,0,
0.302474062250599,,,,,,0
0.304,0,0,0.00734537831168168,-0.00734537831168168,0,
0.303272146847566,,,,,,0
0.3048,0,0,0.00734537831168168,-0.00734537831168168,0,
0.304070231444533,,,,,,0
0.3056,0,0,0.00734537831168168,-0.00734537831168168,0,
0.3048683160415,,,,,,0
0.3064,0,0,0.00734537831168168,-0.00734537831168168,0,
0.305666400638468,,,,,,0
0.3072,0,0,0.00734537831168168,-0.00734537831168168,0,
0.306464485235435,,,,,,0
0.308,0,0,0.00734537831168168,-0.00734537831168168,0,
0.307262569832402,,,,,,0
0.3088,0,0,0.00734537831168168,-0.00734537831168168,0,
0.30806065442937,,,,,,0
0.3096,0,0,0.00734537831168168,-0.00734537831168168,0,
0.308858739026337,,,,,,0
0.3104,0,0,0.00734537831168168,-0.00734537831168168,0,
0.309656823623304,,,,,,0
0.3112,0,0,0.00734537831168168,-0.00734537831168168,0,
0.310454908220271,,,,,,0
0.312,0,0,0.00734537831168168,-0.00734537831168168,0,
0.311252992817239,,,,,,0
0.3128,0,0,0.00734537831168168,-0.00734537831168168,0,
0.312051077414206,,,,,,0
0.3136,0,0,0.00734537831168168,-0.00734537831168168,0,
0.312849162011173,,,,,,0
0.3144,0,0,0.00734537831168168,-0.00734537831168168,0,
0.31364724660814,,,,,,0
0.3152,0,0,0.00734537831168168,-0.00734537831168168,0,
0.314445331205108,,,,,,0
0.316,0,0,0.00734537831168168,-0.00734537831168168,0,
0.315243415802075,,,,,,0
0.3168,0,0,0.00734537831168168,-0.00734537831168168,0,
0.316041500399042,,,,,,0
0.3176,0,0,0.00734537831168168,-0.00734537831168168,0,
0.31683958499601,,,,,,0
0.3184,0,0,0.00734537831168168,-0.00734537831168168,0,
0.317637669592977,,,,,,0
0.3192,0,0,0.00734537831168168,-0.00734537831168168,0,
0.318435754189944,,,,,,0
0.32,0,0,0.00734537831168168,-0.00734537831168168,0,
0.319233838786911,,,,,,0
0.3208,0,0,0.00734537831168168,-0.00734537831168168,0,
0.320031923383879,,,,,,0
0.3216,0,0,0.00734537831168168,-0.00734537831168168,0,
0.320830007980846,,,,,,0
0.3224,0,0,0.00734537831168168,-0.00734537831168168,0,
0.321628092577813,,,,,,0
0.3232,0,0,0.00734537831168168,-0.00734537831168168,0,
0.322426177174781,,,,,,0
0.324,0,0,0.00734537831168168,-0.00734537831168168,0,
0.323224261771748,,,,,,0
0.3248,0,0,0.00734537831168168,-0.00734537831168168,0,
0.324022346368715,,,,,,0
0.3256,0,0,0.00734537831168168,-0.00734537831168168,0,
0.324820430965682,,,,,,0
0.3264,0,0,0.00734537831168168,-0.00734537831168168,0,
0.32561851556265,,,,,,0
0.3272,0,0,0.00734537831168168,-0.00734537831168168,0,
0.326416600159617,,,,,,0
0.328,0,0,0.00734537831168168,-0.00734537831168168,0,
0.327214684756584,,,,,,0
0.3288,0,0,0.00734537831168168,-0.00734537831168168,0,
0.328012769353552,,,,,,0
0.3296,0,0,0.00734537831168168,-0.00734537831168168,0,
0.328810853950519,,,,,,0
0.3304,0,0,0.00734537831168168,-0.00734537831168168,0,
0.329608938547486,,,,,,0
0.3312,0,0,0.00734537831168168,-0.00734537831168168,0,
0.330407023144453,,,,,,0
0.332,0,0,0.00734537831168168,-0.00734537831168168,0,
0.331205107741421,,,,,,0
0.3328,0,0,0.00734537831168168,-0.00734537831168168,0,
0.332003192338388,,,,,,0
0.3336,0,0,0.00734537831168168,-0.00734537831168168,0,
0.332801276935355,,,,,,0
0.333599361532322,,,,,,0
0.3344,0,0,0.00734537831168168,-0.00734537831168168,0,
0.33439744612929,,,,,,0
0.3352,0,0,0.00734537831168168,-0.00734537831168168,0,
0.335195530726257,,,,,,0
0.336,0,0,0.00734537831168168,-0.00734537831168168,0,
0.335993615323224,,,,,,0
0.3368,0,0,0.00734537831168168,-0.00734537831168168,0,
0.336791699920192,,,,,,0
0.3376,0,0,0.00734537831168168,-0.00734537831168168,0,
0.337589784517159,,,,,,0
0.3384,0,0,0.00734537831168168,-0.00734537831168168,0,
0.338387869114126,,,,,,0
0.3392,0,0,0.00734537831168168,-0.00734537831168168,0,
0.339185953711093,,,,,,0
0.34,0,0,0.00734537831168168,-0.00734537831168168,0,
0.339984038308061,,,,,,0
0.3408,0,0,0.00734537831168168,-0.00734537831168168,0,
0.340782122905028,,,,,,0
0.3416,0,0,0.00734537831168168,-0.00734537831168168,0,
0.341580207501995,,,,,,0
0.3424,0,0,0.00734537831168168,-0.00734537831168168,0,
0.342378292098962,,,,,,0
0.3432,0,0,0.00734537831168168,-0.00734537831168168,0,
0.34317637669593,,,,,,0
0.344,0,0,0.00734537831168168,-0.00734537831168168,0,
0.343974461292897,,,,,,0
0.3448,0,0,0.00734537831168168,-0.00734537831168168,0,
0.344772545889864,,,,,,0
0.3456,0,0,0.00734537831168168,-0.00734537831168168,0,
0.345570630486832,,,,,,0
0.3464,0,0,0.00734537831168168,-0.00734537831168168,0,
0.346368715083799,,,,,,0
0.3472,0,0,0.00734537831168168,-0.00734537831168168,0,
0.347166799680766,,,,,,0
0.348,0,0,0.00734537831168168,-0.00734537831168168,0,
0.347964884277733,,,,,,0
0.3488,0,0,0.00734537831168168,-0.00734537831168168,0,
0.348762968874701,,,,,,0
0.3496,0,0,0.00734537831168168,-0.00734537831168168,0,
0.349561053471668,,,,,,0
0.3504,0,0,0.00734537831168168,-0.00734537831168168,0,
0.350359138068635,,,,,,0
0.3512,0,0,0.00734537831168168,-0.00734537831168168,0,
0.351157222665603,,,,,,0
0.352,0,0,0.00734537831168168,-0.00734537831168168,0,
0.35195530726257,,,,,,0
0.3528,0,0,0.00734537831168168,-0.00734537831168168,0,
0.352753391859537,,,,,,0
0.3536,0,0,0.00734537831168168,-0.00734537831168168,0,
0.353551476456504,,,,,,0
0.3544,0,0,0.00734537831168168,-0.00734537831168168,0,
0.354349561053472,,,,,,0
0.3552,0,0,0.00734537831168168,-0.00734537831168168,0,
0.355147645650439,,,,,,0
0.356,0,0,0.00734537831168168,-0.00734537831168168,0,
0.355945730247406,,,,,,0
0.3568,0,0,0.00734537831168168,-0.00734537831168168,0,
0.356743814844374,,,,,,0
0.3576,0,0,0.00734537831168168,-0.00734537831168168,0,
0.357541899441341,,,,,,0
0.3584,0,0,0.00734537831168168,-0.00734537831168168,0,
0.358339984038308,,,,,,0
0.3592,0,0,0.00734537831168168,-0.00734537831168168,0,
0.359138068635275,,,,,,0
0.36,0,0,0.00734537831168168,-0.00734537831168168,0,
0.359936153232243,,,,,,0
0.3608,0,0,0.00734537831168168,-0.00734537831168168,0,
0.36073423782921,,,,,,0
0.3616,0,0,0.00734537831168168,-0.00734537831168168,0,
0.361532322426177,,,,,,0
0.3624,0,0,0.00734537831168168,-0.00734537831168168,0,
0.362330407023144,,,,,,0
0.3632,0,0,0.00734537831168168,-0.00734537831168168,0,
0.363128491620112,,,,,,0
0.364,0,0,0.00734537831168168,-0.00734537831168168,0,
0.363926576217079,,,,,,0
0.3648,0,0,0.00734537831168168,-0.00734537831168168,0,
0.364724660814046,,,,,,0
0.3656,0,0,0.00734537831168168,-0.00734537831168168,0,
0.365522745411014,,,,,,0
0.3664,0,0,0.00734537831168168,-0.00734537831168168,0,
0.366320830007981,,,,,,0
0.3672,0,0,0.00734537831168168,-0.00734537831168168,0,
0.367118914604948,,,,,,0
0.368,0,0,0.00734537831168168,-0.00734537831168168,0,
0.367916999201915,,,,,,0
0.3688,0,0,0.00734537831168168,-0.00734537831168168,0,
0.368715083798883,,,,,,0
0.3696,0,0,0.00734537831168168,-0.00734537831168168,0,
0.36951316839585,,,,,,0
0.3704,0,0,0.00734537831168168,-0.00734537831168168,0,
0.370311252992817,,,,,,0
0.3712,0,0,0.00734537831168168,-0.00734537831168168,0,
0.371109337589785,,,,,,0
0.372,0,0,0.00734537831168168,-0.00734537831168168,0,
0.371907422186752,,,,,,0
0.3728,0,0,0.00734537831168168,-0.00734537831168168,0,
0.372705506783719,,,,,,0
0.3736,0,0,0.00734537831168168,-0.00734537831168168,0,
0.373503591380686,,,,,,0
0.3744,0,0,0.00734537831168168,-0.00734537831168168,0,
0.374301675977654,,,,,,0
0.3752,0,0,0.00734537831168168,-0.00734537831168168,0,
0.375099760574621,,,,,,0
0.376,0,0,0.00734537831168168,-0.00734537831168168,0,
0.375897845171588,,,,,,0
0.3768,0,0,0.00734537831168168,-0.00734537831168168,0,
0.376695929768555,,,,,,0
0.3776,0,0,0.00734537831168168,-0.00734537831168168,0,
0.377494014365523,,,,,,0
0.3784,0,0,0.00734537831168168,-0.00734537831168168,0,
0.37829209896249,,,,,,0
0.3792,0,0,0.00734537831168168,-0.00734537831168168,0,
0.379090183559457,,,,,,0
0.38,0,0,0.00734537831168168,-0.00734537831168168,0,
0.379888268156425,,,,,,0
0.3808,0,0,0.00734537831168168,-0.00734537831168168,0,
0.380686352753392,,,,,,0
0.3816,0,0,0.00734537831168168,-0.00734537831168168,0,
0.381484437350359,,,,,,0
0.3824,0,0,0.00734537831168168,-0.00734537831168168,0,
0.382282521947326,,,,,,0
0.3832,0,0,0.00734537831168168,-0.00734537831168168,0,
0.383080606544294,,,,,,0
0.384,0,0,0.00734537831168168,-0.00734537831168168,0,
0.383878691141261,,,,,,0
0.3848,0,0,0.00734537831168168,-0.00734537831168168,0,
0.384676775738228,,,,,,0
0.3856,0,0,0.00734537831168168,-0.00734537831168168,0,
0.385474860335196,,,,,,0
0.3864,0,0,0.00734537831168168,-0.00734537831168168,0,
0.386272944932163,,,,,,0
0.3872,0,0,0.00734537831168168,-0.00734537831168168,0,
0.38707102952913,,,,,,0
0.388,0,0,0.00734537831168168,-0.00734537831168168,0,
0.387869114126097,,,,,,0
0.3888,0,0,0.00734537831168168,-0.00734537831168168,0,
0.388667198723065,,,,,,0
0.3896,0,0,0.00734537831168168,-0.00734537831168168,0,
0.389465283320032,,,,,,0
0.3904,0,0,0.00734537831168168,-0.00734537831168168,0,
0.390263367916999,,,,,,0
0.3912,0,0,0.00734537831168168,-0.00734537831168168,0,
0.391061452513966,,,,,,0
0.392,0,0,0.00734537831168168,-0.00734537831168168,0,
0.391859537110934,,,,,,0
0.3928,0,0,0.00734537831168168,-0.00734537831168168,0,
0.392657621707901,,,,,,0
0.3936,0,0,0.00734537831168168,-0.00734537831168168,0,
0.393455706304868,,,,,,0
0.3944,0,0,0.00734537831168168,-0.00734537831168168,0,
0.394253790901836,,,,,,0
0.3952,0,0,0.00734537831168168,-0.00734537831168168,0,
0.395051875498803,,,,,,0
0.396,0,0,0.00734537831168168,-0.00734537831168168,0,
0.39584996009577,,,,,,0
0.3968,0,0,0.00734537831168168,-0.00734537831168168,0,
0.396648044692737,,,,,,0
0.3976,0,0,0.00734537831168168,-0.00734537831168168,0,
0.397446129289705,,,,,,0
0.3984,0,0,0.00734537831168168,-0.00734537831168168,0,
0.398244213886672,,,,,,0
0.3992,0,0,0.00734537831168168,-0.00734537831168168,0,
0.399042298483639,,,,,,0
0.4,0,0,0.00734537831168168,-0.00734537831168168,0,
0.399840383080607,,,,,,0
0.4008,0,0,0.00734537831168168,-0.00734537831168168,0,
0.400638467677574,,,,,,0
0.4016,0,0,0.00734537831168168,-0.00734537831168168,0,
0.401436552274541,,,,,,0
0.4024,0,0,0.00734537831168168,-0.00734537831168168,0,
0.402234636871508,,,,,,0
0.4032,0,0,0.00734537831168168,-0.00734537831168168,0,
0.403032721468476,,,,,,0
0.404,0,0,0.00734537831168168,-0.00734537831168168,0,
0.403830806065443,,,,,,0
0.4048,0,0,0.00734537831168168,-0.00734537831168168,0,
0.40462889066241,,,,,,0
0.4056,0,0,0.00734537831168168,-0.00734537831168168,0,
0.405426975259377,,,,,,0
0.4064,0,0,0.00734537831168168,-0.00734537831168168,0,
0.406225059856345,,,,,,0
0.4072,0,0,0.00734537831168168,-0.00734537831168168,0,
0.407023144453312,,,,,,0
0.408,0,0,0.00734537831168168,-0.00734537831168168,0,
0.407821229050279,,,,,,0
0.4088,0,0,0.00734537831168168,-0.00734537831168168,0,
0.408619313647247,,,,,,0
0.4096,0,0,0.00734537831168168,-0.00734537831168168,0,
0.409417398244214,,,,,,0
0.4104,0,0,0.00734537831168168,-0.00734537831168168,0,
0.410215482841181,,,,,,0
0.4112,0,0,0.00734537831168168,-0.00734537831168168,0,
0.411013567438148,,,,,,0
0.412,0,0,0.00734537831168168,-0.00734537831168168,0,
0.411811652035116,,,,,,0
0.4128,0,0,0.00734537831168168,-0.00734537831168168,0,
0.412609736632083,,,,,,0
0.4136,0,0,0.00734537831168168,-0.00734537831168168,0,
0.41340782122905,,,,,,0
0.4144,0,0,0.00734537831168168,-0.00734537831168168,0,
0.414205905826018,,,,,,0
0.4152,0,0,0.00734537831168168,-0.00734537831168168,0,
0.415003990422985,,,,,,0
0.416,0,0,0.00734537831168168,-0.00734537831168168,0,
0.415802075019952,,,,,,0
0.4168,0,0,0.00734537831168168,-0.00734537831168168,0,
0.416600159616919,,,,,,0
0.4176,0,0,0.00734537831168168,-0.00734537831168168,0,
0.417398244213887,,,,,,0
0.4184,0,0,0.00734537831168168,-0.00734537831168168,0,
0.418196328810854,,,,,,0
0.4192,0,0,0.00734537831168168,-0.00734537831168168,0,
0.418994413407821,,,,,,0
0.42,0,0,0.00734537831168168,-0.00734537831168168,0,
0.419792498004789,,,,,,0
0.4208,0,0,0.00734537831168168,-0.00734537831168168,0,
0.420590582601756,,,,,,0
0.4216,0,0,0.00734537831168168,-0.00734537831168168,0,
0.421388667198723,,,,,,0
0.4224,0,0,0.00734537831168168,-0.00734537831168168,0,
0.42218675179569,,,,,,0
0.4232,0,0,0.00734537831168168,-0.00734537831168168,0,
0.422984836392658,,,,,,0
0.424,0,0,0.00734537831168168,-0.00734537831168168,0,
0.423782920989625,,,,,,0
0.4248,0,0,0.00734537831168168,-0.00734537831168168,0,
0.424581005586592,,,,,,0
0.4256,0,0,0.00734537831168168,-0.00734537831168168,0,
0.425379090183559,,,,,,0
0.4264,0,0,0.00734537831168168,-0.00734537831168168,0,
0.426177174780527,,,,,,0
0.4272,0,0,0.00734537831168168,-0.00734537831168168,0,
0.426975259377494,,,,,,0
0.428,0,0,0.00734537831168168,-0.00734537831168168,0,
0.427773343974461,,,,,,0
0.4288,0,0,0.00734537831168168,-0.00734537831168168,0,
0.428571428571429,,,,,,0
0.4296,0,0,0.00734537831168168,-0.00734537831168168,0,
0.429369513168396,,,,,,0
0.4304,0,0,0.00734537831168168,-0.00734537831168168,0,
0.430167597765363,,,,,,0
0.4312,0,0,0.00734537831168168,-0.00734537831168168,0,
0.43096568236233,,,,,,0
0.432,0,0,0.00734537831168168,-0.00734537831168168,0,
0.431763766959298,,,,,,0
0.4328,0,0,0.00734537831168168,-0.00734537831168168,0,
0.432561851556265,,,,,,0
0.4336,0,0,0.00734537831168168,-0.00734537831168168,0,
0.433359936153232,,,,,,0
0.4344,0,0,0.00734537831168168,-0.00734537831168168,0,
0.4341580207502,,,,,,0
0.4352,0,0,0.00734537831168168,-0.00734537831168168,0,
0.434956105347167,,,,,,0
0.436,0,0,0.00734537831168168,-0.00734537831168168,0,
0.435754189944134,,,,,,0
0.4368,0,0,0.00734537831168168,-0.00734537831168168,0,
0.436552274541101,,,,,,0
0.4376,0,0,0.00734537831168168,-0.00734537831168168,0,
0.437350359138069,,,,,,0
0.4384,0,0,0.00734537831168168,-0.00734537831168168,0,
0.438148443735036,,,,,,0
0.4392,0,0,0.00734537831168168,-0.00734537831168168,0,
0.438946528332003,,,,,,0
0.44,0,0,0.00734537831168168,-0.00734537831168168,0,
0.43974461292897,,,,,,0
0.4408,0,0,0.00734537831168168,-0.00734537831168168,0,
0.440542697525938,,,,,,0
0.4416,0,0,0.00734537831168168,-0.00734537831168168,0,
0.441340782122905,,,,,,0
0.4424,0,0,0.00734537831168168,-0.00734537831168168,0,
0.442138866719872,,,,,,0
0.4432,0,0,0.00734537831168168,-0.00734537831168168,0,
0.44293695131684,,,,,,0
0.444,0,0,0.00734537831168168,-0.00734537831168168,0,
0.443735035913807,,,,,,0
0.4448,0,0,0.00734537831168168,-0.00734537831168168,0,
0.444533120510774,,,,,,0
0.4456,0,0,0.00734537831168168,-0.00734537831168168,0,
0.445331205107741,,,,,,0
0.4464,0,0,0.00734537831168168,-0.00734537831168168,0,
0.446129289704709,,,,,,0
0.4472,0,0,0.00734537831168168,-0.00734537831168168,0,
0.446927374301676,,,,,,0
0.448,0,0,0.00734537831168168,-0.00734537831168168,0,
0.447725458898643,,,,,,0
0.4488,0,0,0.00734537831168168,-0.00734537831168168,0,
0.448523543495611,,,,,,0
0.4496,0,0,0.00734537831168168,-0.00734537831168168,0,
0.449321628092578,,,,,,0
0.4504,0,0,0.00734537831168168,-0.00734537831168168,0,
0.450119712689545,,,,,,0
0.4512,0,0,0.00734537831168168,-0.00734537831168168,0,
0.450917797286512,,,,,,0
0.452,0,0,0.00734537831168168,-0.00734537831168168,0,
0.45171588188348,,,,,,0
0.4528,0,0,0.00734537831168168,-0.00734537831168168,0,
0.452513966480447,,,,,,0
0.4536,0,0,0.00734537831168168,-0.00734537831168168,0,
0.453312051077414,,,,,,0
0.4544,0,0,0.00734537831168168,-0.00734537831168168,0,
0.454110135674381,,,,,,0
0.4552,0,0,0.00734537831168168,-0.00734537831168168,0,
0.454908220271349,,,,,,0
0.456,0,0,0.00734537831168168,-0.00734537831168168,0,
0.455706304868316,,,,,,0
0.4568,0,0,0.00734537831168168,-0.00734537831168168,0,
0.456504389465283,,,,,,0
0.4576,0,0,0.00734537831168168,-0.00734537831168168,0,
0.457302474062251,,,,,,0
0.4584,0,0,0.00734537831168168,-0.00734537831168168,0,
0.458100558659218,,,,,,0
0.4592,0,0,0.00734537831168168,-0.00734537831168168,0,
0.458898643256185,,,,,,0
0.46,0,0,0.00734537831168168,-0.00734537831168168,0,
0.459696727853152,,,,,,0
0.4608,0,0,0.00734537831168168,-0.00734537831168168,0,
0.46049481245012,,,,,,0
0.4616,0,0,0.00734537831168168,-0.00734537831168168,0,
0.461292897047087,,,,,,0
0.4624,0,0,0.00734537831168168,-0.00734537831168168,0,
0.462090981644054,,,,,,0
0.4632,0,0,0.00734537831168168,-0.00734537831168168,0,
0.462889066241022,,,,,,0
0.464,0,0,0.00734537831168168,-0.00734537831168168,0,
0.463687150837989,,,,,,0
0.4648,0,0,0.00734537831168168,-0.00734537831168168,0,
0.464485235434956,,,,,,0
0.4656,0,0,0.00734537831168168,-0.00734537831168168,0,
0.465283320031923,,,,,,0
0.4664,0,0,0.00734537831168168,-0.00734537831168168,0,
0.466081404628891,,,,,,0
0.4672,0,0,0.00734537831168168,-0.00734537831168168,0,
0.466879489225858,,,,,,0
0.468,0,0,0.00734537831168168,-0.00734537831168168,0,
0.467677573822825,,,,,,0
0.4688,0,0,0.00734537831168168,-0.00734537831168168,0,
0.468475658419792,,,,,,0
0.4696,0,0,0.00734537831168168,-0.00734537831168168,0,
0.46927374301676,,,,,,0
0.4704,0,0,0.00734537831168168,-0.00734537831168168,0,
0.470071827613727,,,,,,0
0.4712,0,0,0.00734537831168168,-0.00734537831168168,0,
0.470869912210694,,,,,,0
0.472,0,0,0.00734537831168168,-0.00734537831168168,0,
0.471667996807662,,,,,,0
0.4728,0,0,0.00734537831168168,-0.00734537831168168,0,
0.472466081404629,,,,,,0
0.4736,0,0,0.00734537831168168,-0.00734537831168168,0,
0.473264166001596,,,,,,0
0.4744,0,0,0.00734537831168168,-0.00734537831168168,0,
0.474062250598563,,,,,,0
0.4752,0,0,0.00734537831168168,-0.00734537831168168,0,
0.474860335195531,,,,,,0
0.476,0,0,0.00734537831168168,-0.00734537831168168,0,
0.475658419792498,,,,,,0
0.4768,0,0,0.00734537831168168,-0.00734537831168168,0,
0.476456504389465,,,,,,0
0.4776,0,0,0.00734537831168168,-0.00734537831168168,0,
0.477254588986433,,,,,,0
0.4784,0,0,0.00734537831168168,-0.00734537831168168,0,
0.4780526735834,,,,,,0
0.4792,0,0,0.00734537831168168,-0.00734537831168168,0,
0.478850758180367,,,,,,0
0.48,0,0,0.00734537831168168,-0.00734537831168168,0,
0.479648842777334,,,,,,0
0.4808,0,0,0.00734537831168168,-0.00734537831168168,0,
0.480446927374302,,,,,,0
0.4816,0,0,0.00734537831168168,-0.00734537831168168,0,
0.481245011971269,,,,,,0
0.4824,0,0,0.00734537831168168,-0.00734537831168168,0,
0.482043096568236,,,,,,0
0.4832,0,0,0.00734537831168168,-0.00734537831168168,0,
0.482841181165204,,,,,,0
0.484,0,0,0.00734537831168168,-0.00734537831168168,0,
0.483639265762171,,,,,,0
0.4848,0,0,0.00734537831168168,-0.00734537831168168,0,
0.484437350359138,,,,,,0
0.4856,0,0,0.00734537831168168,-0.00734537831168168,0,
0.485235434956105,,,,,,0
0.4864,0,0,0.00734537831168168,-0.00734537831168168,0,
0.486033519553073,,,,,,0
0.4872,0,0,0.00734537831168168,-0.00734537831168168,0,
0.48683160415004,,,,,,0
0.488,0,0,0.00734537831168168,-0.00734537831168168,0,
0.487629688747007,,,,,,0
0.4888,0,0,0.00734537831168168,-0.00734537831168168,0,
0.488427773343974,,,,,,0
0.4896,0,0,0.00734537831168168,-0.00734537831168168,0,
0.489225857940942,,,,,,0
0.4904,0,0,0.00734537831168168,-0.00734537831168168,0,
0.490023942537909,,,,,,0
0.4912,0,0,0.00734537831168168,-0.00734537831168168,0,
0.490822027134876,,,,,,0
0.492,0,0,0.00734537831168168,-0.00734537831168168,0,
0.491620111731844,,,,,,0
0.4928,0,0,0.00734537831168168,-0.00734537831168168,0,
0.492418196328811,,,,,,0
0.4936,0,0,0.00734537831168168,-0.00734537831168168,0,
0.493216280925778,,,,,,0
0.4944,0,0,0.00734537831168168,-0.00734537831168168,0,
0.494014365522745,,,,,,0
0.4952,0,0,0.00734537831168168,-0.00734537831168168,0,
0.494812450119713,,,,,,0
0.496,0,0,0.00734537831168168,-0.00734537831168168,0,
0.49561053471668,,,,,,0
0.4968,0,0,0.00734537831168168,-0.00734537831168168,0,
0.496408619313647,,,,,,0
0.4976,0,0,0.00734537831168168,-0.00734537831168168,0,
0.497206703910615,,,,,,0
0.4984,0,0,0.00734537831168168,-0.00734537831168168,0,
0.498004788507582,,,,,,0
0.4992,0,0,0.00734537831168168,-0.00734537831168168,0,
0.498802873104549,,,,,,0
0.5,0,0,0.0550903373376126,-0.0550903373376126,,
0.499600957701516,,,,,,0
0.5,0,0,0.0550903373376126,-0.0550903373376126,,
0.5008,8.87066735993665e-09,1.57368794188259e-08,0.00734538718151237,-0.00734536944017765,0,
0.500000000150008,,,,,,0
0.500000000150008,,,,,,0
0.500399042298484,,,,,,1.23949727688566e-09
0.5016,6.42953461869397e-08,7.87228656546084e-08,0.0073454425935883,-0.00734531400289592,0,
0.501197126895451,,,,,,3.00957515403006e-08
0.5024,2.067860106765e-07,2.27276680096136e-07,0.00734558503340735,-0.007345171461386,0,
0.501995211492418,,,,,,1.26425216901442e-07
0.5032,4.71896843175953e-07,4.95408187170224e-07,0.00734585050522218,-0.00734490653444391,0,
0.502793296089385,,,,,,3.25264852537645e-07
0.504,8.89447233352715e-07,9.14463473840257e-07,0.00734626836145176,-0.00734448916114565,0,
0.503591380686353,,,,,,6.59141097892039e-07
0.5048,1.48448406642043e-06,1.51164369512317e-06,0.00734686386832515,-0.00734389443015199,0,
0.50438946528332,,,,,,1.15781761341594e-06
0.5056,2.27838505616462e-06,2.30867397321568e-06,0.00734765843592068,-0.00734310099920257,0,
0.505187549880287,,,,,,1.84565991844558e-06
0.5064,3.28932352526987e-06,3.32292685006715e-06,0.00734867026627946,-0.00734209072733924,0,
0.505985634477255,,,,,,2.74158494702549e-06
0.5072,4.53274546212228e-06,4.56887287096367e-06,0.00734991483010061,-0.00734084819729207,0,
0.506783719074222,,,,,,3.86127274178966e-06
0.508,6.02173981358382e-06,6.0595019017645e-06,0.00735140523720436,-0.00733936034482491,0,
0.507581803671189,,,,,,5.21786808146366e-06
0.5088,7.76738602226778e-06,7.80623637689116e-06,0.00735315258465747,-0.00733761611136851,0,
0.508379888268156,,,,,,6.82403949425134e-06
0.5096,9.77909778556717e-06,9.81853344732347e-06,0.00735516630139952,-0.00733560610084963,0,
0.509177972865124,,,,,,8.6899150311808e-06
0.5104,1.20649612283117e-05,1.21048365941275e-05,0.00735745448763844,-0.00733332224238564,0,
0.509976057462091,,,,,,1.08242161207089e-05
0.5112,1.46320839127212e-05,1.46724249300025e-05,0.00736002426082234,-0.0073307574424974,0,
0.510774142059058,,,,,,1.32350227348247e-05
0.512,1.74864902003955e-05,1.75273467002903e-05,0.00736288165768054,-0.00732790568670922,0,
0.511572226656026,,,,,,1.59288049596708e-05
0.5128,2.06337093985611e-05,2.06751586932016e-05,0.00736603221605204,-0.00732476145808158,0,
0.512370311252993,,,,,,1.89111589533637e-05
0.5136,2.40785886332501e-05,2.41207918767654e-05,0.00736948079439987,-0.00732131991802023,0,
0.51316839584996,,,,,,2.21875329129435e-05
0.5144,2.78257089008693e-05,2.78686529216862e-05,0.00737323198216044,-0.00731757649686575,0,
0.513966480446927,,,,,,2.57623460856908e-05
0.5152,3.1879238313451e-05,3.19227140656539e-05,0.00737728995861058,-0.00731352703494613,0,
0.514764565043895,,,,,,2.96399359899528e-05
0.516,3.62432187547879e-05,3.62870760437172e-05,0.00738165877636829,-0.00730916750154234,0,
0.515562649640862,,,,,,3.38239134014287e-05
0.5168,4.09215616529939e-05,4.09656492635363e-05,0.00738634235893211,-0.00730449399596051,0,
0.516360734237829,,,,,,3.83187357413714e-05
0.5176,4.59181499965323e-05,4.5962356903842e-05,0.00739134460258367,-0.00729950264728258,0,
0.517158818834797,,,,,,4.31278082743745e-05
0.5184,5.12369041482512e-05,5.12811712893653e-05,0.00739666944184156,-0.00729418954843888,0,
0.517956903431764,,,,,,4.82554288052489e-05
0.5192,5.68818100994108e-05,5.69261208589823e-05,0.00740232087863573,-0.0072885507275939,0,
0.518754988028731,,,,,,5.37052531642484e-05
0.52,6.28569849287191e-05,6.29013605665203e-05,0.00740830304626483,-0.0072825820836076,0,
0.519553072625698,,,,,,5.94815582121924e-05
0.5208,6.9166654570001e-05,6.92111343519114e-05,0.00741462018954255,-0.00727627940676611,0,
0.520351157222666,,,,,,6.55883481306342e-05
0.5216,7.58152415389608e-05,7.58598606546396e-05,0.00742127674911548,-0.00726963829343359,0,
0.521149241819633,,,,,,7.20300021513962e-05
0.5224,8.28072872044179e-05,8.28520850916811e-05,0.00742827728798128,-0.0072626542203721,0,
0.5219473264166,,,,,,7.88109130990637e-05
0.5232,9.0147561284453e-05,9.01925579896997e-05,0.00743562659626492,-0.00725532243949241,0,
0.522745411013567,,,,,,8.59356874160902e-05
0.524,9.78409652486296e-05,9.78861892530061e-05,0.00744332959927694,-0.00724763806973184,0,
0.523543495610535,,,,,,9.34091259231291e-05
0.5248,0.000105892625736747,0.000105938052897333,0.00745139144661706,-0.00723959600829156,0,
0.524341580207502,,,,,,0.00010123615971662
0.5256,0.000114307816359594,0.000114353430464597,0.00745981743762304,-0.00723119100452072,0,
0.525139664804469,,,,,,0.000109421906897526
0.5264,0.000123092016608116,0.000123137814422749,0.00746861307699243,-0.00722241760465533,0,
0.525937749401437,,,,,,0.000117971705037385
0.5272,0.000132250852398377,0.000132296847055574,0.00747778401817078,-0.00721327020798594,0,
0.526735833998404,,,,,,0.000126891092788359
0.528,0.000141790134842317,0.000141836270847609,0.00748733609919185,-0.00720374303093008,0,
0.527533918595371,,,,,,0.000136185718419747
0.5288,0.000151715803883697,0.000151762075074042,0.00749727528911527,-0.00719383016046583,0,
0.528332003192338,,,,,,0.000145861321892113
0.5296,0.000162033961377839,0.000162080467952934,0.0075076077181665,-0.00718352552385373,0,
0.529130087789306,,,,,,0.000155923997850381
0.5304,0.00017275081669768,0.000172797723445444,0.00751833962597686,-0.00717282294009098,0,
0.529928172386273,,,,,,0.000166379959301728
0.5312,0.000183872710931761,0.000183919936678833,0.00752947738338422,-0.00716171609834742,0,
0.53072625698324,,,,,,0.000177235446689612
0.532,0.000195406075110218,0.000195453597435171,0.00754102745241048,-0.00715019859734225,0,
0.531524341580207,,,,,,0.000188496379959862
0.5328,0.000207357438090156,0.000207405483717681,0.00755299639283538,-0.00713826393921011,0,
0.532322426177175,,,,,,0.000200169563643264
0.5336,0.00021973340148199,0.000219782141877222,0.00756539083779242,-0.00712590555326324,0,
0.533120510774142,,,,,,0.000212261676067086
0.5344,0.000232540633656098,0.000232589915347574,0.00757821748744432,-0.00711311680265433,0,
0.533918595371109,,,,,,0.000224779095857589
0.5352,0.000245785857031228,0.000245835601436418,0.00759148309609863,-0.007099890996757,0,
0.534716679968077,,,,,,0.000237728067160615
0.536,0.000259475833391802,0.000259526206459872,0.00760519445761928,-0.0070862214056756,0,
0.535514764565044,,,,,,0.000251115673296353
0.5368,0.000273617353251883,0.000273668358263527,0.00761935839464363,-0.0070721012709756,0,
0.536312849162011,,,,,,0.000264948787052139
0.5376,0.000288217223749241,0.000288268679451089,0.00763398174660394,-0.00705752381764251,0,
0.537110933758978,,,,,,0.000279233798866338
0.5384,0.000303282260764939,0.000303334116474433,0.00764907136110415,-0.00704248226208976,0,
0.537909018355946,,,,,,0.000293977402953723
0.5392,0.000318819268119961,0.000318871675436481,0.00766463407375783,-0.00702696983221926,0,
0.538707102952913,,,,,,0.000309186625191548
0.54,0.000334835031610809,0.000334887893031151,0.00768067670189156,-0.00701097977402706,0,
0.53950518754988,,,,,,0.000324868377531141
0.5408,0.000351336308057719,0.000351389485455567,0.00769720603738958,-0.00699450536222303,0,
0.540303272146848,,,,,,0.000341028886402125
0.5416,0.000368329881655365,0.000368383380394601,0.00771422889135237,-0.00697753984767649,0,
0.541101356743815,,,,,,0.000357675093107526
0.5424,0.000385822415998613,0.000385876403883766,0.00773175195927777,-0.00696007659369839,0,
0.541899441340782,,,,,,0.000374813837164943
0.5432,0.000403820541565279,0.000403874912093423,0.00774978190154328,-0.00694210900171387,0,
0.542697525937749,,,,,,0.000392451858081435
0.544,0.000422330820402999,0.00042238551898729,0.00776832531797307,-0.00692363053957501,0,
0.543495610534717,,,,,,0.000410595209434657
0.5448,0.000441359868309887,0.000441414947029801,0.00778738884548454,-0.00690463462926018,0,
0.544293695131684,,,,,,0.000429250762524265
0.5456,0.000460914092166667,0.000460969685401135,0.00780697892196991,-0.00688511488500799,0,
0.545091779728651,,,,,,0.000448425076057577
0.5464,0.000480999850253962,0.000481055905610306,0.00782710193379895,-0.00686506497954928,0,
0.545889864325618,,,,,,0.000468124525403616
0.5472,0.000501623409733696,0.000501679955404618,0.00784776418697623,-0.00684447867381129,0,
0.546687948922586,,,,,,0.000488355095188799
0.548,0.000522791099585902,0.000522848196071741,0.00786897202844001,-0.00682334967765664,0,
0.547486033519553,,,,,,0.000509123268841882
0.5488,0.000544509016370185,0.000544566756192312,0.00789073158219655,-0.00680167191248393,0,
0.54828411811652,,,,,,0.000530435267646009
0.5496,0.000566783167247768,0.000566841588527394,0.00791304888234029,-0.0067794393985786,0,
0.549082202713488,,,,,,0.000552297100174322
0.5504,0.000589619467316056,0.000589678652007443,0.00793592987930893,-0.00675664624777647,0,
0.549880287310455,,,,,,0.000574714622296814
0.5512,0.000613023849496536,0.000613083816913366,0.00795938052520274,-0.00673328656249634,0,
0.550678371907422,,,,,,0.000597693783400361
0.552,0.00063700206041349,0.000637062830399327,0.00798340658903614,-0.00670935461529271,0,
0.551476456504389,,,,,,0.000621240346302755
0.5528,0.000661559712128403,0.000661621327213927,0.00800801370836849,-0.00668484481649425,0,
0.552274541101357,,,,,,0.000645359986693869
0.5536,0.000686702327066598,0.000686764815980407,0.00803320743536555,-0.00665975166917349,0,
0.553072625698324,,,,,,0.000670058256013517
0.5544,0.000712435391041961,0.000712498683894428,0.00805899327645884,-0.00663406971725699,0,
0.553870710295291,,,,,,0.00069534058041862
0.5552,0.000738764251296258,0.000738828357722165,0.00808537659697999,-0.00660779363412062,0,
0.554668794892259,,,,,,0.000721212268409888
0.556,0.000765694097956817,0.000765759082528527,0.00811236261014539,-0.00658091824772692,0,
0.555466879489226,,,,,,0.000747678748746843
0.5568,0.00079323002812768,0.000793295959115835,0.00813995643813824,-0.00655343848406089,0,
0.556264964086193,,,,,,0.000774745116683491
0.5576,0.000821377071896444,0.000821444007234302,0.00816816313143518,-0.00652534933811412,0,
0.55706304868316,,,,,,0.000802416421027673
0.5584,0.000850140147468463,0.00085020814254242,0.20902929445787,-0.00649664591207027,0,
0.557861133280128,,,,,,0.000830697613368083
0.5592,0.000879524005925635,0.000879593173006182,0.216220318158766,-0.0064673234690237,0,
0.558659217877095,,,,,,0.00085959353927794
0.56,0.000909533304385014,0.000909603797914486,0.216252873814817,-0.00643737737232627,0,
0.559457302474062,,,,,,0.000889108937342048
0.5608,0.000940172618602373,0.000940244527918952,0.216285429470869,-0.00640680306742766,0,
0.56025538707103,,,,,,0.000919248438183865
0.5616,0.000971446432694089,0.000971519642478392,0.21631798512692,-0.00637559608983971,0,
0.561053471667997,,,,,,0.000950016447760483
0.5624,0.209003359057286,0.00100343347282141,0.216350540782972,-0.00634432227574799,0,
0.561851556264964,,,,,,0.00098141714098173
0.5632,0.209035914713338,0.00103599022511399,0.216383168841171,-0.00631304846165627,0,
0.562649640861931,,,,,,0.00101345487648767
0.564,0.209069117530835,0.00106919393078266,0.216416445952032,-0.00628177464756455,0,
0.563447725458899,,,,,,0.00104613374630542
0.5648,0.209102971562922,0.00110304848825314,0.216450376175804,-0.00625050083347283,0,
0.564245810055866,,,,,,0.00107945771231299
0.5656,0.209137480694281,0.0011375576606153,0.216484963412839,0.00094551103211626,0,
0.565043894652833,,,,,,0.00111343060393187
0.5664,0.209172648723956,0.00117272582305714,0.216520211475854,0.201825166005398,0.200652440182341,
0.565841979249801,,,,,,0.00114805611581969
0.5672,0.209208479354071,0.00120855676028236,0.216556124082792,0.201860916602173,0.200652359841891,
0.566640063846768,,,,,,0.00118333887788699
0.568,0.209244976212987,0.00124505387570189,0.21659270486785,0.201897331484267,0.200652277608565,
0.567438148443735,,,,,,0.00121928226784619
0.5688,0.20928214278063,0.00128222062764419,0.21662995732367,0.201934414125768,0.200652193498124,
0.568236233040702,,,,,,0.0012558896653685
0.5696,0.20931998245144,0.00132006042953192,0.216667884855194,0.201972167908401,0.200652107478869,
0.56903431763767,,,,,,0.00129316452702717
0.5704,0.209358498522567,0.00135857659863933,0.216706490771961,0.202010596118812,0.200652019520173,
0.569832402234637,,,,,,0.0013311102134052
0.5712,0.209397694213876,0.00139777233059317,0.216745778299141,0.202049701964482,0.200651929633889,
0.570630486831604,,,,,,0.0013697299901686
0.572,0.209437572620266,0.00143765065145053,0.216785750541258,0.202089488535,0.20065183788355,
0.571428571428571,,,,,,0.00140902699188464
0.5728,0.209478136750642,0.0014782145917532,0.21682641051507,0.20212995882965,0.200651744237897,
0.572226656025539,,,,,,0.00144900417004929
0.5736,0.209519389520366,0.00151946708239675,0.216867761145327,0.202171115755939,0.200651648673542,
0.573024740622506,,,,,,0.00148966455660819
0.5744,0.209561333767558,0.00156141093674891,0.21690980527425,0.202212962142597,0.200651551205848,
0.573822825219473,,,,,,0.00153101101302962
0.5752,0.209603972221067,0.00160404887278579,0.216952545637674,0.202255500714375,0.200651451841589,
0.574620909816441,,,,,,0.00157304630578306
0.576,0.209647307526554,0.00164738351381611,0.216995984886786,0.202298734109947,0.200651350596131,
0.575418994413408,,,,,,0.00161577310705473
0.5768,0.209691342241523,0.00169141754911827,0.217040125586164,0.202342664881291,0.200651247332173,
0.576217079010375,,,,,,0.00165919399546322
0.5776,0.209736078850576,0.00173615350551901,0.217084970222775,0.202387295505936,0.200651142000417,
0.577015163607342,,,,,,0.00170331167571384
0.5784,0.209781519739059,0.00178159373475658,0.217130521186807,0.00199342088277729,0.00021182714802071,
0.57781324820431,,,,,,0.00174812858319906
0.5792,0.209827667214515,0.00182774053959017,0.217176780789387,-0.00552906538603824,0,
0.578611332801277,,,,,,0.00179364701567665
0.58,0.209874523503165,0.00187459615963564,0.217223751261028,-0.00547935311143269,0,
0.579409417398244,,,,,,0.00183986925525572
0.5808,0.209922090758803,0.00192216275512815,0.217271434757195,-0.00542964083682714,0,
0.580207501995212,,,,,,0.00188679750441777
0.5816,0.209970371050838,0.00197044240347386,0.21731971504923,-0.00537992856222159,0,
0.581005586592179,,,,,,0.00193443388737896
0.5824,0.00201936637386108,0.00201943707508093,0.217367995341266,-0.00533021628761604,0,
0.581803671189146,,,,,,0.00198278044497147
0.5832,0.00206907864846663,0.00206914870078297,0.217416275633302,-0.00528050401301049,0,
0.582601755786113,,,,,,0.00203183910411154
0.584,0.00211950972313224,0.00211957913330088,0.217464555925338,-0.00523019536442207,0,
0.583399840383081,,,,,,0.00208161177843307
0.5848,0.00217066137452292,0.00217073014487825,0.217512836217373,-0.00517916820361857,0,
0.584197924980048,,,,,,0.00213210028224664
0.5856,0.00222253530957522,0.00222260343492959,0.209996316541933,-0.00512742082431898,0,
0.584996009577015,,,,,,0.00218330635678483
0.5864,0.00227513316724868,0.00227520063131129,0.00962534860852005,-0.00507495158787623,0,
0.585794094173982,,,,,,0.00223523167145813
0.5872,0.00232845651724861,0.00232852333951668,0.00967880470931595,-0.00502175892402276,0,
0.58659217877095,,,,,,0.00228787782511086
0.588,0.00238250686522306,0.00238257308920332,0.00973298987209874,-0.00496784132684428,0,
0.587390263367917,,,,,,0.00234124641020253
0.5888,0.00243728565405391,0.00243735130243022,0.00978790553847984,-0.00491319735282176,0,
0.588188347964884,,,,,,0.00239533892198366
0.5896,0.00249279426369035,0.00249285935034392,0.00984355308636467,-0.00485782562073558,0,
0.588986432561852,,,,,,0.00245015674615715
0.5904,0.00254903401027609,0.00254909854974813,0.00989993383010644,-0.00480172481239823,0,
0.589784517158819,,,,,,0.00250570123651455
0.5912,0.002606006150646,0.00260607015741737,0.00995704902484201,-0.00474489366918435,0,
0.590582601755786,,,,,,0.00256197368624689
0.592,0.00266371188573163,0.00266377537160536,0.0100148998688555,-0.00468733098846438,0,
0.591380686352753,,,,,,0.00261897532943521
0.5928,0.00272215235852292,0.00272221533355338,0.0100734875016299,-0.00462903562460099,0,
0.592178770949721,,,,,,0.00267670734254107
0.5936,0.00278132865261285,0.00278139112899877,0.0101328130033636,-0.00457000649049409,0,
0.592976855546688,,,,,,0.00273517084589708
0.5944,0.00284124179561503,0.00284130374342667,0.0101928773993559,-0.00451024255513576,0,
0.593774940143655,,,,,,0.00279436690519739
0.5952,0.00290189276707195,0.00290195415804171,0.0102536816650752,-0.00444974283666892,0,
0.594573024740622,,,,,,0.00285429647392732
0.596,0.00296328249229691,0.00296334330221466,0.0103152267219866,-0.00438850640570632,0,
0.59537110933759,,,,,,0.00291496053211772
0.5968,0.00302541184598555,0.0030254720456535,0.0103775134407252,-0.00432653238370416,0,
0.596169193934557,,,,,,0.00297635998655545
0.5976,0.00308828165357208,0.00308834120762026,0.0104405426424675,-0.00426381994116754,0,
0.596967278531524,,,,,,0.00303849568885561
0.5984,0.00315189269258575,0.00315195155949257,0.0105043151003043,-0.00420036829630968,0,
0.597765363128492,,,,,,0.00310136844209053
0.5992,0.00321624569400717,0.00321630382619465,0.0105688315400313,-0.00413617671371141,0,
0.598563447725459,,,,,,0.00316497900220376
0.6,0.00328134134099863,0.0032813986876282,0.0106340926392087,-0.00407124450502552,0,
0.599361532322426,,,,,,0.00322932807942403
0.6008,0.00334718026918154,0.00334723678582626,0.0107000990304362,-0.00400557102902857,0,
0.600159616919393,,,,,,0.00329441633967924
0.6016,0.00341376308014287,0.00341381874417071,0.0107668513093477,-0.00393915568111184,0,
0.600957701516361,,,,,,0.00336024441314262
0.6024,0.00348109033012305,0.00348114510812324,0.0108343500269832,-0.00387199789908181,0,
0.601755786113328,,,,,,0.00342681291591112
0.6032,0.00354916253524221,0.00354921639263792,0.0109025956941691,-0.00380409716161797,0,
0.602553870710295,,,,,,0.00349412237107975
0.604,0.00361798017283085,0.00361803308010088,0.0109715887828649,-0.00373545298609605,0,
0.603351955307263,,,,,,0.00356217328703599
0.6048,0.00368754368276068,0.00368759561720111,0.0110413297275106,-0.00366606492727341,0,
0.60415003990423,,,,,,0.00363096613563808
0.6056,0.00375785346877526,0.0037579044164001,0.011111818922962,-0.00359593257597468,0,
0.604948124501197,,,,,,0.00370050135366734
0.6064,0.00382890988569818,0.00382895985740165,0.0111830566951458,-0.00352505556848855,0,
0.605746209098164,,,,,,0.00377077934428041
0.6072,0.0039007131594912,0.00390076228862154,0.0112550433030481,-0.00345343364995641,0,
0.606544293695132,,,,,,0.0038418004784616
0.608,0.00397326364362626,0.00397331188456036,0.011327779077619,-0.00338106649993063,0,
0.607342378292099,,,,,,0.00391356509647515
0.6088,0.0040465615909682,0.00404660878487246,0.011401264265371,-0.00330795384302453,0,
0.608140462889066,,,,,,0.00398607333444264
0.6096,0.00412060722207323,0.00412065331179911,0.0114754990804725,-0.00323409545232954,0,
0.608938547486033,,,,,,0.00405932533157456
0.6104,0.00419540072634321,0.00419544568103123,0.0115504837059169,-0.00315949113205608,0,
0.609736632083001,,,,,,0.00413332144671036
0.6112,0.00427094226317999,0.00427098605302415,0.0116262182946911,-0.00308414071639374,0,
0.610534716679968,,,,,,0.00420806186336202
0.612,0.00434723196313964,0.00434727455967396,0.0117027029709444,-0.00300804406837148,0,
0.611332801276935,,,,,,0.00428354673579738
0.6128,0.00442426992908686,0.0044243113054865,0.0117799377986532,-0.00293120107871786,0,
0.612130885873903,,,,,,0.0043597761901952
0.6136,0.00450205611440197,0.00450209636874626,0.011857922770035,-0.00285361175516437,0,
0.61292897047087,,,,,,0.00443675032580028
0.6144,0.00458059061987078,0.00458062980268539,0.011936657963427,-0.00277527603576229,0,
0.613727055067837,,,,,,0.00451446921607856
0.6152,0.00465987346069039,0.00465991151054438,0.0120161433855732,-0.00269619388286583,0,
0.614525139664804,,,,,,0.00459293290987223
0.616,0.00473990462112475,0.0047399414959744,0.0120963790137808,-0.00261636530375807,0,
0.615323224261772,,,,,,0.00467214128342018
0.6168,0.00482068406110325,0.00482071975766941,0.012177364801058,-0.00253579033155283,0,
0.616121308858739,,,,,,0.00475209436426243
0.6176,0.00490221171724454,0.00490224624141335,0.0122591006771506,-0.00245446902271019,0,
0.616919393455706,,,,,,0.00483279214578522
0.6184,0.00498448750388034,0.00498452086586693,0.0123415865495792,-0.00237240145602569,0,
0.617717478052674,,,,,,0.00491423456561183
0.6192,0.00506751131407935,0.00506754352870663,0.0124248222705087,-0.00228958773161948,0,
0.618515562649641,,,,,,0.00499642153971741
0.62,0.00515128290063983,0.00515131410765339,0.0125088076219782,-0.00220602805578951,0,
0.619313647246608,,,,,,0.0050793529634455
0.6208,0.00523580212528878,0.00523583246150125,0.0125935424598555,-0.00212172259604958,0,
0.620111731843575,,,,,,0.00516302871252444
0.6216,0.00532106883372436,0.00532109841127605,0.0126790266137362,-0.00203667150084234,0,
0.620909816440543,,,,,,0.00524744864408381
0.6224,0.0054070828211247,0.00540711147968289,0.012765259871488,-0.00195087495888711,0,
0.62170790103751,,,,,,0.00533261257469463
0.6232,0.00549384386371154,0.00549387158671785,0.0128522420020904,-0.00186433318665172,0,
0.622505985634477,,,,,,0.00541851998358329
0.624,0.00558135171962714,0.00558137851376257,0.012939972756523,-0.00177704641875171,0,
0.623304070231445,,,,,,0.00550517086115293
0.6248,0.00566960612981108,0.00566963199353655,0.0130284518686535,-0.00168901490708479,0,
0.624102154828412,,,,,,0.00559256495818233
0.6256,0.00575860681887721,0.005758631740642,0.0131176790330679,-0.00160023891996525,0,
0.624900239425379,,,,,,0.0056807020068491
0.6264,0.00584835342036152,0.00584837745232834,0.013207653887115,-0.00151071879382915,0,
0.625698324022346,,,,,,0.00576958172148516
0.6272,0.00593884558979843,0.00593886880925684,0.0132983761001792,-0.00142045487695509,0,
0.626496408619314,,,,,,0.00585920379933227
0.628,0.00603008303638734,0.00603010547626517,0.0133898453599931,-0.00132944747399342,0,
0.627294493216281,,,,,,0.00594956792129753
0.6288,0.00612206540822949,0.00612208708637975,0.0134820613072815,-0.00123769691537623,0,
0.628092577813248,,,,,,0.00604067375270889
0.6296,0.00621479233901836,0.00621481324534867,0.0135750235684537,-0.00114520356003361,0,
0.628890662410216,,,,,,0.00613252092517151
0.6304,0.00630826344878628,0.00630828358869671,0.0136687317563598,-0.00105196778064903,0,
0.629688747007183,,,,,,0.00622510904418272
0.6312,0.0064024783446512,0.00640249772171113,0.0137631854710472,-0.000957989962922351,0,
0.63048683160415,,,,,,0.00631843775212031
0.632,0.00649743662156332,0.00649745523399426,0.0138583842875535,-0.000863270504832669,0,
0.631284916201117,,,,,,0.00641250665273672
0.6328,0.00659313782316964,0.00659315570306097,0.013954327733203,-0.000767809842820518,0,
0.632083000798085,,,,,,0.00650731533717593
0.6336,0.00668958145434417,0.00668959869506211,0.0140510153407464,-0.000671608455689181,0,
0.632881085395052,,,,,,0.00660286338468821
0.6344,0.00678676711628002,0.00678678376550772,0.014148446686956,-0.000574666770122235,0,
0.633679169992019,,,,,,0.00669915036334484
0.6352,0.00688469434632048,0.00688471045999036,0.0142466213019955,-0.000476985224355539,0,
0.634477254588986,,,,,,0.0067961758307528
0.636,0.00698336267132299,0.00698337819996973,0.014345538705654,-0.000378564284351971,0,
0.635275339185954,,,,,,0.00689393933476954
0.6368,0.00708277160829635,0.0070827864870904,0.0144451984079922,-0.000279404426034666,0,
0.636073423782921,,,,,,0.00699244028763318
0.6376,0.00718292066503806,0.00718293486629306,0.0145455999099872,-0.000179506134657807,0,
0.636871508379888,,,,,,0.00709167820443592
0.6384,0.0072838093407716,0.00728382283090154,0.0146467426983237,-7.88699041775727e-05,0,
0.637669592976856,,,,,,0.00719165263679474
0.6392,0.00738543710981732,0.00738544986041909,0.0147486262143434,2.25037522651769e-05,0,
0.638467677573823,,,,,,0.00729236307615968
0.64,0.00748780336349252,0.00748781542575981,0.0148512498913895,0.000124614258966477,0,
0.63926576217079,,,,,,0.00739380900495154
0.6408,0.0075909076267359,0.00759091898982813,0.0149546132264897,0.00022746109883895,0,
0.640063846767757,,,,,,0.00749598989713444
0.6416,0.00769474935594374,0.00769476000809823,0.0150587156692,0.000331043756189939,0,
0.640861931364725,,,,,,0.00759890521878848
0.6424,0.00779932800023579,0.00779933792919354,0.0151635566619213,0.000435361686979555,0,
0.641660015961692,,,,,,0.00770255442868223
0.6432,0.00790464300199075,0.0079046521698338,0.0152691356404419,0.000540414340305279,0,
0.642458100558659,,,,,,0.00780693697884542
0.644,0.00801069379738188,0.00801070217657241,0.0153754520344799,0.000646201158930752,0,
0.643256185155627,,,,,,0.00791205228756787
0.6448,0.00811747981691239,0.00811748737979357,0.0154825052682253,0.000752721579814383,0,
0.644054269752594,,,,,,0.008017899807959
0.6456,0.00822500048595104,0.0082250072029958,0.0155902947216934,0.000859975034638144,0,
0.644852354349561,,,,,,0.00812447897302167
0.6464,0.00833325511861612,0.00833326106524583,0.0156988197602479,0.000967960882873732,0,
0.645650438946528,,,,,,0.00823178920997098
0.6472,0.00844224318187684,0.00844224838180468,0.0158080798221095,0.00107667854024502,0,
0.646448523543496,,,,,,0.00833982994173721
0.648,0.00855196407667267,0.00855196856468677,0.0159180743013221,0.00118612743644003,0,
0.647246608140463,,,,,,0.00844860058751829
0.6488,0.00866241719794343,0.00866242102321909,0.0160288025865206,0.00129630697329399,0,
0.64804469273743,,,,,,0.00855810056333235
0.6496,0.00877360193634206,0.00877360511048014,0.0161402640621814,0.00140721654776491,0,
0.648842777334397,,,,,,0.00866832928257023
0.6504,0.00888551767867564,0.00888552005447367,0.0162524581090693,0.00151885555283631,0,
0.649640861931365,,,,,,0.0087792860995073
0.6512,0.00899816380834647,0.00899816535017648,0.0163653841046841,0.00163122337795279,0,
0.650438946528332,,,,,,0.00889097024055689
0.652,0.00911153970579301,0.00911154037798214,0.0164790413967081,0.0017443194094554,0,
0.651237031125299,,,,,,0.00900338121960428
0.6528,0.00922564467920135,0.00922564450796471,0.0165934293185576,0.00185814298828626,0,
0.652035115722267,,,,,,0.0091165184145602
0.6536,0.00934047811513527,0.00934047710701434,0.01670854724839,0.00197269347577905,0,
0.652833200319234,,,,,,0.00923038119983201
0.6544,0.00945603939077692,0.00945603753920914,0.0168243945519436,0.00208797025752214,0,
0.653631284916201,,,,,,0.00934496894669121
0.6552,0.00957232786645148,0.00957232516618712,0.0169409705837175,0.00220397270528481,0,
0.654429369513168,,,,,,0.0094602810236409
0.656,0.00968934290018554,0.009689339347518,0.0170582746960383,0.00232070018291947,0,
0.655227454110136,,,,,,0.00957631679678322
0.6568,0.00980708384806789,0.00980707943258541,0.0171763062394244,0.00243815205221515,0,
0.656025538707103,,,,,,0.00969307563018692
0.6576,0.00992555006461026,0.00992554477313508,0.017295064562952,0.00255632767325375,0,
0.65682362330407,,,,,,0.00981055687750604
0.6584,0.010044740903108,0.0100447347283693,0.0174145489981656,0.00267522640476631,0,
0.657621707901037,,,,,,0.0099287598952168
0.6592,0.0101646556755513,0.0101646486513765,0.0175347588621309,0.0027948475804937,0,
0.658419792498005,,,,,,0.010047684047342
0.66,0.0102852937191539,0.0102852858946215,0.0176556934979924,0.00291519053257432,0,
0.659217877094972,,,,,,0.0101673286914035
0.6608,0.0104066543978235,0.0104066458104728,0.0177773522557743,0.003036254618985,0,
0.660015961691939,,,,,,0.010287693184483
0.6616,0.0105287370536723,0.0105287277515631,0.0178997344723113,0.00315803919572149,0,
0.660814046288907,,,,,,0.0104087768835768
0.6624,0.0106515410281777,0.0106515310711484,0.0180228394839251,0.00328054360953882,0,
0.661612130885874,,,,,,0.0105305791459512
0.6632,0.0107750656624788,0.0107750551234671,0.0181466666267257,0.00340376720673143,0,
0.662410215482841,,,,,,0.0106530993294977
0.664,0.0108993102976727,0.0108992990637247,0.01827121523691,0.00352770933342584,0,
0.663208300079808,,,,,,0.0107763367930885
0.6648,0.0110242742751108,0.0110242623030956,0.0183964846417446,0.0036523693358734,0,
0.664006384676776,,,,,,0.0109002906949395
0.6656,0.0111499569148315,0.0111499442046482,0.0185224741530555,0.0037777465481977,0,
0.664804469273743,,,,,,0.0110249604537449
0.6664,0.011276357529733,0.0112764449795259,0.018649183099371,0.00390384029150895,0,
0.66560255387071,,,,,,0.0111503454365933
0.6672,0.0114034754810357,0.0114034624605277,0.0187766108266819,0.00403064991139765,0,
0.666400638467678,,,,,,0.0112764449795259
0.667198723064645,,,,,,0.0114032584178581
0.668,0.011531310106,0.011531298043296,0.0189047566675532,0.00415817476035376,0,
0.667996807661612,,,,,,0.0115307850863637
0.6688,0.0116598607426156,0.0116598496067014,0.019033619955397,0.00428641418106238,0,
0.668794892258579,,,,,,0.0116590243194571
0.6696,0.0117891267298442,0.0117891164803168,0.0191632000247185,0.00441536751706281,0,
0.669592976855547,,,,,,0.0117879754513775
0.6704,0.0119191074078627,0.0119190980092228,0.0192934962113614,0.00454503411298845,0,
0.670391061452514,,,,,,0.0119176378308386
0.6712,0.0120498021183054,0.0120497936301504,0.0194245078483679,0.00467541331480676,0,
0.671189146049481,,,,,,0.0120480109008555
0.672,0.012181210194662,0.0121812026148851,0.0195562342512724,0.00480650446459947,0,
0.671987230646448,,,,,,0.0121790939372416
0.6728,0.0123133309415353,0.0123133243087557,0.019688674748298,0.00493830688492486,0,
0.672785315243416,,,,,,0.0123108862899599
0.6736,0.012446163727583,0.0124461580596164,0.0198218286916752,0.00507081992082024,0,
0.673583399840383,,,,,,0.0124433873114694
0.6744,0.0125797078956794,0.0125797032181226,0.0199556954201535,0.00520404293158717,0,
0.67438148443735,,,,,,0.0125765963569973
0.6752,0.0127139627904839,0.0127139591380079,0.0200902742743777,0.00533797526600978,0,
0.675179569034318,,,,,,0.0127105127848127
0.676,0.0128489277586349,0.0128489251763601,0.020225564597085,0.00547261627474106,0,
0.675977653631285,,,,,,0.0128451359564996
0.6768,0.0129846021489459,0.0129846006908371,0.0203615657333032,0.00560796531049572,0,
0.676775738228252,,,,,,0.0129804652372296
0.6776,0.0131209853126003,0.0131209849441569,0.0204982770301031,0.00574402172824304,0,
0.677573822825219,,,,,,0.0131164998953698
0.6784,0.0132580766023909,0.0132580771946846,0.0206356978151643,0.00588078488488815,0,
0.678371907422187,,,,,,0.013253239187662
0.6792,0.0133958753277028,0.0133958768894781,0.0207738274271411,0.00601825411492947,0,
0.679169992019154,,,,,,0.0133906825689845
0.68,0.0135343808712573,0.0135343833752056,0.0209126652317903,0.00615642877181892,0,
0.679968076616121,,,,,,0.0135288293906238
0.6808,0.0136735925896092,0.0136735959998521,0.0210522105820802,0.00629530822907616,0,
0.680766161213089,,,,,,0.0136676790051677
0.6816,0.0138135098418826,0.0138135141128097,0.0211924628336502,0.00643489184941154,0,
0.681564245810056,,,,,,0.0138072307665931
0.6824,0.0139541319899238,0.0139541370649674,0.0213334213449651,0.00657517899815615,0,
0.682362330407023,,,,,,0.013947484030356
0.6832,0.0140954583984542,0.0140954642088017,0.0214750854774697,0.00671616904341288,0,
0.68316041500399,,,,,,0.0140884381534799
0.684,0.0142374884352232,0.0142374949058829,0.0216174545957435,0.00685786135620769,0,
0.683958499600958,,,,,,0.014230092494645
0.6848,0.0143802214711611,0.0143802286477429,0.0217605280519831,0.0070002553106408,0,
0.684756584197925,,,,,,0.0143724465569134
0.6856,0.0145236568482757,0.0145236647858804,0.0219043052044184,0.00714335026745376,0,
0.685554668794892,,,,,,0.0145154996971605
0.6864,0.0146677939517999,0.0146678026621341,0.0220487854318917,0.00728714559565716,0,
0.68635275339186,,,,,,0.0146592512591298
0.6872,0.0148126321632587,0.0148126416638114,0.0221939681104007,0.00743164068316686,0,
0.687150837988827,,,,,,0.0148037006342018
0.688,0.0149581708622838,0.0149581811832994,0.0223398526165945,0.00757683491514172,0,
0.687948922585794,,,,,,0.0149488472187734
0.6888,0.015104409431779,0.0151044206183013,0.022486438330488,0.00772272767746827,0,
0.688747007182761,,,,,,0.0150946904144919
0.6896,0.015251347258039,0.0152513593720732,0.0226337246355813,0.00786931835933005,0,
0.689545091779729,,,,,,0.0152412296284886
0.6904,0.0153989837308666,0.0153989968532545,0.0227817109189791,0.00801660635332433,0,
0.690343176376696,,,,,,0.0153884642736129
0.6912,0.015547318243691,0.015547332444393,0.0229303965619038,0.00816459105557857,0,
0.691141260973663,,,,,,0.0155363937629615
0.692,0.0156963501746508,0.0156963652374087,0.0230797809472809,0.00831327185643804,0,
0.691939345570631,,,,,,0.0156850171519761
0.6928,0.0158460789203875,0.0158460948365755,0.0232298634738175,0.00846264814775745,0,
0.692737430167598,,,,,,0.0158343340655641
0.6936,0.0159965038903557,0.0159965206338593,0.0233806435441974,0.00861271933692565,0,
0.693535514764565,,,,,,0.0159843438998931
0.6944,0.0161476244893109,0.0161476420230519,0.0235321205606721,0.00876348483546911,0,
0.694333599361532,,,,,,0.0161350460529408
0.6952,0.0162994401256894,0.016299458399743,0.0236842939292582,0.00891494405432821,0,
0.6951316839585,,,,,,0.0162864399244685
0.696,0.0164519502116983,0.0164519691612924,0.0238371630598283,0.0090670964081295,0,
0.695929768555467,,,,,,0.016438524915993
0.6968,0.0166051541634046,0.0166051737068022,0.0239907273662013,0.00921994131527458,0,
0.696727853152434,,,,,,0.0165913004307591
0.6976,0.0167590514008255,0.0167590714452575,0.0241449862607218,0.0093734781980288,0,
0.697525937749401,,,,,,0.0167447658737128
0.6984,0.0169136413374847,0.0169136618783014,0.0242999391542892,0.00952770647758843,0,
0.698324022346369,,,,,,0.016898920739496
0.6992,0.0170689233901253,0.0170689445788171,0.0244555854712677,0.00968262557332084,0,
0.699122106943336,,,,,,0.0170537646345106
0.7,0.0172248969980547,0.0172249188494322,0.0246119246435912,0.00983823491691235,0,
0.699920191540303,,,,,,0.0172092968507657
0.7008,0.0173815615944633,0.0173815841359686,0.0247689561023899,0.00999453394892682,0,
0.700718276137271,,,,,,0.0173655168374304
0.7016,0.0175389166165021,0.0175389398903702,0.02492667928283,0.0101515221085755,0,
0.701516360734238,,,,,,0.0175224240497169
0.7024,0.0176969615053488,0.0176969855709051,0.0250850936241807,0.0103091988390209,0,
0.702314445331205,,,,,,0.0176800179490801
0.7032,0.017855695706275,0.0178557206423674,0.025244198569882,0.0104675635874431,0,
0.703112529928172,,,,,,0.0178382980034174
0.704,0.0180151186687121,0.0180151445762796,0.0254039935649358,0.0106266158051051,0,
0.70391061452514,,,,,,0.0179972636872681
0.7048,0.0181752298413792,0.0181752568229783,0.0255644780504007,0.0107863549451555,0,
0.704708699122107,,,,,,0.0181569144820135
0.7056,0.0183360286663505,0.0183360566415444,0.0257256514799112,0.010946780457329,0,
0.705506783719074,,,,,,0.0183172496303074
0.7064,0.0184975146143427,0.01849754347674,0.0258875133164904,0.011107891800782,0,
0.706304868316041,,,,,,0.0184782685621308
0.7072,0.0186596871491347,0.018659716899022,0.0260500630222545,0.011269688446987,0,
0.707102952913009,,,,,,0.018639970865899
0.708,0.0188225457386249,0.0188225763700237,0.026213300063506,0.011432169865505,0,
0.707901037509976,,,,,,0.018802356006713
0.7088,0.018986089854878,0.0189861213545013,0.0263772239107804,0.0115953355299969,0,
0.708699122106943,,,,,,0.0189654234527669
0.7096,0.0191503189741714,0.0191503513203345,0.0265418340388936,0.0117591849182689,0,
0.709497206703911,,,,,,0.0191291726753488
0.7104,0.0193152325770418,0.0193152657385264,0.026707129926427,0.0119237175123195,0,
0.710295291300878,,,,,,0.0192936031488403
0.7112,0.0194808301473289,0.0194808640832031,0.0268731110463633,0.0120889327979437,0,
0.711093375897845,,,,,,0.0194587143507163
0.712,0.0196471111562873,0.0196471458532021,0.0270397768837519,0.0122548302572529,0,
0.711891460494812,,,,,,0.0196245057615456
0.7128,0.0198140751064449,0.0198141106568339,0.0272071269335501,0.0124214093789803,0,
0.71268954509178,,,,,,0.0197909770237258
0.7136,0.0199817214934074,0.0199817579149998,0.0273751606900525,0.0125886696663023,0,
0.713487629688747,,,,,,0.0199581275519637
0.7144,0.0201500498169616,0.0201500871152337,0.0275438776517922,0.0127566106203165,0,
0.714285714285714,,,,,,0.0201259568348907
0.7152,0.0203190595811046,0.0203190977612421,0.0277132773215709,0.012925231746274,0,
0.715083798882682,,,,,,0.0202944643791854
0.716,0.0204887502940742,0.0204887893607513,0.0278833592064889,0.0130945325536079,0,
0.715881883479649,,,,,,0.0204636496955083
0.7168,0.0206591214683778,0.0206591614255083,0.0280541228179749,0.0132645125559631,0,
0.716679968076616,,,,,,0.0206335122985017
0.7176,0.0208301726208228,0.0208302134712802,0.0282255676641992,0.0134351712712257,0,
0.717478052673583,,,,,,0.0208040517067903
0.7184,0.0210019032594255,0.0210019450178542,0.0283976932620903,0.0136065082160491,0,
0.718276137270551,,,,,,0.0209752674429806
0.7192,0.0211743129136556,0.0211743555890377,0.0285704991376794,0.0137785229109907,0,
0.719074221867518,,,,,,0.0211471590336609
0.72,0.0213474011129895,0.0213474447126587,0.0287439848185774,0.0139512148889657,0,
0.719872306464485,,,,,,0.021319726009402
0.7208,0.0215211673895848,0.0215212119205649,0.0289181498359917,0.0141245836839969,0,
0.720670391061452,,,,,,0.0214929679047562
0.7216,0.0216956112797878,0.0216956567486247,0.0290929937253682,0.0142986288333808,0,
0.72146847565842,,,,,,0.0216668842582581
0.7224,0.0218707323241494,0.0218707787367264,0.029268516026407,0.0144733498785689,0,
0.722266560255387,,,,,,0.0218414746124242
0.7232,0.0220465300674416,0.0220465774287788,0.0294447162830796,0.0146487463651839,0,
0.723064644852354,,,,,,0.0220167385137531
0.724,0.0222230040586735,0.0222230523727107,0.0296215940369365,0.0148248178430355,0,
0.723862729449322,,,,,,0.0221926755127253
0.7248,0.0224001538399017,0.0224002031204713,0.0297991488352299,0.0150015638616387,0,
0.724660814046289,,,,,,0.0223692851638033
0.7256,0.0225779789673913,0.0225780292203363,0.0299773802355127,0.0151789839720632,0,
0.725458898643256,,,,,,0.0225465670254317
0.7264,0.022756479004921,0.0227565301929712,0.0301562877983353,0.0153570777367996,0,
0.726256983240223,,,,,,0.0227245206165208
0.7272,0.0229356535162075,0.0229357055939845,0.03033587108667,0.0155358447227931,0,
0.727055067837191,,,,,,0.0229031454851055
0.728,0.0231155020689911,0.0231155550215834,0.0305161296675513,0.0157152844985285,0,
0.727853152434158,,,,,,0.0230824412388447
0.7288,0.023296024235037,0.0232960780450446,0.0306970631120768,0.0158953966364767,0,
0.728651237031125,,,,,,0.0232624074493809
0.7296,0.0234772195901355,0.0234772742375377,0.0308786709954081,0.0160761807130956,0,
0.729449321628093,,,,,,0.023443043692212
0.7304,0.0236590877141032,0.0236591431761244,0.0310609528967711,0.0162576363088306,0,
0.73024740622506,,,,,,0.0236243495466913
0.7312,0.0238416281907835,0.0238416844417592,0.0312439083994567,0.0164397630081157,0,
0.731045490822027,,,,,,0.0238063245960277
0.732,0.0240248406080473,0.0240248976192889,0.0314275370908219,0.0166225603993741,0,
0.731843575418994,,,,,,0.0239889684272855
0.7328,0.0242087245577939,0.024208782297453,0.0316118385622903,0.0168060280750192,0,
0.732641660015962,,,,,,0.0241722806313846
0.7336,0.0243932796359518,0.0243933380688832,0.0317968124093525,0.0169901656314554,0,
0.733439744612929,,,,,,0.0243562608031002
0.7344,0.0245785054424794,0.024578564530104,0.0319824582315674,0.0171749726690787,0,
0.734237829209896,,,,,,0.0245409085410632
0.7352,0.0247644015813656,0.0247644612815323,0.0321687756325622,0.0173604487922777,0,
0.735035913806864,,,,,,0.0247262234477599
0.736,0.0249509676606309,0.0249510279274773,0.0323557642200338,0.0175465936094343,0,
0.735833998403831,,,,,,0.024912205129532
0.7368,0.0251382032923277,0.025138264076141,0.0325434236054548,0.0177334067329247,0,
0.736632083000798,,,,,,0.0250988531965767
0.7376,0.0253261080920777,0.0253261693396176,0.032731753403877,0.0179208877789505,0,
0.737430167597765,,,,,,0.0252861672629468
0.7384,0.0255146816790353,0.0255147433338941,0.0329207532353987,0.018109036367236,0,
0.738228252194733,,,,,,0.0254741469465504
0.7392,0.0257039236782059,0.0257039856817376,0.0331104227242531,0.0182978521218424,0,
0.7390263367917,,,,,,0.0256627918691513
0.74,0.025893833717685,0.0258938960527268,0.0333007614983951,0.0184873346716378,0,
0.739824421388667,,,,,,0.0258521016696396
0.7408,0.026084411429596,0.0260844741708918,0.0334917691898447,0.018677483648886,0,
0.740622505985635,,,,,,0.0260420761382176
0.7416,0.02627565645009,0.0262757195639116,0.0336834454346873,0.0188682986898413,0,
0.741420590582602,,,,,,0.0262327147743428
0.7424,0.0264675684193465,0.0264676318711396,0.0338757898730736,0.0190597794347492,0,
0.742218675179569,,,,,,0.0264240172190435
0.7432,0.0266601469815739,0.026660210735974,0.0340688021492208,0.0192519255278468,0,
0.743016759776536,,,,,,0.0266159831173536
0.744,0.02685339178501,0.0268534558058574,0.0342624819114121,0.0194447366173632,0,
0.743814844373504,,,,,,0.0268086121183133
0.7448,0.0270473024819223,0.0270473667322769,0.0344568288119978,0.0196382123555202,0,
0.744612928970471,,,,,,0.0270019038749687
0.7456,0.0272418787286082,0.0272419431707641,0.0346518425073953,0.0198323523985326,0,
0.745411013567438,,,,,,0.0271958580443721
0.7464,0.0274371201853958,0.0274371847808952,0.0348475226580894,0.0200271564066087,0,
0.746209098164405,,,,,,0.0273904742875816
0.7472,0.0276330265166442,0.0276330912262907,0.0350438689286329,0.0202226240439506,0,
0.747007182761373,,,,,,0.0275857522696616
0.748,0.0278295973907438,0.0278296621746158,0.0352408809876468,0.020418754978755,0,
0.74780526735834,,,,,,0.0277816916596825
0.7488,0.0280268324801169,0.0280268972975801,0.035438558507821,0.0206155488832139,0,
0.748603351955307,,,,,,0.0279782921307206
0.7496,0.0282247314612181,0.0282247962709379,0.035636901165914,0.020813005433514,0,
0.749401436552275,,,,,,0.0281755533598584
0.7504,0.0284232940145345,0.0284233587744877,0.0358359085366055,0.0210111243098386,0,
0.750199521149242,,,,,,0.0283734750281843
0.7512,0.0286225196666072,0.0286225844920726,0.036035580317933,0.0212099051445362,0,
0.750997605746209,,,,,,0.028572056820793
0.752,0.0288224082033982,0.0288224731115803,0.036235916235463,0.0214093475520724,0,
0.751795690343176,,,,,,0.028771298426785
0.7528,0.0290229593240399,0.0290230243249431,0.0364369159795457,0.0216094512919751,0,
0.752593774940144,,,,,,0.0289711995392669
0.7536,0.029224172718027,0.0292242377980469,0.0366385792397605,0.0218102160625212,0,
0.753391859537111,,,,,,0.0291717598553514
0.7544,0.0294260480783662,0.0294261131523564,0.0368409057092194,0.0220116415566326,0,
0.754189944134078,,,,,,0.029372978960779
0.7552,0.0296285851015593,0.0296286501252852,0.0370438950845491,0.0222137274707061,0,
0.754988028731046,,,,,,0.0295748565883527
0.756,0.0298317834875868,0.0298318484597029,0.0372475470658752,0.022416473504597,0,
0.755786113328013,,,,,,0.0297773924954782
0.7568,0.0300356429398911,0.030035707864253,0.0374518613568048,0.0226198793616027,0,
0.75658419792498,,,,,,0.0299805863918391
0.7576,0.03024016316536,0.0302402280515006,0.0376568376644098,0.0228239447484463,0,
0.757382282521947,,,,,,0.0301844379910031
0.7584,0.0304453438743101,0.0304454087379315,0.0378624756992103,0.0230286693752603,0,
0.758180367118915,,,,,,0.0303889470104218
0.7592,0.0306511847804705,0.0306512496439534,0.0380687751751576,0.0232340529555703,0,
0.758978451715882,,,,,,0.0305941131714309
0.76,0.0308576856009658,0.0308577504938947,0.0382757358096175,0.0234400952062787,0,
0.759776536312849,,,,,,0.0307999361992497
0.7608,0.0310648460562997,0.0310649110160054,0.0384833573233535,0.023646795847648,0,
0.760574620909816,,,,,,0.0310064158229818
0.7616,0.0312726658703387,0.0312727309424565,0.0386916394405098,0.0238541546032849,0,
0.761372705506784,,,,,,0.0312135517756148
0.7624,0.0314811447702949,0.0314812100093406,0.038900581888595,0.0240621712001238,0,
0.762170790103751,,,,,,0.0314213437940199
0.7632,0.0316902824867101,0.031690347956671,0.0391101843762838,0.0242708453684101,0,
0.762968874700718,,,,,,0.0316297916189526
0.764,0.0319000787220601,0.0319001445283828,0.0393204466223712,0.0244801768324864,0,
0.763766959297686,,,,,,0.0318388949950522
0.7648,0.0321105332049531,0.032110599472332,0.0395313683778511,0.024690165304642,0,
0.764565043894653,,,,,,0.032048653670842
0.7656,0.0323216456983396,0.0323217125402961,0.0397429493885697,0.0249008105254416,0,
0.76536312849162,,,,,,0.0322590673987293
0.7664,0.0325334159437377,0.0325334834879735,0.0399551893963085,0.0251121122535076,0,
0.766161213088587,,,,,,0.0324701359350054
0.7672,0.0327458436857641,0.0327459120220102,0.0401680881459598,0.0253240702331933,0,
0.766959297685555,,,,,,0.0326818590398454
0.768,0.032958928672113,0.0329589976533335,0.0403816453855058,0.0255366842119172,0,
0.767757382282522,,,,,,0.0328942363016653
0.7688,0.0331726706535352,0.0331727399875808,0.0405958608659968,0.0257499539401424,0,
0.768555466879489,,,,,,0.0331072670637319
0.7696,0.0333870693838172,0.033387139101307,0.0408107343415307,0.0259638791713555,0,
0.769353551476456,,,,,,0.0333209515410456
0.7704,0.0336021246197599,0.0336021947555008,0.0410262655692309,0.0261784596620464,0,
0.770151636073424,,,,,,0.0335352894952597
0.7712,0.0338178361211583,0.0338179067145634,0.041242454309226,0.0263936951716873,0,
0.770949720670391,,,,,,0.0337502806914071
0.772,0.0340342036507797,0.0340342747463077,0.0414593003246278,0.026609585462712,0,
0.771747805267358,,,,,,0.0339659248979002
0.7728,0.0342512269743434,0.0342512986219588,0.0416768033815105,0.0268261303004954,0,
0.772545889864326,,,,,,0.0341822218865313
0.7736,0.0344689058604993,0.0344689781161539,0.0418949632488892,0.0270433294533323,0,
0.773343974461293,,,,,,0.0343991714324719
0.7744,0.0346872400808072,0.0346873130069423,0.0421137796986991,0.0272611826924174,0,
0.77414205905826,,,,,,0.0346167733142736
0.7752,0.0349062294097156,0.0349063030757851,0.0423332525057736,0.0274796897918237,0,
0.774940143655227,,,,,,0.0348350273138672
0.776,0.0351258736245409,0.035125948107556,0.0425533814430143,0.0276988505284829,0,
0.775738228252195,,,,,,0.0350539332165635
0.7768,0.0353461724989601,0.0353462478905403,0.0427741662606418,0.0279186646804868,0,
0.776536312849162,,,,,,0.0352734908110528
0.7776,0.0355671257774475,0.0355672022164354,0.0429956067559729,0.0281391320157659,0,
0.777334397446129,,,,,,0.0354936998894048
0.7784,0.0357887332779153,0.0357888108803511,0.0432177027223288,0.02836025229939,0,
0.778132482043097,,,,,,0.035714560247069
0.7792,0.0360109947873411,0.036011073680809,0.0434404539470272,0.0285820253429276,0,
0.778930566640064,,,,,,0.0359360716828747
0.78,0.0362339100953592,0.0362339904197427,0.0436638602200473,0.0288044509356731,0,
0.779728651237031,,,,,,0.0361582339990306
0.7808,0.0364574789942364,0.0364575609024982,0.0438879213340056,0.0290275288695483,0,
0.780526735833998,,,,,,0.0363810470011251
0.7816,0.0366817012788481,0.0366817846933863,0.0441126370841319,0.0292512589390788,0,
0.781324820430966,,,,,,0.036604510498126
0.7824,0.0369065767466541,0.0369066612815996,0.0443380072682442,0.0294756409413703,0,
0.782122905027933,,,,,,0.0368286235934284
0.7832,0.037132105197675,0.037132190792413,0.0445640316867253,0.0297006746760849,0,
0.7829209896249,,,,,,0.0370533865201888
0.784,0.0373582864344674,0.0373583731049421,0.044790710142498,0.0299263599454171,0,
0.783719074221867,,,,,,0.0372787991981757
0.7848,0.0375851202621009,0.037585208024699,0.0450180424410009,0.0301526965540703,0,
0.784517158818835,,,,,,0.0375048614333074
0.7856,0.0378126064881331,0.0378126953600203,0.045246028390164,0.0303796843092332,0,
0.785315243415802,,,,,,0.0377315730342995
0.7864,0.0380407449225863,0.038040834922067,0.0454746678003846,0.0306073230205554,0,
0.786113328012769,,,,,,0.0379589338126651
0.7872,0.038269535377923,0.0382696265248244,0.0457039604845029,0.0308356125001247,0,
0.786911412609737,,,,,,0.038186943582715
0.788,0.0384989776690222,0.0384990699851022,0.0459339062577776,0.0310645525624423,0,
0.787709497206704,,,,,,0.0384156021615574
0.7888,0.0387290716131553,0.0387291651225344,0.0461645049378618,0.0312941430244,0,
0.788507581803671,,,,,,0.038644909369098
0.7896,0.038959817029962,0.0389599117595794,0.0463957563447997,0.0315243837052555,0,
0.789305666400638,,,,,,0.03887486502804
0.7904,0.0391912137414534,0.0391913097215201,0.0466276603009581,0.0317552744266156,0,
0.790103750997606,,,,,,0.0391054689638843
0.7912,0.0394232615719234,0.0394233588364636,0.0468602166310198,0.0319868150124187,0,
0.790901835594573,,,,,,0.039336721004929
0.792,0.0396559603479662,0.0396560589353415,0.0470934251619714,0.0322190052888699,0,
0.79169992019154,,,,,,0.03956862098227
0.7928,0.0398893098984557,0.0398894098519096,0.0473272857230744,0.0324518450844505,0,
0.792498004788508,,,,,,0.0398011687298005
0.7936,0.0401233100545145,0.0401234114227483,0.0475617981458386,0.0326853342298958,0,
0.793296089385475,,,,,,0.0400343640842114
0.7944,0.040357960649489,0.0403580634872622,0.0477969622639985,0.0329194725581648,0,
0.794094173982442,,,,,,0.040268206884991
0.7952,0.0405932615189265,0.0405933658140167,0.0480327779134881,0.033154259904417,0,
0.794892258579409,,,,,,0.0405026969744252
0.796,0.04082921250055,0.0408293180774186,0.0482692449324175,0.0333896961059884,0,
0.795690343176377,,,,,,0.0407378340065609
0.7968,0.0410658134342352,0.0410659201232504,0.0485063631610481,0.0336257810023676,0,
0.796488427773344,,,,,,0.0409736176943384
0.7976,0.0413030641619856,0.0413031719245494,0.0487441324417684,0.0338625144351726,0,
0.797286512370311,,,,,,0.0412100480962647
0.7984,0.0415409645279093,0.0415410733207766,0.0489825526190697,0.0340998962481265,0,
0.798084596967279,,,,,,0.041447125052183
0.7992,0.0417795143781944,0.0417796241533536,0.0492216235395219,0.0343379262870341,0,
0.798882681564246,,,,,,0.0416848484038874
0.8,0.0420187135610852,0.0420188242656397,0.0494613450517492,0.0345766043997578,0,
0.799680766161213,,,,,,0.0419232179951002
0.8008,0.0422585619268582,0.0422586735029085,0.0497017170064057,0.0348159304361943,0,
0.80047885075818,,,,,,0.0421622336714489
0.8016,0.042499059327798,0.042499171712325,0.0499427392561511,0.0350559042482505,0,
0.801276935355148,,,,,,0.0424018952804437
0.8024,0.0427402056181732,0.0427403187429231,0.0501844116591268,0.03529652568982,0,
0.802075019952115,,,,,,0.0426422026714548
0.8032,0.0429820006585232,0.042982114445582,0.0504267340767233,0.0355377946175696,0,
0.802873104549082,,,,,,0.0428831556956894
0.804,0.0432244443118813,0.0432245586730033,0.0506697063635884,0.0357797108936813,0,
0.80367118914605,,,,,,0.0431247542061693
0.8048,0.0434675364324337,0.0434676512796883,0.0509133283793846,0.0360222743807266,0,
0.804469273743017,,,,,,0.0433669980577081
0.8056,0.0437112768825486,0.0437113921219148,0.0511575999868634,0.0362654849355977,0,
0.805267358339984,,,,,,0.0436098871068882
0.8064,0.0439556655264851,0.0439557810577141,0.0514025210506637,0.0365093424221703,0,
0.806065442936951,,,,,,0.0438534212120385
0.8072,0.0442007022303697,0.044200817946848,0.0516480914372883,0.0367538467061911,0,
0.806863527533919,,,,,,0.0440976002332113
0.808,0.0444463868621727,0.0444465026507858,0.0518943110150802,0.0369989976552541,0,
0.807661612130886,,,,,,0.0443424240321598
0.8088,0.0446927192916854,0.044692835035305,0.0521411796541995,0.0372447951387778,0,
0.808459696727853,,,,,,0.0445878924723154
0.8096,0.0449396993904966,0.0449398150922628,0.0523886972265993,0.0374912390279825,0,
0.80925778132482,,,,,,0.0448340054249175
0.8104,0.0451873270319697,0.0451874427580856,0.0526368636060025,0.0377383291958671,0,
0.810055865921788,,,,,,0.0450807630446594
0.8112,0.0454356020912188,0.0454357177769363,0.0528856786678785,0.037986065517186,0,
0.810853950518755,,,,,,0.045328164977466
0.812,0.045684524445086,0.0456846400272222,0.0531351422894191,0.0382344478684263,0,
0.811652035115722,,,,,,0.0455762111017057
0.8128,0.0459340939721177,0.045934209389464,0.0533852543495156,0.0384834761277846,0,
0.81245011971269,,,,,,0.0458249012978444
0.8136,0.0461843105525419,0.0461844257462875,0.0536360147287347,0.0387331501751441,0,
0.813248204309657,,,,,,0.0460742354484364
0.8144,0.0464351740682444,0.0464352889824153,0.0538874233092956,0.0389834698920517,0,
0.814046288906624,,,,,,0.0463242134381166
0.8152,0.0466866844027457,0.0466867989846583,0.0541394799750459,0.0392344351616946,0,
0.814844373503591,,,,,,0.0465748351535919
0.816,0.046938841441178,0.0469389556419075,0.0543921846239787,0.0394860458688779,0,
0.815642458100559,,,,,,0.0468261004836332
0.8168,0.0471916450850503,0.0471917588451254,0.0546455371361679,0.0397383019022496,0,
0.816440542697526,,,,,,0.0470780093190669
0.8176,0.0474450952117412,0.0474452084873378,0.054899537398851,0.0399912031606236,0,
0.817238627294493,,,,,,0.0473305615527669
0.8184,0.0476991917114604,0.0476993044636254,0.0551541853026459,0.0402447495243506,0,
0.818036711891461,,,,,,0.0475837570796461
0.8192,0.0479539344760598,0.0479540466711153,0.0554094807397285,0.0404989408848743,0,
0.818834796488428,,,,,,0.047837595796648
0.82,0.0482093233989191,0.0482094350089729,0.0556654236037959,0.0407537771352504,0,
0.819632881085395,,,,,,0.048092077602739
0.8208,0.0484653583749236,0.0484654693783931,0.0559220137900438,0.0410092581700468,0,
0.820430965682362,,,,,,0.0483472023988995
0.8216,0.0487220393004414,0.0487221496825924,0.056179251195144,0.0412653838853212,0,
0.82122905027933,,,,,,0.0486029700881157
0.8224,0.0489793660733019,0.0489794758268003,0.0564371357172219,0.0415221541785993,0,
0.822027134876297,,,,,,0.0488593805753719
0.8232,0.0492373385927726,0.049237447685499,0.0566956672558337,0.0417795689488526,0,
0.822825219473264,,,,,,0.0491164337676415
0.824,0.0494959567595371,0.0494960651320842,0.0569548457119439,0.042037628096476,0,
0.823623304070231,,,,,,0.0493741295041352
0.8248,0.0497552204756728,0.0497553280965329,0.0572146709879027,0.042296331523266,0,
0.824421388667199,,,,,,0.0496324676989424
0.8256,0.0500151296446286,0.0500152365094641,0.0574751429874233,0.0425556791323988,0,
0.825219473264166,,,,,,0.0498914483009459
0.8264,0.0502756841712023,0.0502757902824196,0.0577362616155596,0.0428156708284076,0,
0.826017557861133,,,,,,0.0501510712214958
0.8272,0.0505368839615184,0.0505369893286832,0.0579980267786834,0.0430763065171611,0,
0.826815642458101,,,,,,0.0504113363736741
0.828,0.0507987289230059,0.0507988335632664,0.0582604383844617,0.0433375861058409,0,
0.827613727055068,,,,,,0.0506722436722811
0.8288,0.0510612189643756,0.051061322902894,0.0585234963562586,0.0435995095029197,0,
0.828411811652035,,,,,,0.0509337930338209
0.8296,0.0513243540119602,0.0513244572659903,0.0587872006060343,0.0438620766200772,0,
0.829209896249002,,,,,,0.0511959843764875
0.8304,0.0515881339767005,0.0515882365726649,0.0590515510377514,0.0441252873826264,0,
0.83000798084597,,,,,,0.0514588176201512
0.8312,0.0518525587626387,0.051852660744698,0.0593165475638695,0.0443891417015879,0,
0.830806065442937,,,,,,0.0517222926863437
0.832,0.052117628284325,0.0521177297055267,0.0595821900991884,0.0446536394830942,0,
0.831604150039904,,,,,,0.0519864094982447
0.8328,0.0523833424575407,0.0523834433802303,0.0598484785597309,0.0449187806426773,0,
0.832402234636871,,,,,,0.052251167980668
0.8336,0.0526497011992782,0.0526498016955168,0.0601154128627219,0.045184565097088,0,
0.833200319233839,,,,,,0.0525165680600467
0.8344,0.0529167044277197,0.0529168045797078,0.0603829929265674,0.045450992764276,0,
0.833998403830806,,,,,,0.0527826096644198
0.8352,0.0531843520622172,0.053184451962725,0.0606512186708342,0.0457180635633695,0,
0.834796488427773,,,,,,0.0530492927234181
0.836,0.0534526440232712,0.0534527437760756,0.0609200900162281,0.0459857774146542,0,
0.835594573024741,,,,,,0.0533166171682497
0.8368,0.0537215802325108,0.0537216798767238,0.0611896068845741,0.0462541342395539,0,
0.836392657621708,,,,,,0.0535845829316865
0.8376,0.0539911606126725,0.0539912598504961,0.0614597691987948,0.0465231339606093,0,
0.837190742218675,,,,,,0.0538531897989225
0.8384,0.05426138508758,0.0542614836400083,0.0617305768828901,0.0467927765014578,0,
0.837988826815642,,,,,,0.0541224371693857
0.8392,0.0545322535821233,0.0545323514334228,0.0620020298619157,0.0470630617868133,0,
0.83878691141261,,,,,,0.0543923255052214
0.84,0.054803766022238,0.0548038631572508,0.062274128061963,0.0473339897424455,0,
0.839584996009577,,,,,,0.0546628547328129
0.8408,0.055075922334885,0.055076018739281,0.0625468714101377,0.04760556029516,0,
0.840383080606544,,,,,,0.0549340247798088
0.8416,0.0553487224480299,0.0553488181085796,0.0628202598425162,0.0478777733727771,0,
0.841181165203512,,,,,,0.0552058355751231
0.8424,0.0556221662993401,0.0556222611954902,0.0630942933142116,0.0481506289048538,0,
0.841979249800479,,,,,,0.055478287048935
0.8432,0.0558962538462771,0.0558963479316339,0.0633689717345663,0.0484241268314056,0,
0.842777334397446,,,,,,0.0557513791326892
0.844,0.0561709849945827,0.0561710782499094,0.0636442950336705,0.0486982671062935,0,
0.843575418994413,,,,,,0.0560251117590955
0.8448,0.0564463596774137,0.0564464520844926,0.0639202631448627,0.0489730496383259,0,
0.844373503591381,,,,,,0.0562994848621291
0.8456,0.0567223778289199,0.0567224693708371,0.0641968760024649,0.049248474361471,0,
0.845171588188348,,,,,,0.0565744983770308
0.8464,0.0569990393842256,0.0569991300456738,0.0644741335417654,0.0495245412106805,0,
0.845969672785315,,,,,,0.0568501522403063
0.8472,0.0572763442794123,0.0572764340470113,0.0647520356990001,0.0498012501218725,0,
0.846767757382282,,,,,,0.0571264463897268
0.848,0.0575542924515001,0.0575543813141355,0.0650305824113341,0.0500786010319124,0,
0.84756584197925,,,,,,0.0574033807643289
0.8488,0.0578328838384301,0.0578329717876097,0.065309773616844,0.0503565938785962,0,
0.848363926576217,,,,,,0.0576809553044145
0.8496,0.0581121183790462,0.0581122054092748,0.0655896092544997,0.0506352286006323,0,
0.849162011173184,,,,,,0.0579591699515506
0.8504,0.058391996013077,0.0583920821222492,0.0658700892641456,0.0509145051376235,0,
0.849960095770152,,,,,,0.0582380246485699
0.8512,0.058672516681118,0.0586726018709287,0.0661512135864828,0.0511944234300494,0,
0.850758180367119,,,,,,0.0585175193395701
0.852,0.0589536803246134,0.0589537646009866,0.0664329821630511,0.0514749834192485,0,
0.851556264964086,,,,,,0.0587976539699144
0.8528,0.0592354868858382,0.0592355702593735,0.0667153949362105,0.0517561850474005,0,
0.852354349561053,,,,,,0.0590784284862313
0.8536,0.0595179363078805,0.0595180187943178,0.0669984518491229,0.0520380282575083,0,
0.853152434158021,,,,,,0.0593598428364144
0.8544,0.0598010285346227,0.0598011101553252,0.0672821528457343,0.0523205129933802,0,
0.853950518754988,,,,,,0.0596418969696231
0.8552,0.0600847635107241,0.0600848442599553,0.0675664979062566,0.0526036391996124,0,
0.854748603351955,,,,,,0.0599245908362816
0.856,0.0603691412189623,0.0603692209450401,0.0678514869592857,0.0528874068234299,0,
0.855546687948923,,,,,,0.0602079243293398
0.8568,0.060654161585674,0.0606542401923233,0.0681371199453992,0.0531718158453506,0,
0.85634477254589,,,,,,0.0604918972443051
0.8576,0.0609398245529384,0.0609399020284308,0.0684233968127156,0.0534568661932132,0,
0.857142857142857,,,,,,0.0607765097057675
0.8584,0.0612261300698663,0.06122620640568,0.0687103175104556,0.0537425578100891,0,
0.857940941739824,,,,,,0.0610617616657244
0.8592,0.0615130780863537,0.0615131532775553,0.0689978819886171,0.0540288906457644,0,
0.858739026336792,,,,,,0.06134765307733
0.86,0.0618006685530673,0.0618007425987088,0.0692860901979594,0.0543158646508039,0,
0.859537110933759,,,,,,0.0616341838948945
0.8608,0.0620889014214287,0.0620889743249602,0.0695749420899882,0.0546034797765366,0,
0.860335195530726,,,,,,0.0619213540738846
0.8616,0.0623777766435993,0.0623778484132965,0.0698644376169396,0.0548917359750398,0,
0.861133280127694,,,,,,0.0622091635709237
0.8624,0.062667294172465,0.0626673648218723,0.0701545767317656,0.0551806331991247,0,
0.861931364724661,,,,,,0.062497612343791
0.8632,0.0629574539616214,0.0629575235100095,0.0704453593881178,0.0554701714023209,0,
0.862729449321628,,,,,,0.0627867003514225
0.864,0.063248255965358,0.0632483244381977,0.0707367855403327,0.0557603505388616,0,
0.863527533918595,,,,,,0.0630764275539106
0.8648,0.0635397001386432,0.0635397675680939,0.0710288551434158,0.0560511705636684,0,
0.864325618515563,,,,,,0.0633667939125037
0.8656,0.0638317864371091,0.0638318528625226,0.0713215681530266,0.0563426314323364,0,
0.86512370311253,,,,,,0.063657799389607
0.8664,0.0641245148170362,0.0641245802854757,0.071614924525463,0.0566347331011186,0,
0.865921787709497,,,,,,0.0639494439487819
0.8672,0.0644178852353384,0.0644179498021126,0.0719089242176457,0.0569274755269117,0,
0.866719872306465,,,,,,0.0642417275547462
0.868,0.0647118976495473,0.0647119613787603,0.0722035672032784,0.05722085866724,0,
0.867517956903432,,,,,,0.0645346501733739
0.8688,0.0650065520342476,0.0650066149829131,0.0724988534505997,0.0575148824805166,0,
0.868316041500399,,,,,,0.0648282117716957
0.8696,0.0653018483580816,0.065301910583233,0.072794782902671,0.0578095469417296,0,
0.869114126097366,,,,,,0.0651224123178985
0.8704,0.0655977865643191,0.0655978481495493,0.0730913555197337,0.0581048520197298,0,
0.869912210694334,,,,,,0.0654172517813257
0.8712,0.065894366614075,0.0658944276528588,0.073388571262947,0.0584007976586604,0,
0.870710295291301,,,,,,0.0657127301324768
0.872,0.0661915884690891,0.0661916490653259,0.0736864300940866,0.0586973838202171,0,
0.871508379888268,,,,,,0.066008847343008
0.8728,0.0664894520917133,0.0664895123602824,0.0739849319755321,0.0589946104667159,0,
0.872306464485235,,,,,,0.0663056033857318
0.8736,0.0667879574448987,0.0667880173455322,0.0742840768702538,0.0592924775610799,0,
0.873104549082203,,,,,,0.0666029982346169
0.8744,0.0670871044921823,0.0670871635507024,0.0745836385483282,0.0595909850668272,0,
0.87390263367917,,,,,,0.0669010315962717
0.8752,0.0673868931976747,0.0673869511478842,0.0748842973558963,0.0598901329480572,0,
0.874700718276137,,,,,,0.0671997028967061
0.876,0.067687323526047,0.0676873803531458,0.0751853723909335,0.0601901478470212,0,
0.875498802873105,,,,,,0.0674990127611212
0.8768,0.0679883954425179,0.0679884511333051,0.075487090296229,0.0604903514978114,0,
0.876296887470072,,,,,,0.0677989611560648
0.8776,0.0682901089128407,0.0682901634559981,0.0757894510375154,0.0607914216126686,0,
0.877094972067039,,,,,,0.0680995480488952
0.8784,0.0685924639032908,0.0685925172896794,0.0760924545810379,0.0610931319644251,0,
0.877893056664006,,,,,,0.068400773407781
0.8792,0.0688954603806524,0.0688955126036216,0.076396100893541,0.0613954825199025,0,
0.878691141260974,,,,,,0.0687026372017017
0.88,0.0691990983122057,0.0691991493679158,0.0767003899422897,0.0616984732464277,0,
0.879489225857941,,,,,,0.0690051394004469
0.8808,0.0695033776657146,0.0695034275534712,0.0770053216975725,0.0620021041118203,0,
0.880287310454908,,,,,,0.0693082799746171
0.8816,0.0698082984115031,0.0698083471320156,0.0773108961552172,0.0623063750843795,0,
0.881085395051876,,,,,,0.069612058895623
0.8824,0.0701138605467795,0.0701139080760948,0.0776171132618631,0.0626112861349281,0,
0.881883479648843,,,,,,0.069916476135686
0.8832,0.0704200640183229,0.070420110359073,0.0779239729875944,0.0629168372607101,0,
0.88268156424581,,,,,,0.070221531667838
0.884,0.0707269087967299,0.0707269539551326,0.0782314753029859,0.0632230284098853,0,
0.883479648842777,,,,,,0.0705272254659213
0.8848,0.0710343948530847,0.0710344388392747,0.0785396201790921,0.0635298595531897,0,
0.884277733439745,,,,,,0.0708335575045889
0.8856,0.071342522158948,0.0713425649873181,0.078848407587436,0.0638373306622202,0,
0.885075818036712,,,,,,0.0711405277593042
0.8864,0.071651290686346,0.0716513323759004,0.0791578374999983,0.0641454417090468,0,
0.885873902633679,,,,,,0.0714481362063411
0.8872,0.0719607004077598,0.0719607409824772,0.0794679098892063,0.0644541926662019,0,
0.886671987230646,,,,,,0.0717563828227841
0.888,0.0722707512961144,0.0722707907853225,0.0797786247279231,0.0647635835066699,0,
0.887470071827614,,,,,,0.0720652675865281
0.8888,0.0725814433247673,0.0725814817635286,0.0800899819894359,0.065073614203876,0,
0.888268156424581,,,,,,0.0723747904762787
0.8896,0.0728927764674985,0.0728928138970062,0.0804019816474458,0.0653842847316754,0,
0.889066241021548,,,,,,0.0726849514715517
0.8904,0.0732047506984988,0.0732047871664839,0.0807146236760564,0.0656955950643428,0,
0.889864325618516,,,,,,0.0729957505526738
0.8912,0.0735173659923592,0.0735174015535092,0.0810279080497626,0.0660075451765613,0,
0.890662410215483,,,,,,0.0733071877007819
0.892,0.0738306223240601,0.0738306569488337,0.0813418347434401,0.0663201350434122,0,
0.89146049481245,,,,,,0.0736192628978236
0.8928,0.0741445196689604,0.0741445531458977,0.0816564037323337,0.066633364640363,0,
0.892258579409417,,,,,,0.0739319759910338
0.8936,0.0744590580027861,0.0744590902458611,0.0819716149930541,0.0669472339432579,0,
0.893056664006385,,,,,,0.0742453267499723
0.8944,0.07477423730162,0.0747742683190434,0.082287468520174,0.0672617429283063,0,
0.893854748603352,,,,,,0.0745593154337103
0.8952,0.0750900575616828,0.0750900873458241,0.0826039642852187,0.0675768915720723,0,
0.894652833200319,,,,,,0.0748739420223125
0.896,0.0754065187551321,0.075406547307259,0.0829211022582677,0.0678926798702487,0,
0.895450917797286,,,,,,0.0751892064965127
0.8968,0.0757236208521121,0.0757236481850788,0.0832388824172525,0.0682091077966409,0,
0.896249002394254,,,,,,0.0755051088377137
0.8976,0.0760413638310172,0.0760413899616902,0.0835573047404735,0.0685261753220256,0,
0.897047086991221,,,,,,0.0758216490279876
0.8984,0.0763597476706089,0.0763597726201754,0.0838763692065908,0.0688438824248616,0,
0.897845171588188,,,,,,0.0761388270500757
0.8992,0.0766787723500065,0.076678796144292,0.0841960757946148,0.0691622290843736,0,
0.898643256185156,,,,,,0.0764566428873882
0.9,0.076998437848678,0.0769984605184734,0.0845164244838972,0.0694812152801419,0,
0.899441340782123,,,,,,0.0767750965240049
0.9008,0.0773187441464308,0.0773187657278286,0.0848374152541222,0.0698008409920936,0,
0.90023942537909,,,,,,0.0770941879446743
0.9016,0.0776396912234032,0.0776397117581418,0.0851590480852963,0.070121106200494,0,
0.901037509976057,,,,,,0.0774139171348142
0.9024,0.0779612790600547,0.0779612985958733,0.0854813229577404,0.0704420108859367,0,
0.901835594573025,,,,,,0.0777342840805117
0.9032,0.0782835076371573,0.0782835262281586,0.0858042398520796,0.0707635550293357,0,
0.902633679169992,,,,,,0.078055288768523
0.904,0.0786063769357862,0.078606394642809,0.0861277987492347,0.0710857386119157,0,
0.903431763766959,,,,,,0.0783769311862733
0.9048,0.0789298869373112,0.0789299038283112,0.0864519996304128,0.0714085616152032,0,
0.904229848363927,,,,,,0.0786992113218571
0.9056,0.0792540376233867,0.0792540537738276,0.0867768424770978,0.0717320240210179,0,
0.905027932960894,,,,,,0.0790221291640381
0.9064,0.0795788289759436,0.0795788444691962,0.0871023272720308,0.0720561258114632,0,
0.905826017557861,,,,,,0.0793456847022489
0.9072,0.0799042609771796,0.0799042759049304,0.0874284540100005,0.0723808669689175,0,
0.906624102154828,,,,,,0.0796698779265916
0.908,0.0802303336214061,0.0802303480722195,0.0877552226913297,0.0727062474760254,0,
0.907422186751796,,,,,,0.0799947088278372
0.9088,0.0805570469131311,0.080557060962928,0.0880826332780418,0.0730322673265549,0,
0.908220271348763,,,,,,0.080320177397426
0.9096,0.0808844008128231,0.0808844145695963,0.0884106857542629,0.0733589265245367,0,
0.90901835594573,,,,,,0.0806462836274673
0.9104,0.0812123953050344,0.0812124086795498,0.0887393801044327,0.0736862250346245,0,
0.909816440542698,,,,,,0.0809730275107397
0.9112,0.0815410303746296,0.0815410429592019,0.0890687163132989,0.0740141628398155,0,
0.910614525139665,,,,,,0.0813004087591123
0.912,0.08187030600678,0.08187031766662,0.0893986943659099,0.0743427399254011,0,
0.911412609736632,,,,,,0.0816284270253196
0.9128,0.082200222186956,0.0822002329200681,0.0897293142476086,0.074671956276977,0,
0.912210694333599,,,,,,0.081957082787956
0.9136,0.0825307789009214,0.0825307887056862,0.0900605759440259,0.0750018118804371,0,
0.913008778930567,,,,,,0.0822863760329615
0.9144,0.0828619761347267,0.0828619850100252,0.0903924794410738,0.0753323067219675,0,
0.913806863527534,,,,,,0.0826163067466827
0.9152,0.0831938138747028,0.0831938218200469,0.0907250247249393,0.0756634407880395,0,
0.914604948124501,,,,,,0.0829468749158734
0.916,0.0835262921074539,0.0835262991231238,0.0910582117820773,0.0759952140654036,0,
0.915403032721469,,,,,,0.083278080527694
0.9168,0.0838594108198518,0.0838594169070394,0.0913920405992048,0.0763276265410828,0,
0.916201117318436,,,,,,0.0836099235697124
0.9176,0.0841931699990289,0.0841931751599882,0.0917265111632937,0.0766606782023664,0,
0.916999201915403,,,,,,0.083942404029903
0.9184,0.084527569632372,0.0845275738705752,0.0920616234615644,0.0769943690368034,0,
0.91779728651237,,,,,,0.0842755218966474
0.9192,0.0848626097075157,0.0848626130278167,0.0923973774814795,0.0773286990321961,0,
0.918595371109338,,,,,,0.0846092771587341
0.92,0.0851982902123357,0.0851982926211394,0.092733773210737,0.077663668176594,0,
0.919393455706305,,,,,,0.0849436698053584
0.9208,0.0855346111349428,0.0855346126403812,0.0930708106372638,0.077999276458287,0,
0.920191540303272,,,,,,0.0852786998261228
0.9216,0.085871572463676,0.0858715730757909,0.0934084897492093,0.0783355238657991,0,
0.920989624900239,,,,,,0.0856143672110367
0.9224,0.0862091741870962,0.0862091739180277,0.0937468105349386,0.0786724103878818,0,
0.921787709497207,,,,,,0.0859506719505164
0.9232,0.0865474162939798,0.0865474151581623,0.0940857729830263,0.0790099360135085,0,
0.922585794094174,,,,,,0.0862876140353852
0.924,0.0868862987733119,0.0868862967876759,0.0944253770822495,0.0793481007318668,0,
0.923383878691141,,,,,,0.0866251934568732
0.9248,0.08722582161428,0.0872258187984605,0.0947656228215815,0.079686904532353,0,
0.924181963288109,,,,,,0.0869634102066176
0.9256,0.0875659848062679,0.0875659811828193,0.0951065101901854,0.0800263474045656,0,
0.924980047885076,,,,,,0.0873022642766627
0.9264,0.0879067883388484,0.0879067839334658,0.0954480391774073,0.0803664293382984,0,
0.925778132482043,,,,,,0.0876417556594595
0.9272,0.0882482322017775,0.0882482270435251,0.0957902097727698,0.0807071503235348,0,
0.92657621707901,,,,,,0.087981884347866
0.928,0.0885903163849877,0.0885903105065326,0.0961330219659657,0.0810485103504405,0,
0.927374301675978,,,,,,0.0883226503351474
0.9288,0.0889330408785815,0.0889330342363852,0.096476475746851,0.081390509409358,0,
0.928172386272945,,,,,,0.0886640536149755
0.9296,0.0892764056728248,0.089276398131727,0.0968205711054387,0.0817331474907994,0,
0.928970470869912,,,,,,0.0890060940796369
0.9304,0.0896204107581405,0.0896204022854353,0.0971653080318921,0.0820764245854405,0,
0.92976855546688,,,,,,0.0893487716304611
0.9312,0.0899650561251024,0.0899650467221413,0.0975106865165184,0.0824203406841142,0,
0.930566640063847,,,,,,0.0896920864117733
0.932,0.090310341764428,0.0903103314342365,0.097856706549762,0.0827648957778042,0,
0.931364724660814,,,,,,0.0900360384157652
0.9328,0.0906562676669725,0.0906562564144368,0.0982033681228064,0.0831100898576383,0,
0.932162809257781,,,,,,0.0903806276349502
0.9336,0.0910028338237223,0.0910028216557827,0.0985506712298696,0.0834559229148821,0,
0.932960893854749,,,,,,0.0907258540621629
0.9344,0.0913500402298435,0.0913500271516389,0.0988986158615968,0.0838023949409327,0,
0.933758978451716,,,,,,0.0910717176905592
0.9352,0.0916978868769305,0.091697872895695,0.0992472020062698,0.0841495059307594,0,
0.934557063048683,,,,,,0.0914182185136166
0.936,0.0920463737531912,0.0920463588819648,0.0995964296550279,0.0844972558769044,0,
0.93535514764565,,,,,,0.091765356525134
0.9368,0.0923955008501769,0.0923954851047867,0.0999462987991131,0.0848456447685249,0,
0.936153232242618,,,,,,0.0921131317192315
0.9376,0.0927452681595426,0.0927452515588235,0.100296809429864,0.0851946725970983,0,
0.936951316839585,,,,,,0.0924615440903509
0.9384,0.0930956756730401,0.0930956582390625,0.100647961538709,0.0855443393546916,0,
0.937749401436552,,,,,,0.0928105936332551
0.9392,0.0934467233825124,0.0934467051408156,0.100999755117161,0.0858946450334696,0,
0.93854748603352,,,,,,0.0931602803430286
0.94,0.0937984112798867,0.0937983922597192,0.101352190156808,0.0862455896256886,0,
0.939345570630487,,,,,,0.0935106042150773
0.9408,0.0941507393571683,0.0941507195917339,0.101705266649311,0.08659717312369,0,
0.940143655227454,,,,,,0.0938615652451284
0.9416,0.0945037076064339,0.0945036871331451,0.102058984586393,0.0869493955198942,0,
0.940941739824421,,,,,,0.0942131634292304
0.9424,0.0948573160198259,0.0948572948805627,0.102413343959837,0.0873022568067942,0,
0.941739824421389,,,,,,0.0945653987637536
0.9432,0.0952115645895451,0.0952115428309207,0.102768344761475,0.0876557569769491,0,
0.942537909018356,,,,,,0.0949182712453893
0.944,0.0955664533078453,0.0955664309814781,0.103123986983186,0.088009896022978,0,
0.943335993615323,,,,,,0.0952717808711504
0.9448,0.0959219821670258,0.095921959329818,0.103480270616886,0.0883646739375536,0,
0.94413407821229,,,,,,0.0956259276383711
0.9456,0.0962781511594262,0.0962781278738481,0.103837195654523,0.0887200907133959,0,
0.944932162809258,,,,,,0.0959807115447072
0.9464,0.0966349602774191,0.0966349366118008,0.104194762088073,0.089076146343266,0,
0.945730247406225,,,,,,0.0963361325881356
0.9472,0.0969924095134042,0.096992385388039,0.104552969909526,0.0894328408199593,0,
0.946528332003192,,,,,,0.0966921907669549
0.948,0.0973504988598018,0.0973504740680321,0.10491181911089,0.0897901741362998,0,
0.94732641660016,,,,,,0.09704888589657
0.9488,0.0977092283090464,0.0977092028268332,0.105271309684176,0.0901481462851336,0,
0.948124501197127,,,,,,0.0974062178532786
0.9496,0.09806859785358,0.0980685716962432,0.105631441621396,0.0905067572593221,0,
0.948922585794094,,,,,,0.0977641868674026
0.9504,0.0984286074858466,0.0984285806708605,0.105992214914555,0.0908660070517364,0,
0.949720670391061,,,,,,0.0981227929334259
0.9512,0.0987892571982848,0.0987892297454665,0.106353629555644,0.0912258956552507,0,
0.950518754988029,,,,,,0.0984820360460136
0.952,0.0991505469833221,0.0991505189150253,0.106715685536636,0.0915864230627356,0,
0.951316839584996,,,,,,0.0988419162000119
0.9528,0.0995124768333681,0.099512448174684,0.107078382849478,0.0919475892670523,0,
0.952114924181963,,,,,,0.0992024333904481
0.9536,0.0998750467408085,0.0998750175197724,0.107441721486082,0.0923093942610461,0,
0.952913008778931,,,,,,0.0995635876125308
0.9544,0.100238256697998,0.100238226945803,0.107805701438324,0.0926718380375402,0,
0.953711093375898,,,,,,0.0999253788616497
0.9552,0.100602106697256,0.100602076448473,0.108170322698034,0.0930349205893289,0,
0.954509177972865,,,,,,0.100287807133375
0.956,0.100966596730856,0.100966566023659,0.108535585256988,0.0933986419091721,0,
0.955307262569832,,,,,,0.10065087242346
0.9568,0.101331726791025,0.101331695667424,0.108901489106907,0.0937630019897881,0,
0.9561053471668,,,,,,0.101014574727837
0.9576,0.101697496869931,0.101697465376011,0.109268034239444,0.0941280008238476,0,
0.956903431763767,,,,,,0.10137891404262
0.9584,0.102063906959682,0.102063875145849,0.109635220646185,0.0944936384039682,0,
0.957701516360734,,,,,,0.101743890364104
0.9592,0.102430957052316,0.102430924973546,0.110003048393576,0.0948599147227065,0,
0.958499600957701,,,,,,0.102109503688766
0.96,0.102798647139795,0.102798614855897,0.110371517705504,0.0952268297725531,0,
0.959297685554669,,,,,,0.102475754013265
0.9608,0.103166977560995,0.103166944789877,0.11074062840511,0.0955943835459257,0,
0.960095770151636,,,,,,0.102842641334438
0.9616,0.103535948119763,0.103535914772645,0.111110380411687,0.0959625763072139,0,
0.960893854748603,,,,,,0.103210165649305
0.9624,0.103905558714758,0.103905524801542,0.111480773720964,0.0963314079752529,0,
0.961691939345571,,,,,,0.103578326955069
0.9632,0.104275809342111,0.104275774874094,0.111851808328739,0.0967008784294102,0,
0.962490023942538,,,,,,0.10394712524911
0.964,0.10464669999802,0.104646664988007,0.112223484230868,0.0970709876451814,0,
0.963288108539505,,,,,,0.104316560528993
0.9648,0.105018230678747,0.105018195141172,0.11259580142327,0.0974417356191662,0,
0.964086193136472,,,,,,0.104686632792461
0.9656,0.105390401380613,0.105390365300739,0.112968759901918,0.0978131223480284,0,
0.96488427773344,,,,,,0.105057342037442
0.9664,0.105763212099996,0.105763175445727,0.113342359662836,0.0981851478284922,0,
0.965682362330407,,,,,,0.105428688227559
0.9672,0.106136662833327,0.10613662560581,0.113716600702101,0.0985578120573393,0,
0.966480446927374,,,,,,0.10580067134385
0.968,0.106510753577086,0.106510715782188,0.114091483015831,0.0989311150314053,0,
0.967278531524342,,,,,,0.106173291421445
0.9688,0.1068854843278,0.106885445972268,0.114467006600187,0.0993050567475762,0,
0.968076616121309,,,,,,0.106546548457665
0.9696,0.10726085508204,0.107260816173574,0.11484317145137,0.0996796372027853,0,
0.968874700718276,,,,,,0.106920442449945
0.9704,0.107636865836413,0.107636826383746,0.115219977565616,0.100054856394009,0,
0.969672785315243,,,,,,0.107294973395839
0.9712,0.108013516587567,0.10801347660054,0.11559742493919,0.100430714318266,0,
0.970470869912211,,,,,,0.107670141293015
0.972,0.108390807332177,0.108390766821823,0.115975513568388,0.10080721097261,0,
0.971268954509178,,,,,,0.108045946139255
0.9728,0.108768738066952,0.108768697045578,0.116354243449528,0.101184346354128,0,
0.972067039106145,,,,,,0.108422387932452
0.9736,0.109147308788625,0.109147267269897,0.116733614578953,0.10156212045994,0,
0.972865123703113,,,,,,0.108799466670612
0.9744,0.10952651949395,0.10952647749298,0.117113626953021,0.10194053328719,0,
0.97366320830008,,,,,,0.109177182351851
0.9752,0.109906370179703,0.109906327713139,0.117494280568105,0.102319584833047,0,
0.974461292897047,,,,,,0.109555534974392
0.976,0.110286860842672,0.11028681792879,0.117875575420588,0.102699275094699,0,
0.975259377494014,,,,,,0.109934524536565
0.9768,0.110667991479661,0.110667948138455,0.118257511506863,0.103079604069353,0,
0.976057462090982,,,,,,0.110314151036807
0.9776,0.111049762087479,0.111049718340762,0.118640088823325,0.103460571754228,0,
0.976855546687949,,,,,,0.11069441447366
0.9784,0.111432172662944,0.111432128534441,0.11902330736637,0.103842178146551,0,
0.977653631284916,,,,,,0.111075314845768
0.9792,0.111815223202873,0.111815178718323,0.119407167132392,0.10422442324356,0,
0.978451715881884,,,,,,0.111456852151877
0.98,0.112198913704083,0.11219886889134,0.119791668117777,0.104607307042492,0,
0.979249800478851,,,,,,0.111839026390834
0.9808,0.112583244163386,0.112583199052523,0.120176810318903,0.104990829540586,0,
0.980047885075818,,,,,,0.112221837561585
0.9816,0.112968214577585,0.112968169201001,0.120562593732135,0.105374990735077,0,
0.980845969672785,,,,,,0.112605285663175
0.9824,0.113353824943473,0.113353779335999,0.120949018353819,0.105759790623194,0,
0.981644054269753,,,,,,0.112989370694744
0.9832,0.113740075257825,0.113740029456837,0.121336084180283,0.106145229202154,0,
0.98244213886672,,,,,,0.113374092655529
0.984,0.1141269655174,0.11412691951652,0.121723791207832,0.106531306469163,0,
0.983240223463687,,,,,,0.113759451544859
0.9848,0.114514495718935,0.114514449496987,0.1221121394328,0.106918022421406,0,
0.984038308060654,,,,,,0.114145447313411
0.9856,0.11490266585914,0.114902619439838,0.122501128913065,0.107305377056052,0,
0.984836392657622,,,,,,0.114532079944987
0.9864,0.115291475934903,0.115291429345238,0.122890759748891,0.107693370370242,0,
0.985634477254589,,,,,,0.11491934948392
0.9872,0.115680926161487,0.115680879211128,0.123281031799707,0.108082002361242,0,
0.986432561851556,,,,,,0.115307255928163
0.988,0.116071016345044,0.116070969035454,0.123671945063525,0.108471273183325,0,
0.987230646448524,,,,,,0.115695799275673
0.9888,0.116461746483996,0.116461698816157,0.124063499538376,0.108861182757641,0,
0.988028731045491,,,,,,0.116084979524408
0.9896,0.116853116576786,0.116853068551177,0.124455695222312,0.109251731029333,0,
0.988826815642458,,,,,,0.116474796672327
0.9904,0.117245126621879,0.117245078238444,0.124848532113403,0.109642917997257,0,
0.989624900239425,,,,,,0.116865250717382
0.9912,0.117637776617757,0.117637727875878,0.125242010209732,0.110034743660288,0,
0.990422984836393,,,,,,0.117256341657519
0.992,0.118031066562921,0.118031017461387,0.125636129509396,0.110427208017324,0,
0.99122106943336,,,,,,0.117648069490673
0.9928,0.118424996455882,0.118424946992861,0.126030890010502,0.110820311067275,0,
0.992019154030327,,,,,,0.118040434214765
0.9936,0.118819566295163,0.118819516468169,0.126426291711162,0.11121405280907,0,
0.992817238627295,,,,,,0.1184334358277
0.9944,0.119214776079296,0.11921472588516,0.126822334609497,0.111608433241648,0,
0.993615323224262,,,,,,0.118827074327363
0.9952,0.11961062580682,0.119610575241655,0.127219018703629,0.112003452363957,0,
0.994413407821229,,,,,,0.119221349711615
0.996,0.120007115476278,0.120007064535447,0.127616343991679,0.112399110174955,0,
0.995211492418196,,,,,,0.119616261978295
0.9968,0.120404245086212,0.120404193764298,0.128014310471769,0.112795406673601,0,
0.996009577015164,,,,,,0.12001181112521
0.9976,0.120802014635165,0.120801962925932,0.128412918142013,0.113192341858861,0,
0.996807661612131,,,,,,0.120407997150137
0.9984,0.121200424121678,0.121200372018037,0.128812167000521,0.113589915729698,0,
0.997605746209098,,,,,,0.120804820050817
0.9992,0.121599473544284,0.121599421038261,0.129212057045393,0.113988128285075,0,
0.998403830806065,,,,,,0.121202279824953
1,0.121999162901509,0.121999109984205,0.129612588274716,0.114386979523949,0,
0.999201915403033,,,,,,0.121600376470209
1.0008,0.122399492191868,0.122399440381898,0.130013760686564,0.114786469445272,0,
1,,,,,,0.121999109984205
1.00079808459697,,,,,,0.122398480364512
1.0016,0.122800461413864,0.122800410700679,0.130415574278994,0.115186598047984,0,
1.00159616919393,,,,,,0.122798487608653
1.0024,0.123202070565984,0.123202021004737,0.130818029050044,0.115587365331016,0,
1.0023942537909,,,,,,0.123199131780755
1.0032,0.123604319646698,0.123604271302179,0.131221124997732,0.115988771293285,0,
1.00319233838787,,,,,,0.123600412889475
1.004,0.124007208654456,0.124007161537838,0.131624862120049,0.116390815933689,0,
1.00399042298484,,,,,,0.124002330879391
1.0048,0.124410737587684,0.124410691711219,0.132029240414964,0.11679349925111,0,
1.0047885075818,,,,,,0.124404885750006
1.0056,0.124814906444786,0.124814861821864,0.132434259880415,0.117196821244408,0,
1.00558659217877,,,,,,0.124808077500868
1.0064,0.125219715224136,0.125219671869356,0.132839920514307,0.11760078191242,0,
1.00638467677574,,,,,,0.125211906131561
1.0072,0.12562516392408,0.125625121853318,0.133246222314516,0.118005381253957,0,
1.00718276137271,,,,,,0.12561637164171
1.008,0.126031252542932,0.126031211773411,0.133653165278879,0.118410619267801,0,
1.00798084596967,,,,,,0.126021474030977
1.0088,0.12643798107897,0.126437941629331,0.134060749405196,0.118816495952704,0,
1.00877893056664,,,,,,0.12642721329906
1.0096,0.126845349530439,0.126845311420813,0.134468974691225,0.119223011307386,0,
1.00957701516361,,,,,,0.126833589445694
1.0104,0.12725335789554,0.127253321147626,0.134877841134683,0.11963016533053,0,
1.01037509976057,,,,,,0.12724060247065
1.0112,0.127662006172437,0.127661970809575,0.135287348750807,0.120037958020783,0,
1.01117318435754,,,,,,0.127648252373732
1.012,0.128071294359245,0.128071260406497,0.13569749761748,0.120446389376752,0,
1.01197126895451,,,,,,0.128056539154777
1.0128,0.128481222505131,0.128481189938264,0.136108287766595,0.120855459396999,0,
1.01276935355148,,,,,,0.128465462813657
1.0136,0.128891790742689,0.128891759404777,0.136519719093989,0.121265168113569,0,
1.01356743814844,,,,,,0.128875023350274
1.0144,0.129302998913923,0.129302968805973,0.136931791599027,0.121675515630341,0,
1.01436552274541,,,,,,0.129285220764562
1.0152,0.129714847018621,0.129714818141815,0.137344505281082,0.122086501890017,0,
1.01516360734238,,,,,,0.129696055056483
1.016,0.130127335056575,0.130127307412297,0.137757860139532,0.122498126838555,0,
1.01596169193935,,,,,,0.130107526226032
1.0168,0.130540463027588,0.130540436617442,0.138171856173759,0.122910390476169,0,
1.01675977653631,,,,,,0.130519634273228
1.0176,0.130954230931465,0.130954205757302,0.138586493383145,0.123323292803081,0,
1.01755786113328,,,,,,0.130932379198121
1.0184,0.131368638768013,0.131368614831952,0.139001771767077,0.123736833819521,0,
1.01835594573025,,,,,,0.131345761000786
1.0192,0.131783686537044,0.131783663841497,0.139417691324939,0.124151013525719,0,
1.01915403032721,,,,,,0.131759779681325
1.02,0.132199374238368,0.132199352784544,0.139834252056112,0.124565831921912,0,
1.01995211492418,,,,,,0.132174435239864
1.0208,0.132615701871795,0.132615681637233,0.140251453959976,0.124981289008335,0,
1.02075019952115,,,,,,0.132589727651196
1.0216,0.13303266943713,0.133032650400027,0.140669297035903,0.125397384785223,0,
1.02154828411812,,,,,,0.133005656914609
1.0224,0.133450276934179,0.133450259089337,0.141087781283262,0.125814119252812,0,
1.02234636871508,,,,,,0.133422223047602
1.0232,0.133868524362737,0.133868507704587,0.14150690670141,0.126231492411333,0,
1.02314445331205,,,,,,0.133839426049605
1.024,0.134287411722595,0.134287396245188,0.141926673289698,0.126649504261012,0,
1.02394253790902,,,,,,0.134257265920034
1.0248,0.134706939013535,0.13470692471053,0.142347081047465,0.12706815480207,0,
1.02474062250599,,,,,,0.134675742658285
1.0256,0.13512710623533,0.135127093099983,0.142768129974037,0.12748744403472,0,
1.02553870710295,,,,,,0.135094856263733
1.0264,0.13554791338774,0.135547901412896,0.143189820068726,0.127907371959168,0,
1.02633679169992,,,,,,0.135514606735735
1.0272,0.135969360470514,0.135969349648594,0.143612151330831,0.128327938575606,0,
1.02713487629689,,,,,,0.135934994073623
1.028,0.136391447483385,0.136391437806377,0.144035123759631,0.128749143884218,0,
1.02793296089385,,,,,,0.136356018276703
1.0288,0.136814174426071,0.136814165885519,0.14445873735439,0.129170987885173,0,
1.02873104549082,,,,,,0.136777679344256
1.0296,0.137237541298274,0.137237533885263,0.144882992114349,0.129593470578625,0,
1.02952913008779,,,,,,0.137199977275536
1.0304,0.137661548099675,0.137661541804825,0.14530788803873,0.130016591964713,0,
1.03032721468476,,,,,,0.137622912069764
1.0312,0.138086194829938,0.138086189643388,0.145733425126732,0.130440352043559,0,
1.03112529928172,,,,,,0.138046483726134
1.032,0.138511481488703,0.138511477400102,0.146159603377529,0.130864750815265,0,
1.03192338387869,,,,,,0.138470692243805
1.0328,0.138937408075589,0.138937405074081,0.146586422790272,0.131289788279912,0,
1.03272146847566,,,,,,0.1388955376219
1.0336,0.139363974590188,0.139363972664403,0.147013883364081,0.131715464437561,0,
1.03351955307263,,,,,,0.139321019859509
1.0344,0.139791181032068,0.139791180170109,0.147441985098052,0.132141779288247,0,
1.03431763766959,,,,,,0.139747138955682
1.0352,0.140219027400771,0.140219027590198,0.147870727991246,0.132568732831984,0,
1.03511572226656,,,,,,0.140173894909431
1.036,0.140647513695806,0.140647514923629,0.148300112042697,0.132996325068758,0,
1.03591380686353,,,,,,0.140601287719726
1.0368,0.141076639916656,0.141076642169316,0.148730137251403,0.133424555998525,0,
1.03671189146049,,,,,,0.141029317385494
1.0376,0.141506406062771,0.141506409326131,0.149160803639171,0.133853425621217,0,
1.03750997605746,,,,,,0.14145798390562
1.0384,0.141936812133566,0.141936816400806,0.14959211124643,0.134282933936731,0,
1.03830806065443,,,,,,0.141887287278941
1.0392,0.142367858184445,0.142367863452525,0.15002406005934,0.134713080944934,0,
1.0391061452514,,,,,,0.142317227572904
1.04,0.142799544234537,0.142799550470142,0.150456650041939,0.13514386667884,0,
1.03990422984836,,,,,,0.142747804780564
1.0408,0.143231870223657,0.143231877416983,0.15088988119408,0.135575291172552,0,
1.04070231444533,,,,,,0.143179018860383
1.0416,0.143664836152093,0.143664844293695,0.151323753515608,0.136007354398854,0,
1.0415003990423,,,,,,0.143610869812999
1.0424,0.144098442020128,0.144098451100963,0.151758267006361,0.13644005633381,0,
1.04229848363927,,,,,,0.144043357639088
1.0432,0.144532687828039,0.144532697839517,0.15219342166617,0.136873396978141,0,
1.04309656823623,,,,,,0.144476482339367
1.044,0.144967573576094,0.144967584510128,0.152629217494853,0.137307376332559,0,
1.0438946528332,,,,,,0.144910243914598
1.0448,0.145403099264553,0.145403111113608,0.15306565449222,0.137741994397772,0,
1.04469273743017,,,,,,0.145344642365581
1.0456,0.145839264893666,0.145839277650813,0.153502732658069,0.138177251174478,0,
1.04549082202713,,,,,,0.14577967769316
1.0464,0.146276070463673,0.146276084122643,0.153940451992184,0.138613146663367,0,
1.0462889066241,,,,,,0.146215349898223
1.0472,0.1467135159748,0.146713530530039,0.154378812494339,0.139049680865119,0,
1.04708699122107,,,,,,0.146651658981698
1.048,0.147151601427263,0.147151616873988,0.154817814164289,0.139486853780404,0,
1.04788507581804,,,,,,0.147088604944558
1.0488,0.147590326821265,0.14759034315552,0.155257457001778,0.139924665409879,0,
1.048683160415,,,,,,0.14752618778782
1.0496,0.148029692156991,0.148029709375709,0.155697741006531,0.140363115754189,0,
1.04948124501197,,,,,,0.147964407512545
1.0504,0.148469697434614,0.148469715535676,0.156138666178256,0.140802204813966,0,
1.05027932960894,,,,,,0.148403264119835
1.0512,0.14891034265429,0.148910361636583,0.156580232516645,0.141241932589827,0,
1.05107741420591,,,,,,0.148842757610842
1.052,0.149351627816156,0.149351647679641,0.157022440021367,0.141682299082373,0,
1.05187549880287,,,,,,0.149282887986759
1.0528,0.149793552920332,0.149793573666106,0.157465288692074,0.142123304292189,0,
1.05267358339984,,,,,,0.149723655248825
1.0536,0.150236117966921,0.150236139597279,0.157908778528396,0.142564948219844,0,
1.05347166799681,,,,,,0.150165059398326
1.0544,0.150679322956001,0.150679345474508,0.15835290952994,0.143007230865886,0,
1.05426975259377,,,,,,0.150607100436592
1.0552,0.151123167887632,0.151123191299189,0.158797681696292,0.143450152230847,0,
1.05506783719074,,,,,,0.151049778365001
1.056,0.151567652761853,0.151567677072764,0.159243095027013,0.143893712315237,0,
1.05586592178771,,,,,,0.151493093184977
1.0568,0.152012777578677,0.152012802796721,0.159689149521638,0.144337911119544,0,
1.05666400638468,,,,,,0.151937044897991
1.0576,0.152458542338095,0.152458568472598,0.160135845179678,0.144782748644237,0,
1.05746209098164,,,,,,0.152381633505561
1.0584,0.152904947040073,0.152904974101981,0.160583182000615,0.145228224889759,0,
1.05826017557861,,,,,,0.152826859009252
1.0592,0.153351991684552,0.153352019686504,0.161031159983906,0.145674339856531,0,
1.05905826017558,,,,,,0.153272721410678
1.06,0.153799676271443,0.153799705227849,0.161479779128977,0.146121093544948,0,
1.05985634477255,,,,,,0.153719220711501
1.0608,0.154248000800633,0.154248030727747,0.161929039435226,0.14656848595538,0,
1.06065442936951,,,,,,0.154166356913432
1.0616,0.154696965271978,0.154696996187981,0.162378940902019,0.14701651708817,0,
1.06145251396648,,,,,,0.154614130018231
1.0624,0.155146569685306,0.155146601610382,0.162829483528691,0.147465186943634,0,
1.06225059856345,,,,,,0.155062540027705
1.0632,0.155596814040413,0.15559684699683,0.163280667314543,0.147914495522059,0,
1.06304868316041,,,,,,0.155511586943714
1.064,0.156047698337064,0.156047732349257,0.163732492287522,0.148364442823701,0,
1.06384676775738,,,,,,0.155961270768166
1.0648,0.156499222574992,0.156499257669647,0.164184958467532,0.148815028848787,0,
1.06464485235435,,,,,,0.156411591503019
1.0656,0.1569513868148,0.156951422960032,0.164638065829069,0.149266253597513,0,
1.06544293695132,,,,,,0.156862549150283
1.0664,0.157404191031215,0.157404228222499,0.165091814358873,0.14971811710227,0,
1.06624102154828,,,,,,0.157314143712018
1.0672,0.157857635199726,0.157857673459183,0.165546204056819,0.150170619378483,0,
1.06703910614525,,,,,,0.157766375190335
1.068,0.158311719320661,0.158311758672275,0.16600123492277,0.150623760401872,0,
1.06783719074222,,,,,,0.158219243587398
1.0688,0.158766443394336,0.158766483864016,0.166456906956574,0.151077540161514,0,
1.06863527533919,,,,,,0.158672748905422
1.0696,0.159221807421052,0.159221849036701,0.166913220158067,0.151531958658178,0,
1.06943335993615,,,,,,0.159126891146673
1.0704,0.1596778114011,0.159677854192677,0.167370174527067,0.151987015892619,0,
1.07023144453312,,,,,,0.159581670313472
1.0712,0.160134455334753,0.160134499334347,0.167827770063379,0.152442711865578,0,
1.07102952913009,,,,,,0.160037086408192
1.072,0.16059173922227,0.160591784464164,0.16828600676679,0.152899046577786,0,
1.07182761372706,,,,,,0.160493139433259
1.0728,0.161049663063898,0.161049709584639,0.168744884637072,0.153356020029956,0,
1.07262569832402,,,,,,0.160949829391153
1.0736,0.161508226859863,0.161508274698336,0.169204403673979,0.153813632222789,0,
1.07342378292099,,,,,,0.161407156284407
1.0744,0.161967430610378,0.161967479807873,0.169664563877245,0.154271883156971,0,
1.07422186751796,,,,,,0.161865120115609
1.0752,0.162427274315639,0.162427324825179,0.17012536524659,0.15473077283317,0,
1.07501995211492,,,,,,0.162323720887402
1.076,0.162887757975821,0.162887809475042,0.170586807781711,0.155190301252039,0,
1.07581803671189,,,,,,0.162782958200243
1.0768,0.163348881591083,0.163348933923902,0.171048891482287,0.155650468414214,0,
1.07661612130886,,,,,,0.16324283221252
1.0776,0.163810645161566,0.163810698317649,0.171511616347976,0.156111274320314,0,
1.07741420590583,,,,,,0.163703343112617
1.0784,0.164273048687391,0.164273102656304,0.171974982378416,0.156572718970939,0,
1.07821229050279,,,,,,0.164164490900557
1.0792,0.164736092168656,0.164736146939883,0.172438989573224,0.15703480236667,0,
1.07901037509976,,,,,,0.164626275576356
1.08,0.165199775605442,0.165199831168394,0.172903637931992,0.15749752450807,0,
1.07980845969673,,,,,,0.165088697140024
1.0808,0.165664098997809,0.165664155341839,0.173368927454293,0.157960885395682,0,
1.0806065442937,,,,,,0.165551755591565
1.0816,0.166129062345791,0.166129119460214,0.173834858139676,0.158424885030028,0,
1.08140462889066,,,,,,0.166015450930977
1.0824,0.166594665649404,0.166594723523508,0.174301429987663,0.158889523411607,0,
1.08220271348763,,,,,,0.16647978315825
1.0832,0.167060908908639,0.167060967531704,0.174768642997757,0.159354800540902,0,
1.0830007980846,,,,,,0.16694475227337
1.084,0.167527792123463,0.16752785148478,0.175236497169431,0.159820716418367,0,
1.08379888268156,,,,,,0.167410358276313
1.0848,0.167995315293821,0.167995375382704,0.175704992502136,0.160287271044438,0,
1.08459696727853,,,,,,0.167876601167053
1.0856,0.168463478419631,0.168463539225441,0.176174128995295,0.160754464419527,0,
1.0853950518755,,,,,,0.168343480945555
1.0864,0.168932281500786,0.168932343012948,0.176643906648304,0.16122229654402,0,
1.08619313647247,,,,,,0.168810997611778
1.0872,0.169401724537155,0.169401786745176,0.177114325460533,0.161690767418281,0,
1.08699122106943,,,,,,0.169279151165675
1.088,0.169871807528578,0.16987187042207,0.177585385431324,0.162159877042646,0,
1.0877893056664,,,,,,0.169747941607193
1.0888,0.17034253047487,0.170342594043567,0.178057086559989,0.162629625417429,0,
1.08858739026337,,,,,,0.170217368936272
1.0896,0.170813893375817,0.170813957609599,0.178529428845813,0.163100012542914,0,
1.08938547486034,,,,,,0.170687433152845
1.0904,0.171285896231176,0.171285961120091,0.179002412327974,0.163571038419362,0,
1.0901835594573,,,,,,0.17115813425684
1.0912,0.171758539040678,0.171758604574962,0.179476037009226,0.164042703047004,0,
1.09098164405427,,,,,,0.171629472248178
1.092,0.172231821878901,0.172231887974125,0.179950302858457,0.164515006426042,0,
1.09177972865124,,,,,,0.172101447126774
1.0928,0.172705744686262,0.172705811317485,0.180425209872985,0.164987948591605,0,
1.0925778132482,,,,,,0.172574058892537
1.0936,0.173180307457679,0.173180374604943,0.18090075805263,0.165461529555937,0,
1.09337589784517,,,,,,0.173047307545368
1.0944,0.173655510193433,0.17365557783639,0.181376947397201,0.165935749285485,0,
1.09417398244214,,,,,,0.173521193085163
1.0952,0.174131352893795,0.174131421011714,0.181853777906496,0.166410607778127,0,
1.09497206703911,,,,,,0.173995715511811
1.096,0.174607835559028,0.174607904130796,0.182331249580303,0.166886105034597,0,
1.09577015163607,,,,,,0.174470874825196
1.0968,0.175084958189386,0.175085027193508,0.182809362418402,0.167362241055622,0,
1.09656823623304,,,,,,0.174946671025194
1.0976,0.17556272078511,0.17556279019972,0.183288116420558,0.167839015841919,0,
1.09736632083001,,,,,,0.175423104111675
1.0984,0.176041123346435,0.17604119314929,0.183767511586529,0.168316429394193,0,
1.09816440542698,,,,,,0.175900174084504
1.0992,0.17652016587358,0.176520236042076,0.184247547916059,0.168794481713143,0,
1.09896249002394,,,,,,0.176377880943537
1.1,0.17699984836676,0.176999918877923,0.184728225408882,0.169273172799457,0,
1.09976057462091,,,,,,0.176856224688626
1.1008,0.177480170826173,0.177480241656675,0.185209544064719,0.169752502653811,0,
1.10055865921788,,,,,,0.177335205319616
1.1016,0.177961133252009,0.177961204378167,0.185691503883281,0.170232471276874,0,
1.10135674381484,,,,,,0.177814822836346
1.1024,0.178442735644446,0.178442807042228,0.186174104864265,0.1707130786693,0,
1.10215482841181,,,,,,0.178295077238647
1.1032,0.17892497800365,0.17892504964868,0.186657347007355,0.171194324831736,0,
1.10295291300878,,,,,,0.178775968526345
1.104,0.179407860329776,0.179407932197339,0.187141230312224,0.171676209764815,0,
1.10375099760575,,,,,,0.17925749669926
1.1048,0.179891382622964,0.179891454688016,0.187625754778531,0.172158733469161,0,
1.10454908220271,,,,,,0.179739661757205
1.1056,0.180375544883344,0.180375617120513,0.188110920405921,0.172641895945384,0,
1.10534716679968,,,,,,0.180222463699987
1.1064,0.180860347111033,0.180860419494628,0.188596727194026,0.173125697194084,0,
1.10614525139665,,,,,,0.180705902527406
1.1072,0.181345789306135,0.181345861810151,0.189083175142466,0.173610137215847,0,
1.10694333599362,,,,,,0.181189978239255
1.108,0.181831871468739,0.181831944066866,0.189570264250843,0.174095216011247,0,
1.10774142059058,,,,,,0.181674690835323
1.1088,0.182318593598922,0.18231866626455,0.190057994518749,0.174580933580847,0,
1.10853950518755,,,,,,0.182160040315392
1.1096,0.182805955696748,0.182806028402976,0.190546365945758,0.175067289925196,0,
1.10933758978452,,,,,,0.182646026679235
1.1104,0.183293957762265,0.183294030481907,0.19103537853143,0.175554285044827,0,
1.11013567438148,,,,,,0.183132649926622
1.1112,0.183782599795508,0.183782672501103,0.191525032275312,0.176041918940265,0,
1.11093375897845,,,,,,0.183619910057314
1.112,0.184271881796497,0.184271954545319,0.192015327176932,0.176530191612016,0,
1.11173184357542,,,,,,0.184107807071068
1.1128,0.184761803765237,0.184761876734756,0.192506263235806,0.177019103060575,0,
1.11252992817239,,,,,,0.184596341220624
1.1136,0.185252365701719,0.18525243894459,0.192997840451431,0.177508653286423,0,
1.11332801276935,,,,,,0.185085512361676
1.1144,0.185743567605917,0.185743641119133,0.193490058823291,0.177998842290024,0,
1.11412609736632,,,,,,0.185575320410132
1.1152,0.186235409477791,0.186235483258823,0.19398291835085,0.17848967007183,0,
1.11492418196329,,,,,,0.186065765366428
1.116,0.186727891317284,0.186727965364098,0.194476419038189,0.178981136632277,0,
1.11572226656026,,,,,,0.186556847230997
1.1168,0.187221013124324,0.187221087435397,0.194970560909681,0.179473241971784,0,
1.11652035115722,,,,,,0.187048566004276
1.1176,0.187714774906631,0.187714849473158,0.19546534395714,0.179965986090758,0,
1.11731843575419,,,,,,0.187540921686699
1.1184,0.188209176700637,0.18820925147782,0.195960768164837,0.180459368992766,0,
1.11811652035116,,,,,,0.188033914278703
1.1192,0.188704218468443,0.188704293449821,0.196456833532575,0.180953390697587,0,
1.11891460494812,,,,,,0.188527543780722
1.12,0.189199900210324,0.1891999753896,0.196953540060157,0.181448051211939,0,
1.11971268954509,,,,,,0.189021810193192
1.1208,0.189696221926551,0.189696297297595,0.197450887747381,0.18194335051393,0,
1.12051077414206,,,,,,0.189516713516548
1.1216,0.190193183617394,0.190193259174245,0.197948876594041,0.1824392886043,0,
1.12130885873903,,,,,,0.190012253751226
1.1224,0.190690785283117,0.190690861019988,0.198447506599926,0.182935865483788,0,
1.12210694333599,,,,,,0.19050843089766
1.1232,0.19118902692398,0.191189102835262,0.198946777764824,0.183433081153129,0,
1.12290502793296,,,,,,0.191005244956287
1.124,0.191687908540244,0.191687984620506,0.199446690088518,0.183930935613056,0,
1.12370311252993,,,,,,0.19150269592754
1.1248,0.192187430132162,0.192187506376159,0.199947243570786,0.184429428864298,0,
1.1245011971269,,,,,,0.192000783811857
1.1256,0.192687591699984,0.192687668102659,0.200448438211403,0.184928560907581,0,
1.12529928172386,,,,,,0.192499508609672
1.1264,0.193188393243959,0.193188469800443,0.20095027401014,0.185428331743628,0,
1.12609736632083,,,,,,0.19299887032142
1.1272,0.193689834764331,0.193689911469952,0.201452750966764,0.185928741373158,0,
1.1268954509178,,,,,,0.193498868947537
1.128,0.194191916261339,0.194191993111623,0.201955869081038,0.186429789796887,0,
1.12769353551476,,,,,,0.193999504488458
1.1288,0.194694637735219,0.194694714725895,0.20245962835272,0.186931477015529,0,
1.12849162011173,,,,,,0.194500776944618
1.1296,0.195197999186205,0.195198076313206,0.202964028781566,0.187433803029794,0,
1.1292897047087,,,,,,0.195002686316453
1.1304,0.195702000614525,0.195702077873995,0.203469070367325,0.187936767840386,0,
1.13008778930567,,,,,,0.195505232604398
1.1312,0.196206642020405,0.196206719408699,0.203974753109743,0.18844037144801,0,
1.13088587390263,,,,,,0.196008415808888
1.132,0.196711923404064,0.196712000917759,0.204481077008563,0.188944613853364,0,
1.1316839584996,,,,,,0.196512235930359
1.1328,0.19721784476572,0.197217922401611,0.204988042063521,0.189449495057144,0,
1.13248204309657,,,,,,0.197016692969246
1.1336,0.197724406105587,0.197724483860695,0.205495648274351,0.189955015060041,0,
1.13328012769354,,,,,,0.197521786925985
1.1344,0.198231607423872,0.198231685295449,0.20600389564078,0.190461173862744,0,
1.1340782122905,,,,,,0.19802751780101
1.1352,0.198739448720781,0.198739526706311,0.206512784162534,0.190967971465938,0,
1.13487629688747,,,,,,0.198533885594757
1.136,0.199247929996515,0.19924800809372,0.207022313839331,0.191475407870303,0,
1.13567438148444,,,,,,0.199040890307661
1.1368,0.199757051251269,0.199757129458114,0.207532484670887,0.191983483076516,0,
1.1364724660814,,,,,,0.199548531940158
1.1376,0.200266812485237,0.200266890799933,0.208043296656912,0.19249219708525,0,
1.13727055067837,,,,,,0.200056810492683
1.1384,0.200777213698606,0.200777292119613,0.208554749797111,0.193001549897175,0,
1.13806863527534,,,,,,0.200565725965671
1.1392,0.201288254891559,0.201288333417594,0.209066844091185,0.193511541512956,0,
1.13886671987231,,,,,,0.201075278359558
1.14,0.201799936064277,0.201800014694315,0.209579579538831,0.194022171933253,0,
1.13966480446927,,,,,,0.201585467674779
1.1408,0.202312257216933,0.202312335950213,0.210092956139739,0.194533441158725,0,
1.14046288906624,,,,,,0.202096293911769
1.1416,0.202825218349697,0.202825297185727,0.210606973893596,0.195045349190024,0,
1.14126097366321,,,,,,0.202607757070963
1.1424,0.203338819462737,0.203338898401295,0.211121632803288,0.195557896027799,0,
1.14205905826018,,,,,,0.203119857152798
1.1432,0.203853060556212,0.203853139597357,0.211636932872689,0.196071081672695,0,
1.14285714285714,,,,,,0.203632594157707
1.144,0.20436794163518,0.20436802077435,0.212152874098187,0.196584906125352,0,
1.14365522745411,,,,,,0.204145968086128
1.1448,0.204883462703582,0.204883541932713,0.212669456477095,0.197099369388104,0,
1.14445331205108,,,,,,0.204659978938494
1.1456,0.205399623754563,0.205399703072884,0.213186680009182,0.197614471466073,0,
1.14525139664804,,,,,,0.205174626715241
1.1464,0.205916424788373,0.205916504195303,0.213704544694217,0.198130212359958,0,
1.14604948124501,,,,,,0.205689911416805
1.1472,0.206433865805257,0.206433945300406,0.214223050531967,0.198646592065842,0,
1.14684756584198,,,,,,0.206205833043621
1.148,0.206951946805462,0.206952026388634,0.214742197522197,0.199163610584448,0,
1.14764565043895,,,,,,0.206722391596124
1.1488,0.207470667789232,0.207470747439561,0.215261985664672,0.199681267916503,0,
1.14844373503591,,,,,,0.207239587074749
1.1496,0.20799002875681,0.207990108442231,0.215782414959155,0.200199564062727,0,
1.14924181963288,,,,,,0.207757419433198
1.1504,0.208510029708438,0.208510109419891,0.216303485405405,0.200718499023844,0,
1.15003990422985,,,,,,0.208275888704662
1.1512,0.209030670644357,0.209030750378583,0.216825197003184,0.201238072800575,0,
1.15083798882682,,,,,,0.208794994899763
1.152,0.209551951564807,0.209552031318665,0.217347549752249,0.20175828539364,0,
1.15163607342378,,,,,,0.209314738018856
1.1528,0.210073872470025,0.210073952240495,0.217870543652357,0.202279136803758,0,
1.15243415802075,,,,,,0.209835118062297
1.1536,0.21059643336025,0.210596513144432,0.218394178703263,0.202800627031648,0,
1.15323224261772,,,,,,0.210356135030443
1.1544,0.211119634235718,0.211119714030835,0.218918454904721,0.203322756078027,0,
1.15403032721468,,,,,,0.210877788923649
1.1552,0.211643475096662,0.211643554900061,0.219443372256484,0.203845523943612,0,
1.15482841181165,,,,,,0.211400079742271
1.156,0.212167955943318,0.21216803575247,0.219968930758303,0.204368930629117,0,
1.15562649640862,,,,,,0.211923007486665
1.1568,0.212693076775917,0.212693156588419,0.220495130409926,0.204892976135259,0,
1.15642458100559,,,,,,0.212446572157188
1.1576,0.213218837594691,0.213218917408268,0.221021971211103,0.205417660462751,0,
1.15722266560255,,,,,,0.212970773754194
1.1584,0.21374523839987,0.213745318212374,0.22154945316158,0.205942983612306,0,
1.15802075019952,,,,,,0.213495612278039
1.1592,0.214272279191683,0.214272359001097,0.222077576261102,0.206468945584635,0,
1.15881883479649,,,,,,0.214021087729081
1.16,0.214799959970358,0.214800039774794,0.222606340509414,0.20699554638045,0,
1.15961691939346,,,,,,0.214547200107674
1.1608,0.215328280736122,0.215328360533824,0.223135745906257,0.207522786000462,0,
1.16041500399042,,,,,,0.215073949414174
1.1616,0.215857241489201,0.215857321278546,0.223665792451374,0.208050664445379,0,
1.16121308858739,,,,,,0.215601335648938
1.1624,0.216386842229819,0.216386922009318,0.224196480144504,0.20857918171591,0,
1.16201117318436,,,,,,0.216129358812321
1.1632,0.216917082958199,0.216917162726498,0.224727808985385,0.209108337812763,0,
1.16280925778132,,,,,,0.216658018904679
1.164,0.217447963674564,0.217448043430445,0.225259778973755,0.209638132736644,0,
1.16360734237829,,,,,,0.217187315926368
1.1648,0.217979484379136,0.217979564121518,0.225792390109349,0.21016856648826,0,
1.16440542697526,,,,,,0.217717249877744
1.1656,0.218511645072133,0.218511724800075,0.226325642391901,0.210699639068315,0,
1.16520351157223,,,,,,0.218247820759163
1.1664,0.219044445753775,0.219044525466474,0.226859535821146,0.211231350477514,0,
1.16600159616919,,,,,,0.218779028570981
1.1672,0.219577886424281,0.219577966121073,0.227394070396814,0.211763700716559,0,
1.16679968076616,,,,,,0.219310873313554
1.168,0.220111967083866,0.220112046764232,0.227929246118635,0.212296689786155,0,
1.16759776536313,,,,,,0.219843354987237
1.1688,0.220646687732747,0.220646767396309,0.22846506298401,0.212830317687001,0,
1.1683958499601,,,,,,0.220376473592386
1.1696,0.221182048371138,0.221182128017662,0.229001520992302,0.2133645844198,0,
1.16919393455706,,,,,,0.220910229129358
1.1704,0.22171804899599,0.22171812862865,0.229538620144773,0.21389948998525,0,
1.16999201915403,,,,,,0.221444621598509
1.1712,0.222254689608326,0.22225476922963,0.230076360441645,0.214435034383118,0,
1.170790103751,,,,,,0.221979651000193
1.172,0.222791970210175,0.222792049820963,0.230614741882607,0.214971217612014,0,
1.17158818834796,,,,,,0.222515317334767
1.1728,0.223329890801714,0.223329970403005,0.231153764467347,0.215508039673728,0,
1.17238627294493,,,,,,0.223051620602588
1.1736,0.223868451383117,0.223868530976116,0.231693428195552,0.216045500570244,0,
1.1731843575419,,,,,,0.22358856080401
1.1744,0.224407651954559,0.224407731540654,0.232233733066904,0.216583600302224,0,
1.17398244213887,,,,,,0.22412613793939
1.1752,0.22494749251621,0.224947572096978,0.232774679081085,0.217122338870328,0,
1.17478052673583,,,,,,0.224664352009084
1.176,0.225487973068242,0.225488052645445,0.233316266237774,0.217661716275217,0,
1.1755786113328,,,,,,0.225203203013448
1.1768,0.226029093610822,0.226029173186415,0.233858494536649,0.218201732517549,0,
1.17637669592977,,,,,,0.225742690952837
1.1776,0.226570854144116,0.226570933720245,0.234401363977386,0.21874238759798,0,
1.17717478052674,,,,,,0.226282815827607
1.1784,0.227113254668288,0.227113334247295,0.234944874559656,0.219283681517164,0,
1.1779728651237,,,,,,0.226823577638115
1.1792,0.227656295183501,0.227656374767923,0.235489026283131,0.219825614275755,0,
1.17877094972067,,,,,,0.227364976384715
1.18,0.228199975689916,0.228200055282487,0.236033819147481,0.220368185874404,0,
1.17956903431764,,,,,,0.227907012067765
1.1808,0.22874429618769,0.228744375791346,0.236579253152371,0.220911396313761,0,
1.1803671189146,,,,,,0.22844968468762
1.1816,0.229289256676981,0.229289336294858,0.237125328297467,0.221455245594474,0,
1.18116520351157,,,,,,0.228992994244636
1.1824,0.229834857157945,0.229834936793381,0.237672044582431,0.221999733717191,0,
1.18196328810854,,,,,,0.229536940739169
1.1832,0.230381097630733,0.230381177287275,0.238219402006923,0.222544860682555,0,
1.18276137270551,,,,,,0.230081524171574
1.184,0.230927978095497,0.230928057776897,0.238767400570603,0.223090626491211,0,
1.18355945730247,,,,,,0.230626744542209
1.1848,0.231475498552388,0.231475578262606,0.239316040273126,0.223637031143799,0,
1.18435754189944,,,,,,0.231172601851427
1.1856,0.232023659001551,0.232023738657497,0.239865321114147,0.224184074640962,0,
1.18515562649641,,,,,,0.231719096099586
1.1864,0.232572459443134,0.232572538962196,0.240415243093317,0.224731756983336,0,
1.18595371109338,,,,,,0.232266227130318
1.1872,0.233121899877279,0.233121979243901,0.240965806210288,0.225280078171559,0,
1.18675179569034,,,,,,0.232813995070014
1.188,0.23367198030413,0.233672059511263,0.241517010464706,0.225829038206266,0,
1.18754988028731,,,,,,0.233362399938047
1.1888,0.234222700723825,0.234222779764395,0.242068855856218,0.226378637088092,0,
1.18834796488428,,,,,,0.23391144173453
1.1896,0.234774061136504,0.234774140003408,0.242621342384467,0.226928874817667,0,
1.18914604948124,,,,,,0.234461120459574
1.1904,0.235326061542303,0.235326140228417,0.243174470049096,0.227479751395623,0,
1.18994413407821,,,,,,0.235011436113291
1.1912,0.235878701941356,0.235878780439532,0.243728238849744,0.228031266822589,0,
1.19074221867518,,,,,,0.235562388695794
1.192,0.236431982333796,0.236432060636867,0.244282648786048,0.22858342109919,0,
1.19154030327215,,,,,,0.236113978207192
1.1928,0.236985902719754,0.236985980820535,0.244837699857643,0.229136214226055,0,
1.19233838786911,,,,,,0.2366662046476
1.1936,0.237540463099359,0.237540540990648,0.245393392064164,0.229689646203805,0,
1.19313647246608,,,,,,0.237219068017128
1.1944,0.238095663472738,0.238095741147318,0.245949725405242,0.230243717033065,0,
1.19393455706305,,,,,,0.237772568315888
1.1952,0.238651503840017,0.238651581290659,0.246506699878293,0.230798426714453,0,
1.19473264166002,,,,,,0.238326705543992
1.196,0.239207984201318,0.239208061420783,0.247064315483865,0.23135377524859,0,
1.19553072625698,,,,,,0.238881479701552
1.1968,0.239765104553903,0.239765181537803,0.247622572222385,0.231909762636093,0,
1.19632881085395,,,,,,0.23943689078868
1.1976,0.240322864899929,0.240322941641831,0.24818147009356,0.232466388876928,0,
1.19712689545092,,,,,,0.239992938805487
1.1984,0.240881265239947,0.240881341732979,0.248741009096992,0.233023653969967,0,
1.19792498004789,,,,,,0.240549623752086
1.1992,0.241440305574055,0.241440381811362,0.249301189232279,0.233581557917491,0,
1.19872306464485,,,,,,0.241106945628587
1.2,0.241999985902347,0.24200006187709,0.249862010499021,0.234140100720442,0,
1.19952114924182,,,,,,0.241664904435104
1.2008,0.242560306224918,0.242560381930277,0.25042347289681,0.234699282379411,0,
1.20031923383879,,,,,,0.242223500171748
1.2016,0.243121266541856,0.243121341971036,0.250985576425238,0.235259102894985,0,
1.20111731843575,,,,,,0.24278273283863
1.2024,0.243682866853252,0.243682941999479,0.251548321083897,0.235819562267753,0,
1.20191540303272,,,,,,0.243342602435862
1.2032,0.244245107159191,0.244245182015718,0.252111706872372,0.236380660498299,0,
1.20271348762969,,,,,,0.243903108963557
1.204,0.244807987459757,0.244808062019867,0.252675733790249,0.236942397587204,0,
1.20351157222666,,,,,,0.244464252421826
1.2048,0.245371507755033,0.245371582012038,0.25324040183711,0.237504773535051,0,
1.20430965682362,,,,,,0.245026032810781
1.2056,0.245935668045097,0.245935741992343,0.253805711012534,0.238067788342418,0,
1.20510774142059,,,,,,0.245588450130534
1.2064,0.246500468330028,0.246500541960895,0.2543716613161,0.238631442009881,0,
1.20590582601756,,,,,,0.246151504381197
1.2072,0.2470659086099,0.247065981917807,0.254938252747382,0.239195734538016,0,
1.20670391061453,,,,,,0.24671519556288
1.208,0.247631988884787,0.247632061863192,0.255505485305953,0.239760665927394,0,
1.20750199521149,,,,,,0.247279523675697
1.2088,0.248198709154759,0.248198781797162,0.256073358991384,0.240326236178587,0,
1.20830007980846,,,,,,0.24784448871976
1.2096,0.248766069419885,0.24876614171983,0.256641873803241,0.240892445292164,0,
1.20909816440543,,,,,,0.248410090695179
1.2104,0.249334069680232,0.249334141631308,0.257211029741091,0.241459293268691,0,
1.20989624900239,,,,,,0.248976329602066
1.2112,0.249902709935862,0.249902781531709,0.257780826804496,0.242026780108733,0,
1.21069433359936,,,,,,0.249543205440535
1.212,0.250471990186839,0.250472061421145,0.258351264993016,0.242594905812852,0,
1.21149241819633,,,,,,0.250110718210696
1.2128,0.251041910433222,0.25104198129973,0.258922344306211,0.24316367038161,0,
1.2122905027933,,,,,,0.25067886791266
1.2136,0.251612470675068,0.251612541167576,0.259494064743634,0.243733073815565,0,
1.21308858739026,,,,,,0.251247654546541
1.2144,0.252183670912433,0.252183741024795,0.26006642630484,0.244303116115274,0,
1.21388667198723,,,,,,0.25181707811245
1.2152,0.25275551114537,0.252755580871501,0.26063942898938,0.244873797281291,0,
1.2146847565842,,,,,,0.252387138610499
1.216,0.253327991373929,0.253328060707805,0.261213072796801,0.245445117314169,0,
1.21548284118117,,,,,,0.252957836040799
1.2168,0.25390111159816,0.25390118053382,0.261787357726649,0.246017076214459,0,
1.21628092577813,,,,,,0.253529170403462
1.2176,0.254474871818108,0.25447494034966,0.262362283778469,0.246589673982709,0,
1.2170790103751,,,,,,0.254101141698601
1.2184,0.255049272033818,0.255049340155436,0.262937850951801,0.247162910619467,0,
1.21787709497207,,,,,,0.254673749926326
1.2192,0.255624312245331,0.255624379951262,0.263514059246184,0.247736786125276,0,
1.21867517956903,,,,,,0.255246995086751
1.22,0.256199992452688,0.25620005973725,0.264090908661154,0.248311300500679,0,
1.219473264166,,,,,,0.255820877179986
1.2208,0.256776312655926,0.256776379513512,0.264668399196765,0.248886453746218,0,
1.22027134876297,,,,,,0.256395396206143
1.2216,0.25735327285508,0.257353339280161,0.265246530857837,0.24946224586243,0,
1.22106943335994,,,,,,0.256970552165335
1.2224,0.257930873050811,0.25793093903731,0.265825303639949,0.250038676849852,0,
1.2218675179569,,,,,,0.257546345057673
1.2232,0.258509113249379,0.258509178785072,0.266404717541633,0.250615746709126,0,
1.22266560255387,,,,,,0.258122774883269
1.224,0.259087993444784,0.259088058523559,0.266984772562455,0.251193455442353,0,
1.22346368715084,,,,,,0.258699841642234
1.2248,0.259667513637092,0.259667578252883,0.26756546870198,0.251771803054214,0,
1.22426177174781,,,,,,0.259277545334681
1.2256,0.26024767382637,0.260247737973158,0.268146805959769,0.252350789540243,0,
1.22505985634477,,,,,,0.259855885960722
1.2264,0.260828474012681,0.260828537684496,0.268728784335382,0.252930414901007,0,
1.22585794094174,,,,,,0.260434863520468
1.2272,0.261409914196088,0.261409977387009,0.26931140382838,0.253510679137072,0,
1.22665602553871,,,,,,0.261014478014031
1.228,0.261991994376653,0.261992057080811,0.269894664438319,0.254091582249001,0,
1.22745411013567,,,,,,0.261594729441523
1.2288,0.262574714554434,0.262574776766014,0.270478566164756,0.254673124237359,0,
1.22825219473264,,,,,,0.262175617803055
1.2296,0.26315807472949,0.26315813644273,0.271063109007244,0.255255305102706,0,
1.22905027932961,,,,,,0.26275714309874
1.2304,0.263742074901879,0.263742136111072,0.271648292965336,0.255838124845605,0,
1.22984836392658,,,,,,0.26333930532869
1.2312,0.264326715071656,0.264326775771153,0.272234118038584,0.256421583466614,0,
1.23064644852354,,,,,,0.263922104493016
1.232,0.264911995238874,0.264912055423085,0.272820584226536,0.257005680966291,0,
1.23144453312051,,,,,,0.26450554059183
1.2328,0.265497915403587,0.265497975066982,0.273407691528741,0.257590417345194,0,
1.23224261771748,,,,,,0.265089613625243
1.2336,0.266084475565846,0.266084534702955,0.273995439944745,0.258175792603877,0,
1.23304070231445,,,,,,0.265674323593369
1.2344,0.266671675725701,0.266671734331118,0.274583829474092,0.258761806742897,0,
1.23383878691141,,,,,,0.266259670496317
1.2352,0.2672595158832,0.267259573951582,0.275172860116326,0.259348459762806,0,
1.23463687150838,,,,,,0.266845654334201
1.236,0.26784799603839,0.267848053564461,0.275762531870987,0.259935751664156,0,
1.23543495610535,,,,,,0.267432275107133
1.2368,0.268437116191317,0.268437173169867,0.276352844737616,0.260523682447498,0,
1.23623304070231,,,,,,0.268019532815223
1.2376,0.269026876342025,0.269026932767913,0.276943798715751,0.261112252113381,0,
1.23703112529928,,,,,,0.268607427458584
1.2384,0.269617276490556,0.269617332358711,0.277535393804928,0.261701460662355,0,
1.23782920989625,,,,,,0.269195959037328
1.2392,0.270208316636953,0.270208371942375,0.278127630004683,0.262291308094965,0,
1.23862729449322,,,,,,0.269785127551566
1.24,0.270799996781254,0.270800051519016,0.27872050731455,0.262881794411758,0,
1.23942537909018,,,,,,0.270374933001411
1.2408,0.271392316923499,0.271392371088747,0.279314025734059,0.263472919613279,0,
1.24022346368715,,,,,,0.270965375386973
1.2416,0.271985277063725,0.271985330651682,0.279908185262741,0.26406468370007,0,
1.24102154828412,,,,,,0.271556454708366
1.2424,0.272578877201966,0.272578930207932,0.280502985900125,0.264657086672675,0,
1.24181963288109,,,,,,0.2721481709657
1.2432,0.273173117338259,0.27317316975761,0.281098427645738,0.265250128531633,0,
1.24261771747805,,,,,,0.272740524159088
1.244,0.273767997472634,0.27376804930083,0.281694510499105,0.265843809277484,0,
1.24341580207502,,,,,,0.273333514288642
1.2448,0.274363517605124,0.274363568837702,0.282291234459751,0.266438128910768,0,
1.24421388667199,,,,,,0.273927141354472
1.2456,0.274959677735759,0.274959728368341,0.282888599527198,0.26703308743202,0,
1.24501197126895,,,,,,0.274521405356692
1.2464,0.275556477864566,0.275556527892859,0.283486605700965,0.267628684841777,0,
1.24581005586592,,,,,,0.275116306295413
1.2472,0.276153917991574,0.276153967411368,0.284085252980574,0.268224921140574,0,
1.24660814046289,,,,,,0.275711844170746
1.248,0.276751998116808,0.276752046923981,0.28468454136554,0.268821796328943,0,
1.24740622505986,,,,,,0.276308018982804
1.2488,0.277350718240293,0.277350766430811,0.28528447085538,0.269419310407418,0,
1.24820430965682,,,,,,0.276904830731698
1.2496,0.27795007836205,0.27795012593197,0.285885041449609,0.270017463376528,0,
1.24900239425379,,,,,,0.277502279417541
1.2504,0.278550078482102,0.278550125427571,0.286486253147738,0.270616255236803,0,
1.24980047885076,,,,,,0.278100365040443
1.2512,0.279150718600469,0.279150764917726,0.28708810594928,0.271215685988773,0,
1.25059856344773,,,,,,0.278699087600517
1.252,0.279751998717169,0.279752044402549,0.287690599853744,0.271815755632963,0,
1.25139664804469,,,,,,0.279298447097875
1.2528,0.28035391883222,0.280353963882152,0.288293734860639,0.2724164641699,0,
1.25219473264166,,,,,,0.279898443532629
1.2536,0.280956478945637,0.280956523356647,0.288897510969469,0.273017811600109,0,
1.25299281723863,,,,,,0.28049907690489
1.2544,0.281559679057434,0.281559722826147,0.289501928179741,0.273619797924112,0,
1.25379090183559,,,,,,0.28110034721477
1.2552,0.282163519167625,0.282163562290764,0.290106986490958,0.274222423142432,0,
1.25458898643256,,,,,,0.281702254462381
1.256,0.282767999276221,0.282768041750612,0.290712685902621,0.27482568725559,0,
1.25538707102953,,,,,,0.282304798647835
1.2568,0.283373119383232,0.283373161205804,0.291319026414231,0.275429590264105,0,
1.2561851556265,,,,,,0.282907979771243
1.2576,0.283978879488667,0.28397892065645,0.291926008025286,0.276034132168495,0,
1.25698324022346,,,,,,0.283511797832718
1.2584,0.284585279592533,0.284585320102446,0.292533630735283,0.276639312969278,0,
1.25778132482043,,,,,,0.284116252832371
1.2592,0.285192319694836,0.285192359537257,0.293141894543718,0.277245132666969,0,
1.2585794094174,,,,,,0.284721344770032
1.26,0.28579999979558,0.285800038965642,0.293750799450084,0.277851591262083,0,
1.25937749401437,,,,,,0.285327073637349
1.2608,0.286408319894769,0.286408358389603,0.294360345453874,0.278458688755133,0,
1.26017557861133,,,,,,0.285933439442854
1.2616,0.287017279992404,0.287017317809248,0.294970532554578,0.279066425146631,0,
1.2609736632083,,,,,,0.286540442186654
1.2624,0.287626880088484,0.287626917224684,0.295581360751686,0.279674800437088,0,
1.26177174780527,,,,,,0.287148081868858
1.2632,0.28823712018301,0.288237156636022,0.296192830044686,0.280283814627014,0,
1.26256983240223,,,,,,0.287756358489573
1.264,0.288848000275977,0.288848036043369,0.296804940433062,0.280893467716915,0,
1.2633679169992,,,,,,0.288365272048906
1.2648,0.289459520367382,0.289459555446834,0.2974176919163,0.2815037597073,0,
1.26416600159617,,,,,,0.288974822546965
1.2656,0.29007168045722,0.290071714846524,0.298031084493882,0.282114690598674,0,
1.26496408619314,,,,,,0.289585009983859
1.2664,0.290684480545484,0.290684514242548,0.29864511816529,0.282726260391541,0,
1.2657621707901,,,,,,0.290195834359693
1.2672,0.291297920632165,0.291297953635016,0.299259792930004,0.283338469086405,0,
1.26656025538707,,,,,,0.290807295674577
1.268,0.291912000717253,0.291912033024035,0.2998751087875,0.283951316683766,0,
1.26735833998404,,,,,,0.291419393928617
1.2688,0.292526720800737,0.292526752409713,0.300491065737258,0.284564803184127,0,
1.26815642458101,,,,,,0.292032129121922
1.2696,0.293142080882605,0.293142111792159,0.30110766377875,0.285178928587986,0,
1.26895450917797,,,,,,0.292645501254599
1.2704,0.293758080962842,0.293758111171481,0.301724902911452,0.285793692895841,0,
1.26975259377494,,,,,,0.293259510326755
1.2712,0.294374721041433,0.294374750547789,0.302342783134834,0.286409096108189,0,
1.27055067837191,,,,,,0.293874156338499
1.272,0.294992001118362,0.294992029921189,0.302961304448366,0.287025138225525,0,
1.27134876296887,,,,,,0.294489439289937
1.2728,0.295609921193609,0.295609949291791,0.303580466851519,0.287641819248344,0,
1.27214684756584,,,,,,0.295105359181177
1.2736,0.296228481267156,0.296228508659703,0.304200270335964,0.288259139177138,0,
1.27294493216281,,,,,,0.295721916012328
1.2744,0.29684768133898,0.296847708025034,0.304820714902194,0.288877098012399,0,
1.27374301675978,,,,,,0.296339109783497
1.2752,0.2974675214008,0.297467547387891,0.305441800556137,0.289495695754617,0,
1.27454110135674,,,,,,0.296956940494791
1.276,0.298088001454202,0.298088026748383,0.306063527297677,0.290114932403817,0,
1.27533918595371,,,,,,0.297575408146317
1.2768,0.298709121505882,0.298709146106619,0.306685895126324,0.290734807952808,0,
1.27613727055068,,,,,,0.298194512738185
1.2776,0.299330881555862,0.299330905462707,0.307308904041587,0.291355322403947,0,
1.27693535514765,,,,,,0.2988142542705
1.2784,0.299953281604161,0.299953304816756,0.307932554042977,0.291976475764067,0,
1.27773343974461,,,,,,0.299434632743371
1.2792,0.300576321650801,0.300576344168873,0.308556845130002,0.292598268033699,0,
1.27853152434158,,,,,,0.300055648156906
1.28,0.3012000016958,0.301200023519167,0.309181777302172,0.293220699213374,0,
1.27932960893855,,,,,,0.300677300511212
1.2808,0.301824321739181,0.301824342867747,0.309807350558996,0.293843769303624,0,
1.28012769353551,,,,,,0.301299589806397
1.2816,0.302449281780963,0.302449302214721,0.310433564899983,0.294467478304979,0,
1.28092577813248,,,,,,0.301922516042568
1.2824,0.303074881821166,0.303074901560197,0.311060420324642,0.295091826217972,0,
1.28172386272945,,,,,,0.302546079219833
1.2832,0.303701121859811,0.303701140904285,0.311687916832481,0.295716813043133,0,
1.28252194732642,,,,,,0.303170279338299
1.284,0.304328001896918,0.304328020247091,0.312316054423009,0.296342438780994,0,
1.28332003192338,,,,,,0.303795116398075
1.2848,0.304955521932508,0.304955539588725,0.312944833095735,0.296968703432088,0,
1.28411811652035,,,,,,0.304420590399268
1.2856,0.3055836819666,0.305583698929295,0.313574252850167,0.297595606996946,0,
1.28491620111732,,,,,,0.305046701341985
1.2864,0.306212481999216,0.306212498268909,0.314204313685813,0.298223149476099,0,
1.28571428571429,,,,,,0.305673449226334
1.2872,0.306841922030375,0.306841937607677,0.314835015602183,0.298851330870081,0,
1.28651237031125,,,,,,0.306300834052423
1.288,0.307472002060097,0.307472016945705,0.315466358598782,0.299480151179423,0,
1.28731045490822,,,,,,0.306928855820359
1.2888,0.308102722088404,0.308102736283103,0.31609834267512,0.300109610404659,0,
1.28810853950519,,,,,,0.30755751453025
1.2896,0.308734082115316,0.308734095619979,0.316730967830704,0.300739708546319,0,
1.28890662410215,,,,,,0.308186810182204
1.2904,0.309366082140852,0.309366094956442,0.317364234065043,0.301370445604938,0,
1.28970470869912,,,,,,0.308816742776328
1.2912,0.309998722165034,0.309998734292599,0.317998141377643,0.302001821581048,0,
1.29050279329609,,,,,,0.30944731231273
1.292,0.31063200218788,0.310632013628559,0.318632689768012,0.302633836475181,0,
1.29130087789306,,,,,,0.310078518791517
1.2928,0.311265922209413,0.311265932964432,0.319267879235657,0.303266490287871,0,
1.29209896249002,,,,,,0.310710362212798
1.2936,0.311900482229652,0.311900492300324,0.319903709780086,0.303899783019651,0,
1.29289704708699,,,,,,0.311342842576679
1.2944,0.312535682248618,0.312535691636344,0.320540181400806,0.304533714671054,0,
1.29369513168396,,,,,,0.311975959883269
1.2952,0.31317152226633,0.313171530972602,0.321177294097325,0.305168285242613,0,
1.29449321628093,,,,,,0.312609714132675
1.296,0.31380800228281,0.313808010309205,0.321815047869147,0.305803494734861,0,
1.29529130087789,,,,,,0.313244105325004
1.2968,0.314445122298077,0.314445129646261,0.322453442715782,0.306439343148333,0,
1.29608938547486,,,,,,0.313879133460365
1.2976,0.315082882312152,0.315082888983879,0.323092478636734,0.307075830483562,0,
1.29688747007183,,,,,,0.314514798538864
1.2984,0.315721282325055,0.315721288322168,0.323732155631512,0.307712956741081,0,
1.29768555466879,,,,,,0.31515110056061
1.2992,0.316360322336807,0.316360327661236,0.324372473699621,0.308350721921425,0,
1.29848363926576,,,,,,0.315788039525711
1.3,0.317000002347427,0.317000007001191,0.325013226589607,0.308989126025127,0,
1.29928172386273,,,,,,0.316425615434273
1.3008,0.317640322356937,0.317640326342141,0.325655034332701,0.309628169052722,0,
1.3000798084597,,,,,,0.317063828286404
1.3016,0.318281282365357,0.318281285684196,0.326297276690228,0.310267851004743,0,
1.30087789305666,,,,,,0.317702678082212
1.3024,0.318922882372706,0.318922885027463,0.326940160118597,0.310908171881726,0,
1.30167597765363,,,,,,0.318342164821805
1.3032,0.319565122379006,0.319565124372051,0.327583684617315,0.311549338141107,0,
1.3024740622506,,,,,,0.318982288505291
1.304,0.320208002384276,0.320208003718068,0.328227850185886,0.312190731691553,0,
1.30327214684757,,,,,,0.319623049132776
1.3048,0.320851522388537,0.320851523065623,0.328872656823816,0.312832970419011,0,
1.30407023144453,,,,,,0.320264446704368
1.3056,0.32149568239181,0.321495682414824,0.329518104530612,0.313475848073054,0,
1.3048683160415,,,,,,0.320906481220176
1.3064,0.322140482394114,0.322140481765779,0.330164193305778,0.314119364654216,0,
1.30566640063847,,,,,,0.321549152680307
1.3072,0.32278592239547,0.322785921118598,0.33081092314882,0.314763520163032,0,
1.30646448523544,,,,,,0.322192461084868
1.308,0.323432002395898,0.323432000473387,0.331458294059243,0.315408314600038,0,
1.3072625698324,,,,,,0.322836406433967
1.3088,0.324078722395419,0.324078719830257,0.332106306036552,0.316053747965768,0,
1.30806065442937,,,,,,0.323480988727712
1.3096,0.324726082394053,0.324726079189314,0.332754959080253,0.316699820260757,0,
1.30885873902634,,,,,,0.32412620796621
1.3104,0.325374082391821,0.325374078550668,0.333404253189851,0.31734653148554,0,
1.3096568236233,,,,,,0.324772064149569
1.3112,0.326022722388742,0.326022717914426,0.33405418836485,0.317993881640653,0,
1.31045490822027,,,,,,0.325418557277897
1.312,0.326672002384837,0.326671997280698,0.334704764604755,0.318641870726631,0,
1.31125299281724,,,,,,0.3260656873513
1.3128,0.327321922380126,0.327321916649592,0.335355981909071,0.31929049874401,0,
1.31205107741421,,,,,,0.326713454369888
1.3136,0.32797248237463,0.327972476021216,0.336007840277303,0.319939765693325,0,
1.31284916201117,,,,,,0.327361858333767
1.3144,0.328623682368369,0.328623675395678,0.336660339708955,0.320589671575112,0,
1.31364724660814,,,,,,0.328010899243045
1.3152,0.329275522361363,0.329275514773087,0.337313480203532,0.321240216389906,0,
1.31444533120511,,,,,,0.328660577097829
1.316,0.329928002353633,0.329927994153551,0.337967261760537,0.321891400138244,0,
1.31524341580207,,,,,,0.329310891898228
1.3168,0.330581122345199,0.330581113537179,0.338621684379476,0.322543222820661,0,
1.31604150039904,,,,,,0.329961843644349
1.3176,0.331234882336082,0.331234872924079,0.339276748059853,0.323195684437693,0,
1.31683958499601,,,,,,0.3306134323363
1.3184,0.331889282326301,0.33188927231436,0.339932452801172,0.323848784989877,0,
1.31763766959298,,,,,,0.331265657974188
1.3192,0.332544322315877,0.33254431170813,0.340588798602936,0.324502524477749,0,
1.31843575418994,,,,,,0.33191852055812
1.32,0.33320000230483,0.333199991105496,0.341245785464649,0.325156902901845,0,
1.31923383878691,,,,,,0.332572020088205
1.3208,0.333856322293182,0.333856310506569,0.341903413385816,0.325811920262701,0,
1.32003192338388,,,,,,0.33322615656455
1.3216,0.334513282280951,0.334513269911456,0.342561682365941,0.326467576560854,0,
1.32083000798085,,,,,,0.333880929987263
1.3224,0.335170882268159,0.335170869320265,0.343220592404526,0.32712387179684,0,
1.32162809257781,,,,,,0.334536340356451
1.3232,0.335829122254825,0.335829108733105,0.343880143501076,0.327780805971197,0,
1.32242617717478,,,,,,0.335192387672222
1.324,0.336488002240971,0.336487988150084,0.344540335655094,0.32843837908446,0,
1.32322426177175,,,,,,0.335849071934684
1.3248,0.337147522226616,0.337147507571311,0.345201168866084,0.329096591137167,0,
1.32402234636872,,,,,,0.336506393143943
1.3256,0.33780768221178,0.337807666996895,0.345862643133498,0.329755442129855,0,
1.32482043096568,,,,,,0.337164351300109
1.3264,0.338468482196485,0.338468466426942,0.346524758456225,0.33041493206306,0,
1.32561851556265,,,,,,0.337822946403288
1.3272,0.339129922180739,0.339129905861563,0.347187514834401,0.33107506093732,0,
1.32641660015962,,,,,,0.338482178453589
1.328,0.339792002163872,0.339791985300865,0.347850912267529,0.331735828753171,0,
1.32721468475658,,,,,,0.339142047451117
1.3288,0.340454722146573,0.340454704744957,0.34851495075511,0.33239723551114,0,
1.32801276935355,,,,,,0.339802553395983
1.3296,0.341118082128864,0.341118064193947,0.349179630296649,0.333059281211112,0,
1.32881085395052,,,,,,0.340463696288292
1.3304,0.341782082110763,0.341782063647943,0.349844950891646,0.33372196585422,0,
1.32960893854749,,,,,,0.341125476128153
1.3312,0.34244672209229,0.342446703107054,0.350510912539605,0.334385289441036,0,
1.33040702314445,,,,,,0.341787892915673
1.332,0.343112002073465,0.343111982524064,0.351177515240028,0.335049251972098,0,
1.33120510774142,,,,,,0.34245094665096
1.3328,0.343777922054308,0.343777901719631,0.351844758992416,0.335713853447942,0,
1.33200319233839,,,,,,0.343114637286606
1.3336,0.344444482034839,0.344443928939409,0.352512643796273,0.336379093869106,0,
1.33280127693536,,,,,,0.343778964643402
1.33359936153232,,,,,,0.344443928939409
1.3344,0.345111682015078,0.345111662136799,0.3531811696511,0.337044973236127,0,
1.33439744612929,,,,,,0.34510953017464
1.3352,0.345779521995044,0.345779502849745,0.353850336556399,0.337711491549542,0,
1.33519553072626,,,,,,0.345775768349108
1.336,0.346448001974758,0.346447983559248,0.354520144511672,0.338378648809889,0,
1.33599361532322,,,,,,0.346442643462824
1.3368,0.347117121954239,0.34711710426532,0.355190593516421,0.339046445017706,0,
1.33679169992019,,,,,,0.3471101555158
1.3376,0.347786881933507,0.347786864967973,0.355861683570148,0.33971488017353,0,
1.33758978451716,,,,,,0.347778304508049
1.3384,0.348457281912583,0.34845726566722,0.356533414672353,0.340383954277897,0,
1.33838786911413,,,,,,0.348447090439584
1.3392,0.349128321891485,0.349128306363074,0.357205786822541,0.341053667331348,0,
1.33918595371109,,,,,,0.349116513310415
1.34,0.349800001870233,0.349799987055545,0.35787880002021,0.341724019334418,0,
1.33998403830806,,,,,,0.349786573120556
1.3408,0.350472321848848,0.350472307744647,0.358552454264864,0.342395010287646,0,
1.34078212290503,,,,,,0.350457269870018
1.3416,0.35114528182735,0.351145268430392,0.359226749556003,0.34306664019157,0,
1.341580207502,,,,,,0.351128603558814
1.3424,0.351818881805758,0.351818869112792,0.35990168589313,0.343738909046728,0,
1.34237829209896,,,,,,0.351800574186956
1.3432,0.352493121784092,0.35249310979186,0.360577263275744,0.344411816853658,0,
1.34317637669593,,,,,,0.352473181754456
1.344,0.353168001762372,0.353167990467607,0.361253481703348,0.345085363612898,0,
1.3439744612929,,,,,,0.353146426261327
1.3448,0.353843521740617,0.353843511140046,0.361930341175443,0.345759549324986,0,
1.34477254588986,,,,,,0.35382030770758
1.3456,0.354519681718849,0.35451967180919,0.36260784169153,0.34643437399046,0,
1.34557063048683,,,,,,0.354494826093228
1.3464,0.355196481697085,0.35519647247505,0.36328598325111,0.347109837609859,0,
1.3463687150838,,,,,,0.355169981418282
1.3472,0.355873921675348,0.355873913137639,0.363964765853684,0.347785940183722,0,
1.34716679968077,,,,,,0.355845773682756
1.348,0.356552001653655,0.356551993796969,0.364644189498752,0.348462681712585,0,
1.34796488427773,,,,,,0.356522202886661
1.3488,0.357230721632027,0.357230714453052,0.365324254185817,0.349140062196989,0,
1.3487629688747,,,,,,0.35719926903001
1.3496,0.357910081610485,0.357910075105902,0.366004959914378,0.349818081637472,0,
1.34956105347167,,,,,,0.357876972112815
1.3504,0.358590081589047,0.358590075755529,0.366686306683937,0.350496740034572,0,
1.35035913806864,,,,,,0.358555312135087
1.3512,0.359270721567733,0.359270716401946,0.367368294493994,0.351176037388828,0,
1.3511572226656,,,,,,0.35923428909684
1.352,0.359952001546565,0.359951997045167,0.36805092334405,0.351855973700779,0,
1.35195530726257,,,,,,0.359913902998084
1.3528,0.36063392152556,0.360633917685201,0.368734193233605,0.352536548970963,0,
1.35275339185954,,,,,,0.360594153838834
1.3536,0.36131648150474,0.361316478322064,0.36941810416216,0.35321776319992,0,
1.3535514764565,,,,,,0.3612750416191
1.3544,0.361999681484124,0.361999678955765,0.370102656129216,0.353899616388188,0,
1.35434956105347,,,,,,0.361956566338895
1.3552,0.362683521463731,0.362683519586318,0.370787849134273,0.354582108536306,0,
1.35514764565044,,,,,,0.362638727998231
1.356,0.363368001443583,0.363368000213736,0.371473683176831,0.355265239644814,0,
1.35594573024741,,,,,,0.363321526597121
1.3568,0.364053121423698,0.364053120838029,0.372160158256391,0.35594900971425,0,
1.35674381484437,,,,,,0.364004962135576
1.3576,0.364738881404096,0.364738881459212,0.372847274372454,0.356633418745154,0,
1.35754189944134,,,,,,0.364689034613609
1.3584,0.365425281384798,0.365425282077295,0.373535031524518,0.357318466738065,0,
1.35833998403831,,,,,,0.365373744031231
1.3592,0.366112321365823,0.366112322692291,0.374223429712085,0.358004153693521,0,
1.35913806863528,,,,,,0.366059090388456
1.36,0.366800001347191,0.366800003304212,0.374912468934655,0.358690479612063,0,
1.35993615323224,,,,,,0.366745073685295
1.3608,0.367488321328921,0.367488323913072,0.375602149191728,0.359377444494229,0,
1.36073423782921,,,,,,0.367431693921761
1.3616,0.368177281311035,0.368177284518881,0.376292470482803,0.36006504834056,0,
1.36153232242618,,,,,,0.368118951097865
1.3624,0.368866881293551,0.368866885121653,0.376983432807382,0.360753291151594,0,
1.36233040702314,,,,,,0.36880684521362
1.3632,0.369557121276489,0.369557125721399,0.377675036164963,0.361442172927871,0,
1.36312849162011,,,,,,0.369495376269039
1.364,0.37024800125987,0.370248006318132,0.378367280555047,0.362131693669931,0,
1.36392657621708,,,,,,0.370184544264132
1.3648,0.370939521243713,0.370939526911864,0.379060165977134,0.362821853378312,0,
1.36472466081405,,,,,,0.370874349198913
1.3656,0.371631681228037,0.371631687502608,0.379753692430723,0.363512652053556,0,
1.36552274541101,,,,,,0.371564791073394
1.3664,0.372324481212864,0.372324488090375,0.380447859915315,0.364204089696201,0,
1.36632083000798,,,,,,0.372255869887587
1.3672,0.373017921198212,0.373017928675179,0.381142668430408,0.364896166306787,0,
1.36711891460495,,,,,,0.372947585641504
1.368,0.373712001184102,0.373712009257031,0.381838117975504,0.365588881885854,0,
1.36791699920192,,,,,,0.373639938335157
1.3688,0.374406721170553,0.374406729835943,0.382534208550101,0.366282236433943,0,
1.36871508379888,,,,,,0.374332927968558
1.3696,0.375102081157586,0.375102090411928,0.383230940153699,0.366976229951591,0,
1.36951316839585,,,,,,0.375026554541721
1.3704,0.375798081145219,0.375798090984998,0.383928312785797,0.367670862439341,0,
1.37031125299282,,,,,,0.375720818054656
1.3712,0.376494721133474,0.376494731555166,0.384626326445896,0.368366133897731,0,
1.37110933758978,,,,,,0.376415718507376
1.372,0.377192001122369,0.377192012122444,0.385324981133495,0.369062044327301,0,
1.37190742218675,,,,,,0.377111255899894
1.3728,0.377889921111925,0.377889932686843,0.386024276848092,0.369758593728592,0,
1.37270550678372,,,,,,0.377807430232221
1.3736,0.378588481102161,0.378588493248377,0.386724213589189,0.370455782102144,0,
1.37350359138069,,,,,,0.378504241504369
1.3744,0.379287681093098,0.379287693807057,0.387424791356283,0.371153609448497,0,
1.37430167597765,,,,,,0.379201689716352
1.3752,0.379987521084755,0.379987534362896,0.388126010148875,0.37185207576819,0,
1.37509976057462,,,,,,0.37989977486818
1.376,0.380688001077152,0.380688014915907,0.388827869966464,0.372551181061765,0,
1.37589784517159,,,,,,0.380598496959867
1.3768,0.381389121070309,0.3813891354661,0.389530370808549,0.373250925329761,0,
1.37669592976856,,,,,,0.381297855991425
1.3776,0.382090881064246,0.38209089601349,0.390233512673295,0.373951308572718,0,
1.37749401436552,,,,,,0.381997851962865
1.3784,0.382793281058982,0.382793296558088,0.390937295552971,0.374652330791178,0,
1.37829209896249,,,,,,0.3826984848742
1.3792,0.383496321054538,0.383496337099905,0.391641719447459,0.375353991985679,0,
1.37909018355946,,,,,,0.383399754725442
1.38,0.384200001042595,0.384200017638956,0.392346784363634,0.376056292156764,0,
1.37988826815642,,,,,,0.384101661516603
1.3808,0.384904321021929,0.384904338175251,0.393052490300981,0.376759231304971,0,
1.38068635275339,,,,,,0.384804205247696
1.3816,0.38560928100134,0.385609298708804,0.393758837258988,0.377462809423838,0,
1.38148443735036,,,,,,0.385507385918732
1.3824,0.386314880980834,0.386314899239625,0.394465825237143,0.378167026511554,0,
1.38228252194733,,,,,,0.386211203529724
1.3832,0.387021120960421,0.387021139767729,0.395173454234932,0.378871882575809,0,
1.38308060654429,,,,,,0.386915658080684
1.384,0.387728000940108,0.387728020293127,0.395881724251842,0.37957737761854,0,
1.38387869114126,,,,,,0.387620749571625
1.3848,0.388435520919903,0.388435540815831,0.39659063528736,0.380283511640274,0,
1.38467677573823,,,,,,0.388326478002558
1.3856,0.389143680899814,0.389143701335853,0.397300187340973,0.380990284641541,0,
1.3854748603352,,,,,,0.389032843373495
1.3864,0.389852480879849,0.389852501853207,0.398010380412168,0.381697696622868,0,
1.38627294493216,,,,,,0.38973984568445
1.3872,0.390561920860015,0.390561942367903,0.398721214500432,0.382405747584785,0,
1.38707102952913,,,,,,0.390447484935433
1.388,0.391272000840321,0.391272022879955,0.399432689605252,0.383114437527821,0,
1.3878691141261,,,,,,0.391155761126458
1.3888,0.391982720820774,0.391982743389375,0.400144805726114,0.383823766452504,0,
1.38866719872306,,,,,,0.391864674257536
1.3896,0.392694080801383,0.392694103896174,0.400857562862506,0.384533734359363,0,
1.38946528332003,,,,,,0.39257422432868
1.3904,0.393406080782154,0.393406104400366,0.401570961013914,0.385244341248927,0,
1.390263367917,,,,,,0.393284411339902
1.3912,0.394118720763097,0.394118744901963,0.402285000179826,0.385955587121724,0,
1.39106145251397,,,,,,0.393995235291213
1.392,0.394832000744218,0.394832025400976,0.402999680359727,0.386667471978285,0,
1.39185953711093,,,,,,0.394706696182627
1.3928,0.395545920725526,0.395545945897419,0.403715001553104,0.387379995819136,0,
1.3926576217079,,,,,,0.395418794014156
1.3936,0.39626048070703,0.396260506391303,0.404430963759445,0.388093158644809,0,
1.39345570630487,,,,,,0.396131528785811
1.3944,0.396975680688735,0.396975706882641,0.405147566978235,0.38880696045583,0,
1.39425379090184,,,,,,0.396844900497604
1.3952,0.397691520670651,0.397691547371445,0.405864811208962,0.38952140125273,0,
1.3950518754988,,,,,,0.397558909149549
1.396,0.398408000652785,0.398408027857727,0.406582696451113,0.390236481036038,0,
1.39584996009577,,,,,,0.398273554741657
1.3968,0.399125120635145,0.399125148341499,0.407301222704173,0.390952199806282,0,
1.39664804469274,,,,,,0.398988837273941
1.3976,0.39984288061774,0.399842908822775,0.40802038996763,0.391668557563991,0,
1.3974461292897,,,,,,0.399704756746412
1.3984,0.400561280600576,0.400561309301566,0.408740198240971,0.392385554309695,0,
1.39824421388667,,,,,,0.400421313159083
1.3992,0.401280320583662,0.401280349777884,0.40946064752368,0.393103190043923,0,
1.39904229848364,,,,,,0.401138506511966
1.4,0.402000000567006,0.402000030251742,0.410181737815247,0.393821464767203,0,
1.39984038308061,,,,,,0.401856336805073
1.4008,0.402720320550615,0.402720350723151,0.410903469115156,0.394540378480065,0,
1.40063846767757,,,,,,0.402574804038416
1.4016,0.403441280534498,0.403441311192126,0.411625841422894,0.395259931183038,0,
1.40143655227454,,,,,,0.403293908212009
1.4024,0.404162880518662,0.404162911658677,0.412348854737949,0.395980122876651,0,
1.40223463687151,,,,,,0.404013649325862
1.4032,0.404885120503116,0.404885152122816,0.413072509059806,0.396700953561433,0,
1.40303272146848,,,,,,0.404734027379988
1.404,0.405608000487866,0.405608032584557,0.413796804387953,0.397422423237914,0,
1.40383080606544,,,,,,0.405455042374399
1.4048,0.406331520472921,0.406331553043911,0.414521740721875,0.398144531906622,0,
1.40462889066241,,,,,,0.406176694309107
1.4056,0.407055680458289,0.407055713500891,0.415247318061059,0.398867279568087,0,
1.40542697525938,,,,,,0.406898983184125
1.4064,0.407780480443978,0.407780513955509,0.415973536404992,0.399590666222838,0,
1.40622505985634,,,,,,0.407621908999465
1.4072,0.408505920429995,0.408505954407777,0.416700395753159,0.400314691871404,0,
1.40702314445331,,,,,,0.408345471755139
1.408,0.409232000416349,0.409232034857708,0.417427896105049,0.401039356514315,0,
1.40782122905028,,,,,,0.40906967145116
1.4088,0.409958720403047,0.409958755305314,0.418156037460146,0.401764660152099,0,
1.40861931364725,,,,,,0.409794508087538
1.4096,0.410686080390098,0.410686115750607,0.418884819817937,0.402490602785286,0,
1.40941739824421,,,,,,0.410519981664287
1.4104,0.411414080377508,0.411414116193599,0.41961424317791,0.403217184414405,0,
1.41021548284118,,,,,,0.411246092181419
1.4112,0.412142720365287,0.412142756634303,0.42034430753955,0.403944405039986,0,
1.41101356743815,,,,,,0.411972839638946
1.412,0.412872000353441,0.412872037072732,0.421075012902345,0.404672264662558,0,
1.41181165203512,,,,,,0.41270022403688
1.4128,0.413601920341979,0.413601957508896,0.421806359265779,0.405400763282649,0,
1.41260973663208,,,,,,0.413428245375233
1.4136,0.414332480330908,0.414332517942809,0.42253834662934,0.40612990090079,0,
1.41340782122905,,,,,,0.414156903654019
1.4144,0.415063680320238,0.415063718374483,0.423270974992514,0.40685967751751,0,
1.41420590582602,,,,,,0.414886198873247
1.4152,0.415795520309974,0.41579555880393,0.424004244354788,0.407590093133337,0,
1.41500399042298,,,,,,0.415616131032932
1.416,0.416528000300126,0.416528039231162,0.424738154715648,0.408321147748802,0,
1.41580207501995,,,,,,0.416346700133085
1.4168,0.4172611202907,0.417261159656193,0.42547270607458,0.409052841364433,0,
1.41660015961692,,,,,,0.417077906173718
1.4176,0.417994880281706,0.417994920079033,0.426207898431071,0.40978517398076,0,
1.41739824421389,,,,,,0.417809749154844
1.4184,0.418729280273151,0.418729320499695,0.426943731784608,0.410518145598312,0,
1.41819632881085,,,,,,0.418542229076475
1.4192,0.419464320265042,0.419464360918192,0.427680206134676,0.411251756217618,0,
1.41899441340782,,,,,,0.419275345938623
1.42,0.420200000257388,0.420200041334536,0.428417321480763,0.411986005839209,0,
1.41979249800479,,,,,,0.4200090997413
1.4208,0.420936320250196,0.420936361748739,0.429155077822354,0.412720894463612,0,
1.42059058260176,,,,,,0.420743490484518
1.4216,0.421673280243475,0.421673322160814,0.429893475158936,0.413456422091358,0,
1.42138866719872,,,,,,0.421478518168289
1.4224,0.422410880237232,0.422410922570773,0.430632513489997,0.414192588722976,0,
1.42218675179569,,,,,,0.422214182792627
1.4232,0.423149120231475,0.423149162978627,0.43137219281502,0.414929394358995,0,
1.42298483639266,,,,,,0.422950484357542
1.424,0.423888000226213,0.423888043384389,0.432112513133495,0.415666838999944,0,
1.42378292098962,,,,,,0.423687422863048
1.4248,0.424627520221452,0.424627563788073,0.432853474444906,0.416404922646353,0,
1.42458100558659,,,,,,0.424424998309156
1.4256,0.425367680217201,0.425367724189689,0.433595076748741,0.417143645298751,0,
1.42537909018356,,,,,,0.425163210695878
1.4264,0.426108480213467,0.42610852458925,0.434337320044485,0.417883006957668,0,
1.42617717478053,,,,,,0.425902060023228
1.4272,0.426849920210259,0.426849964986769,0.435080204331626,0.418623007623632,0,
1.42697525937749,,,,,,0.426641546291216
1.428,0.427592000207585,0.427592045382257,0.43582372960965,0.419363647297173,0,
1.42777334397446,,,,,,0.427381669499855
1.4288,0.428334720205451,0.428334765775728,0.436567895878042,0.42010492597882,0,
1.42857142857143,,,,,,0.428122429649158
1.4296,0.429078080203867,0.429078126167192,0.437312703136291,0.420846843669103,0,
1.4293695131684,,,,,,0.428863826739136
1.4304,0.42982208020284,0.429822126556664,0.43805815138119,0.421589400368551,0,
1.43016759776536,,,,,,0.429605860769802
1.4312,0.430566720202378,0.430566766944154,0.438804240607097,0.422332596077692,0,
1.43096568236233,,,,,,0.430348531741168
1.432,0.431312000202488,0.431312047329676,0.439550970820397,0.423076430797057,0,
1.4317637669593,,,,,,0.431091839653246
1.4328,0.432057920192967,0.43205796771324,0.440298342020997,0.423820904527175,0,
1.43256185155627,,,,,,0.431835784506048
1.4336,0.432804480182962,0.432804528094861,0.441046354208376,0.424566017268575,0,
1.43335993615323,,,,,,0.432580366299587
1.4344,0.433551680173055,0.433551728463787,0.441795007382014,0.425311769014265,0,
1.4341580207502,,,,,,0.433325585033875
1.4352,0.434299520163246,0.434299568803975,0.442544301541388,0.426058159768832,0,
1.43495610534717,,,,,,0.434071440673427
1.436,0.435048000153536,0.435048049137385,0.44329423668598,0.42680518953562,0,
1.43575418994413,,,,,,0.434817933247211
1.4368,0.435797120143925,0.435797169467872,0.444044812815266,0.427552858315303,0,
1.4365522745411,,,,,,0.435565062760762
1.4376,0.436546880134415,0.436546929795441,0.444796029928728,0.428301166108406,0,
1.43735035913807,,,,,,0.436312829214081
1.4384,0.437297280125004,0.437297330120095,0.445547888025844,0.429050112915448,0,
1.43814844373504,,,,,,0.437061232607175
1.4392,0.438048320115695,0.438048370441838,0.446300387106093,0.429799698736952,0,
1.438946528332,,,,,,0.437810272940045
1.44,0.438800000106486,0.438800050760674,0.447053527168956,0.43054992357344,0,
1.43974461292897,,,,,,0.438559950212695
1.4408,0.43955232009738,0.439552371076605,0.44780730821391,0.431300787425433,0,
1.44054269752594,,,,,,0.439310264425129
1.4416,0.440305280088375,0.440305331389637,0.448561730240435,0.432052290293453,0,
1.4413407821229,,,,,,0.440061215577351
1.4424,0.441058880079474,0.441058931699771,0.449316793248011,0.432804432178022,0,
1.44213886671987,,,,,,0.440812803669363
1.4432,0.441813120070676,0.441813172007012,0.450072497236116,0.433557213079662,0,
1.44293695131684,,,,,,0.441565028701171
1.444,0.442568000061981,0.442568052311364,0.450828842204231,0.434310632998894,0,
1.44373503591381,,,,,,0.442317890672776
1.4448,0.443323520053391,0.443323572612829,0.451585828151835,0.43506469193624,0,
1.44453312051077,,,,,,0.443071389584183
1.4456,0.444079680044905,0.444079732911412,0.452343455078407,0.435819389892222,0,
1.44533120510774,,,,,,0.443825525435396
1.4464,0.444836480036525,0.444836533207116,0.453101722983426,0.436574726867361,0,
1.44612928970471,,,,,,0.444580298226417
1.4472,0.44559392002825,0.445593973499945,0.453860631866372,0.43733070286218,0,
1.44692737430168,,,,,,0.445335707957251
1.448,0.446352000020082,0.446352053789902,0.454620181726724,0.438087317877199,0,
1.44772545889864,,,,,,0.4460917546279
1.4488,0.44711072001202,0.447110774076991,0.455380372563962,0.43884457191294,0,
1.44852354349561,,,,,,0.446848438238369
1.4496,0.447870080004065,0.447870134361215,0.456141204377566,0.439602464969926,0,
1.44932162809258,,,,,,0.447605758788661
1.4504,0.448630079996219,0.448630134642579,0.456902677167014,0.440360997048676,0,
1.45011971268955,,,,,,0.44836371627878
1.4512,0.44939071998848,0.449390774921085,0.457664790931787,0.441120168149714,0,
1.45091779728651,,,,,,0.449122310708729
1.452,0.45015199998085,0.450152055196737,0.458427545671364,0.44187997827356,0,
1.45171588188348,,,,,,0.449881542078512
1.4528,0.450913919973329,0.450913975469539,0.459190941385225,0.442640427420736,0,
1.45251396648045,,,,,,0.450641410388132
1.4536,0.451676479965917,0.451676535739495,0.459954978072849,0.443401515591764,0,
1.45331205107741,,,,,,0.451401915637593
1.4544,0.452439679958616,0.452439736006607,0.460719655733716,0.444163242787164,0,
1.45411013567438,,,,,,0.452163057826899
1.4552,0.453203519951425,0.45320357627088,0.461484974367306,0.444925609007459,0,
1.45490822027135,,,,,,0.452924836956052
1.456,0.453967999944346,0.453968056532318,0.462250933973098,0.445688614253169,0,
1.45570630486832,,,,,,0.453687253025057
1.4568,0.454733119937378,0.454733176790923,0.463017534550572,0.446452258524816,0,
1.45650438946528,,,,,,0.454450306033917
1.4576,0.455498879930522,0.455498937046699,0.463784776099208,0.447216541822922,0,
1.45730247406225,,,,,,0.455213995982636
1.4584,0.456265279923778,0.456265337299651,0.464552658618487,0.447981464148007,0,
1.45810055865922,,,,,,0.455978322871218
1.4592,0.457032319917148,0.457032377549781,0.465321182107886,0.448747025500594,0,
1.45889864325619,,,,,,0.456743286699665
1.46,0.457799999910631,0.457800057797093,0.466090346566887,0.449513225881202,0,
1.45969672785315,,,,,,0.457508887467981
1.4608,0.458568319904228,0.458568378041591,0.46686015199497,0.450280065290354,0,
1.46049481245012,,,,,,0.45827512517617
1.4616,0.45933727989794,0.459337338283278,0.467630598391615,0.451047543728571,0,
1.46129289704709,,,,,,0.459041999824236
1.4624,0.460106879891767,0.460106938522158,0.4684016857563,0.451815661196373,0,
1.46209098164405,,,,,,0.459809511412182
1.4632,0.460877119885709,0.460877178758234,0.469173414088507,0.452584417694282,0,
1.46288906624102,,,,,,0.460577659940011
1.464,0.461647999879767,0.46164805899151,0.469945783387716,0.453353813222819,0,
1.46368715083799,,,,,,0.461346445407728
1.4648,0.462419519873942,0.462419579221991,0.470718793653406,0.454123847782506,0,
1.46448523543496,,,,,,0.462115867815336
1.4656,0.463191679868234,0.463191739449678,0.471492444885058,0.454894521373862,0,
1.46528332003192,,,,,,0.462885927162837
1.4664,0.463964479862643,0.463964539674576,0.472266737082151,0.455665833997409,0,
1.46608140462889,,,,,,0.463656623450237
1.4672,0.46473791985717,0.464737979896689,0.473041670244167,0.456437785653668,0,
1.46687948922586,,,,,,0.464427956677538
1.468,0.465511999851815,0.465512060116019,0.473817244370585,0.457210376343161,0,
1.46767757382283,,,,,,0.465199926844745
1.4688,0.46628671984658,0.466286780332571,0.474593459460885,0.457983606066407,0,
1.46847565841979,,,,,,0.465972533951859
1.4696,0.467062079841464,0.467062140546348,0.475370315514549,0.458757474823928,0,
1.46927374301676,,,,,,0.466745777998886
1.4704,0.467838079836467,0.467838140757355,0.476147812531055,0.459531982616244,0,
1.47007182761373,,,,,,0.467519658985829
1.4712,0.468614719831592,0.468614780965593,0.476925950509886,0.460307129443877,0,
1.47086991221069,,,,,,0.468294176912691
1.472,0.469391999826836,0.469392061171067,0.47770472945052,0.461082915307346,0,
1.47166799680766,,,,,,0.469069331779475
1.4728,0.470169919822203,0.470169981373781,0.478484149352439,0.461859340207174,0,
1.47246608140463,,,,,,0.469845123586187
1.4736,0.470948479817691,0.470948541573738,0.479264210215123,0.462636404143879,0,
1.4732641660016,,,,,,0.470621552332827
1.4744,0.471727679813302,0.471727741770942,0.480044912038052,0.463414107117984,0,
1.47406225059856,,,,,,0.471398618019402
1.4752,0.472507519809035,0.472507581965396,0.480826254820708,0.464192449130009,0,
1.47486033519553,,,,,,0.472176320645914
1.476,0.473287999804892,0.473288062157104,0.481608238562571,0.464971430180473,0,
1.4756584197925,,,,,,0.472954660212366
1.4768,0.474069119800873,0.474069182346069,0.482390863263121,0.465751050269898,0,
1.47645650438947,,,,,,0.473733636718762
1.4776,0.474850879796977,0.474850942532295,0.483174128921839,0.466531309398804,0,
1.47725458898643,,,,,,0.474513250165106
1.4784,0.475633279793207,0.475633342715786,0.483958035538207,0.467312207567712,0,
1.4780526735834,,,,,,0.475293500551402
1.4792,0.476416319789562,0.476416382896545,0.484742583111704,0.468093744777142,0,
1.47885075818037,,,,,,0.476074387877652
1.48,0.477199999786043,0.477200063074576,0.485527771641812,0.468875921027614,0,
1.47964884277733,,,,,,0.476855912143861
1.4808,0.47798431978265,0.477984383249883,0.486313601128013,0.469658736319649,0,
1.4804469273743,,,,,,0.477638073350032
1.4816,0.478769279779384,0.478769343422468,0.487100071569785,0.470442190653766,0,
1.48124501197127,,,,,,0.478420871496168
1.4824,0.479554879776245,0.479554943592336,0.487887182966611,0.471226284030486,0,
1.48204309656824,,,,,,0.479204306582274
1.4832,0.480341119773234,0.48034118375949,0.488674935317973,0.47201101645033,0,
1.4828411811652,,,,,,0.479988378608352
1.484,0.481127999770351,0.481128063923934,0.489463328623349,0.472796387913816,0,
1.48363926576217,,,,,,0.480773087574407
1.4848,0.481915519767596,0.481915584085671,0.490252362882223,0.473582398421466,0,
1.48443735035914,,,,,,0.481558433480441
1.4856,0.482703679764971,0.482703744244705,0.491042038094075,0.474369047973799,0,
1.48523543495611,,,,,,0.482344416326458
1.4864,0.483492479762476,0.48349254440104,0.491832354258387,0.475156336571336,0,
1.48603351955307,,,,,,0.483131036112463
1.4872,0.484281919760111,0.484281984554679,0.492623311374639,0.475944264214595,0,
1.48683160415004,,,,,,0.483918292838458
1.488,0.485071999757876,0.485072064705625,0.493414909442314,0.476732830904098,0,
1.48762968874701,,,,,,0.484706186504447
1.4888,0.485862719755773,0.485862784853883,0.494207148460892,0.477522036640364,0,
1.48842777334397,,,,,,0.485494717110434
1.4896,0.486654079753801,0.486654144999455,0.495000028429855,0.478311881423912,0,
1.48922585794094,,,,,,0.486283884656422
1.4904,0.487446079751962,0.487446145142347,0.495793549348685,0.479102365255262,0,
1.49002394253791,,,,,,0.487073689142415
1.4912,0.488238719750255,0.48823878528256,0.496587711216863,0.479893488134935,0,
1.49082202713488,,,,,,0.487864130568416
1.492,0.489031999748681,0.489032065420098,0.497382514033871,0.480685250063449,0,
1.49162011173184,,,,,,0.488655208934429
1.4928,0.489825919747241,0.489825985554966,0.49817795779919,0.481477651041325,0,
1.49241819632881,,,,,,0.489446924240457
1.4936,0.490620479745935,0.490620545687167,0.498974042512302,0.482270691069081,0,
1.49321628092578,,,,,,0.490239276486504
1.4944,0.491415679744764,0.491415745816704,0.49977076817269,0.483064370147237,0,
1.49401436552275,,,,,,0.491032265672574
1.4952,0.492211519743727,0.492211585943581,0.500568134779834,0.483858688276313,0,
1.49481245011971,,,,,,0.49182589179867
1.496,0.493007999742826,0.493008066067802,0.501366142333217,0.484653645456828,0,
1.49561053471668,,,,,,0.492620154864796
1.4968,0.493805119742062,0.49380518618937,0.502164790832321,0.485449241689301,0,
1.49640861931365,,,,,,0.493415054870955
1.4976,0.494602879741433,0.494602946308288,0.502964080276627,0.486245476974251,0,
1.49720670391061,,,,,,0.494210591817151
1.4984,0.495401279740942,0.495401346424561,0.503764007192414,0.487042351312198,0,
1.49800478850758,,,,,,0.495006765703387
1.4992,0.496200319740589,0.496200386538192,0.504564551336187,0.487839864703661,0,
1.49880287310455,,,,,,0.495803576529667
1.5,0.496999999740373,0.496999987331693,0.552090337077985,0.44190966240276,,
1.49960095770152,,,,,,0.496601024295995
1.5,0.496999999740373,0.496999987331693,0.552090337077985,0.44190964999408,,
1.5008,0.497800310879187,0.497800371115639,0.506167335721276,0.48943680864921,0,
1.50000000030002,,,,,,0.496999987331693
1.50000000030002,,,,,,0.496999987331693
1.50039904229848,,,,,,0.497399107811598
1.5016,0.498601215458543,0.49860126832565,0.506969503855627,0.490236239204334,0,
1.50119712689545,,,,,,0.498197800693845
1.5024,0.499402672971867,0.499402719961298,0.507772150128656,0.491036303427146,0,
1.50199521149242,,,,,,0.498997063038941
1.5032,0.50020464786502,0.500204692012861,0.508575250877259,0.491836975001542,0,
1.50279329608939,,,,,,0.499796859810149
1.504,0.501007110318564,0.501007153134311,0.509378785940113,0.492638214684068,0,
1.50359138068635,,,,,,0.500597158481091
1.5048,0.501810035285597,0.501810076124538,0.510182738184107,0.493439985115612,0,
1.50438946528332,,,,,,0.501397929288162
1.5056,0.502613401388419,0.502613439258444,0.510987093066775,0.494242254327957,0,
1.50518754988029,,,,,,0.502199147865875
1.5064,0.503417190453715,0.503417225161534,0.511791838272652,0.495044995475505,0,
1.50598563447725,,,,,,0.503000795297317
1.5072,0.504221387035496,0.504221419360068,0.51259696336511,0.495848185796757,0,
1.50678371907422,,,,,,0.503802855898659
1.508,0.505025978044814,0.505026008870022,0.513402459442944,0.496651805902021,0,
1.50758180367119,,,,,,0.504605316522526
1.5088,0.505830952402223,0.505830982271204,0.514208318796081,0.497455839305105,0,
1.50837988826816,,,,,,0.505408164513931
1.5096,0.506636300694025,0.506636330102285,0.515014534739109,0.498260272013535,0,
1.50917797286512,,,,,,0.506211389736713
1.5104,0.507442014834096,0.507442043925016,0.515821101434352,0.499065092174385,0,
1.50997605746209,,,,,,0.507014983468884
1.5112,0.508248087714879,0.508248116460014,0.516628013617268,0.499870289731138,0,
1.51077414205906,,,,,,0.50781893764082
1.512,0.50905451331201,0.509054541654455,0.517435266537919,0.500675856085178,0,
1.51157222665603,,,,,,0.508623245772742
1.5128,0.509861286096187,0.509861313949918,0.51824285577352,0.501481783752894,0,
1.51237031125299,,,,,,0.509427902268476
1.5136,0.510668401220283,0.510668428418003,0.519050777198068,0.50228806628778,0,
1.51316839584996,,,,,,0.5102329016768
1.5144,0.511475854103302,0.511475880645462,0.519859026814029,0.503094697973845,0,
1.51396648044693,,,,,,0.51103823958583
1.5152,0.512283640577132,0.512283666670169,0.520667600712857,0.503901673699202,0,
1.51476456504389,,,,,,0.511843911639645
1.516,0.513091756599887,0.513091782390762,0.521476494987521,0.504708988785666,0,
1.51556264964086,,,,,,0.512649914261573
1.5168,0.513900198260141,0.513900223898794,0.522285705681952,0.505516638906914,0,
1.51636073423783,,,,,,0.513456242964473
1.5176,0.514708961674904,0.514708987271823,0.523095228747307,0.50632461997895,0,
1.5171588188348,,,,,,0.514262894371307
1.5184,0.515518042923816,0.515518068523012,0.523905060012615,0.507132928045999,0,
1.51795690343176,,,,,,0.515069864162399
1.5192,0.516327438020884,0.51632746364686,0.524715195161469,0.507941559222188,0,
1.51875498802873,,,,,,0.515877148673589
1.52,0.517137142849032,0.517137168473892,0.52552562971278,0.508750509611199,0,
1.5195530726257,,,,,,0.516684743675868
1.5208,0.517947153182327,0.51794717875768,0.526336359020848,0.509559775262748,0,
1.52035115722267,,,,,,0.51749264510091
1.5216,0.518757464598252,0.518757490080072,0.527147378251443,0.51036935212261,0,
1.52114924181963,,,,,,0.518300848615792
1.5224,0.51956807255544,0.519568097894474,0.527958682399398,0.511179236018744,0,
1.5219473264166,,,,,,0.519109349791926
1.5232,0.520378972284174,0.520378997454733,0.528770266266677,0.511989422619109,0,
1.52274541101357,,,,,,0.519918144048887
1.524,0.521190158882983,0.521190183844541,0.529582124483424,0.512799907440912,0,
1.52354349561053,,,,,,0.520727226573195
1.5248,0.522001627225228,0.522001651993921,0.530394251498534,0.513610685818766,0,
1.5243415802075,,,,,,0.521536592432191
1.5256,0.522813372037299,0.522813396626139,0.531206641598056,0.514421752915713,0,
1.52513966480447,,,,,,0.522346236515983
1.5264,0.523625387839706,0.523625412253115,0.532019288906341,0.515233103708813,0,
1.52593774940144,,,,,,0.523156153489208
1.5272,0.524437669006533,0.524437693217073,0.532832187404923,0.51604473299585,0,
1.5267358339984,,,,,,0.523966337819158
1.528,0.525250209726668,0.525250233786605,0.533645330936247,0.516856635393581,0,
1.52753391859537,,,,,,0.524776783826577
1.5288,0.526063004060169,0.526063027986092,0.534458713225056,0.517668805347705,0,
1.52833200319234,,,,,,0.525587485812926
1.5296,0.52687604590518,0.52687606960921,0.535272327882027,0.518481237135145,0,
1.52913008778931,,,,,,0.526398437677124
1.5304,0.527689329052329,0.527689352326273,0.536086168424657,0.519293924880495,0,
1.52992817238627,,,,,,0.527209633213955
1.5312,0.528502847160527,0.528502870083666,0.536900228283335,0.520106862560426,0,
1.53072625698324,,,,,,0.528021066083235
1.532,0.529316593798746,0.529316616426359,0.537714500818393,0.520920044021261,0,
1.53152434158021,,,,,,0.528832730504446
1.5328,0.530130562438128,0.530130584566794,0.538528979328983,0.521733462987801,0,
1.53232242617717,,,,,,0.529644619635173
1.5336,0.530944746477064,0.530944767844695,0.53934365706666,0.522547113077247,0,
1.53312051077414,,,,,,0.530456726807
1.5344,0.531759139247182,0.531759159996762,0.540158527248383,0.523360987812217,0,
1.53391859537111,,,,,,0.531269045444975
1.5352,0.532573734026067,0.53257375428435,0.540973583067807,0.524175080631857,0,
1.53471667996808,,,,,,0.532081569569291
1.536,0.533388524051931,0.533388543677338,0.541788817705613,0.524989384905853,0,
1.53551476456504,,,,,,0.532894292018199
1.5368,0.534203502534264,0.534203521425504,0.542604224342922,0.525803893944266,0,
1.53631284916201,,,,,,0.533707205931257
1.5376,0.535018662665926,0.535018680999621,0.543419796175801,0.526618601011338,0,
1.53711093375898,,,,,,0.534520304709512
1.5384,0.535833997631038,0.535834015513305,0.544235526423364,0.527433499337812,0,
1.53790901835595,,,,,,0.535333581945329
1.5392,0.536649500625778,0.536649517936546,0.545051408309953,0.528248582132383,0,
1.53870710295291,,,,,,0.536147030527865
1.54,0.537465164864352,0.537465181589646,0.54586743509616,0.529063842591351,0,
1.53950518754988,,,,,,0.536960643560055
1.5408,0.538280983589938,0.538280999871925,0.546683600126162,0.529879273913894,0,
1.54030327214685,,,,,,0.537774414575525
1.5416,0.539096950018343,0.539096965919492,0.547499896792735,0.530694869314329,0,
1.54110135674381,,,,,,0.538588336966913
1.5424,0.539913057485972,0.53991307284096,0.548316318505049,0.531510622030925,0,
1.54189944134078,,,,,,0.539402403792423
1.5432,0.540729299362348,0.540729314192565,0.549132858731511,0.532326525298329,0,
1.54269752593775,,,,,,0.54021660827032
1.544,0.541545669085424,0.541545683462043,0.549949511081093,0.533142572408156,0,
1.54349561053472,,,,,,0.541030944233224
1.5448,0.542362160039401,0.542362173965929,0.550766269229967,0.533958756722159,0,
1.54429369513168,,,,,,0.541845405038317
1.5456,0.543178765817399,0.543178779098899,0.551583126880026,0.534775071655037,0,
1.54509177972865,,,,,,0.542659984054098
1.5464,0.543995480061139,0.543995492741704,0.552400077798125,0.535591510619775,0,
1.54588986432562,,,,,,0.543474674765156
1.5472,0.544812296503458,0.544812308580992,0.553217115922446,0.536408067125289,0,
1.54668794892259,,,,,,0.544289471349243
1.548,0.545629208815377,0.545629220247852,0.554034235282032,0.537224734797445,0,
1.54748603351955,,,,,,0.545104367284013
1.5488,0.546446210900337,0.546446221555258,0.554851429950969,0.53804150733463,0,
1.54828411811652,,,,,,0.545919356358297
1.5496,0.547263296751176,0.547263306581651,0.55566869407369,0.538858378438809,0,
1.54908220271349,,,,,,0.546734432467457
1.5504,0.548080460452798,0.5480804693822,0.556486021958971,0.539675341917588,0,
1.54988028731045,,,,,,0.547549589856782
1.5512,0.548897696072281,0.548897704072966,0.557303408031075,0.540492391729066,0,
1.55067837190742,,,,,,0.548364822543235
1.552,0.549714997863002,0.549715004912097,0.558120846781294,0.541309521921942,0,
1.55147645650439,,,,,,0.549180124761306
1.5528,0.5505323602129,0.550532366255145,0.558938332781727,0.54212672657411,0,
1.55227454110136,,,,,,0.549995490844829
1.5536,0.551349777599549,0.551349782586609,0.5597558607513,0.542943999861594,0,
1.55307262569832,,,,,,0.550810915222586
1.5544,0.552167244537136,0.552167248514647,0.560573425538644,0.543761336116932,0,
1.55387071029529,,,,,,0.551626392468383
1.5552,0.55298475567842,0.55298475868786,0.561391022074396,0.544578729781374,0,
1.55466879489226,,,,,,0.55244191726673
1.556,0.553802305833273,0.553802307809795,0.562208645375766,0.545396175355392,0,
1.55546687948923,,,,,,0.553257484305688
1.5568,0.554619889904592,0.55461989076689,0.563026290595881,0.546213667433829,0,
1.55626496408619,,,,,,0.554073088353753
1.5576,0.555437502862289,0.555437502557032,0.563843953023599,0.547031200760392,0,
1.55706304868316,,,,,,0.554888724411535
1.5584,0.55625513978816,0.556255138266053,0.564661628036463,0.54784877019922,0,
1.55786113328013,,,,,,0.555704387529099
1.5592,0.557072795931122,0.557072793087152,0.565479311097969,0.548666370692485,0,
1.5586592178771,,,,,,0.556520072862266
1.56,0.55789046663406,0.557890462321784,0.566296997798726,0.549483997274683,0,
1.55945730247406,,,,,,0.55733577567349
1.5608,0.558708147321217,0.558708141380562,0.567114683866784,0.550301645123401,0,
1.56025538707103,,,,,,0.558151491332746
1.5616,0.559525833508479,0.559525826024242,0.567932365120541,0.551119309541584,0,
1.561053471668,,,,,,0.558967215318408
1.5624,0.560343520885217,0.560343511945907,0.568750037463383,0.551936985918814,0,
1.56185155626496,,,,,,0.559782943568749
1.5632,0.561161205230476,0.561161194914528,0.569567696915185,0.552754669731728,0,
1.56264964086193,,,,,,0.560598671707804
1.564,0.561978882414267,0.561978870882094,0.570385339628626,0.55357235659497,0,
1.5634477254589,,,,,,0.561414395615466
1.5648,0.562796548383447,0.562796535937719,0.571202961846972,0.554390042248909,0,
1.56424581005587,,,,,,0.562230111318686
1.5656,0.563614199253335,0.56361418630401,0.572020559900498,0.555207722524201,0,
1.56504389465283,,,,,,0.563045814975127
1.5664,0.564431831224887,0.564431818043983,0.572838130225524,0.556025393334331,0,
1.5658419792498,,,,,,0.56386150287536
1.5672,0.565249440595978,0.565249426937073,0.573655669379701,0.556843050721597,0,
1.56664006384677,,,,,,0.564677171022705
1.568,0.566067023738249,0.5660670095498,0.574473174011311,0.557660690849597,0,
1.56743814844373,,,,,,0.565492815142385
1.5688,0.566884577171773,0.566884562528057,0.575290640857342,0.558478309973892,0,
1.5682362330407,,,,,,0.566308432198372
1.5696,0.567702097502112,0.567702082459479,0.576108066752666,0.559295904433729,0,
1.56903431763767,,,,,,0.567124018735299
1.5704,0.568519581432114,0.568519566027588,0.576925448640342,0.560113470684498,0,
1.56983240223464,,,,,,0.567939571393567
1.5712,0.569337025741916,0.569337010010655,0.577742783552708,0.560931005294184,0,
1.5706304868316,,,,,,0.56875508690822
1.572,0.570154427336618,0.570154411380154,0.578560068608636,0.561748504922915,0,
1.57142857142857,,,,,,0.56957056210782
1.5728,0.570971783207315,0.570971767136578,0.579377301018054,0.562565966316688,0,
1.57222665602554,,,,,,0.57038599405242
1.5736,0.571789090438648,0.57178907434109,0.580194478088933,0.563383386325868,0,
1.57302474062251,,,,,,0.571201379748631
1.5744,0.572606346192495,0.572606330170827,0.581011597214572,0.564200761903591,0,
1.57382282521947,,,,,,0.572016716308647
1.5752,0.573423547740007,0.573423531904578,0.581828655869866,0.565018090093256,0,
1.57462090981644,,,,,,0.57283200096321
1.576,0.574240692435523,0.574240676915175,0.582645651613947,0.565835368022506,0,
1.57541899441341,,,,,,0.573647231036759
1.5768,0.575057777721541,0.575057762621414,0.583462582095961,0.566652592914447,0,
1.57621707901038,,,,,,0.57446240394667
1.5776,0.575874801113459,0.57587478638607,0.584279445044361,0.567469762086598,0,
1.57701516360734,,,,,,0.575277517137721
1.5784,0.57669176022593,0.576691745857303,0.585096238265084,0.568286872942493,0,
1.57781324820431,,,,,,0.576092567967891
1.5792,0.577508652751413,0.577508638752539,0.585912959641614,0.569103922965135,0,
1.57861133280128,,,,,,0.57690755421573
1.58,0.578325476463684,0.57832546283145,0.586729607137689,0.569920909725443,0,
1.57940941739824,,,,,,0.577722473598605
1.5808,0.579142229208953,0.579142215932824,0.587546178791488,0.570737830881382,0,
1.58020750199521,,,,,,0.57853732391326
1.5816,0.579958908917808,0.579958895973162,0.588362672714357,0.571554684170736,0,
1.58100558659218,,,,,,0.57935210303444
1.5824,0.58077551359566,0.580775500974978,0.589179087089597,0.572371467407553,0,
1.58180367118915,,,,,,0.580166808913498
1.5832,0.581592041321915,0.581592029024031,0.589995420171402,0.573188178485147,0,
1.58260175578611,,,,,,0.580981439616764
1.584,0.582408490248095,0.582408478262949,0.59081167028291,0.57400481537578,0,
1.58339984038308,,,,,,0.581795993255061
1.5848,0.583224858597536,0.583224846914818,0.591627835815751,0.574821376126087,0,
1.58419792498005,,,,,,0.582610467999592
1.5856,0.5840411446633,0.58404113327878,0.592443915228549,0.575637858855654,0,
1.58499600957702,,,,,,0.583424862107793
1.5864,0.584857346806429,0.584857335725394,0.593259907043397,0.576454261756033,0,
1.58579409417398,,,,,,0.584239173908781
1.5872,0.585673463457218,0.585673452646927,0.594075809845192,0.577270583089434,0,
1.58659217877095,,,,,,0.585053401802107
1.588,0.586489493110018,0.586489482137225,0.594891622282941,0.578086821186819,0,
1.58739026336792,,,,,,0.585867544192889
1.5888,0.587305434321948,0.587305422882422,0.595707343068661,0.578902974447895,0,
1.58818834796488,,,,,,0.586681599093852
1.5896,0.58812128571306,0.588121273574385,0.596522970971739,0.579719041338687,0,
1.58898643256185,,,,,,0.587495565415055
1.5904,0.588937045969187,0.58893703289354,0.597338504818141,0.580535020388569,0,
1.58978451715882,,,,,,0.588309441792955
1.5912,0.589752713835544,0.589752699590734,0.598153943491476,0.581350910189816,0,
1.59058260175579,,,,,,0.589123226933755
1.592,0.590568288112113,0.590568272487227,0.598969285930483,0.582166709399305,0,
1.59138068635275,,,,,,0.589936919613406
1.5928,0.591383767657978,0.591383750474701,0.599784531127608,0.582982416736069,0,
1.59217877094972,,,,,,0.590750518677608
1.5936,0.592199151387997,0.592199132515253,0.600599678127583,0.583798030975919,0,
1.59297685554669,,,,,,0.591564023041807
1.5944,0.593014438271382,0.593014417641398,0.601414726026844,0.58461355095195,0,
1.59377494014366,,,,,,0.5923774316912
1.5952,0.593829627330279,0.593829604956069,0.602229673972805,0.585428975554498,0,
1.59457302474062,,,,,,0.593190743680728
1.596,0.594644717638342,0.594644692757303,0.603044521159815,0.586244303728895,0,
1.59537110933759,,,,,,0.594003958135083
1.5968,0.595459708321285,0.595459680470614,0.603859266827519,0.587059534474052,0,
1.59616919393456,,,,,,0.5948170731379
1.5976,0.596274598554439,0.59627456752958,0.604673910262057,0.587874666841038,0,
1.59696727853152,,,,,,0.595630088487993
1.5984,0.597089387556533,0.597089353246759,0.605488450793531,0.588689699932783,0,
1.59776536312849,,,,,,0.596443003525312
1.5992,0.597904074594253,0.597904036979403,0.606302887794603,0.589504632902919,0,
1.59856344772546,,,,,,0.597255817561337
1.6,0.598718658978885,0.598718618148969,0.60711722067909,0.590319464951158,0,
1.59936153232243,,,,,,0.598068529971149
1.6008,0.59953314006491,0.599533096241123,0.607931448910687,0.591134195323267,0,
1.60015961691939,,,,,,0.598881140193424
1.6016,0.600347517248593,0.600347470805742,0.608745572034009,0.591948823311082,0,
1.60095770151636,,,,,,0.599693647730437
1.6024,0.601161789966581,0.601161741456909,0.609559589612745,0.592763348250264,0,
1.60175578611333,,,,,,0.600506052148063
1.6032,0.601975957718409,0.601975907872917,0.610373501194772,0.5935777695189,0,
1.6025538707103,,,,,,0.601318353075771
1.604,0.602790020109214,0.602789967723615,0.611187306399079,0.594392086536084,0,
1.60335195530726,,,,,,0.602130550206632
1.6048,0.603603976645522,0.60360392053718,0.612001004880212,0.595206298774303,0,
1.60415003990423,,,,,,0.602942640744789
1.6056,0.60441782693077,0.604417766832574,0.61281459632703,0.596020405793615,0,
1.6049481245012,,,,,,0.603754624772774
1.6064,0.605231570604502,0.605231506493794,0.613628080461476,0.596834407141992,0,
1.60574620909816,,,,,,0.604566502906712
1.6072,0.606045207341137,0.60604513927665,0.614441457039117,0.597648302381521,0,
1.60654429369513,,,,,,0.6053782748636
1.608,0.606858736848728,0.606858664987144,0.615254725899192,0.598462091136193,0,
1.6073423782921,,,,,,0.606189940410155
1.6088,0.607672158867728,0.607672083481475,0.616067886901954,0.599275773065427,0,
1.60814046288907,,,,,,0.607001499362811
1.6096,0.608485473173967,0.608485394666037,0.616880939861675,0.600089347862835,0,
1.60893854748603,,,,,,0.607812951587719
1.6104,0.609298679693316,0.609298598497416,0.617693884665233,0.60090281525498,0,
1.609736632083,,,,,,0.608624297000747
1.6112,0.61011177819574,0.610111694982395,0.6185067212275,0.601716175002578,0,
1.61053471667997,,,,,,0.609435535567481
1.612,0.610924768556035,0.610924682981924,0.619319449490237,0.60252942696809,0,
1.61133280127694,,,,,,0.610246667303222
1.6128,0.611737650677484,0.611737561554544,0.620132069420989,0.603342570987101,0,
1.6121308858739,,,,,,0.611057690842339
1.6136,0.612550424490754,0.612550331666093,0.620944581011977,0.604155606890099,0,
1.61292897047087,,,,,,0.611868605336858
1.6144,0.613363089952782,0.613362993561495,0.621756984340332,0.604968534568286,0,
1.61372705506784,,,,,,0.612679412103313
1.6152,0.614175647045676,0.614175547308661,0.622569279513102,0.605781353940738,0,
1.6145251396648,,,,,,0.61349011117611
1.616,0.614988095775599,0.614987993015204,0.623381466568383,0.606594064953299,0,
1.61532322426177,,,,,,0.614300702628985
1.6168,0.61580043631788,0.615800330828443,0.624193545597242,0.60740666757747,0,
1.61612130885874,,,,,,0.615111186574998
1.6176,0.616612668685301,0.616612560935398,0.62500551672457,0.608219161809299,0,
1.61691939345571,,,,,,0.615921563166537
1.6184,0.617424792951068,0.617424683562797,0.62581738009635,0.609031547753148,0,
1.61771747805267,,,,,,0.616731832595314
1.6192,0.618236809231157,0.618236698977069,0.626629135878698,0.609843825490078,0,
1.61851556264964,,,,,,0.617541995092371
1.62,0.619048717663049,0.619048606822441,0.627440784256921,0.610655995067985,0,
1.61931364724661,,,,,,0.618352050928073
1.6208,0.619860518404781,0.619860405488654,0.628252325475862,0.611468056584983,0,
1.62011173184358,,,,,,0.619161999642454
1.6216,0.620672211633993,0.620672096501801,0.629063759821427,0.612280010169635,0,
1.62090981644054,,,,,,0.619971839445561
1.6224,0.621483797546976,0.621483680362806,0.62987508753263,0.61309185597148,0,
1.62170790103751,,,,,,0.620781572396809
1.6232,0.622295276456642,0.622295157343508,0.630686308859159,0.613903594160075,0,
1.62250598563448,,,,,,0.621591198741363
1.624,0.623106648611731,0.623106527744662,0.631497424091149,0.614715224924049,0,
1.62330407023144,,,,,,0.62240071875303
1.6248,0.623917914238093,0.623917791895942,0.632308433534978,0.615526748527756,0,
1.62410215482841,,,,,,0.62321013273426
1.6256,0.624729073619155,0.624728950155938,0.63311933751246,0.616338165246946,0,
1.62490023942538,,,,,,0.624019441016147
1.6264,0.625540127054937,0.62554000291216,0.63393013636003,0.617149475317194,0,
1.62569832402235,,,,,,0.624828643958427
1.6272,0.626351074861247,0.626350950581036,0.634740830450913,0.617960678998089,0,
1.62649640861931,,,,,,0.625637741949479
1.628,0.627161917368868,0.627161793536213,0.635551420203325,0.618771776582943,0,
1.62729449321628,,,,,,0.626446735406327
1.6288,0.627972654922746,0.627972530302306,0.636361906010703,0.619582768381206,0,
1.62809257781325,,,,,,0.627255624693529
1.6296,0.628783287936452,0.628783162410635,0.637172288247692,0.620393654717656,0,
1.62889066241022,,,,,,0.628064408096933
1.6304,0.62959381683545,0.629593690451344,0.637982567330444,0.621204435931584,0,
1.62968874700718,,,,,,0.628873087567795
1.6312,0.630404241968786,0.630404114854645,0.638792743687148,0.622015112408285,0,
1.63048683160415,,,,,,0.629681663514327
1.632,0.631214563747791,0.631214436072278,0.63960281775733,0.622825684568577,0,
1.63128491620112,,,,,,0.63049013636607
1.6328,0.632024782596125,0.63202465457752,0.640412789991166,0.623636152793532,0,
1.63208300079808,,,,,,0.631298506573891
1.6336,0.632834898949087,0.632834770865179,0.641222660860404,0.624446517468885,0,
1.63288108539505,,,,,,0.632106774609988
1.6344,0.633644913252917,0.633644785451595,0.642032430884819,0.625256779013472,0,
1.63367916999202,,,,,,0.632914940967882
1.6352,0.63445482596411,0.634454698874641,0.642842100572385,0.626066937858064,0,
1.63447725458899,,,,,,0.633723006162427
1.636,0.635264637576789,0.635264511693724,0.643651670389828,0.626876994444674,0,
1.63527533918595,,,,,,0.634530970729802
1.6368,0.636074348647932,0.636074223504881,0.644461140846798,0.627686949225861,0,
1.63607342378292,,,,,,0.635338835227513
1.6376,0.636883959616876,0.636883835134663,0.645270512461473,0.628496802680495,0,
1.63687150837989,,,,,,0.636146599152566
1.6384,0.637693470989989,0.637693347313991,0.646079785759977,0.629306555339903,0,
1.63766959297686,,,,,,0.636954263462488
1.6392,0.638502883282419,0.638502760586353,0.646888961275791,0.630116207692423,0,
1.63846767757382,,,,,,0.637761828859672
1.64,0.639312197017504,0.63931207548791,0.647698039552955,0.630925760217037,0,
1.63926576217079,,,,,,0.638569295867825
1.6408,0.640121412726189,0.640121292563877,0.648507021196302,0.63173521342561,0,
1.64006384676776,,,,,,0.639376665020091
1.6416,0.640930530946437,0.640930412368012,0.649315906807054,0.63254456783845,0,
1.64086193136472,,,,,,0.640183936858541
1.6424,0.641739552231829,0.641739435462092,0.650124696911782,0.633353823983717,0,
1.64166001596169,,,,,,0.640991111933661
1.6432,0.642548477261314,0.6425483624154,0.650933392090754,0.634162982396835,0,
1.64245810055866,,,,,,0.64179819080384
1.644,0.643357306526051,0.643357193804207,0.651741992930416,0.634972043625311,0,
1.64325618515563,,,,,,0.642605174034864
1.6448,0.644166040604071,0.644165930047936,0.652550500022923,0.635781008296841,0,
1.64405426975259,,,,,,0.643412062199395
1.6456,0.64497468007977,0.644974571690287,0.65335891396568,0.636589876980311,0,
1.64485235434956,,,,,,0.644218855701686
1.6464,0.645783225543447,0.645783119386954,0.654167235360879,0.637398650218341,0,
1.64565043894653,,,,,,0.645025555091738
1.6472,0.646591677590845,0.646591573716345,0.654975464815037,0.638207328593087,0,
1.6464485235435,,,,,,0.645832161027871
1.648,0.647400036822685,0.647399935252509,0.655783602938535,0.639015912692801,0,
1.64724660814046,,,,,,0.646638674078502
1.6488,0.648208303844204,0.64820820457055,0.656591650345153,0.63982440311137,0,
1.64804469273743,,,,,,0.647445094813679
1.6496,0.649016479264691,0.649016382245989,0.657399607664249,0.640632800447851,0,
1.6488427773344,,,,,,0.648251423804456
1.6504,0.649824563697029,0.64982446885413,0.658207475561046,0.64144110530601,0,
1.64964086193136,,,,,,0.649057661622261
1.6512,0.650632557757226,0.650632464969422,0.659015254676617,0.642249318293858,0,
1.65043894652833,,,,,,0.649863808838271
1.652,0.651440462094825,0.651440371164826,0.659822945608408,0.643057440023185,0,
1.6512370311253,,,,,,0.650669866022784
1.6528,0.65224827739867,0.652248188307177,0.660630548990358,0.643865471109102,0,
1.65203511572227,,,,,,0.651475833744585
1.6536,0.653056004241822,0.653055917368987,0.661438065458086,0.644673412187803,0,
1.65283320031923,,,,,,0.652281712879176
1.6544,0.653863643257846,0.653863558620297,0.662245495648475,0.645481263932449,0,
1.6536312849162,,,,,,0.653087504396464
1.6552,0.654671195082155,0.654671112680505,0.66305284019926,0.646289026963875,0,
1.65442936951317,,,,,,0.653893208532503
1.656,0.655478660351595,0.655478580188353,0.663860099748613,0.647096701891261,0,
1.65522745411014,,,,,,0.654698825918586
1.6568,0.656286039704029,0.656285961785332,0.664667274934726,0.647904289349644,0,
1.6560255387071,,,,,,0.655504357189007
1.6576,0.657093333777924,0.657093258115379,0.665474366395401,0.648711789975665,0,
1.65682362330407,,,,,,0.656309802980768
1.6584,0.657900543211936,0.657900469824587,0.666281374767632,0.649519204407149,0,
1.65762170790104,,,,,,0.657115163933288
1.6592,0.658707668644496,0.658707597560904,0.667088300769816,0.650326533282692,0,
1.658419792498,,,,,,0.657920440688107
1.66,0.659514710713391,0.659514641973839,0.667895145194385,0.651133777241247,0,
1.65921787709497,,,,,,0.658725633888595
1.6608,0.660321670055355,0.660321603710987,0.668701908677473,0.651940936921706,0,
1.66001596169194,,,,,,0.659530744179661
1.6616,0.661128547508636,0.661128483407449,0.669508591786047,0.652748012962486,0,
1.66081404628891,,,,,,0.660335772204219
1.6624,0.661935343800027,0.661935281726,0.670315195177972,0.653555006001114,0,
1.66161213088587,,,,,,0.661140718592552
1.6632,0.662742059434389,0.662741999317837,0.671121719510745,0.654361916794175,0,
1.66241021548284,,,,,,0.661945584003257
1.664,0.663548695070053,0.663548636833827,0.671928165441196,0.655168746114278,0,
1.66320830007981,,,,,,0.662750369082663
1.6648,0.664355251365096,0.664355194924421,0.672734533625196,0.655975494556943,0,
1.66400638467678,,,,,,0.663555074476981
1.6656,0.665161728977046,0.665161674239352,0.673540824717362,0.656782162718396,0,
1.66480446927374,,,,,,0.664359700832009
1.6664,0.665968128562587,0.665968719003497,0.674347039370762,0.657588751257178,0,
1.66560255387071,,,,,,0.665164248792826
1.6672,0.666774450777264,0.666774399013384,0.675153178236622,0.658395260831397,0,
1.66640063846768,,,,,,0.665968719003497
1.66719872306464,,,,,,0.666773112106765
1.668,0.667580696275192,0.667580645706995,0.675959241964031,0.659201692098437,0,
1.66799680766161,,,,,,0.667577428743755
1.6688,0.668386865708755,0.668386816216188,0.67676523129253,0.660008045714655,0,
1.66879489225858,,,,,,0.668381669553671
1.6696,0.669192959728317,0.669192911578458,0.677571146980793,0.660814322335095,0,
1.66959297685555,,,,,,0.669185835571963
1.6704,0.669998978981926,0.669998932219938,0.678376989619255,0.661620522613185,0,
1.67039106145251,,,,,,0.669989927219157
1.6712,0.670804924344415,0.670804878796314,0.679182759826896,0.662426647200451,0,
1.67118914604948,,,,,,0.670793945146049
1.672,0.671610796404714,0.671610751978204,0.679988458260049,0.663232696746213,0,
1.67198723064645,,,,,,0.671597890018459
1.6728,0.672416595756207,0.672416552436497,0.680794085573117,0.664038672033812,0,
1.67278531524342,,,,,,0.672401762502479
1.6736,0.673222323056299,0.673222280842211,0.681599642418352,0.664844573768336,0,
1.67358339984038,,,,,,0.673205563264329
1.6744,0.674027978960551,0.674027937866344,0.68240512944564,0.665650402541665,0,
1.67438148443735,,,,,,0.674009292970213
1.6752,0.674833564122453,0.674833524179727,0.683210547302278,0.66645615898561,0,
1.67517956903432,,,,,,0.674812952286177
1.676,0.675639079193216,0.675639040452889,0.684015896632762,0.667261843756801,0,
1.67597765363128,,,,,,0.675616541877967
1.6768,0.676444524821545,0.676444487355901,0.684821178078559,0.668067457509887,0,
1.67677573822825,,,,,,0.676420062410882
1.6776,0.677249901653425,0.677249865558238,0.685626392277899,0.668873000897316,0,
1.67757382282522,,,,,,0.677223514549637
1.6784,0.678055210331903,0.678055175728634,0.686431539954878,0.669678474569121,0,
1.67837190742219,,,,,,0.678026898958213
1.6792,0.678860451496863,0.678860418534932,0.687236621818814,0.670483879172692,0,
1.67916999201915,,,,,,0.678830216299719
1.68,0.679665625784814,0.679665594643947,0.68804163841992,0.671289215352567,0,
1.67996807661612,,,,,,0.679633467236248
1.6808,0.680470734050339,0.680470704721314,0.68884659039203,0.672094483750206,0,
1.68076616121309,,,,,,0.680436652428732
1.6816,0.681275776788379,0.681275749431347,0.689651478369746,0.672899685003778,0,
1.68156424581006,,,,,,0.681239772536801
1.6824,0.682080754631686,0.682080729436894,0.690456302984473,0.673704819880276,0,
1.68236233040702,,,,,,0.682042828218638
1.6832,0.682885668216402,0.682885645399191,0.691261064864249,0.674509889019904,0,
1.68316041500399,,,,,,0.682845820130839
1.684,0.683690518175537,0.68369049797772,0.692065764633582,0.675314893000145,0,
1.68395849960096,,,,,,0.683648748928266
1.6848,0.684495305138799,0.684495287800374,0.692870402913278,0.676119832456057,0,
1.68475658419793,,,,,,0.684451615263907
1.6856,0.685300029732426,0.685300014995272,0.693674980320273,0.676924708022192,0,
1.68555466879489,,,,,,0.685254419243083
1.6864,0.686104692579018,0.686104680092129,0.694479497467467,0.677729520329864,0,
1.68635275339186,,,,,,0.686057161359088
1.6872,0.686909294297367,0.686909284119735,0.695283954976272,0.678534270006977,0,
1.68715083798883,,,,,,0.686859842660455
1.688,0.687713835502293,0.687713827687572,0.696088353526835,0.679338957677862,0,
1.68794892258579,,,,,,0.687662463752652
1.6888,0.688518316804471,0.688518311399677,0.696892693762461,0.680143583963107,0,
1.68874700718276,,,,,,0.688465025235768
1.6896,0.689322738841952,0.689322735854404,0.697696976221428,0.680948149479387,0,
1.68954509177973,,,,,,0.689267527704277
1.6904,0.690127102358338,0.690127101644186,0.698501201506355,0.681752654839297,0,
1.6903431763767,,,,,,0.69006997174681
1.6912,0.690931407847954,0.690931409355306,0.699305370215915,0.682557100670151,0,
1.69114126097366,,,,,,0.690872357945917
1.692,0.691735655915219,0.691735659567656,0.700109482944717,0.683361487673456,0,
1.69193934557063,,,,,,0.691674686877838
1.6928,0.692539847160656,0.692539852854502,0.700913540283171,0.684165816443831,0,
1.6927374301676,,,,,,0.692476959112273
1.6936,0.693343982180764,0.693343989782254,0.701717542817367,0.684970087541745,0,
1.69353551476456,,,,,,0.69327917521214
1.6944,0.694148061567893,0.694148070910222,0.702521491128951,0.685774301569521,0,
1.69433359936153,,,,,,0.694081335733352
1.6952,0.694952085910119,0.694952096790387,0.703325385794991,0.686578459125505,0,
1.6951316839585,,,,,,0.694883441224579
1.696,0.695756055791116,0.695756067967165,0.704129227387861,0.68738256080394,0,
1.69592976855547,,,,,,0.695685492227017
1.6968,0.696559971790031,0.696559984977167,0.704933016504063,0.688186607194841,0,
1.69672785315243,,,,,,0.696487489274155
1.6976,0.697363834481359,0.697363848348969,0.705736753780553,0.688990598883867,0,
1.6975259377494,,,,,,0.697289432891543
1.6984,0.698167644434815,0.698167658602872,0.706540439790927,0.689794536452196,0,
1.69832402234637,,,,,,0.698091323596558
1.6992,0.698971402287621,0.698971416352997,0.707344075046905,0.690598420476399,0,
1.69912210694334,,,,,,0.698893161898171
1.7,0.699775108676902,0.699775123101796,0.708147660108282,0.691402251528313,0,
1.6999201915403,,,,,,0.699694949345156
1.7008,0.700578764081391,0.700578779683113,0.708951195530526,0.692206030218373,0,
1.70071827613727,,,,,,0.700496686911555
1.7016,0.701382369062799,0.701382385735364,0.709754681864692,0.69300975718397,0,
1.70151636073424,,,,,,0.7012983741338
1.7024,0.702185924178534,0.702185941803296,0.710558119657339,0.693813432967366,0,
1.70231444533121,,,,,,0.702100011553297
1.7032,0.702989429981623,0.70298944842642,0.711361509450445,0.694617058097285,0,
1.70311252992817,,,,,,0.702901599706272
1.704,0.703792887020624,0.7037929061389,0.712164851781326,0.695420633133051,0,
1.70391061452514,,,,,,0.703703139123673
1.7048,0.704596295839544,0.70459631546945,0.712968147182551,0.696224158629631,0,
1.70470869912211,,,,,,0.704504630331057
1.7056,0.705399656977759,0.705399676941216,0.713771396181861,0.697027635137554,0,
1.70550678371907,,,,,,0.70530607384848
1.7064,0.706202970969927,0.706202991071673,0.71457459934204,0.697831063202829,0,
1.70630486831604,,,,,,0.706107470190396
1.7072,0.707006238345903,0.707006258372513,0.715377757243207,0.698634443366859,0,
1.70710295291301,,,,,,0.706908819865541
1.708,0.707809459630662,0.707809479349535,0.716180870385576,0.69943777616636,0,
1.70790103750998,,,,,,0.707710123376827
1.7088,0.708612635444468,0.708612654502536,0.71698393925758,0.700241062133278,0,
1.70869912210694,,,,,,0.70851138122124
1.7096,0.709415766307314,0.709415784325202,0.717786964372859,0.701044301794703,0,
1.70949720670391,,,,,,0.70931259388972
1.7104,0.710218852689947,0.710218869304999,0.718589946240705,0.701847495733089,0,
1.71029529130088,,,,,,0.710113761867064
1.7112,0.711021895107886,0.711021909923062,0.719392885366017,0.702650644508575,0,
1.71109337589785,,,,,,0.710914885631812
1.712,0.711824894072322,0.711824906654085,0.720195782249254,0.703453748611685,0,
1.71189146049481,,,,,,0.711715965656138
1.7128,0.712627850090063,0.712627859966216,0.720998637386387,0.704256808540253,0,
1.71268954509178,,,,,,0.712517002405748
1.7136,0.713430763663494,0.71343077044791,0.721801451268855,0.70505982480735,0,
1.71348762968875,,,,,,0.713317996339763
1.7144,0.714233635290527,0.714233639421608,0.722604224383517,0.70586279792168,0,
1.71428571428571,,,,,,0.714118948812397
1.7152,0.715036465464557,0.7150364677249,0.723406957212605,0.70666572838754,0,
1.71508379888268,,,,,,0.714919860887893
1.716,0.715839254674415,0.715839254962266,0.724209650269765,0.707468616704767,0,
1.71588188347965,,,,,,0.715720732021185
1.7168,0.71664200340432,0.716642001628613,0.725012304066662,0.708271463368698,0,
1.71667996807662,,,,,,0.716521562704162
1.7176,0.717444712133833,0.717444708215343,0.725814919044688,0.709074268870118,0,
1.71747805267358,,,,,,0.717322353425243
1.7184,0.718247381428616,0.718247375210336,0.726617495666004,0.709877033695218,0,
1.71827613727055,,,,,,0.718123104669356
1.7192,0.719050011718812,0.719050003097937,0.727420034396454,0.710679758325548,0,
1.71907422186752,,,,,,0.718923816917936
1.72,0.719852603463169,0.719852592358947,0.728222535697614,0.711482443292684,0,
1.71987230646449,,,,,,0.719724490648905
1.7208,0.720655157129344,0.720655143470607,0.729025000026774,0.712285089080766,0,
1.72067039106145,,,,,,0.720525126336664
1.7216,0.721457673180732,0.721457656906591,0.729827427836915,0.713087696137294,0,
1.72146847565842,,,,,,0.721325724452078
1.7224,0.722260152076449,0.722260133136989,0.730629819576684,0.713890264926509,0,
1.72226656025539,,,,,,0.72212628546247
1.7232,0.723062594271307,0.723062572628297,0.731432175690374,0.714692795913622,0,
1.72306464485235,,,,,,0.722926809831602
1.724,0.723865000215791,0.723864975843406,0.7322344966179,0.715495289559567,0,
1.72386272944932,,,,,,0.723727298019666
1.7248,0.724667370356039,0.724667343241587,0.733036782796382,0.716297746320981,0,
1.72466081404629,,,,,,0.724527750483273
1.7256,0.725469705133815,0.725469675278482,0.733839034681942,0.717100166650183,0,
1.72545889864326,,,,,,0.725328167675441
1.7264,0.726272004986492,0.726271972406087,0.734641252720454,0.717902550995146,0,
1.72625698324022,,,,,,0.72612855004558
1.7272,0.727074270351069,0.727074235072747,0.735443437312552,0.71870489979948,0,
1.72705506783719,,,,,,0.726928898039482
1.728,0.727876501713052,0.727876463728585,0.736245588879974,0.719507213502407,0,
1.72785315243416,,,,,,0.727729212099312
1.7288,0.72867869945823,0.728678658844256,0.737047707840309,0.720309492541179,0,
1.72865123703113,,,,,,0.728529492693188
1.7296,0.729480864010083,0.729480820873263,0.737849794606983,0.721111737382179,0,
1.72944932162809,,,,,,0.729329740284754
1.7304,0.73028299578794,0.730282950217846,0.738651849589256,0.721913948450828,0,
1.73024740622506,,,,,,0.730129955266267
1.7312,0.731085095206972,0.731085047310087,0.739453873192211,0.72271612615576,0,
1.73104549082203,,,,,,0.730930138067409
1.732,0.731887162678182,0.731887112578474,0.740255865816743,0.723518270918048,0,
1.73184357541899,,,,,,0.731730289114298
1.7328,0.732689198608398,0.73268914644789,0.741057827859556,0.724320383154603,0,
1.73264166001596,,,,,,0.732530408829484
1.7336,0.733491203400262,0.733491149339599,0.741859759713148,0.725122463278171,0,
1.73343974461293,,,,,,0.733330497631935
1.7344,0.734293177452224,0.734293121671245,0.742661661771028,0.725924511697324,0,
1.7342378292099,,,,,,0.734130555937036
1.7352,0.735095121158532,0.735095063856838,0.743463534436632,0.72672652881645,0,
1.73503591380686,,,,,,0.734930584156571
1.736,0.735897034909222,0.735896976306745,0.744265378097982,0.727528515035743,0,
1.73583399840383,,,,,,0.735730582698723
1.7368,0.73669891910331,0.736698859427686,0.745067193117818,0.7283304707512,0,
1.7366320830008,,,,,,0.736530551968059
1.7376,0.737500774151196,0.73750071362272,0.745868979870757,0.729132396354606,0,
1.73743016759777,,,,,,0.737330492365525
1.7384,0.738302600406897,0.738302539291239,0.746670738727453,0.729934292241504,0,
1.73822825219473,,,,,,0.738130404288434
1.7392,0.739104398246671,0.739104336828956,0.747472470054594,0.730736158817874,0,
1.7390263367917,,,,,,0.738930288130461
1.74,0.739906168042813,0.739906106627903,0.748274174214906,0.73153799646011,0,
1.73982442138867,,,,,,0.739730144281633
1.7408,0.740707910163647,0.740707849076415,0.749075851567156,0.73233980553575,0,
1.74062250598563,,,,,,0.740529973128317
1.7416,0.741509624973535,0.741509564559125,0.749877502466155,0.733141586418727,0,
1.7414205905826,,,,,,0.741329775053218
1.7424,0.742311312832874,0.742311253391739,0.750679127262758,0.733943339479007,0,
1.74221867517957,,,,,,0.742129550435363
1.7432,0.743112974098103,0.743112915640212,0.751480726303867,0.734745065082588,0,
1.74301675977654,,,,,,0.742929299363072
1.744,0.743914609121705,0.743914551486788,0.752282299941124,0.735546763591503,0,
1.7438148443735,,,,,,0.743729021824484
1.7448,0.744716218252204,0.744716161648927,0.753083848530886,0.736348435363821,0,
1.74461292897047,,,,,,0.744528718644759
1.7456,0.745517801834174,0.745517746468211,0.753885372408693,0.737150080753653,0,
1.74541101356744,,,,,,0.745328390164247
1.7464,0.746319360230242,0.746319306281007,0.754686871898061,0.737951700111151,0,
1.74620909816441,,,,,,0.746128036718148
1.7472,0.747120893787317,0.747120841418416,0.755488347329222,0.738753293782511,0,
1.74700718276137,,,,,,0.746927658636454
1.748,0.747922402823649,0.747922352206229,0.756289799028735,0.739554862123292,0,
1.74780526735834,,,,,,0.747727256243911
1.7488,0.748723887670974,0.748723838964882,0.7570912273195,0.740356405486673,0,
1.74860335195531,,,,,,0.74852682985997
1.7496,0.749525348657351,0.749525302009404,0.757892632520771,0.741157924202273,0,
1.74940143655227,,,,,,0.749326379798738
1.7504,0.750326786107176,0.750326741649374,0.758694014948169,0.741959418596561,0,
1.75019952114924,,,,,,0.750125906368938
1.7512,0.751128200341189,0.751128158188876,0.759495374913692,0.742760888999103,0,
1.75099760574621,,,,,,0.750925409873858
1.752,0.751929591676492,0.751929551926446,0.76029671272573,0.743562335735793,0,
1.75179569034318,,,,,,0.751724890611308
1.7528,0.752730960426558,0.752730923431959,0.761098028689076,0.744363759128866,0,
1.75259377494014,,,,,,0.752524348873568
1.7536,0.753532306901245,0.753532271635942,0.761899323113922,0.745165159496911,0,
1.75331413764084,,,,,,0.753245932404107
1.75331413764084,,,,,,0.753245932404107
1.75339185953711,,,,,,0.753323784804662
1.7544,0.754333631406808,0.754333597247737,0.762700596309691,0.745966537154882,0,
1.75418994413408,,,,,,0.754123197501286
1.7552,0.75513493424591,0.755134901264113,0.763501848565459,0.746767892414112,0,
1.75498802873105,,,,,,0.754922588635218
1.756,0.755936215740428,0.755936184071571,0.764303080169659,0.747569225582323,0,
1.75578611332801,,,,,,0.755721958472927
1.7568,0.756737476180766,0.756737446180085,0.765104291411461,0.748370536963642,0,
1.75658419792498,,,,,,0.7565213077216
1.7576,0.757538715854062,0.757538687547174,0.765905482576701,0.749171826872416,0,
1.75738228252195,,,,,,0.757320636340256
1.7584,0.758339935050845,0.758339908612274,0.766706653947901,0.749973095611503,0,
1.75818036711891,,,,,,0.758119944283502
1.7592,0.759141134058299,0.759141110634247,0.767507805804288,0.750774343469369,0,
1.75897845171588,,,,,,0.758919233268863
1.76,0.759942313160288,0.759942293485717,0.768308938421812,0.751575570735248,0,
1.75977653631285,,,,,,0.759718503317079
1.7608,0.760743472637369,0.760743456797909,0.76911005207317,0.752376777697683,0,
1.76057462090982,,,,,,0.760517753919358
1.7616,0.761544612766817,0.761544600570823,0.76991114702782,0.753177964641886,0,
1.76137270550678,,,,,,0.7613169850757
1.7624,0.762345733822641,0.762345724804461,0.770712223552004,0.753979131849756,0,
1.76217079010375,,,,,,0.762116196786105
1.7632,0.763146836075604,0.763146829869525,0.771513281914231,0.754780279599898,0,
1.76296887470072,,,,,,0.762915389050573
1.764,0.763947919793246,0.763947917279358,0.772314322379519,0.755581408167645,0,
1.76376695929769,,,,,,0.763714563149163
1.7648,0.764748985239899,0.764748987850828,0.773115345199714,0.756382517825075,0,
1.76456504389465,,,,,,0.764513721129282
1.7656,0.765550032690588,0.7655500400335,0.773916350629011,0.75718360884103,0,
1.76536312849162,,,,,,0.765312860808447
1.7664,0.766351062395005,0.766351073827375,0.77471733891886,0.757984681481141,0,
1.76616121308859,,,,,,0.766111982186659
1.7672,0.767152074608387,0.767152089232452,0.775518310317695,0.758785736016256,0,
1.76695929768555,,,,,,0.766911085263918
1.768,0.767953069583405,0.767953086248732,0.776319265070959,0.759586772706073,0,
1.76775738228252,,,,,,0.767710170040224
1.7688,0.768754047569703,0.76875406650494,0.777120203421125,0.760387791803678,0,
1.76855546687949,,,,,,0.768509236515577
1.7696,0.769555008813924,0.769555032616484,0.777921125607722,0.761188793562781,0,
1.76935355147646,,,,,,0.769308290005665
1.7704,0.770355953559733,0.77035598203662,0.778722031867353,0.761989778234248,0,
1.77015163607342,,,,,,0.7701073269578
1.7712,0.771156882047838,0.771156914600253,0.779522922433719,0.762790746065932,0,
1.77094972067039,,,,,,0.770906347133957
1.772,0.771957794516014,0.771957830307384,0.78032379753795,0.763591697302698,0,
1.77174780526736,,,,,,0.771705350534136
1.7728,0.772758691199124,0.772758729158014,0.781124657409913,0.764392632186446,0,
1.77254588986433,,,,,,0.772504337158339
1.7736,0.773559572329144,0.773559612085721,0.781925502275914,0.765193550956129,0,
1.77334397446129,,,,,,0.773303307006563
1.7744,0.77436043813596,0.774360481227917,0.782726332356805,0.765994453847785,0,
1.77414205905826,,,,,,0.774102262988976
1.7752,0.775161288849471,0.775161336278447,0.783527147872439,0.766795341094549,0,
1.77494014365523,,,,,,0.774901205559957
1.776,0.775962124690499,0.775962175952627,0.78432794903993,0.767596212927154,0,
1.77573822825219,,,,,,0.775700132828044
1.7768,0.776762945880001,0.776763000250459,0.785128736073678,0.768397069575518,0,
1.77653631284916,,,,,,0.776499044793236
1.7776,0.777563752636182,0.777563809171943,0.785929509185396,0.769197911264056,0,
1.77733439744613,,,,,,0.777297941455533
1.7784,0.778364545174525,0.778364602886899,0.786730268584129,0.769998738213695,0,
1.7781324820431,,,,,,0.778096822814936
1.7792,0.779165323707814,0.779165382573944,0.787531014476282,0.770799550643744,0,
1.77893056664006,,,,,,0.778895689378071
1.78,0.779966088446157,0.779966149368213,0.788331747065638,0.771600348770777,0,
1.77972865123703,,,,,,0.779694543631248
1.7808,0.780766839597011,0.780766902311374,0.78913246655339,0.772401132808661,0,
1.780526735834,,,,,,0.780493384034085
1.7816,0.781567577365202,0.78156764159673,0.789933173138555,0.773201902968575,0,
1.78132482043097,,,,,,0.781292210778503
1.7824,0.782368301952953,0.782368367417586,0.790733867018267,0.774002659459039,0,
1.78212290502793,,,,,,0.782091024056424
1.7832,0.783169013559908,0.783169079967246,0.791534548386334,0.774803402485931,0,
1.7829209896249,,,,,,0.782889824059771
1.784,0.783969712384167,0.783969779439013,0.792335217433209,0.775604132252517,0,
1.78371907422187,,,,,,0.783688610980466
1.7848,0.784770398621413,0.784770466026193,0.79313587434765,0.776404848959472,0,
1.78451715881883,,,,,,0.784487385010431
1.7856,0.785571072462593,0.785571139922088,0.793936519315976,0.77720555280552,0,
1.7853152434158,,,,,,0.785286146341588
1.7864,0.786371734097443,0.786371801320004,0.794737152522096,0.778006243987312,0,
1.78611332801277,,,,,,0.78608489516586
1.7872,0.787172383713248,0.787172450413244,0.795537774147533,0.778806922697671,0,
1.78691141260974,,,,,,0.786883631675169
1.788,0.787973021494874,0.787973087395112,0.796338384371443,0.779607589126827,0,
1.7877094972067,,,,,,0.787682356061437
1.7888,0.788773647624789,0.788773712501466,0.797138983370649,0.780408243463041,0,
1.78850758180367,,,,,,0.788481068516586
1.7896,0.789574262283088,0.789574326034562,0.797939571319654,0.781208885892146,0,
1.78930566640064,,,,,,0.789279769348682
1.7904,0.790374865647517,0.790374928198247,0.798740148390675,0.782009516597567,0,
1.79010375099761,,,,,,0.790078458844017
1.7912,0.791175457893499,0.791175519103772,0.799540714753859,0.782810135760345,0,
1.79090183559457,,,,,,0.790877137061231
1.792,0.791976039194154,0.791976098950891,0.80034127057723,0.783610743559162,0,
1.79169992019154,,,,,,0.791675804198652
1.7928,0.792776609720331,0.792776667939359,0.801141816026224,0.784411340170367,0,
1.79249800478851,,,,,,0.792474460454606
1.7936,0.793577169641123,0.79357722626893,0.801942351264041,0.785211925767999,0,
1.79329608938547,,,,,,0.793273106027419
1.7944,0.794377719122935,0.794377774139359,0.802742876451868,0.78601250052381,0,
1.79409417398244,,,,,,0.794071741115419
1.7952,0.795178258329731,0.795178311750402,0.803543391748756,0.786813064607595,0,
1.79489225857941,,,,,,0.794870365916933
1.796,0.795978787423555,0.795978839301813,0.804343897311641,0.787613618186828,0,
1.79569034317638,,,,,,0.795668980630287
1.7968,0.796779306564302,0.796779356993346,0.805144393295369,0.788414161426442,0,
1.79648842777334,,,,,,0.796467585453807
1.7976,0.797579815909741,0.797579865024757,0.805944879852719,0.789214694489246,0,
1.79728651237031,,,,,,0.797266180585822
1.7984,0.798380315615544,0.7983803635958,0.806745357134434,0.790015217535989,0,
1.79808459696728,,,,,,0.798064766224658
1.7992,0.799180805835305,0.799180852413131,0.807545825289237,0.790815730725286,0,
1.79888268156425,,,,,,0.798863342568641
1.8,0.79998128672057,0.799981331016195,0.808346284463861,0.791616234213643,0,
1.79968076616121,,,,,,0.799661908575909
1.8008,0.800781758420858,0.800781799963757,0.809146734801967,0.79241672815548,0,
1.80047885075818,,,,,,0.800460464676624
1.8016,0.801582221083686,0.801582259770068,0.80994717644514,0.793217212703156,0,
1.80127693535515,,,,,,0.801259011612838
1.8024,0.802382674854596,0.802382710602434,0.810747609535109,0.794017688006994,0,
1.80207501995211,,,,,,0.802057549550659
1.8032,0.803183119874357,0.803183152628162,0.811548034210935,0.794818154215307,0,
1.80287310454908,,,,,,0.802856078656198
1.804,0.803983556285839,0.803983586014554,0.812348450609528,0.795618611474421,0,
1.80367118914605,,,,,,0.803654599095562
1.8048,0.804783984229026,0.804784010928918,0.813148858865936,0.796419059926985,0,
1.80446927374302,,,,,,0.804453111034863
1.8056,0.805584403841568,0.805584427538558,0.813949259113365,0.797219499715056,0,
1.80526735833998,,,,,,0.805251614640208
1.8064,0.806384815259249,0.806384836010779,0.814749651483206,0.798019930979755,0,
1.80606544293695,,,,,,0.806050110077707
1.8072,0.807185218615998,0.807185236512888,0.815550036105056,0.798820353859659,0,
1.80686352753392,,,,,,0.806848597513471
1.808,0.807985614043918,0.80798562921219,0.816350413106744,0.799620768491289,0,
1.80766161213089,,,,,,0.807647077113607
1.8088,0.808786001673312,0.808786014275989,0.817150782614352,0.800421175009311,0,
1.80845969672785,,,,,,0.808445549044226
1.8096,0.809586381632703,0.809586391871591,0.817951144751982,0.80122157354655,0,
1.80925778132482,,,,,,0.809244013471437
1.8104,0.81038675404886,0.810386762166301,0.818751499637826,0.802021964234024,0,
1.81005586592179,,,,,,0.810042470561348
1.8112,0.811187119046821,0.811187125327426,0.819551847389288,0.802822347200959,0,
1.81085395051876,,,,,,0.81084092048007
1.812,0.811987476749249,0.811987481522269,0.820352188129653,0.80362272257482,0,
1.81165203511572,,,,,,0.811639363393712
1.8128,0.812787827267417,0.812787830711744,0.821152521975907,0.804423090481329,0,
1.81245011971269,,,,,,0.812437799468384
1.8136,0.813588170728254,0.813588171722675,0.821952849043366,0.805223451044087,0,
1.81324820430966,,,,,,0.813236228399405
1.8144,0.814388507249408,0.814388504378427,0.822753169445704,0.806023804378839,0,
1.81404628890662,,,,,,0.814034647916805
1.8152,0.815188836946852,0.815188830136268,0.823553483294968,0.806824150606382,0,
1.81484437350359,,,,,,0.814833060510717
1.816,0.815989159934902,0.815989149129128,0.824353790701599,0.807624489848009,0,
1.81564245810056,,,,,,0.81563146631312
1.8168,0.816789476326243,0.816789461489939,0.825154091774461,0.808424822220354,0,
1.81644054269753,,,,,,0.816429865455995
1.8176,0.817589786231946,0.817589767351629,0.825954386620852,0.809225147838387,0,
1.81723862729449,,,,,,0.817228258071322
1.8184,0.818390089761492,0.818390066847131,0.826754675346533,0.81002546681544,0,
1.81803671189146,,,,,,0.818026644291082
1.8192,0.819190387022794,0.819190360109374,0.827554958055746,0.810825779263221,0,
1.81883479648843,,,,,,0.818825024247253
1.82,0.819990678122213,0.819990647271289,0.828355234851237,0.811626085291839,0,
1.8196328810854,,,,,,0.819623398071818
1.8208,0.820790963164588,0.820790928465806,0.829155505834274,0.812426385009826,0,
1.82043096568236,,,,,,0.820421765896755
1.8216,0.821591242253248,0.821591203825855,0.829955771104672,0.813226678524156,0,
1.82122905027933,,,,,,0.821220127854045
1.8224,0.82239151549004,0.822391473484367,0.830756030760814,0.814026965940269,0,
1.8220271348763,,,,,,0.822018484075668
1.8232,0.823191782975349,0.823191737574274,0.831556284899668,0.81482724736209,0,
1.82282521947326,,,,,,0.822816834693604
1.824,0.823992044808115,0.823991996228503,0.832356533616815,0.815627522892052,0,
1.82362330407023,,,,,,0.823615179839834
1.8248,0.824792301085862,0.824792249579987,0.833156777006463,0.816427792631115,0,
1.8244213886672,,,,,,0.824413519646337
1.8256,0.82559255190471,0.825592497761656,0.833957015161476,0.817228056678792,0,
1.82521947326417,,,,,,0.825211854245094
1.8264,0.826392797359406,0.82639274090644,0.834757248173388,0.818028315133163,0,
1.82601755786113,,,,,,0.826010183768085
1.8272,0.827193037543338,0.827192978374663,0.835557476132431,0.818828568090904,0,
1.8268156424581,,,,,,0.82680850834729
1.828,0.82799327254856,0.827993209653381,0.836357699127549,0.819628815647302,0,
1.82761372705507,,,,,,0.827606826510439
1.8288,0.82879350246581,0.828793435456783,0.837157917243706,0.820429057896281,0,
1.82841181165204,,,,,,0.828405138789245
1.8296,0.829593727384537,0.829593656304255,0.837958130562342,0.821229294930422,0,
1.829209896249,,,,,,0.829203446082703
1.8304,0.830393947392916,0.830393872305721,0.838758339169668,0.822029526840982,0,
1.83000798084597,,,,,,0.830001748499953
1.8312,0.831194162570928,0.831194083571108,0.839558543152968,0.822829753717917,0,
1.83080606544294,,,,,,0.830800046150133
1.832,0.831994373002288,0.831994290210338,0.840358742594704,0.823629975649904,0,
1.8316041500399,,,,,,0.831598339142383
1.8328,0.832794578777089,0.832794492333338,0.841158937576156,0.824430192720138,0,
1.83240223463687,,,,,,0.832396627585841
1.8336,0.83359477997826,0.833594690050031,0.841959128177448,0.825230405010874,0,
1.83320031923384,,,,,,0.833194911589647
1.8344,0.834394976687543,0.834394883470344,0.842759314477561,0.826030612609709,0,
1.83399840383081,,,,,,0.833993191262939
1.8352,0.835195168985511,0.835195072704199,0.843559496554362,0.826830815602381,0,
1.83479648842777,,,,,,0.834791466714856
1.836,0.835995356951591,0.835995257861523,0.844359674484615,0.827631014071099,0,
1.83559457302474,,,,,,0.835589738054538
1.8368,0.836795540664083,0.83679543905224,0.845159848344013,0.828431208096897,0,
1.83639265762171,,,,,,0.836388005391123
1.8376,0.837595720200181,0.837595616386275,0.845960018207189,0.829231397759654,0,
1.83719074221868,,,,,,0.837186268833751
1.8384,0.838395895635995,0.838395789973552,0.846760184147741,0.830031583138112,0,
1.83798882681564,,,,,,0.837984528491559
1.8392,0.83919606704657,0.839195959923997,0.847560346238252,0.830831764309903,0,
1.83878691141261,,,,,,0.838782784473688
1.84,0.839996234505905,0.839996126347534,0.84836050455031,0.831631941351561,0,
1.83958499600958,,,,,,0.839581036889277
1.8408,0.84079639808698,0.840796289130575,0.849160659154531,0.832432114338552,0,
1.84038308060654,,,,,,0.840379285847463
1.8416,0.841596557861768,0.841596446956734,0.849960810120576,0.833232283345286,0,
1.84118116520351,,,,,,0.84117753102953
1.8424,0.842396713901264,0.842396599996219,0.850760957517175,0.834032448445144,0,
1.84197924980048,,,,,,0.841975770220086
1.8432,0.843196866275498,0.843196749409555,0.851561101412144,0.834832609710497,0,
1.84277733439745,,,,,,0.842774005759033
1.844,0.843997015053562,0.843996895278498,0.85236124187241,0.835632767212722,0,
1.84357541899441,,,,,,0.843572237727542
1.8448,0.844797160303627,0.844797037684804,0.853161378964028,0.83643292102223,0,
1.84437350359138,,,,,,0.844370466206783
1.8456,0.845597302092965,0.845597176710228,0.853961512752203,0.837233071208483,0,
1.84517158818835,,,,,,0.84516869127793
1.8464,0.846397440487968,0.846397312436526,0.854761643301312,0.838033217840014,0,
1.84596967278532,,,,,,0.845966913022152
1.8472,0.847197575554173,0.847197444945455,0.855561770674923,0.838833360984448,0,
1.84676775738228,,,,,,0.846765131520621
1.848,0.847997707356275,0.847997574318768,0.856361894880803,0.839633500708524,0,
1.84756584197925,,,,,,0.847563346854509
1.8488,0.848797835958156,0.848797700638224,0.857162015937114,0.840433637078113,0,
1.84836392657622,,,,,,0.848361559104986
1.8496,0.8495979614229,0.849597823985576,0.85796213397117,0.841233770158245,0,
1.84916201117318,,,,,,0.849159768353225
1.8504,0.850398083672309,0.850397944442582,0.858762249044447,0.842033900013118,0,
1.84996009577015,,,,,,0.849957974680396
1.8512,0.851198202874302,0.851198062090996,0.859562361213841,0.842834026706133,0,
1.85075818036712,,,,,,0.850756178167671
1.852,0.851998319093092,0.851998177012575,0.860362470535412,0.843634150214405,0,
1.85155626496409,,,,,,0.851554378896221
1.8528,0.852798432385905,0.852798289289074,0.8611625770644,0.844434270609496,0,
1.85235434956105,,,,,,0.852352576947218
1.8536,0.853598542809126,0.853598399002249,0.861962680855242,0.845234387996224,0,
1.85315243415802,,,,,,0.853150772401832
1.8544,0.854398650418314,0.854398506233856,0.862762781961592,0.846034502434549,0,
1.85395051875499,,,,,,0.853948965341235
1.8552,0.855198755268216,0.855198610312905,0.863562880436333,0.84683461398119,0,
1.85474860335196,,,,,,0.854747155846599
1.856,0.855998857412789,0.855998710912923,0.864362976331599,0.847634722692028,0,
1.85554668794892,,,,,,0.855545342668215
1.8568,0.856798956905216,0.856798808624292,0.865163069698789,0.848434828622129,0,
1.85634477254589,,,,,,0.856343526197631
1.8576,0.857599053797921,0.85759890380191,0.865963160588587,0.849234931825762,0,
1.85714285714286,,,,,,0.857141707170038
1.8584,0.858399148142587,0.858398996508256,0.866763249050976,0.850035032356413,0,
1.85794094173982,,,,,,0.857939885647468
1.8592,0.859199239990174,0.85919908680581,0.867563335135256,0.850835130266804,0,
1.85873902633679,,,,,,0.858738061691954
1.86,0.859999329390938,0.859999174757048,0.868363418890064,0.851635225608908,0,
1.85953711093376,,,,,,0.859536235365527
1.8608,0.860799416394441,0.860799260424449,0.869163500363386,0.852435318433972,0,
1.86033519553073,,,,,,0.860334406730218
1.8616,0.861599501049578,0.861599343870493,0.869963579602581,0.853235408792525,0,
1.86113328012769,,,,,,0.86113257584806
1.8624,0.862399583404586,0.862399425157656,0.870763656654389,0.854035496734403,0,
1.86193136472466,,,,,,0.861930742781084
1.8632,0.863199663507066,0.863199504348419,0.871563731564959,0.854835582308763,0,
1.86272944932163,,,,,,0.862728907591322
1.864,0.863999741403997,0.863999581505258,0.872363804379855,0.855635665564101,0,
1.8635275339186,,,,,,0.863527070340807
1.8648,0.864799817141755,0.864799656690653,0.873163875144083,0.856435746548266,0,
1.86432561851556,,,,,,0.864325231091569
1.8656,0.865599890766131,0.865599729967081,0.873963943902101,0.857235825308482,0,
1.86512370311253,,,,,,0.86512338990564
1.8664,0.866399962322345,0.866399801397022,0.874764010671447,0.858035901891362,0,
1.8659217877095,,,,,,0.865921546845052
1.8672,0.867200031855067,0.867199871042954,0.875564075432359,0.858835976342927,0,
1.86671987230646,,,,,,0.866719701971838
1.868,0.868000099408429,0.867999938967354,0.876364138228798,0.859636048708621,0,
1.86751795690343,,,,,,0.867517855348028
1.8688,0.868800164958615,0.868800005141899,0.877164199157212,0.860436119033329,0,
1.8683160415004,,,,,,0.868316007035654
1.8696,0.869600228492166,0.869600069029889,0.877964258256572,0.861236187361395,0,
1.86911412609737,,,,,,0.869114156947007
1.8704,0.870400290142339,0.870400130828218,0.878764315565262,0.862036253695597,0,
1.86991221069433,,,,,,0.869912304257917
1.8712,0.87120034994834,0.871200190898632,0.879564371121093,0.862836318018422,0,
1.8707102952913,,,,,,0.870710449824509
1.872,0.872000407948779,0.872000249281318,0.880364424961319,0.863636380405707,0,
1.87150837988827,,,,,,0.87150859368716
1.8728,0.872800464181688,0.872800306015681,0.881164477122648,0.864436440933467,0,
1.87230646448524,,,,,,0.872306735885468
1.8736,0.873600518684537,0.873600361140343,0.881964527641257,0.865236499640547,0,
1.8731045490822,,,,,,0.873104876458258
1.8744,0.874400571494243,0.87440041469314,0.882764576552807,0.866036556565205,0,
1.87390263367917,,,,,,0.873903015443576
1.8752,0.87520062264719,0.875200466711125,0.883564623892458,0.866836611745131,0,
1.87470071827614,,,,,,0.874701152878692
1.876,0.876000672179236,0.876000517230568,0.884364669694879,0.86763666521746,0,
1.8754988028731,,,,,,0.8754992888001
1.8768,0.876800720125736,0.876800566286954,0.885164713994269,0.868436717018784,0,
1.87629688747007,,,,,,0.87629742324352
1.8776,0.877600766521548,0.877600613914986,0.885964756824362,0.869236767185169,0,
1.87709497206704,,,,,,0.877095556243891
1.8784,0.87840081140105,0.878400660148581,0.88676479821845,0.870036815752166,0,
1.87789305666401,,,,,,0.87789368783538
1.8792,0.879200854798157,0.879200705020874,0.887564838209392,0.870836862754826,0,
1.87869114126097,,,,,,0.878691818051376
1.88,0.88000089674633,0.880000748564216,0.88836487682963,0.871636908227718,0,
1.87948922585794,,,,,,0.879489946924491
1.8808,0.880800937278595,0.880800790810174,0.889164914111199,0.872436952204938,0,
1.88028731045491,,,,,,0.880288074486561
1.8816,0.881600976427552,0.881600831789531,0.889964950085749,0.873236994720125,0,
1.88108539505188,,,,,,0.881086200768648
1.8824,0.882401014225395,0.882400871532286,0.890764984784552,0.874037035806474,0,
1.88188347964884,,,,,,0.881884325801034
1.8832,0.883201050703921,0.88320090993785,0.89156501823852,0.874837075496754,0,
1.88268156424581,,,,,,0.882682449613228
1.884,0.884001085894546,0.884000946985119,0.892365050478217,0.875637113823318,0,
1.88347964884278,,,,,,0.883480572034136
1.8848,0.884801119828321,0.884800982776083,0.893165081533874,0.876437150818117,0,
1.88427773343974,,,,,,0.884278693124601
1.8856,0.885601152535941,0.885601017367126,0.893965111371701,0.877237186512718,0,
1.88507581803671,,,,,,0.885076813007673
1.8864,0.886401184047765,0.886401050777936,0.894765139961411,0.878037220938314,0,
1.88587390263368,,,,,,0.885874931703552
1.8872,0.887201214393828,0.887201083027199,0.895565167403206,0.878837254125741,0,
1.88667198723065,,,,,,0.886673049231441
1.888,0.888001243441054,0.888001114132593,0.896365193740288,0.879637286105489,0,
1.88747007182761,,,,,,0.887471165609551
1.8888,0.888801271319057,0.888801144110795,0.897165218998206,0.880437316907719,0,
1.88826815642458,,,,,,0.888269280855096
1.8896,0.889601298082284,0.889601172977477,0.897965243202117,0.881237346463182,0,
1.88906624102155,,,,,,0.889067394984296
1.8904,0.890401323756442,0.890401200747304,0.898765266376792,0.8820373747987,0,
1.88986432561852,,,,,,0.889865508012377
1.8912,0.89120134836684,0.891201227433941,0.899565288546629,0.882837401998135,0,
1.89066241021548,,,,,,0.890663619953568
1.892,0.892001371938397,0.892001253050047,0.900365309735664,0.883637428098439,0,
1.89146049481245,,,,,,0.891461730821106
1.8928,0.892801394495654,0.892801277607273,0.901165329967581,0.884437453125076,0,
1.89225857940942,,,,,,0.892259840627231
1.8936,0.893601416062786,0.893601301116272,0.901965349265726,0.88523747710312,0,
1.89305666400638,,,,,,0.89305794938319
1.8944,0.894401436663613,0.894401323586688,0.902765367653116,0.886037500057259,0,
1.89385474860335,,,,,,0.893856057099233
1.8952,0.89520145632161,0.895201345027163,0.903565385152449,0.88683752201181,0,
1.89465283320032,,,,,,0.894654163784618
1.896,0.896001475059921,0.896001365445334,0.904365401786119,0.887637542990735,0,
1.89545091779729,,,,,,0.895452269447607
1.8968,0.896801492901366,0.896801384917957,0.905165417576224,0.888437563017642,0,
1.89624900239425,,,,,,0.896250374095465
1.8976,0.897601509868456,0.897601403924003,0.90596543254458,0.889237582115806,0,
1.89704708699122,,,,,,0.897048477836038
1.8984,0.898401525983402,0.898401422272566,0.906765446712726,0.890037600308172,0,
1.89784517158819,,,,,,0.897846581311738
1.8992,0.899201541268126,0.899201439802376,0.907565460101943,0.890837617617374,0,
1.89864325618516,,,,,,0.898644683959649
1.9,0.900001555744275,0.900001456531908,0.908365472733262,0.891637634065739,0,
1.89944134078212,,,,,,0.899442785798421
1.9008,0.900801569433228,0.900801472479188,0.909165484627473,0.892437649675303,0,
1.90023942537909,,,,,,0.90024088684626
1.9016,0.901601582356111,0.901601487661792,0.90996549580514,0.893237664467821,0,
1.90103750997606,,,,,,0.901038987120929
1.9024,0.902401594533805,0.90240150209685,0.910765506286607,0.894037678464776,0,
1.90183559457302,,,,,,0.901837086639747
1.9032,0.90320160598696,0.903201515801042,0.911565516092017,0.894837691687395,0,
1.90263367916999,,,,,,0.902635185419587
1.904,0.904001616736005,0.904001528790602,0.912365525223229,0.895637704156653,0,
1.90343176376696,,,,,,0.90343328347688
1.9048,0.904801626801159,0.904801541081314,0.913165533636827,0.896437715893292,0,
1.90422984836393,,,,,,0.904231380827613
1.9056,0.90560163620244,0.905601552688514,0.913965541338697,0.897237726917826,0,
1.90502793296089,,,,,,0.905029477487329
1.9064,0.906401644913456,0.90640156362709,0.914765548410703,0.898037737250557,0,
1.90582601755786,,,,,,0.905827573471125
1.9072,0.907201652864303,0.907201573911482,0.915565554869347,0.898837746911582,0,
1.90662410215483,,,,,,0.906625668793657
1.908,0.908001660178788,0.908001583555682,0.916365560730862,0.899637755892667,0,
1.9074221867518,,,,,,0.907423763469135
1.9088,0.908801666873518,0.908801592573232,0.917165566011224,0.900437764140932,0,
1.90822027134876,,,,,,0.908221857511326
1.9096,0.909601672964829,0.909601600977228,0.917965570726157,0.901237771704394,0,
1.90901835594573,,,,,,0.909019950933553
1.9104,0.910401678468796,0.910401608780317,0.918765574891147,0.902037778641603,0,
1.9098164405427,,,,,,0.909818043748694
1.9112,0.911201683401241,0.911201615968108,0.919565578521444,0.902837784969,0,
1.91061452513966,,,,,,0.910616135969185
1.912,0.912001687777738,0.912001622546461,0.920365581632076,0.903637790702764,0,
1.91141260973663,,,,,,0.91141422757077
1.9128,0.91280169161363,0.912801628541318,0.921165584237854,0.904437795858814,0,
1.9122106943336,,,,,,0.912212318570351
1.9136,0.913601694924029,0.913601633967451,0.921965586353384,0.905237800452822,0,
1.91300877893057,,,,,,0.913010408996904
1.9144,0.914401697723828,0.914401638834092,0.922765587993073,0.906037804500222,0,
1.91380686352753,,,,,,0.913808498859953
1.9152,0.915201700027713,0.915201643149984,0.923565589171136,0.906837808016214,0,
1.9146049481245,,,,,,0.914606588168536
1.916,0.916001701850165,0.916001646923382,0.924365589901611,0.907637811015781,0,
1.91540303272147,,,,,,0.915404676931208
1.9168,0.916801703205474,0.916801650162049,0.925165590198361,0.908437813513687,0,
1.91620111731844,,,,,,0.916202765156039
1.9176,0.917601704107744,0.917601652873263,0.925965590075084,0.909237815524494,0,
1.9169992019154,,,,,,0.917000852850615
1.9184,0.918401704570904,0.918401655063812,0.926765589545324,0.910037817062567,0,
1.91779728651237,,,,,,0.917798940022039
1.9192,0.919201704608715,0.919201656739996,0.92756558862248,0.910837818142081,0,
1.91859537110934,,,,,,0.918597026676929
1.92,0.920001704234781,0.920001657907624,0.928365587319811,0.911637818777036,0,
1.9193934557063,,,,,,0.91939511282142
1.9208,0.920801703462553,0.92080165857202,0.929165585650445,0.912437818981258,0,
1.92019154030327,,,,,,0.920193198461162
1.9216,0.921601702305344,0.921601658738016,0.929965583627393,0.913237818768412,0,
1.92098962490024,,,,,,0.920991283601321
1.9224,0.922401700776332,0.922401658409958,0.93076558126355,0.91403781815201,0,
1.92178770949721,,,,,,0.921789368246581
1.9232,0.923201698888571,0.9232016575917,0.931565578533112,0.914837817145417,0,
1.92258579409417,,,,,,0.922587452401138
1.924,0.924001696654999,0.924001656286613,0.932365575404601,0.915637815761866,0,
1.92338387869114,,,,,,0.923385536068709
1.9248,0.924801694088447,0.924801654552835,0.933165571927818,0.916437814014458,0,
1.92418196328811,,,,,,0.924183619252522
1.9256,0.925601691102993,0.925601652778444,0.93396556813384,0.917237811916176,0,
1.92498004788508,,,,,,0.924981702026686
1.9264,0.926401687751874,0.926401650746092,0.934765564032858,0.918037809479895,0,
1.92577813248204,,,,,,0.925779784868805
1.9272,0.927201684079548,0.927201648371174,0.9355655596349,0.918837806658327,0,
1.92657621707901,,,,,,0.926577867360189
1.928,0.92800168009627,0.928001645666325,0.936365554949833,0.919637803450266,0,
1.92737430167598,,,,,,0.927375949513445
1.9288,0.928801675812131,0.928801642644101,0.937165549987375,0.920437799903604,0,
1.92817238627294,,,,,,0.928174031341098
1.9296,0.92960167123706,0.929601639316978,0.937965544757098,0.921237796041978,0,
1.92897047086991,,,,,,0.928972112855598
1.9304,0.93040166638083,0.930401635697353,0.938765539268436,0.922037791875543,0,
1.92976855546688,,,,,,0.929770194069315
1.9312,0.931201661253071,0.931201631797544,0.939565533530689,0.922837787414291,0,
1.93056664006385,,,,,,0.93056827499454
1.932,0.932001655863267,0.932001627629791,0.940365527553033,0.923637782668057,0,
1.93136472466081,,,,,,0.931366355643487
1.9328,0.93280165022077,0.932801623206252,0.941165521344525,0.924437777646526,0,
1.93216280925778,,,,,,0.932164436028291
1.9336,0.933601644334803,0.93360161853901,0.94196551491411,0.925237772359239,0,
1.93296089385475,,,,,,0.932962516161008
1.9344,0.934401638214469,0.934401613640065,0.942765508270626,0.926037766815601,0,
1.93375897845172,,,,,,0.933760596053618
1.9352,0.935201631868753,0.93520160852134,0.943565501422811,0.926837761024884,0,
1.93455706304868,,,,,,0.934558675718019
1.936,0.936001625306536,0.936001603194679,0.944365494379313,0.927637754996239,0,
1.93535514764565,,,,,,0.935356755166034
1.9368,0.936801618536591,0.936801597671845,0.94516548714869,0.928437748738697,0,
1.93615323224262,,,,,,0.936154834409406
1.9376,0.937601611567601,0.937601591964524,0.945965479739422,0.929237742261179,0,
1.93695131683959,,,,,,0.936952913459799
1.9384,0.938401604408157,0.938401586084322,0.946765472159917,0.930037735572501,0,
1.93774940143655,,,,,,0.937750992328801
1.9392,0.93920159706677,0.939201580042767,0.947565464418514,0.93083772868138,0,
1.93854748603352,,,,,,0.938549071027919
1.94,0.940001589551872,0.940001573851305,0.948365456523492,0.931637721596446,0,
1.93934557063049,,,,,,0.939347149568584
1.9408,0.940801581871829,0.940801567521306,0.949165448483079,0.932437714326238,0,
1.94014365522745,,,,,,0.940145227962146
1.9416,0.941601574034942,0.941601561064058,0.949965440298129,0.93323770687922,0,
1.94094173982442,,,,,,0.940943306219879
1.9424,0.942401566049455,0.942401554490774,0.950765431932253,0.934037699263784,0,
1.94173982442139,,,,,,0.941741384352977
1.9432,0.943201557923566,0.943201547812584,0.951565423374106,0.934837691488257,0,
1.94253790901836,,,,,,0.942539462372558
1.944,0.944001549646712,0.94400154104054,0.952365414681025,0.935637683560905,0,
1.94333599361532,,,,,,0.943337540289658
1.9448,0.944801541142303,0.944801534185615,0.953165405859172,0.936437675489943,0,
1.94413407821229,,,,,,0.944135618115237
1.9456,0.945601532500532,0.945601527258704,0.953965396914612,0.937237667272148,0,
1.94493216280926,,,,,,0.944933695860177
1.9464,0.946401523727604,0.946401520270622,0.954765387853307,0.938037658856762,0,
1.94573024740623,,,,,,0.945731773535281
1.9472,0.947201514829619,0.947201513232104,0.95556537868113,0.938837650268729,0,
1.94652833200319,,,,,,0.946529851151274
1.948,0.948001505812579,0.948001506153807,0.956365369403864,0.939637641547111,0,
1.94732641660016,,,,,,0.9473279287188
1.9488,0.948801496682391,0.948801499046309,0.957165360027209,0.94043763269805,0,
1.94812450119713,,,,,,0.948126006248429
1.9496,0.949601487444872,0.949601491920107,0.957965350556788,0.941237623727586,0,
1.94892258579409,,,,,,0.94892408375065
1.9504,0.950401478105753,0.950401484785622,0.958765340998148,0.942037614641663,0,
1.94972067039106,,,,,,0.949722161235873
1.9512,0.951201468670686,0.951201477653194,0.959565331356769,0.942837605446133,0,
1.95051875498803,,,,,,0.950520238714431
1.952,0.952001459145248,0.952001470533083,0.960365321638066,0.943637596146761,0,
1.951316839585,,,,,,0.95131831619658
1.9528,0.952801449534942,0.952801463229116,0.961165311847394,0.94443758674923,0,
1.95211492418196,,,,,,0.952116393692494
1.9536,0.953601439845208,0.953601454367636,0.961965301990054,0.945237577259146,0,
1.95291300877893,,,,,,0.952914470971877
1.9544,0.954401430081423,0.954401445139484,0.962765292071298,0.946037567682041,0,
1.9537110933759,,,,,,0.953712546478102
1.9552,0.95520142024891,0.955201435781431,0.963565282096331,0.94683755802338,0,
1.95450917797287,,,,,,0.954510621850416
1.956,0.956001410352937,0.956001426298892,0.964365272070318,0.947637548288565,0,
1.95530726256983,,,,,,0.955308697094195
1.9568,0.956801400398726,0.956801416697282,0.96516526199839,0.948437538482939,0,
1.9561053471668,,,,,,0.956106772214814
1.9576,0.957601390391458,0.957601406982014,0.965965251885645,0.949237528611792,0,
1.95690343176377,,,,,,0.956904847217649
1.9584,0.958401380336275,0.958401397158503,0.966765241737156,0.950037518680365,0,
1.95770151636073,,,,,,0.957702922108076
1.9592,0.959201370238288,0.959201387232164,0.967565231557976,0.950837508693853,0,
1.9584996009577,,,,,,0.958500996891471
1.96,0.960001360102578,0.960001377208412,0.968365221353138,0.951637498657415,0,
1.95929768555467,,,,,,0.959299071573209
1.9608,0.960801349934204,0.96080136709266,0.969165211104711,0.952437488576173,0,
1.96009577015164,,,,,,0.960097146158667
1.9616,0.961601339738206,0.961601356890324,0.969965200785018,0.953237478455221,0,
1.9608938547486,,,,,,0.96089522065322
1.9624,0.962401329519611,0.962401346606817,0.970765190416485,0.954037468299625,0,
1.96169193934557,,,,,,0.961693295062243
1.9632,0.963201319224762,0.963201336247555,0.971565180023281,0.954837458114434,0,
1.96249002394254,,,,,,0.962491369391114
1.964,0.964001308866406,0.964001325817952,0.972365169608821,0.955637447904679,0,
1.96328810853951,,,,,,0.963289443645207
1.9648,0.964801298482035,0.964801315323423,0.973165159176454,0.956437437639661,0,
1.96408619313647,,,,,,0.964087517829899
1.9656,0.965601288075087,0.965601304769381,0.973965148729474,0.95723742730615,0,
1.96488427773344,,,,,,0.964885591950565
1.9664,0.966401277648936,0.966401294161242,0.974765138271118,0.958037416931957,0,
1.96568236233041,,,,,,0.965683666012581
1.9672,0.967201267206896,0.96720128350442,0.97556512780457,0.958837406533841,0,
1.96648044692737,,,,,,0.966481740021323
1.968,0.968001256752227,0.96800127280433,0.976365117332969,0.959637396115202,0,
1.96727853152434,,,,,,0.967279813982167
1.9688,0.968801246288133,0.968801262066385,0.977165106859404,0.960437385679378,0,
1.96807661612131,,,,,,0.968077887900488
1.9696,0.969601235817769,0.969601251296001,0.977965096386925,0.96123737522965,0,
1.96887470071828,,,,,,0.968875961781663
1.9704,0.970401225344242,0.970401240498593,0.978765085918542,0.962037364769243,0,
1.96967278531524,,,,,,0.969674035631067
1.9712,0.971201214870618,0.971201229679574,0.97956507545723,0.962837354301332,0,
1.97047086991221,,,,,,0.970472109454076
1.972,0.972001204399921,0.972001218844359,0.980365065005929,0.963637343829042,0,
1.97126895450918,,,,,,0.971270183256066
1.9728,0.972801193935139,0.972801207998363,0.981165054567554,0.964437333355456,0,
1.97206703910615,,,,,,0.972068257042412
1.9736,0.973601183479225,0.973601197147,0.981965044144992,0.965237322883614,0,
1.97286512370311,,,,,,0.972866330818491
1.9744,0.974401173035104,0.974401186295685,0.982765033741109,0.966037312416518,0,
1.97366320830008,,,,,,0.973664404589678
1.9752,0.975201162605672,0.975201175449832,0.983565023358749,0.966837301957135,0,
1.97446129289705,,,,,,0.974462478361349
1.976,0.976001152193802,0.976001164614856,0.984365013000743,0.9676372915084,0,
1.97525937749401,,,,,,0.97526055213888
1.9768,0.976801141802346,0.976801153796171,0.985165002669908,0.968437281073222,0,
1.97605746209098,,,,,,0.976058625927647
1.9776,0.977601131434141,0.977601142999192,0.985964992369052,0.969237270654481,0,
1.97685554668795,,,,,,0.976856699733026
1.9784,0.978401121092007,0.978401132229334,0.986764982100978,0.970037260255039,0,
1.97765363128492,,,,,,0.977654773560391
1.9792,0.979201110778755,0.97920112149201,0.98756497186706,0.970837249877738,0,
1.97845171588188,,,,,,0.97845284741512
1.98,0.98000110049719,0.980001110792636,0.988364961642597,0.971637239525405,0,
1.97924980047885,,,,,,0.979250921302588
1.9808,0.980801090250111,0.980801100209585,0.989164951412802,0.972437229200854,0,
1.98004788507582,,,,,,0.980048995228171
1.9816,0.981601080036673,0.9816010902168,0.989964941213902,0.973237218906893,0,
1.98084596967279,,,,,,0.980847069274663
1.9824,0.982401069795053,0.982401080281671,0.990764931047589,0.974037208646322,0,
1.98164405426975,,,,,,0.981645143938229
1.9832,0.98320105958366,0.983201070369996,0.991564920915516,0.974837198419723,0,
1.98244213886672,,,,,,0.982443218625139
1.984,0.984001049404201,0.984001060481776,0.992364910819302,0.975637188189129,0,
1.98324022346369,,,,,,0.983241293335393
1.9848,0.984801039258345,0.984801050617012,0.993164900760527,0.976437177965911,0,
1.98403830806065,,,,,,0.984039368068989
1.9856,0.985601029147722,0.985601040775703,0.993964890740743,0.977237167773959,0,
1.98483639265762,,,,,,0.984837442825929
1.9864,0.986401019073929,0.98640103095785,0.994764880761471,0.978037157614957,0,
1.98563447725459,,,,,,0.985635517606211
1.9872,0.987201009038526,0.987201021163451,0.995564870824203,0.978837147490551,0,
1.98643256185156,,,,,,0.986433592409838
1.988,0.988000999043048,0.988001011392508,0.996364860930407,0.979637137402349,0,
1.98723064644852,,,,,,0.987231667236807
1.9888,0.988800989088995,0.98880100164502,0.997164851081528,0.980437127351928,0,
1.98802873104549,,,,,,0.988029742087119
1.9896,0.989600979177847,0.989600991920988,0.997964841278988,0.981237117340831,0,
1.98882681564246,,,,,,0.988827816960775
1.9904,0.990400969311055,0.990400982220411,0.998764831524192,0.982037107370572,0,
1.98962490023943,,,,,,0.989625891857774
1.9912,0.99120095949005,0.991200972543288,0.999564821818528,0.982837097442639,0,
1.99042298483639,,,,,,0.990423966778116
1.992,0.992000949716244,0.992000962889622,1.00036481216337,0.983637087558494,0,
1.99122106943336,,,,,,0.991222041721802
1.9928,0.992800939991031,0.99280095325941,1.00116480256008,0.984437077719578,0,
1.99201915403033,,,,,,0.99202011668883
1.9936,0.99360093031579,0.993600943652654,1.00196479301001,0.985237067927307,0,
1.99281723862729,,,,,,0.992818191679202
1.9944,0.994400920691886,0.994400934069353,1.0027647835145,0.986037058183084,0,
1.99361532322426,,,,,,0.993616266692917
1.9952,0.995200911120673,0.995200924509507,1.00356477407489,0.986837048488293,0,
1.99441340782123,,,,,,0.994414341729975
1.996,0.9960009016035,0.996000914973117,1.00436476469253,0.987637038844305,0,
1.9952114924182,,,,,,0.995212416790377
1.9968,0.996800892141707,0.996800905460182,1.00516475536873,0.988437029252479,0,
1.99600957701516,,,,,,0.996010491874122
1.9976,0.997600882736628,0.997600895970702,1.00596474610484,0.989237019714165,0,
1.99680766161213,,,,,,0.99680856698121
1.9984,0.998400873389599,0.998400886504677,1.00676473689371,0.990037010230706,0,
1.9976057462091,,,,,,0.997606642111641
1.9992,0.999200864101955,0.999200877062108,1.00756472772112,0.99083700080344,0,
1.99840383080607,,,,,,0.998404717265415
2,1.00000085487503,1.00000086764299,1.00836471859233,0.991636991433701,0,
1.99920191540303,,,,,,0.999202792442533
2.0008,1.00080084568847,1.00080085824739,1.00916470952017,0.992436982122825,0,
2,,,,,,1.00000086764299
2.00079808459697,,,,,,1.0007989428668
2.0016,1.00160083653763,1.00160084887524,1.00996470050529,0.993236972872149,0,
2.00159616919393,,,,,,1.00159701811395
2.0024,1.00240082744316,1.00240083952655,1.01076469154829,0.994036963669795,0,
2.0023942537909,,,,,,1.00239509338444
2.0032,1.00320081840572,1.00320083020131,1.0115646826498,0.994836954504978,0,
2.00319233838787,,,,,,1.00319316867827
2.004,1.00400080942593,1.00400082089953,1.01236467381038,0.995636945388457,0,
2.00399042298484,,,,,,1.00399124399545
2.0048,1.00480080050441,1.00480081162121,1.01316466503062,0.996436936328707,0,
2.0047885075818,,,,,,1.00478931933597
2.0056,1.00560079164174,1.00560080238861,1.01396465631108,0.997236927326366,0,
2.00558659217877,,,,,,1.00558739469983
2.0064,1.00640078283851,1.00640079450186,1.0147646476523,0.99803691838205,0,
2.00638467677574,,,,,,1.00638547141272
2.0072,1.00720077409528,1.00720078744721,1.01556463905482,0.998836909496357,0,
2.00718276137271,,,,,,1.00718354897193
2.008,1.0080007654126,1.00800078039256,1.01636463051917,0.999636900669873,0,
2.00798084596967,,,,,,1.00798162653114
2.0088,1.00880075679101,1.00880077333792,1.01716462204588,1.00043689190317,0,
2.00877893056664,,,,,,1.00877970409035
2.0096,1.00960074823105,1.00960076628327,1.01796461363547,1.0012368831968,0,
2.00957701516361,,,,,,1.00957778164956
2.0104,1.01040073973324,1.01040075922862,1.01876460528844,1.00203687455131,0,
2.01037509976057,,,,,,1.01037585920878
2.0112,1.01120073129811,1.01120075217398,1.01956459700531,1.00283686596724,0,
2.01117318435754,,,,,,1.01117393676799
2.012,1.01200072292616,1.01200074511933,1.0203645887866,1.00363685744512,0,
2.01197126895451,,,,,,1.0119720143272
2.0128,1.01280071461791,1.01280073806468,1.02116458063281,1.00443684898547,0,
2.01276935355148,,,,,,1.01277009188641
2.0136,1.01360070637388,1.01360073101004,1.02196457254446,1.0052368405888,0,
2.01356743814844,,,,,,1.01356816944562
2.0144,1.01440069819456,1.01440072395539,1.02276456452207,1.00603683225563,0,
2.01436552274541,,,,,,1.01436624700483
2.0152,1.01520069008049,1.01520071690074,1.02356455656616,1.00683682398647,0,
2.01516360734238,,,,,,1.01516432456404
2.016,1.01600068203217,1.01600070984609,1.02436454867727,1.00763681578184,0,
2.01596169193935,,,,,,1.01596240212325
2.0168,1.01680067405013,1.01680070279145,1.02516454085594,1.00843680764224,0,
2.01675977653631,,,,,,1.01676047968246
2.0176,1.01760066613489,1.0176006957368,1.02596453309107,1.0092367995682,0,
2.01755786113328,,,,,,1.01755855724167
2.0184,1.018400658287,1.01840068868215,1.0267645253739,1.01003679156023,0,
2.01835594573025,,,,,,1.01835663480089
2.0192,1.019200650507,1.01920068162751,1.02756451771915,1.01083678361886,0,
2.01915403032721,,,,,,1.0191547123601
2.02,1.02000064276567,1.02000067457286,1.02836451012796,1.01163677574462,0,
2.01995211492418,,,,,,1.01995278991931
2.0208,1.02080063508608,1.02080066751821,1.02916450260041,1.01243676793806,0,
2.02075019952115,,,,,,1.02075086747852
2.0216,1.02160062747001,1.02160066046357,1.02996449513656,1.0132367601816,0,
2.02154828411812,,,,,,1.02154894503773
2.0224,1.02240061991754,1.02240065340892,1.0307644877365,1.01403675247786,0,
2.02234636871508,,,,,,1.02234702259694
2.0232,1.02320061242875,1.02320064635427,1.03156448040029,1.01483674483694,0,
2.02314445331205,,,,,,1.02314510015615
2.024,1.02400060500372,1.02400063929963,1.032364473128,1.01563673725959,0,
2.02394253790902,,,,,,1.02394317771536
2.0248,1.02480059764251,1.02480063224498,1.03316446591969,1.01643672974588,0,
2.02474062250599,,,,,,1.02474125527457
2.0256,1.0256005903452,1.02560062519033,1.03396445877543,1.01723672229591,0,
2.02553870710295,,,,,,1.02553933283378
2.0264,1.02640058311185,1.02640061813569,1.03476445169529,1.01803671490973,0,
2.02633679169992,,,,,,1.026337410393
2.0272,1.02720057594252,1.02720061108104,1.03556444467933,1.01883670758742,0,
2.02713487629689,,,,,,1.02713548795221
2.028,1.02800056883728,1.02800060402639,1.03636443772762,1.01963670032905,0,
2.02793296089385,,,,,,1.02793356551142
2.0288,1.02880056179619,1.02880059697174,1.03716443084024,1.02043669313467,0,
2.02873104549082,,,,,,1.02873164307063
2.0296,1.02960055481933,1.0296005899171,1.03796442401726,1.02123668600436,0,
2.02952913008779,,,,,,1.02952972062984
2.0304,1.03040054790676,1.03040058287882,1.03876441725876,1.02203667893818,0,
2.03032721468476,,,,,,1.03032779818905
2.0312,1.03120054105857,1.03120057614561,1.03956441056485,1.02283667193619,0,
2.03112529928172,,,,,,1.03112587592773
2.032,1.03200053427482,1.03200057078665,1.04036440393562,1.02363666499847,0,
2.03192338387869,,,,,,1.03192395517857
2.0328,1.03280052755562,1.0328005654277,1.04116439737117,1.02443665812509,0,
2.03272146847566,,,,,,1.03272203442942
2.0336,1.03360052090106,1.03360056006875,1.04196439087163,1.02523665131613,0,
2.03351955307263,,,,,,1.03352011368027
2.0344,1.03440051431124,1.0344005547098,1.04276438443714,1.02603664457168,0,
2.03431763766959,,,,,,1.03431819293111
2.0352,1.03520050778628,1.03520054935085,1.04356437806782,1.02683663789183,0,
2.03511572226656,,,,,,1.03511627218196
2.036,1.0360005013263,1.0360005439919,1.04436437176012,1.02763663127668,0,
2.03591380686353,,,,,,1.03591435143281
2.0368,1.03680049493145,1.03680053863295,1.04516436550497,1.02843662472635,0,
2.03671189146049,,,,,,1.03671243068365
2.0376,1.03760048860187,1.037600533274,1.0459643593025,1.02923661824095,0,
2.03750997605746,,,,,,1.0375105099345
2.0384,1.03840048232822,1.03840052791504,1.046764353161,1.03003661182062,0,
2.03830806065443,,,,,,1.03830858918535
2.0392,1.03920047610187,1.03920052255609,1.04756434708027,1.0308366054655,0,
2.0391061452514,,,,,,1.03910666843619
2.04,1.04000046993656,1.04000051719714,1.04836434106011,1.03163659916997,0,
2.03990422984836,,,,,,1.03990474768704
2.0408,1.0408004638321,1.04080051183819,1.04916433510032,1.03243659292511,0,
2.04070231444533,,,,,,1.04070282693789
2.0416,1.04160045778829,1.04160050647924,1.04996432920071,1.03323658673592,0,
2.0415003990423,,,,,,1.04150090618873
2.0424,1.04240045180493,1.04240050112029,1.05076432336108,1.03403658060766,0,
2.04229848363927,,,,,,1.04229898543958
2.0432,1.04320044588182,1.04320049576134,1.05156431758123,1.03483657454012,0,
2.04309656823623,,,,,,1.04309706469043
2.044,1.04400044001877,1.04400049040238,1.05236431186099,1.03563656853311,0,
2.0438946528332,,,,,,1.04389514394127
2.0448,1.04480043421559,1.04480048504343,1.05316430620015,1.03643656258643,0,
2.04469273743017,,,,,,1.04469322319212
2.0456,1.04560042847207,1.04560047968448,1.05396430059855,1.03723655669989,0,
2.04549082202713,,,,,,1.04549130244297
2.0464,1.04640042278804,1.04640047432553,1.054764295056,1.03803655087328,0,
2.0462889066241,,,,,,1.04628938169381
2.0472,1.0472004171633,1.04720046896658,1.05556428957233,1.03883654510642,0,
2.04708699122107,,,,,,1.04708746094466
2.048,1.04800041159769,1.04800046360763,1.05636428414737,1.03963653939912,0,
2.04788507581804,,,,,,1.04788554019551
2.0488,1.04880040609102,1.04880045824868,1.05716427878098,1.04043653375118,0,
2.048683160415,,,,,,1.04868361944635
2.0496,1.04960040064314,1.04960045288973,1.057964273473,1.04123652816244,0,
2.04948124501197,,,,,,1.0494816986972
2.0504,1.05040039525387,1.05040044753078,1.05876426822328,1.04203652263272,0,
2.05027932960894,,,,,,1.05027977794805
2.0512,1.05120038992307,1.05120044217182,1.0595642630317,1.04283651716183,0,
2.05107741420591,,,,,,1.05107785719889
2.052,1.05200038465059,1.05200043681287,1.06036425789814,1.04363651174963,0,
2.05187549880287,,,,,,1.05187593644974
2.0528,1.0528003794363,1.05280043145392,1.06116425282248,1.04443650639596,0,
2.05267358339984,,,,,,1.05267401570059
2.0536,1.05360037428007,1.05360042609497,1.06196424780463,1.04523650110066,0,
2.05347166799681,,,,,,1.05347209495143
2.0544,1.05440036918178,1.05440042073602,1.06276424284449,1.04603649586361,0,
2.05426975259377,,,,,,1.05427017420228
2.0552,1.05520036414133,1.05520041537707,1.06356423793649,1.04683649068466,0,
2.05506783719074,,,,,,1.05506825345313
2.056,1.05600035915864,1.05600041024697,1.06436423307527,1.0476364855637,0,
2.05586592178771,,,,,,1.05586633270397
2.0568,1.0568003542336,1.05680040640787,1.06516422826683,1.04843648050063,0,
2.05666400638468,,,,,,1.05666441331702
2.0576,1.0576003493521,1.05760040332261,1.06596422351251,1.04923647549534,0,
2.05746209098164,,,,,,1.05746249483611
2.0584,1.05840034452245,1.05840040023735,1.066764218812,1.05003647054775,0,
2.05826017557861,,,,,,1.05826057635521
2.0592,1.05920033974702,1.05920039715209,1.06756421416501,1.05083646564921,0,
2.05905826017558,,,,,,1.0590586578743
2.06,1.06000033502553,1.06000039406683,1.06836420957123,1.05163646079927,0,
2.05985634477255,,,,,,1.0598567393934
2.0608,1.06080033035767,1.06080039098157,1.06916420503039,1.05243645600264,0,
2.06065442936951,,,,,,1.06065482091249
2.0616,1.06160032574315,1.06160038789631,1.0699642005422,1.05323645126005,0,
2.06145251396648,,,,,,1.06145290243158
2.0624,1.06240032118167,1.06240038481105,1.07076419610637,1.0540364465712,0,
2.06225059856345,,,,,,1.06225098395068
2.0632,1.06320031667294,1.06320038172579,1.07156419172263,1.05483644193581,0,
2.06304868316042,,,,,,1.06304906546977
2.064,1.06400031221669,1.06400037864053,1.07236418739071,1.05563643735358,0,
2.06384676775738,,,,,,1.06384714698886
2.0648,1.06480030781264,1.06480037555527,1.07316418311034,1.05643643282422,0,
2.06464485235435,,,,,,1.06464522850796
2.0656,1.06560030346051,1.06560037247001,1.07396417888128,1.05723642834744,0,
2.06544293695132,,,,,,1.06544331002705
2.0664,1.06640029916004,1.06640036938475,1.07476417470327,1.05803642392296,0,
2.06624102154828,,,,,,1.06624139154614
2.0672,1.06720029491097,1.06720036629949,1.07556417057607,1.05883641955052,0,
2.06703910614525,,,,,,1.06703947306524
2.068,1.06800029071304,1.06800036321423,1.07636416649945,1.05963641522984,0,
2.06783719074222,,,,,,1.06783755458433
2.0688,1.06880028656602,1.06880036012897,1.07716416246823,1.06043641096066,0,
2.06863527533919,,,,,,1.06863563610343
2.0696,1.06960028246966,1.06960035704371,1.0779641465636,1.06123640674272,0,
2.06943335993615,,,,,,1.06943371762252
2.0704,1.07040027842374,1.07040035395845,1.07876408911644,1.06203640257579,0,
2.07023144453312,,,,,,1.07023179914161
2.0707963267949,1.07079660323287,1.07079667958196,1.12588701691957,1.01570626589526,,
2.0707963267949,1.07079660323287,1.07079667958196,1.12588701691957,1.01570626589526,,
2.0712,1.07120027313828,1.07120034552314,1.07956394937237,1.06283639845961,0,
2.07079632715198,,,,,,1.07079667958196
2.07079632715198,,,,,,1.07079667958196
2.07102952913009,,,,,,1.07102987994237
2.072,1.07200024198431,1.07200030773487,1.08036369119666,1.06363639439396,0,
2.07182761372706,,,,,,1.07182793977745
2.0728,1.07280014359873,1.07280020175617,1.08116328414956,1.06443639008397,0,
2.07262569832402,,,,,,1.07262593958031
2.0736,1.07359993940566,1.07359999231281,1.08196270257316,1.06523636855899,0,
2.07342378292099,,,,,,1.07342384331594
2.0744,1.07439959700923,1.07439964812141,1.08276192479561,1.0660362964666,0,
2.07422186751796,,,,,,1.07422161956991
2.0752,1.07519908894915,1.07519913994619,1.08356093224314,1.06683613363202,0,
2.07501995211492,,,,,,1.07501923852824
2.076,1.07599839231028,1.07599844229367,1.08435970919181,1.06763584521823,0,
2.07581803671189,,,,,,1.07581667389151
2.0768,1.07679748729559,1.07679753431206,1.0851582422976,1.06843540180881,0,
2.07661612130886,,,,,,1.07661390372556
2.0776,1.07759635718215,1.07759640012988,1.08595652025521,1.06923477868627,0,
2.07741420590583,,,,,,1.07741091147949
2.0784,1.07839498775416,1.07839502700455,1.08675453345651,1.07003395481026,0,
2.07821229050279,,,,,,1.0782076840327
2.0792,1.0791933669847,1.07919340383208,1.08755227367244,1.07083291223461,0,
2.07901037509976,,,,,,1.07900421027357
2.08,1.0799914846579,1.07999151995974,1.08834973372814,1.07163163574451,0,
2.07980845969673,,,,,,1.07980047945921
2.0808,1.0807893320832,1.08078936602293,1.08914690739313,1.07243011244126,0,
2.08060654429369,,,,,,1.08059648154475
2.0816,1.08158690172456,1.08158693498227,1.0899437891836,1.07322833138738,0,
2.08140462889066,,,,,,1.08139220959006
2.0824,1.08238418694633,1.08238421970452,1.09074037409098,1.07402628328459,0,
2.08220271348763,,,,,,1.08218765645366
2.0832,1.08318118213305,1.08318121383849,1.09153665758252,1.07482396013532,0,
2.0830007980846,,,,,,1.08298281523546
2.084,1.08397788198284,1.08397791281283,1.09233263537269,1.07562135494276,0,
2.08379888268156,,,,,,1.08377768143349
2.0848,1.08477428193135,1.08477431184936,1.09312830346416,1.07641846168625,0,
2.08459696727853,,,,,,1.08457225039914
2.0856,1.08557037747193,1.08557040631863,1.09392365789051,1.0772152749323,0,
2.0853950518755,,,,,,1.08536651710597
2.0864,1.08636616465237,1.08636619265481,1.09471869479971,1.07801178982322,0,
2.08619313647247,,,,,,1.08616047821447
2.0872,1.08716163937968,1.08716166670572,1.09551341026059,1.07880800182076,0,
2.08699122106943,,,,,,1.08695412960466
2.088,1.08795679787032,1.0879568243867,1.09630780031962,1.07960390675161,0,
2.0877893056664,,,,,,1.08774746714694
2.0888,1.08875163613818,1.08875166179381,1.09710186087101,1.08039950056789,0,
2.08858739026337,,,,,,1.0885404869945
2.0896,1.08954615031864,1.08954617491985,1.09789558771843,1.0811947793595,0,
2.08938547486034,,,,,,1.08933318519013
2.0904,1.09034033628856,1.09034035968503,1.09868897646984,1.0819897392088,0,
2.0901835594573,,,,,,1.0901255576965
2.0912,1.09113418994567,1.09113421195794,1.09948202260336,1.08278437619623,0,
2.09098164405427,,,,,,1.09091760042708
2.092,1.09192770691231,1.09192772747558,1.10027472139586,1.08357868628758,0,
2.09177972865124,,,,,,1.09170930923868
2.0928,1.09272088274505,1.09272090173302,1.1010670679619,1.08437266536322,0,
2.0925778132482,,,,,,1.09250067966224
2.0936,1.0935137127627,1.09351373016288,1.10185905722621,1.08516630913955,0,
2.09337589784517,,,,,,1.09329170721535
2.0944,1.09430619214156,1.09430620799113,1.10265068393601,1.08595961318752,0,
2.09417398244214,,,,,,1.09408238722795
2.0952,1.09509831586058,1.09509833024458,1.10344194266152,1.08675257290439,0,
2.09497206703911,,,,,,1.09487271478155
2.096,1.0958900787194,1.09589009184222,1.10423282780127,1.0875451835084,0,
2.09577015163607,,,,,,1.09566268489019
2.0968,1.09668147534107,1.09668148740463,1.10502333359247,1.08833744004024,0,
2.09656823623304,,,,,,1.09645229236252
2.0976,1.09747250016872,1.09747251122498,1.10581345411869,1.08912933735377,0,
2.09736632083001,,,,,,1.09724153148824
2.0984,1.09826314748557,1.0982631576157,1.10660318332497,1.08992087012446,0,
2.09816440542698,,,,,,1.09803039670932
2.0992,1.09905341140898,1.09905342065614,1.10739251502464,1.09071203284827,0,
2.09896249002394,,,,,,1.09881888216454
2.1,1.09984328592135,1.09984329429091,1.10818148642383,1.09150281985302,0,
2.09976057462091,,,,,,1.09960698193471
2.1008,1.10063276485839,1.10063277219891,1.10896996930322,1.09229322530208,0,
2.10055865921788,,,,,,1.1003946897887
2.1016,1.10142184194781,1.10142184829219,1.10975810480094,1.09308324321164,0,
2.10135674381484,,,,,,1.10118199934626
2.10186614411177,1.10168426204338,1.10168426457828,1.15677460191589,1.04659392470577,,
2.10186614411177,1.10168426204338,1.10168426457828,1.15677460191589,1.04659392470577,,
2.1024,1.10221051236406,1.10221051993812,1.11054586582903,1.09387286745477,0,
2.10215482841181,,,,,,1.10196890533686
2.1032,1.10299878608843,1.10299879425286,1.11133326669497,1.09466209178155,0,
2.10295291300878,,,,,,1.10275541120033
2.104,1.10378667967321,1.10378668740162,1.11212032006896,1.09545093548876,0,
2.10375099760575,,,,,,1.10354153217103
2.1048,1.10457420783885,1.10457421613469,1.11290703613858,1.09623932914928,0,
2.10454908220271,,,,,,1.10432728611522
2.1056,1.10536138426717,1.10536139351285,1.11369342308937,1.09702736096071,0,
2.10534716679968,,,,,,1.1051126869405
2.1064,1.10614821992853,1.1061482298857,1.11447948727622,1.09781502168304,0,
2.10614525139665,,,,,,1.10589774556534
2.1072,1.10693472369095,1.10693473363643,1.11526523322987,1.09860232541106,0,
2.10694333599362,,,,,,1.10668247087974
2.108,1.10772090257951,1.10772091158541,1.11605066396461,1.09938928412674,0,
2.10774142059058,,,,,,1.10746686999879
2.1088,1.10850676179388,1.10850676930392,1.11683578135545,1.1001759074809,0,
2.10853950518755,,,,,,1.10825094896982
2.1096,1.10929230469594,1.10929231081328,1.11762058594691,1.10096220318108,0,
2.10933758978452,,,,,,1.1090347122483
2.1104,1.11007753369461,1.11007753849755,1.11840507726151,1.10174817709716,0,
2.11013567438148,,,,,,1.10981816287173
2.1112,1.11086244971471,1.1108624531778,1.11918925386835,1.10253383325996,0,
2.11093375897845,,,,,,1.11060130183857
2.112,1.11164705261678,1.1116470549919,1.11997311344243,1.10331917442594,0,
2.11173184357542,,,,,,1.11138412959407
2.1128,1.11243134130761,1.11243134299453,1.12075665294757,1.10410420205387,0,
2.11252992817239,,,,,,1.11216664565904
2.1136,1.11321531373317,1.11321531519505,1.12153986873651,1.10488891638458,0,
2.11332801276935,,,,,,1.11294884818707
2.1144,1.11399896705932,1.11399896898449,1.1223227566072,1.10567331666288,0,
2.11412609736632,,,,,,1.11373073494759
2.1152,1.11478229786064,1.11478230074557,1.12310531197243,1.10645740117243,0,
2.11492418196329,,,,,,1.11451230265417
2.116,1.11556530205884,1.11556530596316,1.12388752989403,1.10724116735005,0,
2.11572226656026,,,,,,1.1152935471316
2.1168,1.11634797519625,1.11634797970817,1.12466940521176,1.10802461197239,0,
2.11652035115722,,,,,,1.11607446331425
2.1176,1.11713031241549,1.11713031756713,1.12545093265391,1.10880773118297,0,
2.11731843575419,,,,,,1.11685504663023
2.1184,1.11791230859495,1.11791231460494,1.12623210681266,1.10959052064789,0,
2.11811652035116,,,,,,1.11763529305001
2.1192,1.11869395846684,1.11869396480761,1.12701292214732,1.11037297563931,0,
2.11891460494812,,,,,,1.11841519607629
2.12,1.11947525671495,1.11947526316528,1.12779337328738,1.11115509111641,0,
2.11971268954509,,,,,,1.11919475069407
2.1208,1.12025619772096,1.1202562041907,1.12857345487287,1.11193686185002,0,
2.12051077414206,,,,,,1.11997395200299
2.1216,1.12103677604981,1.1210367819595,1.12935316150897,1.11271828252788,0,
2.12130885873903,,,,,,1.12075279358054
2.1224,1.12181698641305,1.12181699147185,1.13013248811162,1.11349934762326,0,
2.12210694333599,,,,,,1.12153127049655
2.1232,1.12259682327443,1.12259682735056,1.13091142967572,1.11428005162346,0,
2.12290502793296,,,,,,1.12230937772776
2.124,1.12337628146687,1.12337628413159,1.13168998128119,1.11506038917547,0,
2.12370311252993,,,,,,1.12308710939118
2.1248,1.12415535602513,1.12415535706793,1.1324681384026,1.11584035481461,0,
2.1245011971269,,,,,,1.1238644608439
2.1256,1.12493404182772,1.12493404119349,1.13324589663668,1.11661994323233,0,
2.12529928172386,,,,,,1.12464142725422
2.1264,1.12571233430283,1.12571233168919,1.13402325183388,1.11739914938038,0,
2.12609736632083,,,,,,1.12541800352616
2.1272,1.12649022897742,1.1264902242685,1.13480020016474,1.11817796817714,0,
2.1268954509178,,,,,,1.12619418539069
2.128,1.12726772154707,1.1272677147344,1.13557673799526,1.11895639484935,0,
2.12769353551476,,,,,,1.12696996861347
2.1288,1.12804480812918,1.1280447991096,1.13635286202885,1.11973442487765,0,
2.12849162011173,,,,,,1.12774534913673
2.1296,1.12882148496547,1.12882147373064,1.13712856921402,1.12051205388781,0,
2.1292897047087,,,,,,1.12852032318661
2.1304,1.12959774863491,1.12959773528199,1.13790385669573,1.12128927784237,0,
2.13008778930567,,,,,,1.12929488734306
2.1312,1.13037359605774,1.13037358061978,1.13867872199486,1.12206609292991,0,
2.13088587390263,,,,,,1.13006903851617
2.132,1.13114902421131,1.1311490067835,1.1394531628034,1.12284249560512,0,
2.1316839584996,,,,,,1.13084277353551
2.1328,1.13192403054899,1.1319240112586,1.14022717703706,1.1236184826638,0,
2.13248204309657,,,,,,1.13161608981831
2.1336,1.13269861270426,1.13269859166346,1.1410007629062,1.12439405105503,0,
2.13328012769354,,,,,,1.13238898499976
2.1344,1.13347276846541,1.13347274580629,1.14177391879747,1.12516919806458,0,
2.1340782122905,,,,,,1.13316145671558
2.1352,1.13424649598624,1.13424647184597,1.14254664332349,1.12594392125839,0,
2.13487629688747,,,,,,1.1339335030715
2.136,1.13501979357503,1.13501976809402,1.1433189353076,1.12671821836627,0,
2.13567438148444,,,,,,1.13470512233795
2.1368,1.13579265976281,1.13579263306116,1.14409079375127,1.12749208741459,0,
2.1364724660814,,,,,,1.13547631291655
2.1376,1.13656509331603,1.13656506550461,1.14486221785222,1.12826552665506,0,
2.13727055067837,,,,,,1.13624707350282
2.1384,1.13733709316357,1.1373370643531,1.14563320696355,1.12903853454037,0,
2.13806863527534,,,,,,1.13701740296453
2.1392,1.13810865844715,1.13810862871873,1.14640376058864,1.12981110975534,0,
2.13886671987231,,,,,,1.13778730033585
2.14,1.1388797884727,1.13887975789935,1.14717387838516,1.13058325117199,0,
2.13966480446927,,,,,,1.13855676485424
2.1408,1.13965048268518,1.13965045133772,1.14794356012269,1.13135495785944,0,
2.14046288906624,,,,,,1.13932579591402
2.1416,1.14042074070526,1.14042070862515,1.14871280568665,1.13212622906763,0,
2.14126097366321,,,,,,1.14009439303453
2.1424,1.14119056226478,1.141190529504,1.14948161507074,1.13289706419434,0,
2.14205905826018,,,,,,1.14086255591263
2.1432,1.14195994721047,1.14195991381721,1.15024998835247,1.1336674628018,0,
2.14285714285714,,,,,,1.14163028435684
2.144,1.1427288955085,1.14272886151564,1.15101792568742,1.13443742458488,0,
2.14365522745411,,,,,,1.142397578259
2.1448,1.14349740721082,1.14349737266142,1.1517854273091,1.13520694935257,0,
2.14445331205108,,,,,,1.14316443764936
2.1456,1.14426548245013,1.14426544738756,1.15255249351936,1.13597603703233,0,
2.14525139664804,,,,,,1.14393086263109
2.1464,1.1450331214324,1.14503308589655,1.15331912465211,1.13674468764859,0,
2.14604948124501,,,,,,1.14469685337392
2.1472,1.14580032445262,1.14580028845727,1.15408532108694,1.13751290130849,0,
2.14684756584198,,,,,,1.14546241011944
2.148,1.14656709183012,1.14656705539564,1.15485108324309,1.13828067819511,0,
2.14764565043895,,,,,,1.14622753316707
2.1488,1.14733342393343,1.14733338707414,1.15561641156478,1.13904801857592,0,
2.14844373503591,,,,,,1.14699222287105
2.1496,1.14809932116982,1.14809928388605,1.15638130649162,1.13981492276337,0,
2.14924181963288,,,,,,1.14775647959841
2.1504,1.14886478398861,1.14886474626912,1.15714576848294,1.14058139111144,0,
2.15003990422985,,,,,,1.14852030376873
2.1512,1.14962981282662,1.14962977467233,1.15790979803696,1.14134742401631,0,
2.15083798882682,,,,,,1.1492836958352
2.152,1.15039440813355,1.1503943695604,1.15867339565422,1.14211302191534,0,
2.15163607342378,,,,,,1.15004665623452
2.1528,1.15115857039444,1.15115853143538,1.15943656177123,1.14287818525045,0,
2.15243415802075,,,,,,1.15080918545793
2.1536,1.15192230014173,1.15192226079529,1.16019929684681,1.14364291446855,0,
2.15323224261772,,,,,,1.15157128401258
2.1544,1.15268559780816,1.15268555812697,1.16096160137076,1.14440721004504,0,
2.15403032721468,,,,,,1.15233295237784
2.1552,1.15344846384282,1.1534484239174,1.16172347581109,1.1451710724992,0,
2.15482841181165,,,,,,1.15309419104177
2.156,1.15421089873083,1.15421085864072,1.16248492055649,1.14593450229567,0,
2.15562649640862,,,,,,1.15385500048257
2.1568,1.15497290297724,1.15497286275084,1.16324593601305,1.14669749987975,0,
2.15642458100559,,,,,,1.15461538116238
2.1576,1.15573447696879,1.15573443667568,1.16400652260809,1.14746006572684,0,
2.15722266560255,,,,,,1.1553753335188
2.1584,1.15649562110209,1.15649558081204,1.16476668072989,1.14822220033732,0,
2.15802075019952,,,,,,1.15613485796228
2.1592,1.15725633580901,1.1572562955182,1.16552641069373,1.14898390413494,0,
2.15881883479649,,,,,,1.15689395486835
2.16,1.15801662151008,1.15801658110734,1.16628571282501,1.14974517751439,0,
2.15961691939346,,,,,,1.15765262457071
2.1608,1.15877647852111,1.15877643784147,1.16704458746164,1.15050602089806,0,
2.16041500399042,,,,,,1.15841086735536
2.1616,1.15953590715881,1.15953586626918,1.16780303489395,1.151266434711,0,
2.16121308858739,,,,,,1.15916868345425
2.1624,1.16029490777215,1.16029486685515,1.16856105535464,1.1520264193013,0,
2.16201117318436,,,,,,1.15992607374906
2.1632,1.16105348067554,1.16105343971378,1.16931864907968,1.15278597498619,0,
2.16280925778132,,,,,,1.16068303825253
2.164,1.16181162610406,1.16181158506546,1.17007581631048,1.15354510210595,0,
2.16360734237829,,,,,,1.16143957718482
2.1648,1.16256934428646,1.16256930311037,1.17083255724027,1.15430380098606,0,
2.16440542697526,,,,,,1.16219569076336
2.1656,1.16332663547826,1.16332659402382,1.17158887202188,1.15506207188565,0,
2.16520351157223,,,,,,1.16295137916751
2.1664,1.16408349988843,1.16408345815136,1.17234476080683,1.15581991503589,0,
2.16600159616919,,,,,,1.16370664256588
2.1672,1.1648399376732,1.16483989572514,1.17310022374845,1.15657733068505,0,
2.16679968076616,,,,,,1.1644614814791
2.168,1.16559594897806,1.1655959067737,1.17385526095675,1.15733431905622,0,
2.16759776536313,,,,,,1.16521589584521
2.1688,1.16635153397054,1.16635149140116,1.17460987251634,1.15809088032136,0,
2.1683958499601,,,,,,1.1659698857827
2.1696,1.16710669276975,1.16710664968071,1.17536405850813,1.15884701462937,0,
2.16919393455706,,,,,,1.16672345137997
2.1704,1.16786142546359,1.16786138169937,1.1761178190121,1.15960272214176,0,
2.16999201915403,,,,,,1.16747659269431
2.1712,1.16861573212883,1.16861568770179,1.17687115407477,1.16035800299184,0,
2.170790103751,,,,,,1.16822930984037
2.172,1.16936961285709,1.16936956779684,1.17762406372915,1.16111285727659,0,
2.17158818834797,,,,,,1.16898160318426
2.1728,1.17012306769916,1.17012302193937,1.17837654800265,1.16186728507608,0,
2.17238627294493,,,,,,1.16973347258848
2.1736,1.17087609669065,1.17087605016404,1.17912860691866,1.16262128647779,0,
2.1731843575419,,,,,,1.1704849180956
2.1744,1.17162869985774,1.17162865248976,1.17988024048097,1.16337486154416,0,
2.17398244213887,,,,,,1.17123593973238
2.1752,1.17238087723067,1.17238082894915,1.1806314486868,1.16412801031505,0,
2.17478052673583,,,,,,1.17198653751025
2.176,1.17313262881487,1.17313257961319,1.18138223152675,1.16488073281924,0,
2.1755786113328,,,,,,1.17273671148076
2.1768,1.17388395460929,1.17388390449473,1.18213258898509,1.16563302908576,0,
2.17637669592977,,,,,,1.17348646173157
2.1776,1.17463485460611,1.17463480356711,1.18288252104052,1.16638489912688,0,
2.17717478052674,,,,,,1.17423578820811
2.1784,1.17538532879105,1.17538527682578,1.1836320276674,1.16713634294319,0,
2.1779728651237,,,,,,1.17498469090893
2.1792,1.17613537714382,1.17613532426095,1.18438110883208,1.1678873605286,0,
2.17877094972067,,,,,,1.17573316982682
2.18,1.17688499963964,1.17688494585044,1.18512976449104,1.16863795187041,0,
2.17956903431764,,,,,,1.17648122494983
2.1808,1.17763419624974,1.17763414156249,1.18587799460911,1.16938811694978,0,
2.1803671189146,,,,,,1.17722885624725
2.1816,1.17838296692639,1.17838291137204,1.18662579914492,1.17013785574294,0,
2.18116520351157,,,,,,1.17797606368685
2.1824,1.17913131163634,1.17913125525428,1.18737317805593,1.17088716822197,0,
2.18196328810854,,,,,,1.17872284724998
2.1832,1.17987923033829,1.17987917317859,1.18812013129935,1.17163605434404,0,
2.18276137270551,,,,,,1.17946920690697
2.184,1.18062672298957,1.18062666511352,1.18886665883296,1.17238451407169,0,
2.18355945730247,,,,,,1.18021514262681
2.1848,1.18137378954699,1.1813737310061,1.18961276061511,1.17313254736552,0,
2.18435754189944,,,,,,1.1809606543781
2.1856,1.18212042996774,1.18212037080087,1.19035843659997,1.17388015418294,0,
2.18515562649641,,,,,,1.18170574209094
2.1864,1.1828666442102,1.18286658446209,1.19110368673991,1.17462733448063,0,
2.18595371109338,,,,,,1.18245040572228
2.1872,1.18361243223155,1.18361237195358,1.19184851100665,1.17537408821539,0,
2.18675179569034,,,,,,1.18319464524268
2.188,1.18435779397637,1.18435773323466,1.19259290936826,1.17612041534498,0,
2.18754988028731,,,,,,1.18393846061109
2.1888,1.18510272941785,1.18510266826627,1.19333688179759,1.17686631582664,0,
2.18834796488428,,,,,,1.18468185178764
2.1896,1.1858472385226,1.18584717699406,1.1940804282731,1.17761178960795,0,
2.18914604948124,,,,,,1.18542481873437
2.1904,1.18659132126186,1.18659125937119,1.19482354877368,1.1783568366543,0,
2.18994413407821,,,,,,1.18616736138502
2.1912,1.18733497761224,1.18733491536503,1.19556624323553,1.1791014569338,0,
2.19074221867518,,,,,,1.18690947970814
2.192,1.18807820755655,1.18807814494163,1.19630851156062,1.1798456504162,0,
2.19154030327215,,,,,,1.18765117367063
2.1928,1.18882101106153,1.18882094806869,1.19705035379156,1.1805894170765,0,
2.19233838786911,,,,,,1.18839244323834
2.1936,1.18956338797325,1.18956332471787,1.19779176991081,1.18133275689569,0,
2.19313647246608,,,,,,1.18913328838072
2.1944,1.19030533835524,1.19030527483707,1.19853275990569,1.1820756698444,0,
2.19393455706305,,,,,,1.1898737090714
2.1952,1.19104686218855,1.1910467983951,1.19927332376878,1.18281815579925,0,
2.19473264166002,,,,,,1.19061370524024
2.196,1.191787959459,1.19178789537786,1.2000134614941,1.18356021476787,0,
2.19553072625698,,,,,,1.19135327688447
2.1968,1.19252863015759,1.19252856576567,1.200753173039,1.18430184675224,0,
2.19632881085395,,,,,,1.19209242398207
2.1976,1.19326887428091,1.19326880954346,1.201492458322,1.18504305173675,0,
2.19712689545092,,,,,,1.19283114651527
2.1984,1.19400869181454,1.19400862669623,1.20223131738692,1.1857838297109,0,
2.19792498004789,,,,,,1.19356944447105
2.1992,1.19474808262933,1.19474801717605,1.20296975022295,1.18652418066971,0,
2.19872306464485,,,,,,1.19430731783325
2.2,1.19548704678712,1.19548698096799,1.20370775682112,1.18726410460134,0,
2.19952114924182,,,,,,1.19504476653271
2.2008,1.19622558427647,1.19622551807587,1.20444533717433,1.18800360140487,0,
2.20031923383879,,,,,,1.19578179059151
2.2016,1.19696369508779,1.19696362849334,1.20518249126896,1.18874267109444,0,
2.20111731843575,,,,,,1.19651839000114
2.2024,1.19770137921334,1.19770131221783,1.20591921907675,1.18948131367667,0,
2.20191540303272,,,,,,1.19725456475676
2.2032,1.19843863664722,1.19843856924046,1.20665552060047,1.19021952914132,0,
2.20271348762969,,,,,,1.19799031485733
2.204,1.19917546735081,1.19917539952855,1.20739139583934,1.19095731748001,0,
2.20351157222666,,,,,,1.19872564028897
2.2048,1.19991187132751,1.19991180307943,1.20812684478952,1.19169467868622,0,
2.20430965682362,,,,,,1.19946054100724
2.2056,1.20064784857743,1.20064777990126,1.20886186744857,1.19243161272907,0,
2.20510774142059,,,,,,1.2001950170362
2.2064,1.20138339909627,1.20138332999305,1.20959646381292,1.19316811960156,0,
2.20590582601756,,,,,,1.20092906837384
2.2072,1.20211852288107,1.20211845335552,1.2103306338726,1.19390419930447,0,
2.20670391061453,,,,,,1.20166269501986
2.208,1.20285321993028,1.20285314998407,1.21106437762321,1.19463985183436,0,
2.20750199521149,,,,,,1.20239589697556
2.2088,1.20358749023314,1.20358741986826,1.21179769507084,1.19537507718782,0,
2.20830007980846,,,,,,1.20312867423279
2.2096,1.20432133378141,1.20432126300935,1.21253058621655,1.19610987536278,0,
2.20909816440543,,,,,,1.20386102677983
2.2104,1.20505475058262,1.20505467941067,1.21326305106252,1.1968442463505,0,
2.20989624900239,,,,,,1.20459295462576
2.2112,1.20578774063744,1.20578766907214,1.21399508961143,1.19757819014195,0,
2.21069433359936,,,,,,1.20532445777042
2.212,1.20652030394763,1.20652023199379,1.2147267018627,1.19831170674082,0,
2.21149241819633,,,,,,1.20605553621379
2.2128,1.20725244051606,1.20725236817189,1.21545788781267,1.19904479614922,0,
2.2122905027933,,,,,,1.20678618995593
2.2136,1.20798415034426,1.20798407760422,1.21618864747209,1.19977745836852,0,
2.21308858739026,,,,,,1.20751641899095
2.2144,1.20871543342369,1.20871536029362,1.21691898084629,1.20050969340118,0,
2.21388667198723,,,,,,1.20824622331877
2.2152,1.20944628976663,1.20944621624273,1.21764888794146,1.20124150124889,0,
2.2146847565842,,,,,,1.20897560294385
2.216,1.21017671937806,1.21017664545341,1.21837836876469,1.20197288190526,0,
2.21548284118117,,,,,,1.20970455786776
2.2168,1.21090672226384,1.21090664792802,1.21910742331781,1.20270383537766,0,
2.21628092577813,,,,,,1.21043308809253
2.2176,1.21163629843073,1.21163622366936,1.21983605158942,1.2034343616726,0,
2.2170790103751,,,,,,1.21116119362065
2.2184,1.21236544788639,1.21236537268067,1.22056425359376,1.20416446079561,0,
2.21787709497207,,,,,,1.21188887445506
2.2192,1.21309417061156,1.21309409496568,1.22129202933972,1.20489413275311,0,
2.21867517956903,,,,,,1.21261613059915
2.22,1.21382246662167,1.21382239052855,1.22201937883397,1.20562337755243,0,
2.219473264166,,,,,,1.21334296205676
2.2208,1.21455033592617,1.21455025937393,1.22274630208367,1.20635219518014,0,
2.22027134876297,,,,,,1.2140693688322
2.2216,1.21527777853147,1.2152777015069,1.22347279909273,1.20708058564381,0,
2.22106943335994,,,,,,1.21479535093023
2.2224,1.2160047944445,1.21600471697621,1.22419886985312,1.20780854895408,0,
2.2218675179569,,,,,,1.21552090835604
2.2232,1.21673138367265,1.2167313057774,1.22492451436529,1.20853608511792,0,
2.22266560255387,,,,,,1.21624604118004
2.224,1.21745754620654,1.21745746789497,1.22564973264237,1.209263194142,0,
2.22346368715084,,,,,,1.21697074936008
2.2248,1.21818328204231,1.21818320333135,1.22637452468882,1.20998987603348,0,
2.22426177174781,,,,,,1.21769503289414
2.2256,1.21890859119536,1.21890851209113,1.22709889050917,1.21071613078646,0,
2.22505985634477,,,,,,1.2184188917868
2.2264,1.21963347367001,1.21963339417893,1.22782283010711,1.21144195839572,0,
2.22585794094174,,,,,,1.21914232604261
2.2272,1.22035792947061,1.22035784959934,1.22854634348044,1.21216735887238,0,
2.22665602553871,,,,,,1.21986533566616
2.228,1.22108195860156,1.22108187835698,1.22926943062166,1.212892332223,0,
2.22745411013567,,,,,,1.22058792066202
2.2288,1.2218055610633,1.22180548045646,1.22999209154112,1.21361687845179,0,
2.22825219473264,,,,,,1.22131008103477
2.2296,1.22252873684284,1.22252865590237,1.23071432624045,1.214340997563,0,
2.22905027932961,,,,,,1.22203181678897
2.2304,1.22325148595271,1.22325140469933,1.23143613472101,1.21506468955775,0,
2.22984836392658,,,,,,1.22275312792921
2.2312,1.2239738083944,1.22397372683768,1.23215751698397,1.2157879544257,0,
2.23064644852354,,,,,,1.22347401446005
2.232,1.22469570416921,1.22469562226261,1.23287847303027,1.2165107921739,0,
2.23144453312051,,,,,,1.22419447636552
2.2328,1.22541717327817,1.22541709100322,1.23359900286059,1.21723320280599,0,
2.23224261771748,,,,,,1.22491451357398
2.2336,1.22613821572211,1.22613813308369,1.23431910647543,1.21795518632316,0,
2.23304070231445,,,,,,1.2256341261588
2.2344,1.22685883150163,1.22685874850644,1.23503878387504,1.21867674272636,0,
2.23383878691141,,,,,,1.2263533141224
2.2352,1.22757902061711,1.2275789372739,1.23575803505941,1.2193978720163,0,
2.23463687150838,,,,,,1.22707207746717
2.236,1.22829878306869,1.22829869938848,1.23647686002903,1.22011857419348,0,
2.23543495610535,,,,,,1.22779041619553
2.2368,1.22901811885627,1.22901803485261,1.23719525878693,1.22083884925815,0,
2.23623304070231,,,,,,1.22850833030987
2.2376,1.22973702797946,1.22973694366872,1.23791323133462,1.22155869721037,0,
2.23703112529928,,,,,,1.22922581981261
2.2384,1.23045551044151,1.23045542583923,1.23863077767327,1.22227811804992,0,
2.23782920989625,,,,,,1.22994288470615
2.2392,1.23117356624386,1.23117348136655,1.23934789780406,1.22299711177632,0,
2.23862729449322,,,,,,1.23065952499289
2.24,1.23189119538752,1.23189111025312,1.24006459172816,1.22371567839194,0,
2.23942537909018,,,,,,1.23137574067525
2.2408,1.23260839787353,1.23260831247228,1.24078085944673,1.22443381789844,0,
2.24022346368715,,,,,,1.23209153175563
2.2416,1.23332517370289,1.23332508800455,1.24149670096096,1.22515153029676,0,
2.24102154828412,,,,,,1.23280689819618
2.2424,1.23404152287664,1.23404143687237,1.242212116272,1.22586881558778,0,
2.24181963288109,,,,,,1.23352183998477
2.2432,1.23475744539578,1.23475735908616,1.24292710537916,1.22658567377236,0,
2.24261771747805,,,,,,1.23423635715694
2.244,1.23547294126135,1.2354728546467,1.24364166827149,1.22730210485137,0,
2.24341580207502,,,,,,1.23495044971344
2.2448,1.23618801047436,1.23618792355474,1.2443558049367,1.22801810882569,0,
2.24421388667199,,,,,,1.23566411765505
2.2456,1.23690265302577,1.23690256581107,1.24506951539249,1.22873368569618,0,
2.24501197126895,,,,,,1.23637736098252
2.2464,1.23761686889535,1.23761678141644,1.24578279963913,1.22944883546371,0,
2.24581005586592,,,,,,1.23709017969662
2.2472,1.23833065810465,1.23833057037165,1.24649565767685,1.23016355812097,0,
2.24660814046289,,,,,,1.23780257379812
2.248,1.23904402065377,1.23904393267744,1.24720808950593,1.23087785364964,0,
2.24740622505986,,,,,,1.23851454328778
2.2488,1.23975695654283,1.2397568683346,1.24792009512661,1.2315917220633,0,
2.24820430965682,,,,,,1.23922608816636
2.2496,1.24046946577191,1.2404693773439,1.24863167453916,1.23230516336593,0,
2.24900239425379,,,,,,1.23993720843464
2.2504,1.24118154834112,1.24118145967533,1.24934282774384,1.23301817755747,0,
2.24980047885076,,,,,,1.24064790409337
2.2512,1.24189320425057,1.24189311533412,1.25005355474089,1.23373076463788,0,
2.25059856344773,,,,,,1.24135817510237
2.252,1.24260443350036,1.24260434433179,1.25076385552802,1.2344429246071,0,
2.25139664804469,,,,,,1.24206802148209
2.2528,1.24331523609059,1.24331514667025,1.2514737300947,1.23515465746508,0,
2.25219473264166,,,,,,1.24277744324096
2.2536,1.24402561202137,1.24402552234926,1.25218317844733,1.23586596321177,0,
2.25299281723863,,,,,,1.24348644037874
2.2544,1.2447355612782,1.24473547136857,1.25289220058799,1.23657684184711,0,
2.25379090183559,,,,,,1.2441950128952
2.2552,1.24544508386817,1.24544499372794,1.25360079651649,1.23728729337107,0,
2.25458898643256,,,,,,1.24490316079008
2.256,1.24615417979368,1.24615408942713,1.25430896623267,1.23799731777155,0,
2.25538707102953,,,,,,1.24561088406315
2.2568,1.24686284905439,1.24686275846588,1.25501670973635,1.23870691505168,0,
2.2561851556265,,,,,,1.24631818271416
2.2576,1.24757109164997,1.24757100084397,1.25572402702735,1.23941608521452,0,
2.25698324022346,,,,,,1.24702505674288
2.2584,1.2482789075801,1.24827881656114,1.2564309181055,1.24012482826008,0,
2.25778132482043,,,,,,1.24773150614905
2.2592,1.24898629684444,1.24898620561682,1.25713738297063,1.24083314418787,0,
2.2585794094174,,,,,,1.24843753093244
2.26,1.24969325944266,1.24969316800786,1.25784342162265,1.2415410329974,0,
2.25937749401437,,,,,,1.24914313109239
2.2608,1.25039979537443,1.25039970373552,1.25854903406199,1.24224849468818,0,
2.26017557861133,,,,,,1.24984830662504
2.2616,1.25110590463943,1.25110581280013,1.25925422028896,1.24295552925974,0,
2.2609736632083,,,,,,1.25055305753311
2.2624,1.25181158723788,1.25181149520138,1.2599589803027,1.24366213671158,0,
2.26177174780527,,,,,,1.25125738381627
2.2632,1.25251684317022,1.25251675093894,1.26066331410308,1.24436831704322,0,
2.26256983240223,,,,,,1.25196128547419
2.264,1.25322167243528,1.25322158001248,1.26136722168995,1.24507407025465,0,
2.2633679169992,,,,,,1.25266476250655
2.2648,1.25392607503277,1.25392598242166,1.2620707030632,1.24577939634611,0,
2.26416600159617,,,,,,1.25336781491302
2.2656,1.25463005096239,1.25462995816616,1.26277375822267,1.24648429531653,0,
2.26496408619314,,,,,,1.25407044269328
2.2664,1.25533360022387,1.25533350724566,1.26347638716825,1.24718876716534,0,
2.2657621707901,,,,,,1.254772645847
2.2672,1.25603672281692,1.25603662965982,1.26417858989979,1.24789281189208,0,
2.26656025538707,,,,,,1.25547442437385
2.268,1.25673941874123,1.25673932540832,1.26488036641717,1.24859642949631,0,
2.26735833998404,,,,,,1.25617577827351
2.2688,1.25744168799654,1.25744159449082,1.26558171672173,1.24929961997759,0,
2.26815642458101,,,,,,1.25687670754566
2.2696,1.25814353058254,1.258143436907,1.26628264082066,1.25000238333548,0,
2.26895450917797,,,,,,1.25757721218996
2.2704,1.25884494649894,1.25884485265654,1.26698313870889,1.25070471956952,0,
2.26975259377494,,,,,,1.25827729220609
2.2712,1.25954593575517,1.25954584173909,1.26768321038569,1.25140662867928,0,
2.27055067837191,,,,,,1.25897694759372
2.272,1.2602464983452,1.26024640415434,1.26838285585119,1.25210811066431,0,
2.27134876296887,,,,,,1.25967617835253
2.2728,1.26094663426802,1.26094653990196,1.26908207510552,1.25280916553238,0,
2.27214684756584,,,,,,1.2603749844822
2.2736,1.2616463435236,1.26164624898161,1.26978086814882,1.25350979327971,0,
2.27294493216281,,,,,,1.26107336598239
2.2744,1.26234562611191,1.26234553139297,1.27047923498119,1.25420999390433,0,
2.27374301675978,,,,,,1.26177132285278
2.2752,1.26304448203292,1.26304438713572,1.27117717560278,1.25490976740593,0,
2.27454110135674,,,,,,1.26246885509305
2.276,1.26374291128662,1.26374281620951,1.27187469001372,1.25560911378431,0,
2.27533918595371,,,,,,1.26316596270287
2.2768,1.26444091387297,1.26444081861403,1.27257177821412,1.25630803303931,0,
2.27613727055068,,,,,,1.26386264568191
2.2776,1.26513848979194,1.26513839434895,1.27326844020412,1.25700652517073,0,
2.27693535514765,,,,,,1.26455890402984
2.2784,1.26583563904352,1.26583554343148,1.27396467598385,1.25770459017839,0,
2.27773343974461,,,,,,1.26525473774635
2.2792,1.26653236162767,1.26653226585735,1.27466048555343,1.25840222806212,0,
2.27853152434158,,,,,,1.26595014685211
2.28,1.26722865754436,1.26722856161828,1.27535586891299,1.25909943882174,0,
2.27932960893855,,,,,,1.26664513133784
2.2808,1.26792452679358,1.26792443071282,1.27605082606265,1.25979622245706,0,
2.28012769353551,,,,,,1.2673396911955
2.2816,1.26861996937529,1.26861987314087,1.27674535700256,1.26049257896791,0,
2.28092577813248,,,,,,1.26803382642499
2.2824,1.26931498528947,1.2693148889023,1.27743946173283,1.2611885083541,0,
2.28172386272945,,,,,,1.26872753702617
2.2832,1.27000957453609,1.27000947799698,1.27813314025359,1.26188401061545,0,
2.28252194732642,,,,,,1.26942082299894
2.284,1.27070373711513,1.27070364042481,1.27882639256498,1.26257908575178,0,
2.28332003192338,,,,,,1.27011368434315
2.2848,1.27139747302656,1.27139737618564,1.27951921866711,1.26327373376291,0,
2.28411811652035,,,,,,1.27080612105871
2.2856,1.27209078227035,1.27209068527937,1.28021161856048,1.26396795464867,0,
2.28491620111732,,,,,,1.27149813314548
2.2864,1.27278366484647,1.27278356770588,1.28090359224732,1.26466174840886,0,
2.28571428571429,,,,,,1.27218972060334
2.2872,1.27347612075491,1.27347602346503,1.28159513972581,1.26535511504331,0,
2.28651237031125,,,,,,1.27288088343218
2.288,1.27416814999839,1.2741680525567,1.28228626099604,1.26604805455185,0,
2.28731045490822,,,,,,1.27357162163186
2.2888,1.27485975257466,1.27485965498079,1.28297695605815,1.26674056693428,0,
2.28810853950519,,,,,,1.27426193520228
2.2896,1.27555092848364,1.27555083073715,1.2836672249123,1.26743265219282,0,
2.28890662410215,,,,,,1.27495182414331
2.2904,1.27624167772531,1.27624157982568,1.28435706755863,1.26812431032574,0,
2.28970470869912,,,,,,1.27564128845482
2.2912,1.27693200029968,1.27693190224625,1.28504648399731,1.26881554133249,0,
2.29050279329609,,,,,,1.27633032813671
2.292,1.27762189620675,1.27762179799874,1.28573547422847,1.26950634521291,0,
2.29130087789306,,,,,,1.27701894318884
2.2928,1.27831136544651,1.27831126708302,1.28642403825228,1.27019672196685,0,
2.29209896249002,,,,,,1.2777071336111
2.2936,1.27900040801895,1.27900030949898,1.28711217606888,1.27088667159413,0,
2.29289704708699,,,,,,1.27839489940336
2.2944,1.27968902392409,1.27968892524649,1.28779988767842,1.27157619409462,0,
2.29369513168396,,,,,,1.2790822405655
2.2952,1.28037721316191,1.28037711432543,1.28848717308107,1.27226528946815,0,
2.29449321628093,,,,,,1.27976915709741
2.296,1.28106497573241,1.28106487673567,1.28917403227696,1.27295395771457,0,
2.29529130087789,,,,,,1.28045564899896
2.2968,1.28175231163559,1.28175221248473,1.28986046526626,1.27364219883372,0,
2.29608938547486,,,,,,1.28114171627003
2.2976,1.28243922087146,1.28243912158435,1.2905464720491,1.27433001282544,0,
2.29688747007183,,,,,,1.28182735891906
2.2984,1.28312570344,1.2831256040204,1.29123205262566,1.27501739968958,0,
2.29768555466879,,,,,,1.28251257695814
2.2992,1.28381175934121,1.28381165979101,1.29191720699607,1.27570435942598,0,
2.29848363926576,,,,,,1.28319737036996
2.3,1.2844973885751,1.28449728889621,1.29260193516049,1.27639089203449,0,
2.29928172386273,,,,,,1.28388173915455
2.3008,1.28518259114166,1.28518249133601,1.29328623711907,1.27707699751495,0,
2.3000798084597,,,,,,1.28456568331194
2.3016,1.28586736704088,1.28586726711044,1.29397011287198,1.27776267586721,0,
2.30087789305666,,,,,,1.28524920284215
2.3024,1.28655171627277,1.28655161621952,1.29465356242021,1.2784479270911,0,
2.30167597765363,,,,,,1.28593229774521
2.3032,1.28723563883733,1.28723553866329,1.29533658576854,1.27913275118647,0,
2.3024740622506,,,,,,1.28661496802113
2.304,1.28791913473476,1.28791903444176,1.29601918291253,1.27981714815316,0,
2.30327214684757,,,,,,1.28729721366994
2.3048,1.28860220397091,1.28860210355496,1.29670135385235,1.28050111799103,0,
2.30407023144453,,,,,,1.28797903469167
2.3056,1.2892848465406,1.28928474600291,1.29738309858819,1.2811846607001,0,
2.3048683160415,,,,,,1.28866043108635
2.3064,1.28996706244386,1.28996696178565,1.29806441712026,1.28186777628546,0,
2.30566640063847,,,,,,1.28934140285398
2.3072,1.29064885168072,1.29064875090318,1.29874530944874,1.28255046474296,0,
2.30646448523544,,,,,,1.29002194999461
2.308,1.29133021425124,1.29133011335554,1.29942577557382,1.28323272607193,0,
2.3072625698324,,,,,,1.29070207250825
2.3088,1.29201115015543,1.29201104914275,1.3001058154957,1.28391456027223,0,
2.30806065442937,,,,,,1.29138177039493
2.3096,1.29269165939335,1.29269155826484,1.30078542921456,1.28459596734377,0,
2.30885873902634,,,,,,1.29206104365467
2.3104,1.29337174196503,1.29337164072182,1.3014646167306,1.28527694728641,0,
2.3096568236233,,,,,,1.29273989228749
2.3112,1.29405139787051,1.29405129651373,1.30214337804401,1.28595750010005,0,
2.31045490822027,,,,,,1.29341831629343
2.312,1.29473062710982,1.29473052564059,1.30282171315497,1.28663762578456,0,
2.31125299281724,,,,,,1.2940963156725
2.3128,1.295409429683,1.29540932810242,1.30349962206369,1.28731732433984,0,
2.31205107741421,,,,,,1.29477389042473
2.3136,1.2960878055901,1.29608770389925,1.30417710477035,1.28799659576577,0,
2.31284916201117,,,,,,1.29545104055015
2.3144,1.29676575483114,1.2967656530311,1.30485416127515,1.28867544006222,0,
2.31364724660814,,,,,,1.29612776604877
2.3152,1.29744327740617,1.297443175498,1.30553079157826,1.28935385722909,0,
2.31444533120511,,,,,,1.29680406692062
2.316,1.29812037331522,1.29812027130473,1.3062069956799,1.29003184726626,0,
2.31524341580208,,,,,,1.29747994316573
2.3168,1.29879704255833,1.29879694044787,1.30688277358024,1.29070941017361,0,
2.31604150039904,,,,,,1.29815539478915
2.3176,1.29947328513554,1.29947318292686,1.30755812527948,1.29138654595103,0,
2.31683958499601,,,,,,1.29883042178696
2.3184,1.30014910104689,1.30014899874175,1.30823305077778,1.2920632545984,0,
2.31763766959298,,,,,,1.29950502415882
2.3192,1.30082449029241,1.30082438789258,1.30890755007461,1.2927395361156,0,
2.31843575418994,,,,,,1.30017920190477
2.32,1.30149945287214,1.3014993503794,1.30958162316724,1.29341539050253,0,
2.31923383878691,,,,,,1.30085295502487
2.3208,1.30217398878569,1.30217388620227,1.31025527005892,1.29409081775905,0,
2.32003192338388,,,,,,1.30152628351917
2.3216,1.30284809802955,1.30284799536124,1.31092849074982,1.29476581788507,0,
2.32083000798085,,,,,,1.30219918738772
2.3224,1.30352178060713,1.30352167785636,1.3116012852401,1.29544039088005,0,
2.32162809257781,,,,,,1.30287166663059
2.3232,1.30419503651843,1.30419493368769,1.31227365352991,1.29611453674063,0,
2.32242617717478,,,,,,1.3035437212478
2.324,1.30486786576346,1.30486776285528,1.31294559561944,1.29678825546944,0,
2.32322426177175,,,,,,1.30421535123943
2.3248,1.30554026834224,1.30554016535918,1.31361711150883,1.29746154706663,0,
2.32402234636872,,,,,,1.30488655660553
2.3256,1.30621224425478,1.30621214119944,1.31428820119826,1.29813441153207,0,
2.32482043096568,,,,,,1.30555733734614
2.3264,1.30688379350107,1.30688369037612,1.31495886468788,1.29880684886561,0,
2.32561851556265,,,,,,1.30622769346131
2.3272,1.30755491608114,1.30755481288927,1.31562910197786,1.2994788590671,0,
2.32641660015962,,,,,,1.30689762495111
2.328,1.308225611995,1.30822550873895,1.31629891306837,1.30015044213641,0,
2.32721468475658,,,,,,1.30756713181558
2.3288,1.30889588124265,1.3088957779252,1.31696829795956,1.30082159807338,0,
2.32801276935355,,,,,,1.30823621405478
2.3296,1.3095657238241,1.30956562044808,1.3176372566516,1.30149232687788,0,
2.32881085395052,,,,,,1.30890487166875
2.3304,1.31023513973937,1.31023503630764,1.31830578914466,1.30216262854977,0,
2.32960893854749,,,,,,1.30957310465755
2.3312,1.31090412898845,1.31090402550394,1.31897389543889,1.30283250308888,0,
2.33040702314445,,,,,,1.31024091302124
2.332,1.31157269157138,1.31157258803702,1.31964157553446,1.3035019504951,0,
2.33120510774142,,,,,,1.31090829675987
2.3328,1.31224082748815,1.31224072390695,1.32030882943154,1.30417097076826,0,
2.33200319233839,,,,,,1.31157525587348
2.3336,1.31290853673877,1.31290790022587,1.32097565713028,1.30483956390823,0,
2.33280127693535,,,,,,1.31224179036213
2.33359936153232,,,,,,1.31290790022587
2.3344,1.31357581932325,1.31357571429873,1.32164205863085,1.30550772991487,0,
2.33439744612929,,,,,,1.31357358546476
2.3352,1.31424267524161,1.31424256916039,1.32230803393338,1.30617546878803,0,
2.33519553072626,,,,,,1.31423884607885
2.336,1.31490910449385,1.31490899735911,1.32297358303727,1.30684278052756,0,
2.33599361532322,,,,,,1.31490368206819
2.3368,1.31557510707999,1.31557499889493,1.32363870594041,1.30750966513333,0,
2.33679169992019,,,,,,1.31556809343283
2.3376,1.31624068299939,1.31624057376791,1.32430340264551,1.30817612260518,0,
2.33758978451716,,,,,,1.31623208017283
2.3384,1.31690583224948,1.31690572197809,1.3249676731527,1.30884215294299,0,
2.33838786911413,,,,,,1.31689564228823
2.3392,1.31757055483295,1.31757044352555,1.32563151746212,1.309507756146,0,
2.33918595371109,,,,,,1.3175587797791
2.34,1.3182348507498,1.31823473841031,1.3262949355739,1.3101729322116,0,
2.33998403830806,,,,,,1.31822149264547
2.3408,1.31889872000002,1.31889860663245,1.32695792748819,1.31083768114201,0,
2.34078212290503,,,,,,1.31888378088742
2.3416,1.31956216258358,1.31956204819201,1.32762049320513,1.31150200293724,0,
2.341580207502,,,,,,1.31954564450498
2.3424,1.32022517850048,1.32022506308904,1.32828263272486,1.31216589759712,0,
2.34237829209896,,,,,,1.32020708349821
2.3432,1.32088776775069,1.3208876513236,1.3289443460475,1.31282936512148,0,
2.34317637669593,,,,,,1.32086809786716
2.344,1.32154993033422,1.32154981289575,1.32960563317322,1.31349240551015,0,
2.3439744612929,,,,,,1.32152868761189
2.3448,1.32221166625103,1.32221154780552,1.33026649410213,1.31415501876298,0,
2.34477254588986,,,,,,1.32218885273244
2.3456,1.32287297550112,1.32287285605298,1.33092692883439,1.31481720487978,0,
2.34557063048683,,,,,,1.32284859322888
2.3464,1.32353385808448,1.32353373763818,1.33158693737013,1.31547896386039,0,
2.3463687150838,,,,,,1.32350790910125
2.3472,1.32419431400108,1.32419419256117,1.33224651970949,1.31614029570465,0,
2.34716679968077,,,,,,1.3241668003496
2.348,1.32485434325092,1.32485422082201,1.33290567585261,1.31680120041238,0,
2.34796488427773,,,,,,1.32482526697399
2.3488,1.32551394583398,1.32551382242075,1.33356440579963,1.31746167798343,0,
2.3487629688747,,,,,,1.32548330897447
2.3496,1.32617312175025,1.32617299735743,1.33422270955068,1.31812172841761,0,
2.34956105347167,,,,,,1.32614092635109
2.3504,1.32683187099971,1.32683174563212,1.33488058710591,1.31878135171477,0,
2.35035913806864,,,,,,1.32679811910391
2.3512,1.32749019358235,1.32749006724486,1.33553803846546,1.31944054787475,0,
2.3511572226656,,,,,,1.32745488723298
2.352,1.32814808949816,1.32814796219552,1.33619506362947,1.32009931689736,0,
2.35195530726257,,,,,,1.32811123073834
2.3528,1.32880555874711,1.32880543047953,1.33685166259829,1.32075765878244,0,
2.35275339185954,,,,,,1.32876714961653
2.3536,1.3294626013292,1.32946247207792,1.33750783537252,1.32141557352983,0,
2.3535514764565,,,,,,1.329422643846
2.3544,1.33011921724462,1.33011908701255,1.33816358195178,1.32207306113936,0,
2.35434956105347,,,,,,1.33007771344991
2.3552,1.33077540649384,1.33077527528343,1.33881890233621,1.32273012161086,0,
2.35514764565044,,,,,,1.33073235842828
2.356,1.33143116907631,1.33143103689056,1.33947379652596,1.32338675494435,0,
2.35594573024741,,,,,,1.3313865787811
2.3568,1.33208650499202,1.33208637183394,1.34012826452119,1.32404296114017,0,
2.35674381484437,,,,,,1.33204037450838
2.3576,1.33274141424097,1.33274128011357,1.34078230632205,1.32469874019762,0,
2.35754189944134,,,,,,1.33269374561011
2.3584,1.33339589682316,1.33339576172947,1.34143592192868,1.32535409211655,0,
2.35833998403831,,,,,,1.3333466920863
2.3592,1.33404995273859,1.33404981668162,1.34208911134125,1.32600901689678,0,
2.35913806863528,,,,,,1.33399921393695
2.36,1.33470358198726,1.33470344497004,1.3427418745599,1.32666351453817,0,
2.35993615323224,,,,,,1.33465131116207
2.3608,1.33535678456916,1.33535664659472,1.34339421158479,1.32731758504057,0,
2.36073423782921,,,,,,1.33530298376166
2.3616,1.3360095604843,1.33600942155567,1.34404612241606,1.32797122840381,0,
2.36153232242618,,,,,,1.33595423173571
2.3624,1.33666190973267,1.33666176985288,1.34469760705388,1.32862444462774,0,
2.36233040702314,,,,,,1.33660505508424
2.3632,1.33731383231428,1.33731369148637,1.34534866549839,1.32927723371221,0,
2.36312849162011,,,,,,1.33725545380724
2.364,1.33796532822912,1.33796518645614,1.34599929774975,1.32992959565707,0,
2.36392657621708,,,,,,1.33790542790472
2.3648,1.3386163974772,1.33861625476218,1.34664950380811,1.33058153046217,0,
2.36472466081405,,,,,,1.33855497737667
2.3656,1.33926704005852,1.3392668964045,1.34729928367364,1.33123303812734,0,
2.36552274541101,,,,,,1.33920410222311
2.3664,1.33991725597307,1.3399171113831,1.34794863734647,1.33188411865245,0,
2.36632083000798,,,,,,1.33985280244403
2.3672,1.34056704522086,1.34056689969798,1.34859756482678,1.33253477203733,0,
2.36711891460495,,,,,,1.34050107803944
2.368,1.3412164078019,1.34121626134915,1.34924606611471,1.33318499828184,0,
2.36791699920192,,,,,,1.34114892900933
2.3688,1.34186534371618,1.34186519633661,1.34989414121042,1.33383479738582,0,
2.36871508379888,,,,,,1.34179635535372
2.3696,1.34251385296372,1.34251370466036,1.35054179011406,1.33448416934913,0,
2.36951316839585,,,,,,1.3424433570726
2.3704,1.3431619355445,1.3431617863204,1.3511890128258,1.33513311417161,0,
2.37031125299282,,,,,,1.34308993416598
2.3712,1.34380959145853,1.34380944131674,1.35183580934579,1.33578163185312,0,
2.37110933758978,,,,,,1.34373608663385
2.372,1.34445682070583,1.34445666964938,1.35248217967418,1.3364297223935,0,
2.37190742218675,,,,,,1.34438181447622
2.3728,1.34510362328639,1.34510347131832,1.35312812381114,1.33707738579261,0,
2.37270550678372,,,,,,1.3450271176931
2.3736,1.34574999920021,1.34574984632356,1.35377364175682,1.3377246220503,0,
2.37350359138069,,,,,,1.34567199628448
2.3744,1.34639594844731,1.34639579466511,1.35441873351138,1.33837143116641,0,
2.37430167597765,,,,,,1.34631645025037
2.3752,1.34704147102768,1.34704131634297,1.35506339907498,1.33901781314081,0,
2.37509976057462,,,,,,1.34696047959077
2.376,1.34768656694134,1.34768641135713,1.35570763844777,1.33966376797334,0,
2.37589784517159,,,,,,1.34760408430568
2.3768,1.34833123618829,1.34833107970761,1.35635145162993,1.34030929566385,0,
2.37669592976856,,,,,,1.34824726439511
2.3776,1.34897547876853,1.3489753213944,1.3569948386216,1.3409543962122,0,
2.37749401436552,,,,,,1.34889001985905
2.3784,1.34961929468207,1.34961913641751,1.35763779942294,1.34159906961825,0,
2.37829209896249,,,,,,1.34953235069752
2.3792,1.35026268392893,1.35026252477694,1.35828033403412,1.34224331588184,0,
2.37909018355946,,,,,,1.3501742569105
2.38,1.3509056465091,1.3509054864727,1.3589224424553,1.34288713500283,0,
2.37988826815642,,,,,,1.35081573849801
2.3808,1.35154818242259,1.35154802150478,1.35956360040988,1.34353052698108,0,
2.38068635275339,,,,,,1.35145679546005
2.3816,1.35219029166942,1.35219012987318,1.36020557318075,1.34417349181643,0,
2.38148443735036,,,,,,1.35209742779662
2.3824,1.35283197424959,1.35283181157792,1.36084620997516,1.34481602950875,0,
2.38228252194733,,,,,,1.35273763550771
2.3832,1.3534732301631,1.35347306661898,1.36148661316065,1.34545814005789,0,
2.38308060654429,,,,,,1.35337741859334
2.384,1.35411405940998,1.35411389499639,1.3621265901568,1.34610034808929,0,
2.38387869114126,,,,,,1.35401677705351
2.3848,1.35475446199022,1.35475429671012,1.36276614096377,1.34674088714545,0,
2.38467677573823,,,,,,1.35465571088822
2.3856,1.35539443790384,1.3553942717602,1.36340526558171,1.34738190823954,0,
2.3854748603352,,,,,,1.35529422009746
2.3864,1.35603398715085,1.35603382014662,1.36404396401026,1.34802230973725,0,
2.38627294493216,,,,,,1.35593230468125
2.3872,1.35667310973125,1.35667294186939,1.36468223624918,1.34866228409092,0,
2.38707102952913,,,,,,1.35656996463959
2.388,1.35731180564454,1.35731163692849,1.36532008229935,1.34930183130039,0,
2.3878691141261,,,,,,1.35720719997248
2.3888,1.3579500748903,1.35794990532395,1.36595750216095,1.34994095136552,0,
2.38866719872306,,,,,,1.35784401067991
2.3896,1.35858791746929,1.35858774705524,1.36659449583412,1.35057964428566,0,
2.38946528332003,,,,,,1.3584803967619
2.3904,1.35922533338151,1.35922516211922,1.36723106331902,1.35121791006023,0,
2.390263367917,,,,,,1.35911635821537
2.3912,1.35986232262697,1.35986215051407,1.36786720461579,1.35185574868985,0,
2.39106145251397,,,,,,1.35975189503693
2.392,1.36049888520566,1.36049871224468,1.36850291972458,1.35249316017436,0,
2.39185953711093,,,,,,1.36038700723245
2.3928,1.36113502111758,1.36113484731104,1.36913820864555,1.35313014451362,0,
2.3926576217079,,,,,,1.36102169480193
2.3936,1.36177073036273,1.36177055571313,1.36977307137886,1.35376670170746,0,
2.39345570630487,,,,,,1.36165595774535
2.3944,1.36240601294111,1.36240583745095,1.37040750792464,1.35440283175574,0,
2.39425379090184,,,,,,1.36228979606271
2.3952,1.36304086885272,1.36304069252448,1.37104151828305,1.35503853465829,0,
2.3950518754988,,,,,,1.36292320975398
2.396,1.36367529809756,1.36367512093372,1.37167510245424,1.35567381041498,0,
2.39584996009577,,,,,,1.36355619881917
2.3968,1.36430930067562,1.36430912267866,1.37230826043837,1.35630865902564,0,
2.39664804469274,,,,,,1.36418876325827
2.3976,1.36494287658691,1.36494269775928,1.37294099223559,1.35694308049013,0,
2.3974461292897,,,,,,1.36482090307126
2.3984,1.36557602583142,1.36557584617558,1.37357329784603,1.35757707480829,0,
2.39824421388667,,,,,,1.36545261825813
2.3992,1.36620874840916,1.36620856792755,1.37420517726987,1.35821064197996,0,
2.39904229848364,,,,,,1.36608390881887
2.4,1.36684104432012,1.36684086301517,1.37483663050724,1.358843782005,0,
2.39984038308061,,,,,,1.36671477475348
2.4008,1.36747291356431,1.36747273143844,1.3754676575583,1.35947649488325,0,
2.40063846767757,,,,,,1.36734521606194
2.4016,1.36810435614171,1.36810417319734,1.37609825842321,1.36010878061456,0,
2.40143655227454,,,,,,1.36797523274424
2.4024,1.36873537205234,1.36873518829187,1.3767284331021,1.36074063919877,0,
2.40223463687151,,,,,,1.36860482480038
2.4032,1.36936596129618,1.36936577672201,1.37735818159513,1.36137207063574,0,
2.40303272146848,,,,,,1.36923399223034
2.404,1.36999612387325,1.36999593848776,1.37798750390246,1.36200307492531,0,
2.40383080606544,,,,,,1.36986273503411
2.4048,1.37062585978353,1.3706256735891,1.37861640002423,1.36263365206733,0,
2.40462889066241,,,,,,1.37049105321169
2.4056,1.37125516902703,1.37125498202603,1.3792448699606,1.36326380206164,0,
2.40542697525938,,,,,,1.37111894676306
2.4064,1.37188405160374,1.37188386379854,1.37987291371171,1.36389352490809,0,
2.40622505985634,,,,,,1.37174641568821
2.4072,1.37251250751368,1.3725123189066,1.38050053127772,1.36452282060654,0,
2.40702314445331,,,,,,1.37237345998714
2.408,1.37314053675682,1.37314034735023,1.38112772265877,1.36515168915682,0,
2.40782122905028,,,,,,1.37300007965983
2.4088,1.37376813933318,1.3737679491294,1.38175448785502,1.36578013055879,0,
2.40861931364725,,,,,,1.37362627470627
2.4096,1.37439531524276,1.3743951242441,1.38238082686663,1.36640814481229,0,
2.40941739824421,,,,,,1.37425204512645
2.4104,1.37502206448554,1.37502187269433,1.38300673969373,1.36703573191717,0,
2.41021548284118,,,,,,1.37487739092037
2.4112,1.37564838706154,1.37564819448007,1.38363222633648,1.36766289187327,0,
2.41101356743815,,,,,,1.37550231208801
2.412,1.37627428297074,1.37627408960132,1.38425728679503,1.36828962468045,0,
2.41181165203512,,,,,,1.37612680862937
2.4128,1.37689975221316,1.37689955805806,1.38488192106953,1.36891593033856,0,
2.41260973663208,,,,,,1.37675088054443
2.4136,1.37752479478879,1.37752459985029,1.38550612916014,1.36954180884743,0,
2.41340782122905,,,,,,1.37737452783318
2.4144,1.37814941069762,1.37814921497799,1.386129911067,1.37016726020692,0,
2.41420590582602,,,,,,1.37799775049561
2.4152,1.37877359993966,1.37877340344116,1.38675326679026,1.37079228441687,0,
2.41500399042298,,,,,,1.37862054853172
2.416,1.37939736251491,1.37939716523978,1.38737619633008,1.37141688147714,0,
2.41580207501995,,,,,,1.37924292194149
2.4168,1.38002069842336,1.38002050037384,1.3879986996866,1.37204105138757,0,
2.41660015961692,,,,,,1.37986487072491
2.4176,1.38064360766502,1.38064340884334,1.38862077685998,1.37266479414801,0,
2.41739824421389,,,,,,1.38048639488198
2.4184,1.38126609023988,1.38126589064826,1.38924242785036,1.3732881097583,0,
2.41819632881085,,,,,,1.38110749441268
2.4192,1.38188814614794,1.38188794578859,1.3898636526579,1.37391099821829,0,
2.41899441340782,,,,,,1.381728169317
2.42,1.38250977538921,1.38250957426433,1.39048445128412,1.37453345952784,0,
2.41979249800479,,,,,,1.38234841959493
2.4208,1.38313097796367,1.38313077607547,1.39110482372921,1.37515549368678,0,
2.42059058260176,,,,,,1.38296824524647
2.4216,1.38375175387279,1.38375155122198,1.39172476999217,1.37577710069498,0,
2.42138866719872,,,,,,1.3835876462716
2.4224,1.38437210311652,1.38437189970387,1.3923442900731,1.37639828055234,0,
2.42218675179569,,,,,,1.38420662267032
2.4232,1.38499202569365,1.38499182152112,1.39296338397213,1.3770190332601,0,
2.42298483639266,,,,,,1.3848251744426
2.424,1.38561152160418,1.38561131667373,1.39358205168944,1.377639358818,0,
2.42378292098963,,,,,,1.38544330158845
2.4248,1.38623059084812,1.38623038516168,1.39420029322518,1.37825925722474,0,
2.42458100558659,,,,,,1.38606100410786
2.4256,1.38684923342546,1.38684902698496,1.39481810857949,1.37887872848017,0,
2.42537909018356,,,,,,1.3866782820008
2.4264,1.38746744933621,1.38746724214357,1.39543549775253,1.37949777258414,0,
2.42617717478053,,,,,,1.38729513526728
2.4272,1.38808523858038,1.38808503063849,1.39605246074447,1.3801163895365,0,
2.42697525937749,,,,,,1.38791156390728
2.428,1.38870260115797,1.3887023924722,1.39666899755545,1.38073457933711,0,
2.42777334397446,,,,,,1.38852756792434
2.4288,1.38931953706899,1.38931932764369,1.39728510818563,1.38135234198582,0,
2.42857142857143,,,,,,1.3891431473182
2.4296,1.38993604631342,1.3899358361509,1.39790079263516,1.38196967748249,0,
2.4293695131684,,,,,,1.38975830208597
2.4304,1.39055212889129,1.39055191799381,1.3985160509042,1.38258658582696,0,
2.43016759776536,,,,,,1.39037303222767
2.4312,1.39116778480259,1.39116757317243,1.39913088299291,1.38320306701909,0,
2.43096568236233,,,,,,1.39098733774327
2.432,1.39178301404733,1.39178280168677,1.39974528890143,1.38381912105872,0,
2.4317637669593,,,,,,1.39160121863279
2.4328,1.39239781662552,1.3923976035368,1.40035926862992,1.38443474794573,0,
2.43256185155626,,,,,,1.39221467489622
2.4336,1.39301219253714,1.39301197872255,1.40097282217854,1.38504994767994,0,
2.43335993615323,,,,,,1.39282770653356
2.4344,1.39362614178222,1.393625927244,1.40158594954744,1.38566472026123,0,
2.4341580207502,,,,,,1.39344031354482
2.4352,1.39423966436074,1.39423944910115,1.40219865073677,1.38627906568944,0,
2.43495610534717,,,,,,1.39405249592998
2.436,1.39485276027273,1.394852544294,1.4028109257467,1.38689298396442,0,
2.43575418994413,,,,,,1.39466425368904
2.4368,1.39546542951817,1.39546521282255,1.40342277457737,1.38750647508603,0,
2.4365522745411,,,,,,1.39527558682202
2.4376,1.39607767209708,1.3960774546868,1.40403419722894,1.38811953905412,0,
2.43735035913807,,,,,,1.3958864953289
2.4384,1.39668948800945,1.39668926988675,1.40464519370157,1.38873217586855,0,
2.43814844373504,,,,,,1.39649697920968
2.4392,1.3973008772553,1.3973006584224,1.4052557639954,1.38934438552916,0,
2.438946528332,,,,,,1.39710703846436
2.44,1.39791183983462,1.39791162029374,1.40586590811059,1.38995616803581,0,
2.43974461292897,,,,,,1.39771667309295
2.4408,1.39852237574742,1.39852215550078,1.4064756260473,1.39056752338835,0,
2.44054269752594,,,,,,1.39832588309543
2.4416,1.3991324849937,1.39913226404351,1.40708491780568,1.39117845158664,0,
2.4413407821229,,,,,,1.39893466847182
2.4424,1.39974216757347,1.39974194592193,1.40769378338589,1.39178895263052,0,
2.44213886671987,,,,,,1.3995430292221
2.4432,1.40035142348672,1.40035120113604,1.40830222278808,1.39239902651986,0,
2.44293695131684,,,,,,1.40015096534628
2.444,1.40096025273347,1.40096002968584,1.4089102360124,1.3930086732545,0,
2.44373503591381,,,,,,1.40075847684435
2.4448,1.40156865531372,1.40156843157133,1.40951782305901,1.3936178928343,0,
2.44453312051077,,,,,,1.40136556371632
2.4456,1.40217663122747,1.40217640679251,1.41012498392805,1.39422668525911,0,
2.44533120510774,,,,,,1.40197222596218
2.4464,1.40278418047472,1.40278395534937,1.4107317186197,1.39483505052879,0,
2.44612928970471,,,,,,1.40257846358193
2.4472,1.40339130305548,1.40339107724192,1.4113380271341,1.39544298864318,0,
2.44692737430168,,,,,,1.40318427657557
2.448,1.40399799896975,1.40399777247014,1.4119439094714,1.39605049960214,0,
2.44772545889864,,,,,,1.4037896649431
2.4488,1.40460426821754,1.40460404103405,1.41254936563176,1.39665758340553,0,
2.44852354349561,,,,,,1.40439462868451
2.4496,1.40521011079885,1.40520988293365,1.41315439561533,1.3972642400532,0,
2.44932162809258,,,,,,1.40499916779982
2.4504,1.40581552671368,1.40581529816892,1.41375899942226,1.39787046954499,0,
2.45011971268955,,,,,,1.405603282289
2.4512,1.40642051596203,1.40642028673986,1.41436317705272,1.39847627188077,0,
2.45091779728651,,,,,,1.40620697215208
2.452,1.40702507854392,1.40702484864649,1.41496692850685,1.39908164706039,0,
2.45171588188348,,,,,,1.40681023738903
2.4528,1.40762921445934,1.40762898388879,1.41557025378482,1.39968659508369,0,
2.45251396648045,,,,,,1.40741307799987
2.4536,1.4082329237083,1.40823269246677,1.41617315288518,1.40029111595055,0,
2.45331205107741,,,,,,1.40801549398458
2.4544,1.40883620629081,1.40883597438041,1.41677562580861,1.40089520966079,0,
2.45411013567438,,,,,,1.40861748534318
2.4552,1.4094390622051,1.40943882962973,1.41737767255606,1.4014988762143,0,
2.45490822027135,,,,,,1.40921905207565
2.456,1.41004149145194,1.41004125821473,1.41797929312776,1.40210211561072,0,
2.45570630486832,,,,,,1.409820194182
2.4568,1.41064349403215,1.41064326013539,1.41858048752387,1.40270492784843,0,
2.45650438946528,,,,,,1.41042091166223
2.4576,1.41124506994572,1.41124483539171,1.41918125574452,1.40330731292803,0,
2.45730247406225,,,,,,1.41102120451633
2.4584,1.41184621919265,1.41184598398371,1.41978159778987,1.40390927085011,0,
2.45810055865922,,,,,,1.4116210727443
2.4592,1.41244694177295,1.41244670591137,1.42038151366007,1.40451080161451,0,
2.45889864325619,,,,,,1.41222051634614
2.46,1.4130472376866,1.4130470011747,1.42098100335526,1.40511190522108,0,
2.45969672785315,,,,,,1.41281953532185
2.4608,1.41364710693362,1.41364686977368,1.42158006687561,1.40571258166969,0,
2.46049481245012,,,,,,1.41341812967144
2.4616,1.414246549514,1.41424631170834,1.42217870422125,1.40631283096016,0,
2.46129289704709,,,,,,1.41401629939489
2.4624,1.41484556542773,1.41484532697865,1.42277691539233,1.40691265309236,0,
2.46209098164405,,,,,,1.4146140444922
2.4632,1.41544415467483,1.41544391558462,1.42337470038901,1.40751204806613,0,
2.46288906624102,,,,,,1.41521136496339
2.464,1.41604231725528,1.41604207752625,1.42397205921144,1.40811101588132,0,
2.46368715083799,,,,,,1.41580826080843
2.4648,1.41664005316909,1.41663981280353,1.42456899185976,1.40870955653778,0,
2.46448523543496,,,,,,1.41640473202734
2.4656,1.41723736241626,1.41723712141647,1.42516549833412,1.40930767003536,0,
2.46528332003192,,,,,,1.41700077862011
2.4664,1.41783424499678,1.41783400336507,1.42576157863467,1.40990535637391,0,
2.46608140462889,,,,,,1.41759640058675
2.4672,1.41843070091066,1.41843045864932,1.42635723276156,1.41050261555329,0,
2.46687948922586,,,,,,1.41819159792724
2.468,1.4190267301579,1.41902648726922,1.42695246071494,1.41109944757333,0,
2.46767757382283,,,,,,1.41878637064159
2.4688,1.41962233273848,1.41962208922477,1.42754726249496,1.41169585243389,0,
2.46847565841979,,,,,,1.41938071872979
2.4696,1.42021750865243,1.42021726451598,1.42814163810176,1.41229183013482,0,
2.46927374301676,,,,,,1.41997464219185
2.4704,1.42081225789972,1.42081201314283,1.42873558753551,1.41288738067597,0,
2.47007182761373,,,,,,1.42056814102777
2.4712,1.42140658048037,1.42140633510532,1.42932911079633,1.41348250405719,0,
2.47086991221069,,,,,,1.42116121523754
2.472,1.42200047639437,1.42200023040347,1.4299222078844,1.41407720027833,0,
2.47166799680766,,,,,,1.42175386482116
2.4728,1.42259394564172,1.42259369903725,1.43051487879984,1.41467146933923,0,
2.47246608140463,,,,,,1.42234608977863
2.4736,1.42318698822242,1.42318674100668,1.43110712354281,1.41526531123976,0,
2.4732641660016,,,,,,1.42293789010995
2.4744,1.42377960413647,1.42377935631176,1.43169894211347,1.41585872597975,0,
2.47406225059856,,,,,,1.42352926581512
2.4752,1.42437179338387,1.42437154495247,1.43229033451195,1.41645171355906,0,
2.47486033519553,,,,,,1.42412021689413
2.476,1.42496355596462,1.42496330692882,1.43288130073842,1.41704427397753,0,
2.4756584197925,,,,,,1.42471074334699
2.4768,1.42555489187872,1.42555464224082,1.433471840793,1.41763640723503,0,
2.47645650438947,,,,,,1.4253008451737
2.4776,1.42614580112617,1.42614555088844,1.43406195467587,1.41822811333139,0,
2.47725458898643,,,,,,1.42589052237425
2.4784,1.42673628370696,1.42673603287171,1.43465164238715,1.41881939226647,0,
2.4780526735834,,,,,,1.42647977494864
2.4792,1.4273263396211,1.42732608819061,1.43524090392701,1.41941024404012,0,
2.47885075818037,,,,,,1.42706860289687
2.48,1.42791596886858,1.42791571684514,1.43582973929559,1.42000066865219,0,
2.47964884277733,,,,,,1.42765700621894
2.4808,1.42850517144941,1.42850491883531,1.43641814849304,1.42059066610253,0,
2.4804469273743,,,,,,1.42824498491485
2.4816,1.42909394736358,1.4290936941611,1.4370061315195,1.42118023639098,0,
2.48124501197127,,,,,,1.4288325389846
2.4824,1.4296822966111,1.42968204282253,1.43759368837513,1.42176937951741,0,
2.48204309656824,,,,,,1.42941966842818
2.4832,1.43027021919196,1.43026996481958,1.43818081906008,1.42235809548165,0,
2.4828411811652,,,,,,1.4300063732456
2.484,1.43085771510616,1.43085746015226,1.43876752357448,1.42294638428356,0,
2.48363926576217,,,,,,1.43059265343685
2.4848,1.43144478435371,1.43144452882057,1.4393538019185,1.42353424592299,0,
2.48443735035914,,,,,,1.43117850900193
2.4856,1.43203142693459,1.4320311708245,1.43993965409228,1.4241216803998,0,
2.48523543495611,,,,,,1.43176393994084
2.4864,1.43261764284882,1.43261738616406,1.44052508009596,1.42470868771382,0,
2.48603351955307,,,,,,1.43234894625358
2.4872,1.43320343209639,1.43320317483923,1.44111007992942,1.42529526786491,0,
2.48683160415004,,,,,,1.43293352794015
2.488,1.43378879467729,1.43378853685003,1.44169465359294,1.42588142085293,0,
2.48762968874701,,,,,,1.43351768500055
2.4888,1.4343737305912,1.43437347219645,1.44227880108678,1.42646714667772,0,
2.48842777334397,,,,,,1.43410141743478
2.4896,1.43495823983835,1.43495798087849,1.44286252241109,1.42705244533908,0,
2.48922585794094,,,,,,1.43468472524283
2.4904,1.43554232241881,1.43554206289614,1.44344581756601,1.42763731683661,0,
2.49002394253791,,,,,,1.4352676084247
2.4912,1.43612597833257,1.43612571824941,1.4440286865517,1.42822176117038,0,
2.49082202713488,,,,,,1.43585006698039
2.492,1.43670920757964,1.4367089469383,1.4446111293683,1.42880577834029,0,
2.49162011173184,,,,,,1.43643210090991
2.4928,1.43729201016001,1.43729174896279,1.44519314601596,1.4293893683462,0,
2.49241819632881,,,,,,1.43701371021324
2.4936,1.43787438607368,1.43787412432291,1.44577473649482,1.42997253118795,0,
2.49321628092578,,,,,,1.4375948948904
2.4944,1.43845633532066,1.43845607301863,1.44635590080504,1.43055526686539,0,
2.49401436552275,,,,,,1.43817565494137
2.4952,1.43903785790093,1.43903759504996,1.44693663894676,1.43113757537838,0,
2.49481245011971,,,,,,1.43875599036616
2.496,1.43961895381451,1.4396186904169,1.44751695092013,1.43171945672677,0,
2.49561053471668,,,,,,1.43933590116476
2.4968,1.44019962306138,1.44019935911945,1.4480968367253,1.4323009109104,0,
2.49640861931365,,,,,,1.43991538733718
2.4976,1.44077986564155,1.4407796011576,1.4486762963624,1.43288193792912,0,
2.49720670391061,,,,,,1.4404944488834
2.4984,1.44135968155501,1.44135941653136,1.4492553298316,1.43346253778279,0,
2.49800478850758,,,,,,1.44107308580344
2.4992,1.44193907080176,1.44193880524072,1.44983393713303,1.43404271047126,0,
2.49880287310455,,,,,,1.44165129809729
2.5,1.44251803338181,1.44251776728568,1.45041211826684,1.43462245599437,0,
2.49960095770152,,,,,,1.44222908576495
2.5008,1.44309656929515,1.44309630266625,1.45098987323319,1.43520177435198,0,
2.50039904229848,,,,,,1.44280644880642
2.5016,1.44367467854178,1.44367441138241,1.45156720203221,1.43578066554394,0,
2.50119712689545,,,,,,1.44338338722169
2.5024,1.4442523611217,1.44425209343626,1.45214410466406,1.43635912957009,0,
2.50199521149242,,,,,,1.44395990101077
2.5032,1.4448296170349,1.44482934882791,1.45272058112887,1.43693716643029,0,
2.50279329608939,,,,,,1.44453599017775
2.504,1.44540644628139,1.44540617755538,1.45329663142681,1.43751477612438,0,
2.50359138068635,,,,,,1.44511165471887
2.5048,1.44598284886116,1.44598257961861,1.45387225555801,1.43809195865223,0,
2.50438946528332,,,,,,1.44568689463394
2.5056,1.44655882477422,1.44655855501759,1.45444745352262,1.43866871401368,0,
2.50518754988029,,,,,,1.44626170992296
2.5064,1.44713437402056,1.44713410375232,1.45502222532078,1.43924504220857,0,
2.50598563447725,,,,,,1.44683610058594
2.5072,1.44770949660017,1.4477092258228,1.45559657095266,1.43982094323677,0,
2.50678371907422,,,,,,1.44741006662288
2.508,1.44828419251307,1.44828392122904,1.45617049041838,1.44039641709811,0,
2.50758180367119,,,,,,1.44798360803377
2.5088,1.44885846175925,1.44885818997103,1.4567439837181,1.44097146379246,0,
2.50837988826816,,,,,,1.44855672481863
2.5096,1.4494323043387,1.44943203204877,1.45731705085197,1.44154608331966,0,
2.50917797286512,,,,,,1.44912941697744
2.5104,1.45000572025143,1.45000544746227,1.45788969182012,1.44212027567957,0,
2.50997605746209,,,,,,1.44970168451021
2.5112,1.45057870949743,1.45057843621152,1.45846190662271,1.44269404087203,0,
2.51077414205906,,,,,,1.45027352741694
2.512,1.4511512720767,1.45115099829653,1.45903369525989,1.44326737889689,0,
2.51157222665603,,,,,,1.45084494569764
2.5128,1.45172340798925,1.4517231337173,1.4596050577318,1.44384028975401,0,
2.51237031125299,,,,,,1.4514159393523
2.5136,1.45229511723506,1.45229484247383,1.46017599403858,1.44441277344323,0,
2.51316839584996,,,,,,1.45198650838091
2.5144,1.45286639981414,1.45286612456612,1.46074650418038,1.44498482996442,0,
2.51396648044693,,,,,,1.4525566527835
2.5152,1.4534372557265,1.45343697999416,1.46131658815736,1.44555645931741,0,
2.51476456504389,,,,,,1.45312637256004
2.516,1.45400768497211,1.45400740875796,1.46188624596965,1.44612766150206,0,
2.51556264964086,,,,,,1.45369566771055
2.5168,1.45457768755099,1.45457741085753,1.4624554776174,1.44669843651822,0,
2.51636073423783,,,,,,1.45426453823503
2.5176,1.45514726346314,1.45514698629286,1.46302428310076,1.44726878436575,0,
2.5171588188348,,,,,,1.45483298413347
2.5184,1.45571641270855,1.45571613506395,1.46359266241987,1.44783870504448,0,
2.51795690343176,,,,,,1.45540100540588
2.5192,1.45628513528721,1.4562848571708,1.46416061557488,1.44840819855429,0,
2.51875498802873,,,,,,1.45596860205225
2.52,1.45685343119914,1.45685315261341,1.46472814256594,1.448977264895,0,
2.5195530726257,,,,,,1.4565357740726
2.5208,1.45742130044433,1.45742102139179,1.46529524339394,1.44954590406649,0,
2.52035115722267,,,,,,1.45710252146691
2.5216,1.45798874302277,1.45798846350594,1.46586191805857,1.45011411606859,0,
2.52114924181963,,,,,,1.45766884423519
2.5224,1.45855575893542,1.45855547895585,1.46642816655975,1.45068190090116,0,
2.5219473264166,,,,,,1.45823474237745
2.5232,1.45912234818143,1.45912206774153,1.46699398889764,1.45124925856424,0,
2.52274541101357,,,,,,1.45880021589367
2.524,1.45968851076076,1.45968822986297,1.46755938507237,1.45181618905828,0,
2.52354349561053,,,,,,1.45936526478387
2.5248,1.46025424667343,1.46025396532018,1.46812435508411,1.45238269238244,0,
2.5243415802075,,,,,,1.45992988904803
2.5256,1.46081955591941,1.46081927411316,1.46868889893299,1.45294876853655,0,
2.52513966480447,,,,,,1.46049408868617
2.5264,1.46138443849872,1.46138415624191,1.46925301661916,1.45351441752046,0,
2.52593774940144,,,,,,1.46105786369829
2.5272,1.46194889441136,1.46194861170643,1.46981670814277,1.45407963933403,0,
2.5267358339984,,,,,,1.46162121408437
2.528,1.46251292365733,1.46251264050672,1.47037997350397,1.4546444339771,0,
2.52753391859537,,,,,,1.46218413984444
2.5288,1.46307652623662,1.46307624264278,1.4709428127029,1.45520880144953,0,
2.52833200319234,,,,,,1.46274664097848
2.5296,1.46363970214924,1.46363941811461,1.47150522573971,1.45577274175118,0,
2.52913008778931,,,,,,1.46330871748649
2.5304,1.46420245139518,1.46420216692221,1.47206721261455,1.45633625488189,0,
2.52992817238627,,,,,,1.46387036936848
2.5312,1.46476477397446,1.46476448906559,1.47262877332757,1.45689934084152,0,
2.53072625698324,,,,,,1.46443159662445
2.532,1.46532666988706,1.46532638454474,1.4731899078789,1.45746199962993,0,
2.53152434158021,,,,,,1.4649923992544
2.5328,1.46588813913299,1.46588785335967,1.47375061626871,1.45802423124697,0,
2.53232242617717,,,,,,1.46555277725833
2.5336,1.46644918171225,1.46644889551037,1.47431089849714,1.45858603569249,0,
2.53312051077414,,,,,,1.46611273063624
2.5344,1.46700979762484,1.46700951099685,1.47487075456433,1.45914741296634,0,
2.53391859537111,,,,,,1.46667225938813
2.5352,1.46756998687076,1.46756969981911,1.47543018447042,1.45970836306838,0,
2.53471667996808,,,,,,1.467231363514
2.536,1.46812974945,1.46812946197714,1.47598918821558,1.46026888599846,0,
2.53551476456504,,,,,,1.46779004301385
2.5368,1.46868908536258,1.46868879747095,1.47654776579994,1.46082898175643,0,
2.53631284916201,,,,,,1.46834829788768
2.5376,1.46924799460849,1.46924770630054,1.47710591722365,1.46138865034216,0,
2.53711093375898,,,,,,1.4689061281355
2.5384,1.46980647718773,1.4698061884659,1.47766364248686,1.46194789175549,0,
2.53790901835595,,,,,,1.4694635337573
2.5392,1.4703645331003,1.47036424396705,1.47822094158971,1.46250670599628,0,
2.53870710295291,,,,,,1.47002051475308
2.54,1.4709221623462,1.47092187280398,1.47877781453236,1.46306509306438,0,
2.53950518754988,,,,,,1.47057707112285
2.5408,1.47147936492543,1.47147907497669,1.47933426131494,1.46362305295964,0,
2.54030327214685,,,,,,1.47113320286661
2.5416,1.472036140838,1.47203585048519,1.47989028193761,1.46418058568192,0,
2.54110135674381,,,,,,1.47168890998435
2.5424,1.4725924900839,1.47259219932947,1.4804458764005,1.46473769123107,0,
2.54189944134078,,,,,,1.47224419247609
2.5432,1.47314841266313,1.47314812150953,1.48100104470378,1.46529436960696,0,
2.54269752593775,,,,,,1.4727990503418
2.544,1.47370390857569,1.47370361702537,1.48155578684758,1.46585062080942,0,
2.54349561053472,,,,,,1.47335348358151
2.5448,1.47425897782159,1.474258685877,1.48211010283205,1.46640644483831,0,
2.54429369513168,,,,,,1.47390749219521
2.5456,1.47481362040082,1.47481332806442,1.48266399265733,1.4669618416935,0,
2.54509177972865,,,,,,1.4744610761829
2.5464,1.47536783631338,1.47536754358762,1.48321745632358,1.46751681137483,0,
2.54588986432562,,,,,,1.47501423554458
2.5472,1.47592162555928,1.47592133244661,1.48377049383094,1.46807135388216,0,
2.54668794892259,,,,,,1.47556697028025
2.548,1.47647498813852,1.47647469464138,1.48432310517955,1.46862546921533,0,
2.54748603351955,,,,,,1.47611928038991
2.5488,1.47702792405109,1.47702763017195,1.48487529036957,1.46917915737422,0,
2.54828411811652,,,,,,1.47667116587356
2.5496,1.47758043329699,1.4775801390383,1.48542704940113,1.46973241835867,0,
2.54908220271349,,,,,,1.47722262673121
2.5504,1.47813251587623,1.47813222124045,1.48597838227439,1.47028525216853,0,
2.54988028731045,,,,,,1.47777366296286
2.5512,1.47868417178881,1.47868387677838,1.48652928898948,1.47083765880366,0,
2.55067837190742,,,,,,1.47832427456849
2.552,1.47923540103472,1.47923510565211,1.48707976954657,1.47138963826391,0,
2.55147645650439,,,,,,1.47887446154813
2.5528,1.47978620361397,1.47978590786163,1.48762982394578,1.47194119054914,0,
2.55227454110136,,,,,,1.47942422390176
2.5536,1.48033657952656,1.48033628340694,1.48817945218728,1.47249231565921,0,
2.55307262569832,,,,,,1.47997356162939
2.5544,1.48088652877248,1.48088623228805,1.48872865427119,1.47304301359396,0,
2.55387071029529,,,,,,1.48052247473101
2.5552,1.48143605135174,1.48143575450494,1.48927743019768,1.47359328435326,0,
2.55466879489226,,,,,,1.48107096320664
2.556,1.48198514726434,1.48198485005764,1.48982577996688,1.47414312793695,0,
2.55546687948923,,,,,,1.48161902705626
2.5568,1.48253381651028,1.48253351894613,1.49037370357895,1.47469254434489,0,
2.55626496408619,,,,,,1.48216666627988
2.5576,1.48308205908956,1.48308176117041,1.49092120103402,1.47524153357695,0,
2.55706304868316,,,,,,1.4827138808775
2.5584,1.48362987500218,1.4836295767305,1.49146827233225,1.47579009563296,0,
2.55786113328013,,,,,,1.48326067084913
2.5592,1.48417726424813,1.48417696562638,1.49201491747377,1.47633823051279,0,
2.5586592178771,,,,,,1.48380703619475
2.56,1.48472422682743,1.48472392785805,1.49256113645874,1.47688593821629,0,
2.55945730247406,,,,,,1.48435297691438
2.5608,1.48527076274006,1.48527046342553,1.49310692928729,1.47743321874331,0,
2.56025538707103,,,,,,1.48489849300802
2.5616,1.48581687198604,1.48581657232881,1.49365229595959,1.47798007209372,0,
2.561053471668,,,,,,1.48544358447565
2.5624,1.48636255456536,1.48636225456788,1.49419723647576,1.47852649826737,0,
2.56185155626496,,,,,,1.48598825131729
2.5632,1.48690781047801,1.48690751014276,1.49474175083596,1.4790724972641,0,
2.56264964086193,,,,,,1.48653249353294
2.564,1.48745263972401,1.48745233905344,1.49528583904033,1.47961806908378,0,
2.5634477254589,,,,,,1.48707631112259
2.5648,1.48799704230335,1.48799674129993,1.49582950108902,1.48016321372627,0,
2.56424581005587,,,,,,1.48761970408625
2.5656,1.48854101821604,1.48854071688221,1.49637273698217,1.48070793119141,0,
2.56504389465283,,,,,,1.48816267242392
2.5664,1.48908456746206,1.4890842658003,1.49691554671992,1.48125222147906,0,
2.5658419792498,,,,,,1.48870521613559
2.5672,1.48962769004143,1.48962738805419,1.49745793030243,1.48179608458909,0,
2.56664006384677,,,,,,1.48924733522127
2.568,1.49017038595414,1.49017008364389,1.49799988772984,1.48233952052133,0,
2.56743814844374,,,,,,1.48978902968097
2.5688,1.4907126552002,1.4907123525694,1.49854141900229,1.48288252927565,0,
2.5682362330407,,,,,,1.49033029951467
2.5696,1.4912544977796,1.49125419483071,1.49908252411993,1.48342511085191,0,
2.56903431763767,,,,,,1.49087114472238
2.5704,1.49179591369234,1.49179561042783,1.4996232030829,1.48396726524996,0,
2.56983240223464,,,,,,1.49141156530411
2.5712,1.49233690293843,1.49233659936076,1.50016345589134,1.48450899246965,0,
2.5706304868316,,,,,,1.49195156125985
2.572,1.49287746551786,1.49287716162949,1.50070328254541,1.48505029251084,0,
2.57142857142857,,,,,,1.4924911325896
2.5728,1.49341760143064,1.49341729723404,1.50124268304525,1.48559116537339,0,
2.57222665602554,,,,,,1.49303027929336
2.5736,1.49395731067676,1.49395700617439,1.501781657391,1.48613161105715,0,
2.57302474062251,,,,,,1.49356900137114
2.5744,1.49449659325623,1.49449628845056,1.50232020558281,1.48667162956198,0,
2.57382282521947,,,,,,1.49410729882293
2.5752,1.49503544916904,1.49503514406254,1.50285832762082,1.48721122088773,0,
2.57462090981644,,,,,,1.49464517164874
2.576,1.4955738784152,1.49557357301033,1.50339602350518,1.48775038503426,0,
2.57541899441341,,,,,,1.49518261984857
2.5768,1.49611188099471,1.49611157529383,1.50393329323603,1.48828912200143,0,
2.57621707901037,,,,,,1.49571964342241
2.5776,1.49664945690756,1.49664915091294,1.50447013681351,1.48882743178909,0,
2.57701516360734,,,,,,1.49625624237014
2.5784,1.49718660615377,1.4971862998678,1.50500655423777,1.4893653143971,0,
2.57781324820431,,,,,,1.49679241669165
2.5792,1.49772332873332,1.49772302215846,1.50554254550896,1.4899027698253,0,
2.57861133280128,,,,,,1.49732816638717
2.58,1.49825962464621,1.49825931778492,1.50607811062722,1.49043979807357,0,
2.57940941739824,,,,,,1.4978634914567
2.5808,1.49879549389246,1.49879518674718,1.50661324959269,1.49097639914175,0,
2.58020750199521,,,,,,1.49839839190024
2.5816,1.49933093647205,1.49933062904526,1.50714796240552,1.49151257302971,0,
2.58100558659218,,,,,,1.49893286771778
2.5824,1.499865952385,1.49986564467913,1.50768224906586,1.49204831973729,0,
2.58180367118915,,,,,,1.49946691890934
2.5832,1.50040054163129,1.50040023364882,1.50821610957384,1.49258363926436,0,
2.58260175578611,,,,,,1.50000054547491
2.584,1.50093470421094,1.50093439595431,1.50874954392961,1.49311853161077,0,
2.58339984038308,,,,,,1.50053374741449
2.5848,1.50146844012393,1.5014681315956,1.50928255213331,1.49365299677637,0,
2.58419792498005,,,,,,1.50106652472808
2.5856,1.50200174937027,1.50200144057271,1.5098151341851,1.49418703476103,0,
2.58499600957702,,,,,,1.50159887741568
2.5864,1.50253463194997,1.50253432288562,1.51034729008511,1.49472064556459,0,
2.58579409417398,,,,,,1.50213080547729
2.5872,1.50306708786301,1.50306677853434,1.51087901983341,1.49525382918693,0,
2.58659217877095,,,,,,1.50266230891292
2.588,1.50359911710941,1.50359880751888,1.51141032342994,1.49578658562788,0,
2.58739026336792,,,,,,1.50319338772256
2.5888,1.50413071968905,1.50413040983922,1.51194120087501,1.49631891488732,0,
2.58818834796488,,,,,,1.50372404190622
2.5896,1.50466189560169,1.50466158549537,1.51247165216887,1.49685081696505,0,
2.58898643256185,,,,,,1.50425427146389
2.5904,1.50519264484767,1.50519233448733,1.51300167731164,1.4973822918608,0,
2.58978451715882,,,,,,1.50478407639558
2.5912,1.50572296742698,1.50572265681511,1.51353127630349,1.49791333957435,0,
2.59058260175579,,,,,,1.50531345670128
2.592,1.50625286333963,1.5062525524787,1.51406044914455,1.49844396010579,0,
2.59138068635275,,,,,,1.505842412381
2.5928,1.50678233258561,1.5067820214781,1.51458919583496,1.49897415345497,0,
2.59217877094972,,,,,,1.50637094343473
2.5936,1.50731137516493,1.50731106381331,1.51511751637487,1.49950391962175,0,
2.59297685554669,,,,,,1.50689904986249
2.5944,1.50783999107758,1.50783967948434,1.51564541076442,1.500033258606,0,
2.59377494014366,,,,,,1.50742673166426
2.5952,1.50836818032357,1.50836786849118,1.51617287900376,1.50056217040755,0,
2.59457302474062,,,,,,1.50795398884005
2.596,1.50889594290289,1.50889563083384,1.51669992109303,1.50109065502628,0,
2.59537110933759,,,,,,1.50848082138986
2.5968,1.50942327881555,1.50942296651232,1.51722653703236,1.50161871246203,0,
2.59616919393456,,,,,,1.50900722931369
2.5976,1.50995018806154,1.50994987552661,1.51775272682192,1.50214634271467,0,
2.59696727853152,,,,,,1.50953321261155
2.5984,1.51047667064086,1.51047635787672,1.51827849046183,1.50267354578406,0,
2.59776536312849,,,,,,1.51005877128342
2.5992,1.51100272655353,1.51100241356264,1.51880382795224,1.50320032167004,0,
2.59856344772546,,,,,,1.51058390532931
2.6,1.51152835579952,1.51152804258438,1.51932873929329,1.50372667037247,0,
2.59936153232243,,,,,,1.51110861474923
2.6008,1.51205355837886,1.51205324494195,1.51985322448513,1.50425259189122,0,
2.60015961691939,,,,,,1.51163289954317
2.6016,1.51257833429153,1.51257802063533,1.5203772835279,1.50477808622614,0,
2.60095770151636,,,,,,1.51215675971114
2.6024,1.51310268353753,1.51310236966453,1.52090091642174,1.50530315337709,0,
2.60175578611333,,,,,,1.51268019525312
2.6032,1.51362660611687,1.51362629202955,1.5214241231668,1.50582779334392,0,
2.6025538707103,,,,,,1.51320320616914
2.604,1.51415010202954,1.51414978773039,1.52194690376321,1.5063520061265,0,
2.60335195530726,,,,,,1.51372579245917
2.6048,1.51467317127556,1.51467285676706,1.52246925821113,1.50687579172467,0,
2.60415003990423,,,,,,1.51424795412324
2.6056,1.5151958138549,1.51519549913954,1.52299118651068,1.5073991501383,0,
2.6049481245012,,,,,,1.51476969116133
2.6064,1.51571802976759,1.51571771484785,1.52351268866203,1.50792208136725,0,
2.60574620909816,,,,,,1.51529100357344
2.6072,1.51623981901361,1.51623950389198,1.5240337646653,1.50844458541136,0,
2.60654429369513,,,,,,1.51581189135959
2.608,1.51676118159296,1.51676086627194,1.52455441452064,1.50896666227051,0,
2.6073423782921,,,,,,1.51633235451976
2.6088,1.51728211750565,1.51728180198772,1.5250746382282,1.50948831194454,0,
2.60814046288907,,,,,,1.51685239305396
2.6096,1.51780262675168,1.51780231103932,1.52559443578811,1.51000953443332,0,
2.60893854748603,,,,,,1.51737200696219
2.6104,1.51832270933105,1.51832239342676,1.52611380720052,1.51053032973669,0,
2.609736632083,,,,,,1.51789119624445
2.6112,1.51884236524375,1.51884204915001,1.52663275246556,1.51105069785453,0,
2.61053471667997,,,,,,1.51840996090074
2.612,1.51936159448978,1.5193612782091,1.5271512715834,1.51157063878668,0,
2.61133280127694,,,,,,1.51892830093106
2.6128,1.51988039706916,1.51988008060401,1.52766936455415,1.51209015253302,0,
2.6121308858739,,,,,,1.51944621633541
2.6136,1.52039877298187,1.52039845633475,1.52818703137797,1.51260923909338,0,
2.61292897047087,,,,,,1.51996370711379
2.6144,1.52091672222792,1.52091640540131,1.528704272055,1.51312789846763,0,
2.61372705506784,,,,,,1.52048077326621
2.6152,1.5214342448073,1.52143392780371,1.52922108658538,1.51364613065564,0,
2.6145251396648,,,,,,1.52099741479266
2.616,1.52195134072002,1.52195102354193,1.52973747496926,1.51416393565725,0,
2.61532322426177,,,,,,1.52151363169314
2.6168,1.52246800996608,1.52246769261599,1.53025343720676,1.51468131347233,0,
2.61612130885874,,,,,,1.52202942396766
2.6176,1.52298425254548,1.52298393502588,1.53076897329805,1.51519826410073,0,
2.61691939345571,,,,,,1.52254479161621
2.6184,1.52350006845821,1.52349975077159,1.53128408324325,1.51571478754231,0,
2.61771747805267,,,,,,1.5230597346388
2.6192,1.52401545770428,1.52401513985314,1.53179876704251,1.51623088379693,0,
2.61851556264964,,,,,,1.52357425303543
2.62,1.52453042028369,1.52453010227053,1.53231302469597,1.51674655286445,0,
2.61931364724661,,,,,,1.52408834680609
2.6208,1.52504495619644,1.52504463802374,1.53282685620378,1.51726179474473,0,
2.62011173184358,,,,,,1.52460201595078
2.6216,1.52555906544252,1.52555874711279,1.53334026156607,1.51777660943762,0,
2.62090981644054,,,,,,1.52511526046952
2.6224,1.52607274802194,1.52607242953767,1.53385324078299,1.51829099694298,0,
2.62170790103751,,,,,,1.52562808036229
2.6232,1.5265860039347,1.52658568529839,1.53436579385467,1.51880495726068,0,
2.62250598563448,,,,,,1.52614047562911
2.624,1.52709883318079,1.52709851439494,1.53487792078126,1.51931849039057,0,
2.62330407023144,,,,,,1.52665244626996
2.6248,1.52761123576023,1.52761091682733,1.53538962156291,1.5198315963325,0,
2.62410215482841,,,,,,1.52716399228485
2.6256,1.528123211673,1.52812289259556,1.53590089619974,1.52034427508635,0,
2.62490023942538,,,,,,1.52767511367378
2.6264,1.52863476091911,1.52863444169962,1.53641174469191,1.52085652665196,0,
2.62569832402235,,,,,,1.52818581043675
2.6272,1.52914588349856,1.52914556413952,1.53692216703956,1.5213683510292,0,
2.62649640861931,,,,,,1.52869608257377
2.628,1.52965657941134,1.52965625991526,1.53743216324282,1.52187974821792,0,
2.62729449321628,,,,,,1.52920593008483
2.6288,1.53016684865747,1.53016652902683,1.53794173330183,1.52239071821798,0,
2.62809257781325,,,,,,1.52971535296993
2.6296,1.53067669123693,1.53067637147425,1.53845087721674,1.52290126102925,0,
2.62889066241022,,,,,,1.53022435122907
2.6304,1.53118610714973,1.5311857872575,1.5389595949877,1.52341137665158,0,
2.62968874700718,,,,,,1.53073292486226
2.6312,1.53169509639587,1.5316947763766,1.53946788661483,1.52392106508483,0,
2.63048683160415,,,,,,1.53124107386949
2.632,1.53220365897535,1.53220333883154,1.53997575209828,1.52443032632885,0,
2.63128491620112,,,,,,1.53174879825077
2.6328,1.53271179488816,1.53271147462231,1.54048319143819,1.52493916038352,0,
2.63208300079808,,,,,,1.53225609800609
2.6336,1.53321950413432,1.53321918374893,1.5409902046347,1.52544756724868,0,
2.63288108539505,,,,,,1.53276297313546
2.6344,1.53372678671381,1.5337264662114,1.54149679168796,1.5259555469242,0,
2.63367916999202,,,,,,1.53326942363887
2.6352,1.53423364262664,1.5342333220097,1.5420029525981,1.52646309940994,0,
2.63447725458899,,,,,,1.53377544951634
2.636,1.53474007187282,1.53473975114385,1.54250868736526,1.52697022470575,0,
2.63527533918595,,,,,,1.53428105076785
2.6368,1.53524607445233,1.53524575361385,1.54301399598959,1.5274769228115,0,
2.63607342378292,,,,,,1.53478622739341
2.6376,1.53575165036518,1.53575132941969,1.54351887847123,1.52798319372704,0,
2.63687150837989,,,,,,1.53529097939301
2.6384,1.53625679961137,1.53625647856138,1.5440233348103,1.52848903745224,0,
2.63766959297686,,,,,,1.53579530676667
2.6392,1.5367615221909,1.53676120103891,1.54452736500697,1.52899445398695,0,
2.63846767757382,,,,,,1.53629920951438
2.64,1.53726581810376,1.53726549685228,1.54503096906136,1.52949944333104,0,
2.63926576217079,,,,,,1.53680268763614
2.6408,1.53776968734997,1.53776936600151,1.54553414697362,1.53000400548435,0,
2.64006384676776,,,,,,1.53730574113195
2.6416,1.53827312992952,1.53827280848658,1.54603689874388,1.53050814044677,0,
2.64086193136472,,,,,,1.53780837000181
2.6424,1.5387761458424,1.53877582430751,1.54653922437229,1.53101184821813,0,
2.64166001596169,,,,,,1.53831057424573
2.6432,1.53927873508863,1.53927841346428,1.54704112385899,1.53151512879831,0,
2.64245810055866,,,,,,1.53881235386369
2.644,1.5397808976682,1.5397805759569,1.54754259720411,1.53201798218715,0,
2.64325618515563,,,,,,1.53931370885571
2.6448,1.5402826335811,1.54028231178537,1.5480436444078,1.53252040838454,0,
2.64405426975259,,,,,,1.53981463922179
2.6456,1.54078394282735,1.54078362094969,1.5485442654702,1.53302240739031,0,
2.64485235434956,,,,,,1.54031514496192
2.6464,1.54128482540693,1.54128450344986,1.54904446039144,1.53352397920434,0,
2.64565043894653,,,,,,1.54081522607611
2.6472,1.54178528131986,1.54178495928589,1.54954422917167,1.53402512382648,0,
2.6464485235435,,,,,,1.54131488256435
2.648,1.54228531056612,1.54228498845776,1.55004357181103,1.53452584125659,0,
2.64724660814046,,,,,,1.54181411442664
2.6488,1.54278491314573,1.54278459096549,1.55054248830965,1.53502613149454,0,
2.64804469273743,,,,,,1.542312921663
2.6496,1.54328408905868,1.54328376680908,1.55104097866768,1.53552599454018,0,
2.6488427773344,,,,,,1.54281130427341
2.6504,1.54378283830496,1.54378251598851,1.55153904288525,1.53602543039338,0,
2.64964086193136,,,,,,1.54330926225788
2.6512,1.54428116088459,1.54428083850381,1.55203668096251,1.53652443905399,0,
2.65043894652833,,,,,,1.54380679561641
2.652,1.54477905679756,1.5447787343533,1.55253389289959,1.53702302052188,0,
2.6512370311253,,,,,,1.544303904349
2.6528,1.54527652604387,1.54527620353807,1.55303067869663,1.5375211747969,0,
2.65203511572227,,,,,,1.54480058845391
2.6536,1.54577356862352,1.5457732460586,1.55352703835378,1.53801890187892,0,
2.65283320031923,,,,,,1.54529684793237
2.6544,1.54627018453651,1.54626986191492,1.55402297187111,1.5385162017678,0,
2.6536312849162,,,,,,1.54579268278482
2.6552,1.54676637378284,1.54676605110702,1.55451847924872,1.53901307446339,0,
2.65442936951317,,,,,,1.54628809301125
2.656,1.54726213636241,1.54726181363491,1.55501356048682,1.53950951996556,0,
2.65522745411014,,,,,,1.54678307861168
2.6568,1.54775747227523,1.54775714949859,1.55550821558556,1.54000553827414,0,
2.6560255387071,,,,,,1.5472776395861
2.6576,1.54825238152138,1.54825205869805,1.5560024445451,1.54050112938891,0,
2.65682362330407,,,,,,1.5477717759345
2.6584,1.54874686410087,1.54874654123329,1.55649624736557,1.54099629330979,0,
2.65762170790104,,,,,,1.5482654876569
2.6592,1.54924092001369,1.54924059710432,1.55698962404711,1.54149103003669,0,
2.658419792498,,,,,,1.54875877475328
2.66,1.54973454925985,1.54973422631113,1.55748257458985,1.54198533956946,0,
2.65921787709497,,,,,,1.54925163722366
2.6608,1.55022775183934,1.55022742885373,1.55797509899395,1.54247922190797,0,
2.66001596169194,,,,,,1.54974407506802
2.6616,1.55072052775216,1.55072020473211,1.55846719725953,1.54297267705207,0,
2.66081404628891,,,,,,1.55023608828637
2.6624,1.55121287699832,1.55121255394627,1.55895886938673,1.54346570500164,0,
2.66161213088587,,,,,,1.55072767687871
2.6632,1.55170479957781,1.55170447649621,1.5594501153757,1.54395830575653,0,
2.66241021548284,,,,,,1.55121884084504
2.664,1.55219629549064,1.55219597238194,1.55994093522656,1.5444504793166,0,
2.66320830007981,,,,,,1.55170958018535
2.6648,1.5526873647368,1.55268704160346,1.56043132893947,1.54494222568172,0,
2.66400638467678,,,,,,1.55219989489966
2.6656,1.5531780073163,1.55317768416075,1.56092129651456,1.54543354485174,0,
2.66480446927374,,,,,,1.55268978498795
2.6664,1.55366822322913,1.5536682912865,1.56141083795196,1.54592443682653,0,
2.66560255387071,,,,,,1.55317925045023
2.6672,1.55415801247529,1.55415768860329,1.56189995325182,1.54641490160595,0,
2.66640063846768,,,,,,1.5536682912865
2.66719872306465,,,,,,1.55415690749676
2.668,1.55464737505479,1.55464705014883,1.56238864241427,1.54690493918986,0,
2.66799680766161,,,,,,1.554645099081
2.6688,1.55513631096762,1.55513598503015,1.56287690543945,1.54739454957812,0,
2.66879489225858,,,,,,1.55513286603923
2.6696,1.55562482021379,1.55562449324726,1.5633647423275,1.5478837327706,0,
2.66959297685555,,,,,,1.55562020837144
2.6704,1.55611290279329,1.55611257480015,1.56385215307856,1.54837248876715,0,
2.67039106145251,,,,,,1.55610712607765
2.6712,1.55660055870613,1.55660022968881,1.56433913769276,1.54886081756763,0,
2.67118914604948,,,,,,1.55659361915784
2.672,1.5570877879523,1.55708745791326,1.56482569617025,1.54934871917192,0,
2.67198723064645,,,,,,1.55707968761201
2.6728,1.5575745905318,1.5575742594735,1.56531182851115,1.54983619357987,0,
2.67278531524342,,,,,,1.55756533144018
2.6736,1.55806096644464,1.55806063436951,1.56579753471562,1.55032324079134,0,
2.67358339984038,,,,,,1.55805055064232
2.6744,1.55854691569081,1.5585465826013,1.56628281478378,1.55080986080619,0,
2.67438148443735,,,,,,1.55853534521846
2.6752,1.55903243827032,1.55903210416888,1.56676766871578,1.5512960536243,0,
2.67517956903432,,,,,,1.55901971516858
2.676,1.55951753418316,1.55951719907223,1.56725209651175,1.55178181924551,0,
2.67597765363128,,,,,,1.55950366049268
2.6768,1.56000220342934,1.56000186731136,1.56773609817182,1.5522671576697,0,
2.67677573822825,,,,,,1.55998718119077
2.6776,1.56048644600885,1.56048610888628,1.56821967369615,1.55275206889672,0,
2.67757382282522,,,,,,1.56047027726285
2.6784,1.56097026192169,1.56096992379698,1.56870282308486,1.55323655292644,0,
2.67837190742219,,,,,,1.56095294870891
2.6792,1.56145365116787,1.56145331204345,1.56918554633809,1.55372060975871,0,
2.67916999201915,,,,,,1.56143519552896
2.68,1.56193661374738,1.56193627362571,1.56966784345597,1.55420423939341,0,
2.67996807661612,,,,,,1.56191701772299
2.6808,1.56241914966023,1.56241880854374,1.57014971443866,1.55468744183039,0,
2.68076616121309,,,,,,1.562398415291
2.6816,1.56290125890641,1.56290091679756,1.57063115928628,1.55517021706952,0,
2.68156424581006,,,,,,1.562879388233
2.6824,1.56338294148593,1.56338259838715,1.57111217799896,1.55565256511066,0,
2.68236233040702,,,,,,1.56335993654898
2.6832,1.56386419739878,1.56386385331252,1.57159277057686,1.55613448595368,0,
2.68316041500399,,,,,,1.56384006023895
2.684,1.56434502664496,1.56434468157367,1.5720729370201,1.55661597959843,0,
2.68395849960096,,,,,,1.5643197593029
2.6848,1.56482542922448,1.5648250831706,1.57255267732882,1.55709704604477,0,
2.68475658419792,,,,,,1.56479903374083
2.6856,1.56530540513733,1.56530505810331,1.57303199150315,1.55757768529258,0,
2.68555466879489,,,,,,1.56527788355275
2.6864,1.56578495438352,1.5657846063718,1.57351087954325,1.55805789734171,0,
2.68635275339186,,,,,,1.56575630873865
2.6872,1.56626407696304,1.56626372797606,1.57398934144923,1.55853768219203,0,
2.68715083798883,,,,,,1.56623430929854
2.688,1.56674277287589,1.56674242291611,1.57446737722124,1.5590170398434,0,
2.68794892258579,,,,,,1.5667118852324
2.6888,1.56722104212208,1.56722069119193,1.57494498685942,1.55949597029568,0,
2.68874700718276,,,,,,1.56718903654025
2.6896,1.56769888470161,1.56769853280353,1.5754221703639,1.55997447354875,0,
2.68954509177973,,,,,,1.56766576322209
2.6904,1.56817630061446,1.5681759477509,1.57589892773481,1.56045254960245,0,
2.6903431763767,,,,,,1.5681420652779
2.6912,1.56865328986066,1.56865293603406,1.5763752589723,1.56093019845665,0,
2.69114126097366,,,,,,1.5686179427077
2.692,1.56912985244018,1.56912949765299,1.5768511640765,1.56140742011122,0,
2.69193934557063,,,,,,1.56909339551148
2.6928,1.56960598835304,1.56960563260769,1.57732664304755,1.56188421456603,0,
2.6927374301676,,,,,,1.56956842368924
2.6936,1.57008169759924,1.57008134089818,1.57780169588558,1.56236058182093,0,
2.69353551476456,,,,,,1.57004302724098
2.6944,1.57055698017877,1.57055662252444,1.57827632259073,1.56283652187578,0,
2.69433359936153,,,,,,1.5705172061667
2.6952,1.57103183609163,1.57103147748648,1.57875052316313,1.56331203473046,0,
2.6951316839585,,,,,,1.57099096046641
2.696,1.57150626533783,1.57150590578429,1.57922429760293,1.56378712038482,0,
2.69592976855547,,,,,,1.5714642901401
2.6968,1.57198026791736,1.57197990741788,1.57969764591025,1.56426177883874,0,
2.69672785315243,,,,,,1.57193719518776
2.6976,1.57245384383023,1.57245348238725,1.58017056808523,1.56473601009206,0,
2.6975259377494,,,,,,1.57240967560941
2.6984,1.57292699307643,1.57292663069239,1.58064306412802,1.56520981414467,0,
2.69832402234637,,,,,,1.57288173140504
2.6992,1.57339971565597,1.5733993523333,1.58111513403873,1.56568319099641,0,
2.69912210694334,,,,,,1.57335336257465
2.7,1.57387201156883,1.57387164731,1.58158677781752,1.56615614064716,0,
2.6999201915403,,,,,,1.57382456911824
2.7008,1.57434388081504,1.57434351562246,1.58205799546452,1.56662866309678,0,
2.70071827613727,,,,,,1.57429535103581
2.7016,1.57481532339458,1.57481495727071,1.58252878697985,1.56710075834514,0,
2.70151636073424,,,,,,1.57476570832736
2.7024,1.57528633930745,1.57528597225472,1.58299915236366,1.56757242639209,0,
2.70231444533121,,,,,,1.57523564099289
2.7032,1.57575692855365,1.57575656057452,1.58346909161609,1.56804366723751,0,
2.70311252992817,,,,,,1.5757051490324
2.704,1.57622709113319,1.57622672223008,1.58393860473726,1.56851448088125,0,
2.70391061452514,,,,,,1.57617423244589
2.7048,1.57669682704607,1.57669645722142,1.58440769172732,1.56898486732318,0,
2.70470869912211,,,,,,1.57664289123335
2.7056,1.57716613629228,1.57716576554854,1.58487635258639,1.56945482656317,0,
2.70550678371907,,,,,,1.5771111253948
2.7064,1.57763501887182,1.57763464721143,1.58534458731462,1.56992435860109,0,
2.70630486831604,,,,,,1.57757893493023
2.7072,1.5781034747847,1.57810310221009,1.58581239591213,1.57039346343678,0,
2.70710295291301,,,,,,1.57804631983963
2.708,1.57857150403091,1.57857113054453,1.58627977837907,1.57086214107013,0,
2.70790103750998,,,,,,1.57851328012302
2.7088,1.57903910661046,1.57903873221474,1.58674673471557,1.57133039150099,0,
2.70869912210694,,,,,,1.57897981578038
2.7096,1.57950628252334,1.57950590722072,1.58721326492176,1.57179821472923,0,
2.70949720670391,,,,,,1.57944592681172
2.7104,1.57997303176955,1.57997265556248,1.58767936899778,1.57226561075472,0,
2.71029529130088,,,,,,1.57991161321703
2.7112,1.5804393543491,1.58043897724001,1.58814504694376,1.57273257957732,0,
2.71109337589785,,,,,,1.58037687499633
2.712,1.58090525026198,1.58090487225331,1.58861029875984,1.57319912119689,0,
2.71189146049481,,,,,,1.5808417121496
2.7128,1.5813707195082,1.58137034060239,1.58907512444615,1.57366523561331,0,
2.71268954509178,,,,,,1.58130612467686
2.7136,1.58183576208775,1.58183538228723,1.58953952400283,1.57413092282642,0,
2.71348762968875,,,,,,1.58177011257808
2.7144,1.58230037800064,1.58229999730785,1.59000349743,1.57459618283611,0,
2.71428571428571,,,,,,1.58223367585329
2.7152,1.58276456724686,1.58276418566424,1.59046704472782,1.57506101564224,0,
2.71508379888268,,,,,,1.58269681450247
2.716,1.58322832982641,1.58322794735641,1.59093016589641,1.57552542124467,0,
2.71588188347965,,,,,,1.58315952852563
2.7168,1.5836916657393,1.58369128238434,1.59139286093589,1.57598939964326,0,
2.71667996807662,,,,,,1.58362181792277
2.7176,1.58415457498552,1.58415419074805,1.59185512984642,1.57645295083789,0,
2.71747805267358,,,,,,1.58408368269388
2.7184,1.58461705756508,1.58461667244753,1.59231697262812,1.57691607482842,0,
2.71827613727055,,,,,,1.58454512283897
2.7192,1.58507911347797,1.58507872748278,1.59277838928113,1.57737877161471,0,
2.71907422186752,,,,,,1.58500613835804
2.72,1.58554074272419,1.5855403558538,1.59323937980558,1.57784104119663,0,
2.71987230646449,,,,,,1.58546672925108
2.7208,1.58600194530375,1.58600155756059,1.5936999442016,1.57830288357404,0,
2.72067039106145,,,,,,1.58592689551809
2.7216,1.58646272121665,1.58646233260315,1.59416008246934,1.57876429874682,0,
2.72146847565842,,,,,,1.58638663715909
2.7224,1.58692307046288,1.58692268098149,1.59461979460891,1.57922528671482,0,
2.72226656025539,,,,,,1.58684595417406
2.7232,1.58738299304244,1.58738260269559,1.59507908062046,1.57968584747792,0,
2.72306464485235,,,,,,1.587304846563
2.724,1.58784248895534,1.58784209774546,1.59553794050412,1.58014598103598,0,
2.72386272944932,,,,,,1.58776331432592
2.7248,1.58830155820157,1.58830116613111,1.59599637426003,1.58060568738886,0,
2.72466081404629,,,,,,1.58822135746281
2.7256,1.58876020078113,1.58875980785252,1.59645438188831,1.58106496653644,0,
2.72545889864326,,,,,,1.58867897597368
2.7264,1.58921841669403,1.5892180229097,1.5969119633891,1.58152381847857,0,
2.72625698324022,,,,,,1.58913616985852
2.7272,1.58967620594026,1.58967581130266,1.59736911876254,1.58198224321513,0,
2.72705506783719,,,,,,1.58959293911734
2.728,1.59013356851983,1.59013317303138,1.59782584800875,1.58244024074599,0,
2.72785315243416,,,,,,1.59004928375013
2.7288,1.59059050443273,1.59059010809587,1.59828215112787,1.58289781107099,0,
2.72865123703113,,,,,,1.5905052037569
2.7296,1.59104701367897,1.59104661649613,1.59873802812004,1.58335495419003,0,
2.72944932162809,,,,,,1.59096069913764
2.7304,1.59150309625854,1.59150269823216,1.59919347898539,1.58381167010295,0,
2.73024740622506,,,,,,1.59141576989235
2.7312,1.59195875217145,1.59195835330395,1.59964850372404,1.58426795880964,0,
2.73104549082203,,,,,,1.59187041602104
2.732,1.59241398141768,1.59241358171152,1.60010310233614,1.58472382030994,0,
2.73184357541899,,,,,,1.5923246375237
2.7328,1.59286878399726,1.59286838345485,1.60055727482181,1.58517925460374,0,
2.73264166001596,,,,,,1.59277843440033
2.7336,1.59332315991016,1.59332275853396,1.60101102118119,1.5856342616909,0,
2.73343974461293,,,,,,1.59323180665094
2.7344,1.59377710915641,1.59377670694883,1.60146434141442,1.58608884157128,0,
2.7342378292099,,,,,,1.59368475427552
2.7352,1.59423063173598,1.59423022869946,1.60191723552161,1.58654299424476,0,
2.73503591380686,,,,,,1.59413727727407
2.736,1.59468372764889,1.59468332378587,1.60236970350292,1.5869967197112,0,
2.73583399840383,,,,,,1.5945893756466
2.7368,1.59513639689514,1.59513599220804,1.60282174535846,1.58745001797046,0,
2.7366320830008,,,,,,1.59504104939309
2.7376,1.59558863947471,1.59558823396598,1.60327336108838,1.58790288902242,0,
2.73743016759777,,,,,,1.59549229851356
2.7384,1.59604045538763,1.59604004905969,1.60372455069279,1.58835533286693,0,
2.73822825219473,,,,,,1.59594312300801
2.7392,1.59649184463387,1.59649143748916,1.60417531417185,1.58880734950388,0,
2.7390263367917,,,,,,1.59639352287642
2.74,1.59694280721346,1.5969423992544,1.60462565152568,1.58925893893313,0,
2.73982442138867,,,,,,1.5968434981188
2.7408,1.59739334312637,1.59739293435541,1.6050755627544,1.58971010115454,0,
2.74062250598563,,,,,,1.59729304873516
2.7416,1.59784345237262,1.59784304279218,1.60552504785816,1.59016083616798,0,
2.7414205905826,,,,,,1.59774217472549
2.7424,1.59829313495221,1.59829272456472,1.60597410683708,1.59061114397332,0,
2.74221867517957,,,,,,1.59819087608979
2.7432,1.59874239086512,1.59874197967303,1.60642273969131,1.59106102457043,0,
2.74301675977654,,,,,,1.59863915282806
2.744,1.59919122011138,1.5991908081171,1.60687094642096,1.59151047795917,0,
2.7438148443735,,,,,,1.5990870049403
2.7448,1.59963962269096,1.59963920989694,1.60731872702617,1.59195950413942,0,
2.74461292897047,,,,,,1.59953443242651
2.7456,1.60008759860388,1.60008718501254,1.60776608150707,1.59240810311103,0,
2.74541101356744,,,,,,1.59998143528669
2.7464,1.60053514785014,1.60053473346391,1.6082130098638,1.59285627487389,0,
2.74620909816441,,,,,,1.60042801352084
2.7472,1.60098227042973,1.60098185525104,1.60865951209648,1.59330401942785,0,
2.74700718276137,,,,,,1.60087416712897
2.748,1.60142896634265,1.60142855037394,1.60910558820526,1.5937513367728,0,
2.74780526735834,,,,,,1.60131989611106
2.7488,1.60187523558891,1.6018748188326,1.60955123819025,1.59419822690858,0,
2.74860335195531,,,,,,1.60176520046712
2.7496,1.6023210781685,1.60232066062703,1.60999646205159,1.59464468983508,0,
2.74940143655227,,,,,,1.60221008019715
2.7504,1.60276649408143,1.60276607575722,1.61044125978941,1.59509072555215,0,
2.75019952114924,,,,,,1.60265453530115
2.7512,1.60321148332769,1.60321106422317,1.61088563140385,1.59553633405968,0,
2.75099760574621,,,,,,1.60309856577912
2.752,1.60365604590728,1.6036556260249,1.61132957689503,1.59598151535753,0,
2.75179569034318,,,,,,1.60354217163106
2.7528,1.60410018182021,1.60409976116238,1.61177309626309,1.59642626944556,0,
2.75259377494014,,,,,,1.60398535285697
2.7536,1.60454389106647,1.60454346963563,1.61221618950815,1.59687059632364,0,
2.75339185953711,,,,,,1.60442810945685
2.7544,1.60498717364607,1.60498675144464,1.61265885663035,1.59731449599165,0,
2.75418994413408,,,,,,1.60487044143069
2.7552,1.605430029559,1.60542960658941,1.61310109762982,1.59775796844946,0,
2.75498802873105,,,,,,1.60531234877851
2.756,1.60587245880527,1.60587203506995,1.61354291250668,1.59820101369692,0,
2.75578611332801,,,,,,1.60575383150029
2.7568,1.60631446138487,1.60631403688625,1.61398430126108,1.59864363173392,0,
2.75658419792498,,,,,,1.60619488959604
2.7576,1.6067560372978,1.60675561203832,1.61442526389314,1.59908582256032,0,
2.75738228252195,,,,,,1.60663552306576
2.7584,1.60719718654407,1.60719676052614,1.61486580040299,1.59952758617599,0,
2.75818036711891,,,,,,1.60707573190944
2.7592,1.60763790912367,1.60763748234973,1.61530591079076,1.59996892258079,0,
2.75897845171588,,,,,,1.6075155161271
2.76,1.60807820503661,1.60807777750908,1.61574559505658,1.6004098317746,0,
2.75977653631285,,,,,,1.60795487571872
2.7608,1.60851807428288,1.6085176460042,1.61618485320059,1.60085031375729,0,
2.76057462090982,,,,,,1.60839381068431
2.7616,1.60895751686249,1.60895708783507,1.61662368522291,1.60129036852873,0,
2.76137270550678,,,,,,1.60883232102386
2.7624,1.60939653277543,1.60939610300171,1.61706209112367,1.60172999608878,0,
2.76217079010375,,,,,,1.60927040673738
2.7632,1.6098351220217,1.60983469150411,1.617500070903,1.60216919643732,0,
2.76296887470072,,,,,,1.60970806782487
2.764,1.61027328460131,1.61027285334227,1.61793762456104,1.60260796957422,0,
2.76376695929769,,,,,,1.61014530428633
2.7648,1.61071102051425,1.61071058851619,1.61837475209791,1.60304631549934,0,
2.76456504389465,,,,,,1.61058211612175
2.7656,1.61114832976053,1.61114789702587,1.61881145351375,1.60348423421255,0,
2.76536312849162,,,,,,1.61101850333114
2.7664,1.61158521234014,1.61158477887132,1.61924772880868,1.60392172571373,0,
2.76616121308859,,,,,,1.61145446591449
2.7672,1.61202166825308,1.61202123405252,1.61968357798283,1.60435879000275,0,
2.76695929768555,,,,,,1.61189000387181
2.768,1.61245769749936,1.61245726256949,1.62011900103633,1.60479542707947,0,
2.76775738228252,,,,,,1.61232511720309
2.7688,1.61289330007897,1.61289286442221,1.62055399796931,1.60523163694376,0,
2.76855546687949,,,,,,1.61275980590834
2.7696,1.61332847599192,1.6133280396107,1.62098856878191,1.60566741959551,0,
2.76935355147646,,,,,,1.61319406998756
2.7704,1.6137632252382,1.61376278813495,1.62142271347425,1.60610277503456,0,
2.77015163607342,,,,,,1.61362790944074
2.7712,1.61419754781782,1.61419710999495,1.62185643204646,1.60653770326081,0,
2.77094972067039,,,,,,1.61406132426788
2.772,1.61463144373077,1.61463100519072,1.62228972449867,1.60697220427411,0,
2.77174780526736,,,,,,1.614494314469
2.7728,1.61506491297705,1.61506447372224,1.622722590831,1.60740627807433,0,
2.77254588986433,,,,,,1.61492688004407
2.7736,1.61549795555667,1.61549751558953,1.6231550310436,1.60783992466136,0,
2.77334397446129,,,,,,1.61535902099311
2.7744,1.61593057146962,1.61593013079257,1.62358704513658,1.60827314403505,0,
2.77414205905826,,,,,,1.61579073731611
2.7752,1.61636276071591,1.61636231933138,1.62401863311008,1.60870593619529,0,
2.77494014365523,,,,,,1.61622202901308
2.776,1.61679452329553,1.61679408120594,1.62444979496423,1.60913830114193,0,
2.77573822825219,,,,,,1.61665289608401
2.7768,1.61722585920848,1.61722541641626,1.62488053069915,1.60957023887485,0,
2.77653631284916,,,,,,1.61708333852891
2.7776,1.61765676845477,1.61765632496234,1.62531084031497,1.61000174939393,0,
2.77733439744613,,,,,,1.61751335634777
2.7784,1.6180872510344,1.61808680684418,1.62574072381183,1.61043283269903,0,
2.7781324820431,,,,,,1.61794294954059
2.7792,1.61851730694736,1.61851686206177,1.62617018118984,1.61086348879002,0,
2.77893056664006,,,,,,1.61837211810737
2.78,1.61894693619365,1.61894649061513,1.62659921244915,1.61129371766678,0,
2.77972865123703,,,,,,1.61880086204812
2.7808,1.61937613877327,1.61937569250424,1.62702781758987,1.61172351932918,0,
2.780526735834,,,,,,1.61922918136283
2.7816,1.61980491468623,1.61980446772911,1.62745599661213,1.61215289377708,0,
2.78132482043097,,,,,,1.61965707605151
2.7824,1.62023326393253,1.62023281628973,1.62788374951607,1.61258184101036,0,
2.78212290502793,,,,,,1.62008454611415
2.7832,1.62066118651216,1.62066073818612,1.62831107630182,1.6130103610289,0,
2.7829209896249,,,,,,1.62051159155074
2.784,1.62108868242512,1.62108823341826,1.62873797696949,1.61343845383255,0,
2.78371907422187,,,,,,1.62093821236131
2.7848,1.62151575167142,1.62151530198616,1.62916445151922,1.6138661194212,0,
2.78451715881883,,,,,,1.62136440854583
2.7856,1.62194239425105,1.62194194388981,1.62959049995114,1.61429335779472,0,
2.7853152434158,,,,,,1.62179018010431
2.7864,1.62236861016402,1.62236815912922,1.63001612226538,1.61472016895298,0,
2.78611332801277,,,,,,1.62221552703676
2.7872,1.62279439941032,1.62279394770439,1.63044131846205,1.61514655289584,0,
2.78691141260974,,,,,,1.62264044934317
2.788,1.62321976198995,1.62321930961531,1.6308660885413,1.61557250962319,0,
2.7877094972067,,,,,,1.62306494702354
2.7888,1.62364469790292,1.62364424486199,1.63129043250322,1.61599803913489,0,
2.78850758180367,,,,,,1.62348902007787
2.7896,1.62406920714921,1.62406875344443,1.63171435034793,1.61642314143081,0,
2.78930566640064,,,,,,1.62391266850616
2.7904,1.6244932897288,1.62449283536262,1.6321378420756,1.61684781651083,0,
2.79010375099761,,,,,,1.62433589230841
2.7912,1.62491694564171,1.62491649061657,1.63256090768635,1.61727206437479,0,
2.79090183559457,,,,,,1.62475869148463
2.792,1.62534017488796,1.62533971920627,1.63298354718031,1.61769588502258,0,
2.79169992019154,,,,,,1.6251810660348
2.7928,1.62576297746755,1.62576252113173,1.63340576055759,1.61811927845408,0,
2.79249800478851,,,,,,1.62560301595893
2.7936,1.62618535338046,1.62618489639294,1.63382754781834,1.61854224466916,0,
2.79329608938547,,,,,,1.62602454125703
2.7944,1.62660730262671,1.62660684498991,1.63424890896268,1.6189647836677,0,
2.79409417398244,,,,,,1.62644564192908
2.7952,1.62702882520629,1.62702836692264,1.63466984399074,1.61938689544958,0,
2.79489225857941,,,,,,1.62686631797509
2.796,1.62744992111921,1.62744946219111,1.63509035290263,1.61980858001466,0,
2.79569034317638,,,,,,1.62728656939507
2.7968,1.62787059036546,1.62787013079534,1.6355104356985,1.62022983736282,0,
2.79648842777334,,,,,,1.627706396189
2.7976,1.62829083294504,1.62829037273533,1.63593009237846,1.62065066749393,0,
2.79728651237031,,,,,,1.62812579835689
2.7984,1.62871064885795,1.62871018801107,1.63634932294264,1.62107107040786,0,
2.79808459696728,,,,,,1.62854477589874
2.7992,1.6291300381042,1.62912957662256,1.63676812739118,1.62149104610449,0,
2.79888268156425,,,,,,1.62896332881455
2.8,1.62954900068378,1.62954853856981,1.63718650572419,1.62191059458369,0,
2.79968076616121,,,,,,1.62938145710432
2.8008,1.6299675365967,1.62996707385316,1.6376044579418,1.62232971584534,0,
2.80047885075818,,,,,,1.62979916076805
2.8016,1.63038564584294,1.63038518247302,1.63802198404414,1.6227484098893,0,
2.80127693535515,,,,,,1.63021643980661
2.8024,1.63080332842252,1.63080286442897,1.63843908403134,1.62316667671545,0,
2.80207501995211,,,,,,1.63063329421968
2.8032,1.63122058433543,1.6312201197207,1.63885575790352,1.62358451632366,0,
2.80287310454908,,,,,,1.63104972400674
2.804,1.63163741358168,1.63163694834821,1.63927200566081,1.62400192871381,0,
2.80367118914605,,,,,,1.63146572916778
2.8048,1.63205381616126,1.6320533503115,1.63968782730333,1.62441891388577,0,
2.80446927374302,,,,,,1.6318813097028
2.8056,1.63246979207417,1.63246932561056,1.64010322283121,1.62483547183942,0,
2.80526735833998,,,,,,1.63229646561181
2.8064,1.63288534132041,1.6328848742454,1.64051819224457,1.62525160257462,0,
2.80606544293695,,,,,,1.6327111968948
2.8072,1.63330046389999,1.63329999621602,1.64093273554355,1.62566730609126,0,
2.80686352753392,,,,,,1.63312550355177
2.808,1.6337151598129,1.63371469152242,1.64134685272827,1.6260825823892,0,
2.80766161213089,,,,,,1.63353938558273
2.8088,1.63412942905915,1.6341289601646,1.64176054379884,1.62649743146832,0,
2.80845969672785,,,,,,1.63395284298767
2.8096,1.63454327163872,1.63454280214256,1.64217380875541,1.6269118533285,0,
2.80925778132482,,,,,,1.63436587576659
2.8104,1.63495668755163,1.63495621745629,1.64258664759809,1.6273258479696,0,
2.81005586592179,,,,,,1.6347784839195
2.8112,1.63536967679788,1.6353692061058,1.64299906032701,1.62773941539151,0,
2.81085395051876,,,,,,1.63519066744639
2.812,1.63578223937745,1.63578176809109,1.6434110469423,1.6281525555941,0,
2.81165203511572,,,,,,1.63560242634726
2.8128,1.63619437529036,1.63619390341216,1.64382260744407,1.62856526857723,0,
2.81245011971269,,,,,,1.63601376062211
2.8136,1.6366060845366,1.63660561206901,1.64423374183247,1.6289775543408,0,
2.81324820430966,,,,,,1.63642467027095
2.8144,1.63701736711617,1.63701689406164,1.6446444501076,1.62938941288466,0,
2.81404628890662,,,,,,1.63683515529377
2.8152,1.63742822302908,1.63742774939004,1.6450547322696,1.6298008442087,0,
2.81484437350359,,,,,,1.63724521569058
2.816,1.63783865227532,1.63783817805422,1.64546458831858,1.63021184831279,0,
2.81564245810056,,,,,,1.63765485146136
2.8168,1.63824865485489,1.63824818005418,1.64587401825469,1.6306224251968,0,
2.81644054269753,,,,,,1.63806406260613
2.8176,1.6386582307678,1.63865775538992,1.64628302207803,1.63103257486062,0,
2.81723862729449,,,,,,1.63847284912489
2.8184,1.63906738001404,1.63906690406143,1.64669159978874,1.63144229730411,0,
2.81803671189146,,,,,,1.63888121101762
2.8192,1.63947610259361,1.63947562606873,1.64709975138693,1.63185159252715,0,
2.81883479648843,,,,,,1.63928914828434
2.82,1.63988439850651,1.6398839214118,1.64750747687275,1.63226046052962,0,
2.8196328810854,,,,,,1.63969666092505
2.8208,1.64029226775275,1.64029179009065,1.6479147762463,1.63266890131139,0,
2.82043096568236,,,,,,1.64010374893973
2.8216,1.64069971033232,1.64069923210528,1.64832164950771,1.63307691487233,0,
2.82122905027933,,,,,,1.6405104123284
2.8224,1.64110672624522,1.64110624745569,1.64872809665711,1.63348450121233,0,
2.8220271348763,,,,,,1.64091665109105
2.8232,1.64151331549146,1.64151283614187,1.64913411769462,1.63389166033125,0,
2.82282521947326,,,,,,1.64132246522769
2.824,1.64191947807103,1.64191899816383,1.64953971262036,1.63429839222897,0,
2.82362330407023,,,,,,1.6417278547383
2.8248,1.64232521398393,1.64232473352157,1.64994488143447,1.63470469690538,0,
2.8244213886672,,,,,,1.6421328196229
2.8256,1.64273052323016,1.64273004221509,1.65034962413706,1.63511057436034,0,
2.82521947326417,,,,,,1.64253735988149
2.8264,1.64313540580973,1.64313492424439,1.65075394072825,1.63551602459373,0,
2.82601755786113,,,,,,1.64294147551405
2.8272,1.64353986172263,1.64353937960946,1.65115783120818,1.63592104760542,0,
2.8268156424581,,,,,,1.6433451665206
2.828,1.64394389096886,1.64394340831032,1.65156129557696,1.6363256433953,0,
2.82761372705507,,,,,,1.64374843290113
2.8288,1.64434749354843,1.64434701034695,1.65196433383472,1.63672981196324,0,
2.82841181165203,,,,,,1.64415127465565
2.8296,1.64475066946132,1.64475018571936,1.65236694598158,1.63713355330911,0,
2.829209896249,,,,,,1.64455369178414
2.8304,1.64515341870756,1.64515293442754,1.65276913201766,1.63753686743279,0,
2.83000798084597,,,,,,1.64495568428662
2.8312,1.64555574128712,1.64555525647151,1.6531708919431,1.63793975433416,0,
2.83080606544294,,,,,,1.64535725216309
2.832,1.64595763720001,1.64595715185125,1.653572225758,1.63834221401309,0,
2.8316041500399,,,,,,1.64575839541353
2.8328,1.64635910644624,1.64635862056677,1.6539731334625,1.63874424646947,0,
2.83240223463687,,,,,,1.64615911403796
2.8336,1.6467601490258,1.64675966261807,1.65437361505672,1.63914585170316,0,
2.83320031923384,,,,,,1.64655940803637
2.8344,1.6471607649387,1.64716027800514,1.65477367054078,1.63954702971404,0,
2.83399840383081,,,,,,1.64695927740877
2.8352,1.64756095418493,1.647560466728,1.6551732999148,1.639947780502,0,
2.83479648842777,,,,,,1.64735872215514
2.836,1.64796071676449,1.64796022878663,1.65557250317891,1.6403481040669,0,
2.83559457302474,,,,,,1.6477577422755
2.8368,1.64836005267738,1.64835956418104,1.65597128033323,1.64074800040863,0,
2.83639265762171,,,,,,1.64815633776985
2.8376,1.6487589619236,1.64875847291123,1.65636963137788,1.64114746952706,0,
2.83719074221868,,,,,,1.64855450863817
2.8384,1.64915744450316,1.64915695497719,1.65676755631299,1.64154651142207,0,
2.83798882681564,,,,,,1.64895225488048
2.8392,1.64955550041605,1.64955501037893,1.65716505513867,1.64194512609353,0,
2.83878691141261,,,,,,1.64934957649677
2.84,1.64995312966227,1.64995263911646,1.65756212785505,1.64234331354133,0,
2.83958499600958,,,,,,1.64974647348704
2.8408,1.65035033224183,1.65034984118975,1.65795877446225,1.64274107376534,0,
2.84038308060654,,,,,,1.6501429458513
2.8416,1.65074710815472,1.65074661659883,1.6583549949604,1.64313840676543,0,
2.84118116520351,,,,,,1.65053899358954
2.8424,1.65114345740094,1.65114296534368,1.65875078934962,1.6435353125415,0,
2.84197924980048,,,,,,1.65093461670176
2.8432,1.65153937998049,1.65153888742432,1.65914615763002,1.6439317910934,0,
2.84277733439745,,,,,,1.65132981518796
2.844,1.65193487589338,1.65193438284073,1.65954109980173,1.64432784242103,0,
2.84357541899441,,,,,,1.65172458904815
2.8448,1.6523299451396,1.65232945159291,1.65993561586487,1.64472346652425,0,
2.84437350359138,,,,,,1.65211893828232
2.8456,1.65272458771915,1.65272409368088,1.66032970581957,1.64511866340296,0,
2.84517158818835,,,,,,1.65251286289047
2.8464,1.65311880363203,1.65311830910462,1.66072336966594,1.64551343305702,0,
2.84596967278532,,,,,,1.6529063628726
2.8472,1.65351259287825,1.65351209786414,1.66111660740411,1.64590777548631,0,
2.84676775738228,,,,,,1.65329943822872
2.848,1.6539059554578,1.65390545995944,1.6615094190342,1.64630169069071,0,
2.84756584197925,,,,,,1.65369208895882
2.8488,1.65429889137068,1.65429839539051,1.66190180455633,1.6466951786701,0,
2.84836392657622,,,,,,1.6540843150629
2.8496,1.65469140061689,1.65469090415737,1.66229376397062,1.64708823942436,0,
2.84916201117318,,,,,,1.65447611654096
2.8504,1.65508348319644,1.65508298626,1.66268529727719,1.64748087295337,0,
2.84996009577015,,,,,,1.65486749339301
2.8512,1.65547513910932,1.65547464169841,1.66307640447617,1.647873079257,0,
2.85075818036712,,,,,,1.65525844561904
2.852,1.65586636835553,1.65586587047259,1.66346708556767,1.64826485833514,0,
2.85155626496409,,,,,,1.65564897321905
2.8528,1.65625717093508,1.65625667258256,1.66385734055182,1.64865621018766,0,
2.85235434956105,,,,,,1.65603907619305
2.8536,1.65664754684795,1.6566470480283,1.66424716942873,1.64904713481444,0,
2.85315243415802,,,,,,1.65642875454102
2.8544,1.65703749609416,1.65703699680982,1.66463657219853,1.64943763221536,0,
2.85395051875499,,,,,,1.65681800826298
2.8552,1.6574270186737,1.65742651892711,1.66502554886134,1.6498277023903,0,
2.85474860335196,,,,,,1.65720683735892
2.856,1.65781611458658,1.65781561438019,1.66541409941728,1.65021734533913,0,
2.85554668794892,,,,,,1.65759524182885
2.8568,1.65820478383278,1.65820428316904,1.66580222386647,1.65060656106175,0,
2.85634477254589,,,,,,1.65798322167275
2.8576,1.65859302641232,1.65859252529367,1.66618992220903,1.65099534955802,0,
2.85714285714286,,,,,,1.65837077689064
2.8584,1.6589808423252,1.65898034075407,1.66657719444508,1.65138371082783,0,
2.85794094173982,,,,,,1.65875790748251
2.8592,1.6593682315714,1.65936772955026,1.66696404057473,1.65177164487105,0,
2.85873902633679,,,,,,1.65914461344837
2.86,1.65975519415094,1.65975469168222,1.66735046059812,1.65215915168757,0,
2.85953711093376,,,,,,1.6595308947882
2.8608,1.66014173006381,1.66014122714996,1.66773645451537,1.65254623127726,0,
2.86033519553073,,,,,,1.65991675150202
2.8616,1.66052783931001,1.66052733595347,1.66812202232658,1.65293288364001,0,
2.86113328012769,,,,,,1.66030218358982
2.8624,1.66091352188954,1.66091301809277,1.66850716403188,1.65331910877569,0,
2.86193136472466,,,,,,1.66068719105161
2.8632,1.66129877780241,1.66129827356784,1.66889187963139,1.65370490668418,0,
2.86272944932163,,,,,,1.66107177388737
2.864,1.66168360704861,1.66168310237869,1.66927616912524,1.65409027736537,0,
2.8635275339186,,,,,,1.66145593209712
2.8648,1.66206800962814,1.66206750452531,1.66966003251353,1.65447522081913,0,
2.86432561851556,,,,,,1.66183966568085
2.8656,1.662451985541,1.66245148000772,1.67004346979639,1.65485973704535,0,
2.86512370311253,,,,,,1.66222297463856
2.8664,1.6628355347872,1.6628350288259,1.67042648097395,1.6552438260439,0,
2.8659217877095,,,,,,1.66260585897026
2.8672,1.66321865736672,1.66321815097985,1.67080906604631,1.65562748781467,0,
2.86671987230646,,,,,,1.66298831867593
2.868,1.66360135327959,1.66360084646959,1.67119122501359,1.65601072235753,0,
2.86751795690343,,,,,,1.66337035375559
2.8688,1.66398362252578,1.6639831152951,1.67157295787593,1.65639352967237,0,
2.8683160415004,,,,,,1.66375196420923
2.8696,1.6643654651053,1.66436495745639,1.67195426463343,1.65677590975906,0,
2.86911412609737,,,,,,1.66413315003686
2.8704,1.66474688101816,1.66474637295346,1.67233514528622,1.65715786261749,0,
2.86991221069433,,,,,,1.66451391123846
2.8712,1.66512787026435,1.6651273617863,1.67271559983441,1.65753938824754,0,
2.8707102952913,,,,,,1.66489424781405
2.872,1.66550843284387,1.66550792395493,1.67309562827812,1.65792048664908,0,
2.87150837988827,,,,,,1.66527415976362
2.8728,1.66588856875673,1.66588805945933,1.67347523061748,1.65830115782201,0,
2.87230646448524,,,,,,1.66565364708717
2.8736,1.66626827800292,1.6662677682995,1.67385440685259,1.6586814017662,0,
2.8731045490822,,,,,,1.6660327097847
2.8744,1.66664756058244,1.66664705047546,1.67423315698359,1.65906121848152,0,
2.87390263367917,,,,,,1.66641134785622
2.8752,1.66702641649529,1.66702590598719,1.67461148101058,1.65944060796788,0,
2.87470071827614,,,,,,1.66678956130172
2.876,1.66740484574147,1.6674043348347,1.67498937893368,1.65981957022513,0,
2.8754988028731,,,,,,1.6671673501212
2.8768,1.66778284832099,1.66778233701798,1.67536685075302,1.66019810525317,0,
2.87629688747007,,,,,,1.66754471431466
2.8776,1.66816042423384,1.66815991253704,1.67574389646872,1.66057621305188,0,
2.87709497206704,,,,,,1.66792165388211
2.8784,1.66853757348002,1.66853706139188,1.67612051608088,1.66095389362114,0,
2.87789305666401,,,,,,1.66829816882353
2.8792,1.66891429605953,1.6689137835825,1.67649670958963,1.66133114696083,0,
2.87869114126097,,,,,,1.66867425913894
2.88,1.66929059197238,1.66929007910889,1.67687247699509,1.66170797307083,0,
2.87948922585794,,,,,,1.66904992482833
2.8808,1.66966646121855,1.66966594797106,1.67724781829737,1.66208437195103,0,
2.88028731045491,,,,,,1.66942516589171
2.8816,1.67004190379806,1.67004139016901,1.67762273349659,1.6624603436013,0,
2.88108539505188,,,,,,1.66979998232906
2.8824,1.67041691971091,1.67041640570274,1.67799722259287,1.66283588802153,0,
2.88188347964884,,,,,,1.6701743741404
2.8832,1.67079150895708,1.67079099457224,1.67837128558633,1.6632110052116,0,
2.88268156424581,,,,,,1.67054834132572
2.884,1.67116567153659,1.67116515677752,1.67874492247709,1.66358569517139,0,
2.88347964884278,,,,,,1.67092188388502
2.8848,1.67153940744942,1.67153889231858,1.67911813326525,1.66395995790079,0,
2.88427773343974,,,,,,1.6712950018183
2.8856,1.6719127166956,1.67191220119541,1.67949091795095,1.66433379339968,0,
2.88507581803671,,,,,,1.67166769512557
2.8864,1.6722855992751,1.67228508340802,1.67986327653428,1.66470720166793,0,
2.88587390263368,,,,,,1.67203996380681
2.8872,1.67265805518793,1.67265753895641,1.68023520901539,1.66508018270544,0,
2.88667198723065,,,,,,1.67241180786204
2.888,1.6730300844341,1.67302956784057,1.68060671539437,1.66545273651209,0,
2.88747007182761,,,,,,1.67278322729125
2.8888,1.6734016870136,1.67340117006052,1.68097779567135,1.66582486308775,0,
2.88826815642458,,,,,,1.67315422209445
2.8896,1.67377286292643,1.67377234561623,1.68134844984644,1.66619656243231,0,
2.88906624102155,,,,,,1.67352479227162
2.8904,1.6741436121726,1.67414309450773,1.68171867791977,1.66656783454566,0,
2.88986432561852,,,,,,1.67389493782278
2.8912,1.67451393475209,1.674513416735,1.68208847989144,1.66693867942768,0,
2.89066241021548,,,,,,1.67426465874792
2.892,1.67488383066492,1.67488331229805,1.68245785576157,1.66730909707824,0,
2.89146049481245,,,,,,1.67463395504704
2.8928,1.67525329991108,1.67525278119688,1.68282680553029,1.66767908749724,0,
2.89225857940942,,,,,,1.67500282672014
2.8936,1.67562234249057,1.67562182343148,1.6831953291977,1.66804865068456,0,
2.89305666400638,,,,,,1.67537127376722
2.8944,1.6759909584034,1.67599043900186,1.68356342676392,1.66841778664008,0,
2.89385474860335,,,,,,1.67573929618829
2.8952,1.67635914764955,1.67635862790802,1.68393109822908,1.66878649536368,0,
2.89465283320032,,,,,,1.67610689398333
2.896,1.67672691022904,1.67672639014996,1.68429834359327,1.66915477685525,0,
2.89545091779729,,,,,,1.67647406715236
2.8968,1.67709424614186,1.67709372572767,1.68466516285663,1.66952263111467,0,
2.89624900239425,,,,,,1.67684081569537
2.8976,1.67746115538802,1.67746063464115,1.68503155601927,1.66989005814183,0,
2.89704708699122,,,,,,1.67720713961237
2.8984,1.6778276379675,1.67782711689042,1.68539752308129,1.67025705793661,0,
2.89784517158819,,,,,,1.67757303890334
2.8992,1.67819369388032,1.67819317247546,1.68576306404283,1.67062363049889,0,
2.89864325618516,,,,,,1.6779385135683
2.9,1.67855932312647,1.67855880139628,1.68612817890398,1.67098977582855,0,
2.89944134078212,,,,,,1.67830356360724
2.9008,1.67892452570595,1.67892400365288,1.68649286766488,1.67135549392549,0,
2.90023942537909,,,,,,1.67866818902016
2.9016,1.67928930161876,1.67928877924525,1.68685713032563,1.67172078478959,0,
2.90103750997606,,,,,,1.67903238980706
2.9024,1.67965365086491,1.6796531281734,1.68722096688635,1.67208564842073,0,
2.90183559457302,,,,,,1.67939616596794
2.9032,1.68001757344438,1.68001705043732,1.68758437734716,1.67245008481879,0,
2.90263367916999,,,,,,1.67975951750281
2.904,1.68038106935719,1.68038054603703,1.68794736170816,1.67281409398366,0,
2.90343176376696,,,,,,1.68012244441165
2.9048,1.68074413860333,1.6807436149725,1.68830991996948,1.67317767591522,0,
2.90422984836393,,,,,,1.68048494669448
2.9056,1.68110678118281,1.68110625724376,1.68867205213123,1.67354083061337,0,
2.90502793296089,,,,,,1.68084702435129
2.9064,1.68146899709561,1.68146847285079,1.68903375819353,1.67390355807798,0,
2.90582601755786,,,,,,1.68120867738208
2.9072,1.68183078634175,1.6818302617936,1.68939503815648,1.67426585830894,0,
2.90662410215483,,,,,,1.68156990578685
2.908,1.68219214892122,1.68219162407219,1.68975589202021,1.67462773130613,0,
2.9074221867518,,,,,,1.68193070956561
2.9088,1.68255308483402,1.68255255968655,1.69011631978482,1.67498917706944,0,
2.90822027134876,,,,,,1.68229108871834
2.9096,1.68291359408015,1.68291306863669,1.69047632145044,1.67535019559876,0,
2.90901835594573,,,,,,1.68265104324506
2.9104,1.68327367665962,1.68327315092261,1.69083589701718,1.67571078689396,0,
2.9098164405427,,,,,,1.68301057314576
2.9112,1.68363333257241,1.6836328065443,1.69119504648514,1.67607095095495,0,
2.91061452513966,,,,,,1.68336967842044
2.912,1.68399256181854,1.68399203550177,1.69155376985445,1.67643068778159,0,
2.91141260973663,,,,,,1.6837283590691
2.9128,1.684351364398,1.68435083779502,1.69191206712522,1.67678999737378,0,
2.9122106943336,,,,,,1.68408661509175
2.9136,1.6847097403108,1.68470921342404,1.69226993829757,1.6771488797314,0,
2.91300877893057,,,,,,1.68444444648837
2.9144,1.68506768955692,1.68506716238884,1.6926273833716,1.67750733485435,0,
2.91380686352753,,,,,,1.68480185325898
2.9152,1.68542521213638,1.68542468468942,1.69298440234743,1.67786536274249,0,
2.9146049481245,,,,,,1.68515883540357
2.916,1.68578230804917,1.68578178032577,1.69334099522518,1.67822296339573,0,
2.91540303272147,,,,,,1.68551539292214
2.9168,1.68613897729529,1.6861384492979,1.69369716200495,1.67858013681394,0,
2.91620111731844,,,,,,1.68587152581469
2.9176,1.68649521987474,1.6864946916058,1.69405290268687,1.67893688299702,0,
2.9169992019154,,,,,,1.68622723408122
2.9184,1.68685103578752,1.68685050724949,1.69440821727104,1.67929320194485,0,
2.91779728651237,,,,,,1.68658251772174
2.9192,1.68720642503364,1.68720589622894,1.69476310575757,1.67964909365731,0,
2.91859537110934,,,,,,1.68693737673623
2.92,1.68756138761308,1.68756085854418,1.69511756814659,1.68000455813429,0,
2.91939345570631,,,,,,1.68729181112471
2.9208,1.68791592352586,1.68791539419519,1.69547160443821,1.68035959537569,0,
2.92019154030327,,,,,,1.68764582088717
2.9216,1.68827003277198,1.68826950318198,1.69582521463253,1.68071420538138,0,
2.92098962490024,,,,,,1.68799940602361
2.9224,1.68862371535142,1.68862318550454,1.69617839872967,1.68106838815125,0,
2.92178770949721,,,,,,1.68835256653403
2.9232,1.68897697126419,1.68897644116289,1.6965311567298,1.68142214368519,0,
2.92258579409417,,,,,,1.68870530241843
2.924,1.68932980051035,1.689329270157,1.696883488633,1.68177547198309,0,
2.92338387869114,,,,,,1.68905761367682
2.9248,1.68968220308987,1.6896816724869,1.69723539443936,1.68212837304487,0,
2.92418196328811,,,,,,1.68940950030918
2.9256,1.69003417900273,1.69003364815257,1.69758687414899,1.68248084687042,0,
2.92498004788508,,,,,,1.68976096231553
2.9264,1.69038572824891,1.69038519715402,1.697937927762,1.6828328934596,0,
2.92577813248204,,,,,,1.69011199969586
2.9272,1.69073685082843,1.69073631949124,1.69828855527851,1.68318451281228,0,
2.92657621707901,,,,,,1.69046261245017
2.928,1.69108754674128,1.69108701516424,1.69863875669863,1.68353570492835,0,
2.92737430167598,,,,,,1.69081280057846
2.9288,1.69143781598747,1.69143728417301,1.69898853202247,1.68388646980771,0,
2.92817238627294,,,,,,1.69116256408073
2.9296,1.69178765856699,1.69178712651757,1.69933788125014,1.68423680745024,0,
2.92897047086991,,,,,,1.69151190295698
2.9304,1.69213707447984,1.6921365421979,1.69968680438176,1.68458671785583,0,
2.92976855546688,,,,,,1.69186081720722
2.9312,1.69248606372603,1.692485531214,1.70003530141743,1.68493620102436,0,
2.93056664006385,,,,,,1.69220930683143
2.932,1.69283462630554,1.69283409356588,1.70038337235727,1.68528525695573,0,
2.93136472466081,,,,,,1.69255737182963
2.9328,1.6931827622184,1.69318222925354,1.70073101720138,1.68563388564981,0,
2.93216280925778,,,,,,1.69290501220181
2.9336,1.69353047146458,1.69352993827698,1.70107823594989,1.68598208710651,0,
2.93296089385475,,,,,,1.69325222794797
2.9344,1.6938777540441,1.69387722063619,1.7014250286029,1.68632986132571,0,
2.93375897845172,,,,,,1.69359901906811
2.9352,1.69422460995695,1.69422407633117,1.70177139516052,1.6866772083073,0,
2.93455706304868,,,,,,1.69394538556223
2.936,1.69457103920314,1.69457050536194,1.70211733562287,1.68702412805116,0,
2.93535514764565,,,,,,1.69429132743033
2.9368,1.69491704178265,1.69491650772847,1.70246284999006,1.68737062055719,0,
2.93615323224262,,,,,,1.69463684467242
2.9376,1.69526261769551,1.69526208343079,1.70280793826219,1.68771668582526,0,
2.93695131683958,,,,,,1.69498193728848
2.9384,1.69560776694169,1.69560723246888,1.70315260043937,1.68806232385529,0,
2.93774940143655,,,,,,1.69532660527853
2.9392,1.69595248952121,1.69595195484275,1.70349683652173,1.68840753464714,0,
2.93854748603352,,,,,,1.69567084864255
2.94,1.69629678543406,1.69629625055239,1.70384064650936,1.68875231820071,0,
2.93934557063049,,,,,,1.69601466738056
2.9408,1.69664065468024,1.69664011959781,1.70418403040238,1.68909667451589,0,
2.94014365522745,,,,,,1.69635806149255
2.9416,1.69698409725976,1.69698356197901,1.7045269882009,1.68944060359257,0,
2.94094173982442,,,,,,1.69670103097852
2.9424,1.69732711317261,1.69732657769598,1.70486951990503,1.68978410543064,0,
2.94173982442139,,,,,,1.69704357583847
2.9432,1.69766970241879,1.69766916674873,1.70521162551489,1.69012718002999,0,
2.94253790901836,,,,,,1.69738569607241
2.944,1.69801186499831,1.69801132913726,1.70555330503057,1.6904698273905,0,
2.94333599361532,,,,,,1.69772739168032
2.9448,1.69835360091116,1.69835306486156,1.70589455845219,1.69081204751207,0,
2.94413407821229,,,,,,1.69806866266222
2.9456,1.69869491015735,1.69869437392164,1.70623538577986,1.69115384039459,0,
2.94493216280926,,,,,,1.69840950901809
2.9464,1.69903579273686,1.69903525631749,1.70657578701369,1.69149520603794,0,
2.94573024740623,,,,,,1.69874993074795
2.9472,1.69937624864971,1.69937571204912,1.70691576215379,1.69183614444202,0,
2.94652833200319,,,,,,1.69908992785179
2.948,1.6997162778959,1.69971574111652,1.70725531120028,1.69217665560671,0,
2.94732641660016,,,,,,1.6994295003296
2.9488,1.70005588047541,1.7000553435197,1.70759443415325,1.69251673953192,0,
2.94812450119713,,,,,,1.6997686481814
2.9496,1.70039505638826,1.70039451925866,1.70793313101281,1.69285639621751,0,
2.94892258579409,,,,,,1.70010737140718
2.9504,1.70073380563445,1.70073326833346,1.70827140177909,1.6931956256634,0,
2.94972067039106,,,,,,1.70044567000695
2.9512,1.70107212821396,1.70107159074412,1.70860924645218,1.69353442786946,0,
2.95051875498803,,,,,,1.70078354398076
2.952,1.70141002412681,1.70140948649058,1.7089466650322,1.69387280283559,0,
2.951316839585,,,,,,1.70112099332865
2.9528,1.70174749337299,1.70174695557281,1.70928365751925,1.69421075056169,0,
2.95211492418196,,,,,,1.70145801805053
2.9536,1.70208453595251,1.70208399799082,1.70962022391345,1.69454827104763,0,
2.95291300877893,,,,,,1.70179461814639
2.9544,1.70242115186536,1.70242061374462,1.7099563642149,1.69488536429331,0,
2.9537110933759,,,,,,1.70213079361623
2.9552,1.70275734111154,1.70275680283419,1.71029207842371,1.69522203029862,0,
2.95450917797287,,,,,,1.70246654446005
2.956,1.70309310369106,1.70309256525953,1.71062736653999,1.69555826906345,0,
2.95530726256983,,,,,,1.70280187067786
2.9568,1.70342843960391,1.70342790102066,1.71096222856385,1.6958940805877,0,
2.9561053471668,,,,,,1.70313677226965
2.9576,1.70376334885009,1.70376281011757,1.71129666449539,1.69622946487126,0,
2.95690343176377,,,,,,1.70347124923543
2.9584,1.70409783142961,1.70409729255025,1.71163067433473,1.69656442191401,0,
2.95770151636073,,,,,,1.70380530157518
2.9592,1.70443188734245,1.70443134831872,1.71196425808198,1.69689895171585,0,
2.9584996009577,,,,,,1.70413892928893
2.96,1.70476551658864,1.70476497742296,1.71229741573723,1.69723305427667,0,
2.95929768555467,,,,,,1.70447213237665
2.9608,1.70509871916815,1.70509817986298,1.7126301473006,1.69756672959636,0,
2.96009577015164,,,,,,1.70480491083836
2.9616,1.705431495081,1.70543095563878,1.7129624527722,1.69789997767481,0,
2.9608938547486,,,,,,1.70513726467406
2.9624,1.70576384432718,1.70576330475036,1.71329433215214,1.69823279851192,0,
2.96169193934557,,,,,,1.70546919388373
2.9632,1.7060957669067,1.70609522719771,1.71362578544052,1.69856519210758,0,
2.96249002394254,,,,,,1.70580069846739
2.964,1.70642726281955,1.70642672298085,1.71395681263744,1.69889715846167,0,
2.96328810853951,,,,,,1.70613177842504
2.9648,1.70675833206573,1.70675779209976,1.71428741374303,1.6992286975741,0,
2.96408619313647,,,,,,1.70646243375666
2.9656,1.70708897464524,1.70708843455446,1.71461758875738,1.69955980944475,0,
2.96488427773344,,,,,,1.70679266446227
2.9664,1.70741919055809,1.70741865034493,1.7149473376806,1.69989049407352,0,
2.96568236233041,,,,,,1.70712247054187
2.9672,1.70774897980427,1.70774843947118,1.7152766605128,1.7002207514603,0,
2.96648044692737,,,,,,1.70745185199545
2.968,1.70807834238379,1.70807780193321,1.71560555725409,1.70055058160498,0,
2.96727853152434,,,,,,1.70778080882301
2.9688,1.70840727829663,1.70840673773101,1.71593402790457,1.70087998450746,0,
2.96807661612131,,,,,,1.70810934102455
2.9696,1.70873578754281,1.7087352468646,1.71626207246435,1.70120896016762,0,
2.96887470071828,,,,,,1.70843744860008
2.9704,1.70906387012233,1.70906332933396,1.71658969093353,1.70153750858536,0,
2.96967278531524,,,,,,1.7087651315496
2.9712,1.70939152603518,1.70939098513911,1.71691688331223,1.70186562976058,0,
2.97047086991221,,,,,,1.70909238987309
2.972,1.70971875528136,1.70971821428003,1.71724364960055,1.70219332369316,0,
2.97126895450918,,,,,,1.70941922357057
2.9728,1.71004555786087,1.71004501675673,1.71756998979859,1.702520590383,0,
2.97206703910615,,,,,,1.70974563264203
2.9736,1.71037193377372,1.71037139256921,1.71789590390647,1.70284742983,0,
2.97286512370311,,,,,,1.71007161708748
2.9744,1.7106978830199,1.71069734171747,1.71822139192428,1.70317384203404,0,
2.97366320830008,,,,,,1.71039717690691
2.9752,1.71102340559941,1.71102286420151,1.71854645385214,1.70349982699502,0,
2.97446129289705,,,,,,1.71072231210033
2.976,1.71134850151226,1.71134796002132,1.71887108969015,1.70382538471284,0,
2.97525937749401,,,,,,1.71104702266772
2.9768,1.71167317075844,1.71167262917692,1.71919529943842,1.70415051518739,0,
2.97605746209098,,,,,,1.7113713086091
2.9776,1.71199741333795,1.71199687166829,1.71951908309705,1.70447521841856,0,
2.97685554668795,,,,,,1.71169516992447
2.9784,1.7123212292508,1.71232068749545,1.71984244066614,1.70479949440624,0,
2.97765363128492,,,,,,1.71201860661382
2.9792,1.71264461849698,1.71264407665838,1.72016537214581,1.70512334315034,0,
2.97845171588188,,,,,,1.71234161867715
2.98,1.71296758107649,1.71296703915709,1.72048787753616,1.70544676465074,0,
2.97924980047885,,,,,,1.71266420611446
2.9808,1.71329011698934,1.71328957499157,1.72080995683729,1.70576975890734,0,
2.98004788507582,,,,,,1.71298636892576
2.9816,1.71361222623552,1.71361168416184,1.72113161004931,1.70609232592003,0,
2.98084596967279,,,,,,1.71330810711105
2.9824,1.71393390881503,1.71393336666789,1.72145283717232,1.70641446568871,0,
2.98164405426975,,,,,,1.71362942067031
2.9832,1.71425516472788,1.71425462250971,1.72177363820643,1.70673617821327,0,
2.98244213886672,,,,,,1.71395030960356
2.984,1.71457599397406,1.71457545168732,1.72209401315175,1.70705746349361,0,
2.98324022346369,,,,,,1.7142707739108
2.9848,1.71489639655357,1.7148958542007,1.72241396200837,1.70737832152962,0,
2.98403830806065,,,,,,1.71459081359201
2.9856,1.71521637246642,1.71521583004986,1.72273348477641,1.7076987523212,0,
2.98483639265762,,,,,,1.71491042864721
2.9864,1.7155359217126,1.7155353792348,1.72305258145597,1.70801875586824,0,
2.98563447725459,,,,,,1.7152296190764
2.9872,1.71585504429211,1.71585450175552,1.72337125204715,1.70833833217064,0,
2.98643256185156,,,,,,1.71554838487957
2.988,1.71617374020496,1.71617319761201,1.72368949655006,1.7086574812283,0,
2.98723064644852,,,,,,1.71586672605672
2.9888,1.71649200945114,1.71649146680429,1.72400731496479,1.7089762030411,0,
2.98802873104549,,,,,,1.71618464260785
2.9896,1.71680985203065,1.71680930933234,1.72432470729147,1.70929449760895,0,
2.98882681564246,,,,,,1.71650213453297
2.9904,1.7171272679435,1.71712672519618,1.72464167353018,1.70961236493173,0,
2.98962490023943,,,,,,1.71681920183208
2.9912,1.71744425718968,1.71744371439579,1.72495821368103,1.70992980500935,0,
2.99042298483639,,,,,,1.71713584450516
2.992,1.71776081976919,1.71776027693118,1.72527432774413,1.71024681784171,0,
2.99122106943336,,,,,,1.71745206255223
2.9928,1.71807695568203,1.71807641280235,1.72559001571958,1.71056340342869,0,
2.99201915403033,,,,,,1.71776785597328
2.9936,1.71839266492821,1.7183921220093,1.72590527760749,1.71087956177019,0,
2.99281723862729,,,,,,1.71808322476832
2.9944,1.71870794750772,1.71870740455202,1.72622011340795,1.71119529286611,0,
2.99361532322426,,,,,,1.71839816893734
2.9952,1.71902280342057,1.71902226043053,1.72653452312108,1.71151059671635,0,
2.99441340782123,,,,,,1.71871268848035
2.996,1.71933723266675,1.71933668964481,1.72684850674697,1.7118254733208,0,
2.9952114924182,,,,,,1.71902678339733
2.9968,1.71965123524626,1.71965069219488,1.72716206428572,1.71213992267937,0,
2.99600957701516,,,,,,1.71934045368831
2.9976,1.71996481115911,1.71996426808072,1.72747519573745,1.71245394479193,0,
2.99680766161213,,,,,,1.71965369935326
2.9984,1.72027796040528,1.72027741730234,1.72778790110225,1.7127675396584,0,
2.9976057462091,,,,,,1.7199665203922
2.9992,1.7205906829848,1.72059013985974,1.72810018038022,1.71308070727867,0,
2.99840383080607,,,,,,1.72027891680512
3,1.72090297889764,1.72090243575292,1.72841203357148,1.71339344765263,0,
2.99920191540303,,,,,,1.72059088859203
3.0008,1.72121484814382,1.72121430396277,1.72872346067611,1.71370576078019,0,
3,,,,,,1.72090243575292
3.00079808459697,,,,,,1.72121355828779
3.0016,1.72152629072333,1.72152574550841,1.72903446169423,1.71401764666124,0,
3.00159616919393,,,,,,1.72152425619665
3.0024,1.72183730663618,1.72183676038982,1.72934503662594,1.71432910529567,0,
3.0023942537909,,,,,,1.72183452947949
3.0032,1.72214789588236,1.72214734860701,1.72965518547133,1.71464013668339,0,
3.00319233838787,,,,,,1.72214437813631
3.004,1.72245805846187,1.72245751015998,1.72996490823052,1.7149507408243,0,
3.00399042298484,,,,,,1.72245380216712
3.0048,1.72276779437471,1.72276724504873,1.73027420490359,1.71526091771828,0,
3.0047885075818,,,,,,1.72276280157191
3.0056,1.72307710362089,1.72307655327326,1.73058307549067,1.71557066736524,0,
3.00558659217877,,,,,,1.72307137635069
3.0064,1.7233859862004,1.72338543483356,1.73089151999184,1.71587998976508,0,
3.00638467677574,,,,,,1.72337952650345
3.0072,1.72369444211324,1.72369388972965,1.7311995384072,1.71618888491769,0,
3.00718276137271,,,,,,1.72368725203019
3.008,1.72400247135942,1.72400191796151,1.73150713073687,1.71649735282298,0,
3.00798084596967,,,,,,1.72399455293092
3.0088,1.72431007393893,1.72430951952915,1.73181429698094,1.71680539348083,0,
3.00877893056664,,,,,,1.72430142920563
3.0096,1.72461724985178,1.72461669443257,1.73212103713951,1.71711300689116,0,
3.00957701516361,,,,,,1.72460788085432
3.0104,1.72492399909796,1.72492344267177,1.73242735121268,1.71742019305384,0,
3.01037509976057,,,,,,1.724913907877
3.0112,1.72523032167747,1.72522976424675,1.73273323920056,1.7177269519688,0,
3.01117318435754,,,,,,1.72521951027366
3.012,1.72553621759031,1.72553565915751,1.73303870110324,1.71803328363592,0,
3.01197126895451,,,,,,1.7255246880443
3.0128,1.72584168683649,1.72584112740405,1.73334373692083,1.7183391880551,0,
3.01276935355148,,,,,,1.72582944118893
3.0136,1.726146729416,1.72614616898636,1.73364834665343,1.71864466522624,0,
3.01356743814844,,,,,,1.72613376970754
3.0144,1.72645134532884,1.72645078390445,1.73395253030114,1.71894971514925,0,
3.01436552274541,,,,,,1.72643767360014
3.0152,1.72675553457502,1.72675497215833,1.73425628786406,1.71925433782401,0,
3.01516360734238,,,,,,1.72674115286672
3.016,1.72705929715453,1.72705873374798,1.73455961934229,1.71955853325043,0,
3.01596169193935,,,,,,1.72704420750728
3.0168,1.72736263306738,1.72736206867341,1.73486252473592,1.71986230142841,0,
3.01675977653631,,,,,,1.72734683752183
3.0176,1.72766554231355,1.72766497693462,1.73516500404507,1.72016564235785,0,
3.01755786113328,,,,,,1.72764904291036
3.0184,1.72796802489306,1.72796745853161,1.73546705726982,1.72046855603864,0,
3.01835594573025,,,,,,1.72795082367287
3.0192,1.72827008080591,1.72826951346437,1.73576868441029,1.7207710424707,0,
3.01915403032721,,,,,,1.72825217980937
3.02,1.72857171005208,1.72857114173292,1.73606988546657,1.7210731016539,0,
3.01995211492418,,,,,,1.72855311131985
3.0208,1.72887291263159,1.72887234333724,1.73637066043876,1.72137473358817,0,
3.02075019952115,,,,,,1.72885361820431
3.0216,1.72917368854444,1.72917311827735,1.73667075768712,1.72167593827339,0,
3.02154828411812,,,,,,1.72915370046276
3.0224,1.72947403779062,1.72947346655323,1.73697108992524,1.72197671570946,0,
3.02234636871508,,,,,,1.7294533580952
3.0232,1.72977396037013,1.72977338816489,1.7372704280441,1.72227731789411,0,
3.02314445331205,,,,,,1.72975259110161
3.024,1.73007345628297,1.73007288311233,1.73756949809795,1.72257683081501,0,
3.02394253790902,,,,,,1.73005139948201
3.0248,1.73037252552915,1.73037195139554,1.73786814206811,1.72287648371417,0,
3.02474062250599,,,,,,1.73034978323639
3.0256,1.73067116810866,1.73067059301454,1.73816635995467,1.7231755515697,0,
3.02553870710295,,,,,,1.73064774236476
3.0264,1.7309693840215,1.73096880796932,1.73846415175774,1.72347419217549,0,
3.02633679169992,,,,,,1.73094527686711
3.0272,1.73126717326768,1.73126659625987,1.73876151747741,1.72377240553144,0,
3.02713487629689,,,,,,1.73124238674345
3.028,1.73156453584719,1.73156395788621,1.73905845711379,1.72407019163745,0,
3.02793296089385,,,,,,1.73153907199376
3.0288,1.73186147176003,1.73186089284832,1.73935497066698,1.72436755049342,0,
3.02873104549082,,,,,,1.73183533261807
3.0296,1.73215798100621,1.73215740114621,1.73965105813706,1.72466448209926,0,
3.02952913008779,,,,,,1.73213116861635
3.0304,1.73245406358572,1.73245348277988,1.73994671952415,1.72496098645486,0,
3.03032721468476,,,,,,1.73242657998862
3.0312,1.73274971949856,1.73274913774933,1.74024195482833,1.72525706356013,0,
3.03112529928172,,,,,,1.73272156673487
3.032,1.73304494874474,1.73304436605456,1.74053676404971,1.72555271341496,0,
3.03192338387869,,,,,,1.73301612885511
3.0328,1.73333975132424,1.73333916769556,1.74083114718839,1.72584793601927,0,
3.03272146847566,,,,,,1.73331026634933
3.0336,1.73363412723709,1.73363354267235,1.74112510424446,1.72614273137295,0,
3.03351955307263,,,,,,1.73360397921753
3.0344,1.73392807648326,1.73392749098491,1.74141863521802,1.7264370994759,0,
3.03431763766959,,,,,,1.73389726745972
3.0352,1.73422159906277,1.73422101263325,1.74171174010917,1.72673104032802,0,
3.03511572226656,,,,,,1.73419013107589
3.036,1.73451469497562,1.73451410761738,1.742004418918,1.72702455392922,0,
3.03591380686353,,,,,,1.73448257006605
3.0368,1.73480736422179,1.73480677593728,1.74229667164462,1.72731764027941,0,
3.03671189146049,,,,,,1.73477458443019
3.0376,1.7350996068013,1.73509901759296,1.74258849828913,1.72761029937847,0,
3.03750997605746,,,,,,1.73506617416831
3.0384,1.73539142271414,1.73539083258441,1.74287989885161,1.72790253122632,0,
3.03830806065443,,,,,,1.73535733928042
3.0392,1.73568281196032,1.73568222091165,1.74317087333217,1.72819433582285,0,
3.0391061452514,,,,,,1.73564807976651
3.04,1.73597377453983,1.73597318257467,1.7434614217309,1.72848571316798,0,
3.03990422984836,,,,,,1.73593839562658
3.0408,1.73626431045267,1.73626371757346,1.74375154404791,1.7287766632616,0,
3.04070231444533,,,,,,1.73622828686064
3.0416,1.73655441969885,1.73655382590804,1.74404124028328,1.72906718610361,0,
3.0415003990423,,,,,,1.73651775346868
3.0424,1.73684410227836,1.73684350757839,1.74433051043712,1.72935728169392,0,
3.04229848363927,,,,,,1.7368067954507
3.0432,1.7371333581912,1.73713276258452,1.74461935450952,1.72964695003244,0,
3.04309656823623,,,,,,1.73709541280671
3.044,1.73742218743738,1.73742159092643,1.74490777250058,1.72993619111906,0,
3.0438946528332,,,,,,1.7373836055367
3.0448,1.73771059001689,1.73770999260412,1.74519576441039,1.73022500495368,0,
3.04469273743017,,,,,,1.73767137364068
3.0456,1.73799856592973,1.73799796761759,1.74548333023905,1.73051339153622,0,
3.04549082202713,,,,,,1.73795871711864
3.0464,1.7382861151759,1.73828551596683,1.74577046998666,1.73080135086658,0,
3.0462889066241,,,,,,1.73824563597058
3.0472,1.73857323775541,1.73857263765186,1.74605718365332,1.73108888294465,0,
3.04708699122107,,,,,,1.73853213019651
3.048,1.73885993366825,1.73885933267266,1.74634347123911,1.73137598777035,0,
3.04788507581804,,,,,,1.73881819979642
3.0488,1.73914620291443,1.73914560102924,1.74662933274414,1.73166266534358,0,
3.048683160415,,,,,,1.73910384477032
3.0496,1.73943204549394,1.73943144272161,1.7469147681685,1.73194891566423,0,
3.04948124501197,,,,,,1.73938906511819
3.0504,1.73971746140678,1.73971685774975,1.74719977751228,1.73223473873223,0,
3.05027932960894,,,,,,1.73967386084006
3.0512,1.74000245065296,1.74000184611367,1.74748436077559,1.73252013454746,0,
3.05107741420591,,,,,,1.7399582319359
3.052,1.74028701323247,1.74028640781337,1.74776851795851,1.73280510310983,0,
3.05187549880287,,,,,,1.74024217840573
3.0528,1.74057114914531,1.74057054284884,1.74805224906115,1.73308964441926,0,
3.05267358339984,,,,,,1.74052570024954
3.0536,1.74085485839148,1.7408542512201,1.7483355540836,1.73337375847564,0,
3.05347166799681,,,,,,1.74080879746734
3.0544,1.74113814097099,1.74113753292713,1.74861843302595,1.73365744527888,0,
3.05426975259377,,,,,,1.74109147005912
3.0552,1.74142099688383,1.74142038796995,1.7489008858883,1.73394070482888,0,
3.05506783719074,,,,,,1.74137371802489
3.056,1.74170342613001,1.74170281634854,1.74918291267074,1.73422353712555,0,
3.05586592178771,,,,,,1.74165554136463
3.0568,1.74198542870952,1.74198481806291,1.74946451337337,1.73450594216879,0,
3.05666400638468,,,,,,1.74193694007837
3.0576,1.74226700462236,1.74226639311306,1.74974568799628,1.73478791995851,0,
3.05746209098164,,,,,,1.74221791416608
3.0584,1.74254815386854,1.74254754149899,1.75002643653957,1.73506947049462,0,
3.05826017557861,,,,,,1.74249846362778
3.0592,1.74282887644804,1.7428282632207,1.75030675900333,1.73535059377701,0,
3.05905826017558,,,,,,1.74277858846346
3.06,1.74310917236089,1.74310855827819,1.75058665538765,1.7356312898056,0,
3.05985634477255,,,,,,1.74305828867313
3.0608,1.74338904160706,1.74338842667145,1.75086612569264,1.73591155858029,0,
3.06065442936951,,,,,,1.74333756425678
3.0616,1.74366848418657,1.7436678684005,1.75114516991838,1.73619140010099,0,
3.06145251396648,,,,,,1.74361641521442
3.0624,1.74394750009941,1.74394688346532,1.75142378806496,1.73647081436761,0,
3.06225059856345,,,,,,1.74389484154603
3.0632,1.74422608934559,1.74422547186593,1.75170198013249,1.73674980138004,0,
3.06304868316042,,,,,,1.74417284325164
3.064,1.7445042519251,1.74450363360231,1.75197974612105,1.73702836113819,0,
3.06384676775738,,,,,,1.74445042033122
3.0648,1.74478198783794,1.74478136867447,1.75225708603074,1.73730649364198,0,
3.06464485235435,,,,,,1.74472757278479
3.0656,1.74505929708411,1.74505867708241,1.75253399986165,1.73758419889131,0,
3.06544293695132,,,,,,1.74500430061235
3.0664,1.74533617966362,1.74533555882613,1.75281048761388,1.73786147688608,0,
3.06624102154828,,,,,,1.74528060381388
3.0672,1.74561263557646,1.74561201390562,1.75308654928752,1.7381383276262,0,
3.06703910614525,,,,,,1.7455564823894
3.068,1.74588866482264,1.7458880423209,1.75336218488266,1.73841475111158,0,
3.06783719074222,,,,,,1.74583193633891
3.0688,1.74616426740215,1.74616364407195,1.75363739439939,1.73869074734213,0,
3.06863527533919,,,,,,1.7461069656624
3.0696,1.74643944331499,1.74643881915879,1.75391217783781,1.73896631631774,0,
3.06943335993615,,,,,,1.74638157035987
3.0704,1.74671419256116,1.74671358068388,1.75418654390346,1.73924145803834,0,
3.07023144453312,,,,,,1.74665575043132
3.0707963267949,1.74685014762588,1.74684955791146,1.80194048496349,1.69175922057385,,
3.0707963267949,1.74685014762588,1.74684955791146,1.80194048496349,1.69175922057385,,
3.0712,1.7469885151397,1.74698788933797,1.75446046647893,1.73951618133435,0,
3.07079632725198,,,,,,1.74684955791146
3.07079632725198,,,,,,1.74684955791146
3.07102952913009,,,,,,1.74692950587556
3.072,1.74726241105235,1.74726178442929,1.7547339716829,1.73979045971312,0,
3.07182761372706,,,,,,1.74720283669207
3.0728,1.74753588029847,1.74753525285673,1.75500705080898,1.74006431966791,0,
3.07262569832402,,,,,,1.74747574288291
3.0736,1.74780892287796,1.74780829462021,1.75527970385723,1.74033775236745,0,
3.07342378292099,,,,,,1.74774822444801
3.0744,1.74808153879081,1.74808090971973,1.75555193082773,1.74061075781155,0,
3.07422186751796,,,,,,1.74802028138734
3.0752,1.74835372803701,1.74835309815527,1.75582373172058,1.74088333600009,0,
3.07501995211492,,,,,,1.7482919137009
3.076,1.74862549061654,1.74862485992681,1.75609510653585,1.74115548693297,0,
3.07581803671189,,,,,,1.74856312138868
3.0768,1.7488968265294,1.74889619503434,1.75636605527364,1.74142721061009,0,
3.07661612130886,,,,,,1.74883390445065
3.0776,1.74916773577561,1.74916710347785,1.75663657793404,1.74169850703137,0,
3.07741420590583,,,,,,1.7491042628868
3.0784,1.74943821835515,1.74943758525732,1.75690667451715,1.74196937619672,0,
3.07821229050279,,,,,,1.74937419669713
3.0792,1.74970827426802,1.74970764037275,1.75717634502305,1.74223981810603,0,
3.07901037509976,,,,,,1.74964370588162
3.08,1.74997790351423,1.74997726882412,1.75744558945183,1.74250983275921,0,
3.07980845969673,,,,,,1.74991279044026
3.0808,1.75024710609378,1.75024647061142,1.75771440780358,1.74277942015618,0,
3.08060654429369,,,,,,1.75018145037303
3.0816,1.75051588200665,1.75051524573462,1.75798280007841,1.74304858029685,0,
3.08140462889066,,,,,,1.75044968567992
3.0824,1.75078423125286,1.75078359419373,1.75825076627639,1.74331731318111,0,
3.08220271348763,,,,,,1.75071749636091
3.0832,1.75105215383241,1.75105151598872,1.75851830639761,1.74358561880889,0,
3.0830007980846,,,,,,1.750984882416
3.084,1.75131964974529,1.75131901111959,1.75878542044218,1.74385349718008,0,
3.08379888268156,,,,,,1.75125184384518
3.0848,1.7515867189915,1.75158607958632,1.75905210841017,1.74412094829461,0,
3.08459696727853,,,,,,1.75151838064842
3.0856,1.75185336157104,1.7518527213889,1.75931837030168,1.74438797215237,0,
3.0853950518755,,,,,,1.75178449282572
3.0864,1.75211957748392,1.75211893652733,1.75958420611679,1.74465456875328,0,
3.08619313647247,,,,,,1.75205018037707
3.0872,1.75238536673013,1.75238472500158,1.75984961585561,1.74492073809725,0,
3.08699122106943,,,,,,1.75231544330245
3.088,1.75265072930967,1.75265008681165,1.76011459951821,1.74518648018419,0,
3.0877893056664,,,,,,1.75258028160187
3.0888,1.75291566522254,1.75291502195754,1.7603791571047,1.745451795014,0,
3.08858739026337,,,,,,1.7528446952753
3.0896,1.75318017446875,1.75317953043923,1.76064328861515,1.7457166825866,0,
3.08938547486034,,,,,,1.75310868432275
3.0904,1.75344425704829,1.75344361225672,1.76090699404965,1.7459811429019,0,
3.0901835594573,,,,,,1.7533722487442
3.0912,1.75370791296116,1.75370726741,1.76117027340831,1.7462451759598,0,
3.09098164405427,,,,,,1.75363538853964
3.092,1.75397114220737,1.75397049589907,1.7614331266912,1.74650878176022,0,
3.09177972865124,,,,,,1.75389810370908
3.0928,1.7542339447869,1.75423329772391,1.76169555389842,1.74677196030307,0,
3.0925778132482,,,,,,1.75416039425251
3.0936,1.75449632069977,1.75449567288454,1.76195755503005,1.74703471158825,0,
3.09337589784517,,,,,,1.75442226016992
3.0944,1.75475826994597,1.75475762138093,1.76221913008619,1.74729703561569,0,
3.09417398244214,,,,,,1.7546837014613
3.0952,1.7550197925255,1.75501914321309,1.76248027906692,1.74755893238529,0,
3.09497206703911,,,,,,1.75494471812666
3.096,1.75528088843837,1.75528023838102,1.76274100197233,1.74782040189696,0,
3.09577015163607,,,,,,1.75520531016599
3.0968,1.75554155768457,1.7555409068847,1.76300129880251,1.74808144415061,0,
3.09656823623304,,,,,,1.75546547757928
3.0976,1.7558018002641,1.75580114872415,1.76326116955755,1.74834205914615,0,
3.09736632083001,,,,,,1.75572522036655
3.0984,1.75606161617696,1.75606096389936,1.76352061423754,1.7486022468835,0,
3.09816440542698,,,,,,1.75598453852777
3.0992,1.75632100542315,1.75632035241032,1.76377963284257,1.74886200736257,0,
3.09896249002394,,,,,,1.75624343206296
3.1,1.75657996800268,1.75657931425704,1.76403822537272,1.74912134058327,0,
3.09976057462091,,,,,,1.75650190097211
3.1008,1.75683850391554,1.75683784943951,1.76429639182808,1.74938024654551,0,
3.10055865921788,,,,,,1.75675994525521
3.1016,1.75709661316173,1.75709595795774,1.76455413220874,1.7496387252492,0,
3.10135674381484,,,,,,1.75701756491228
3.1024,1.75735429574126,1.75735363981172,1.76481144651479,1.74989677669425,0,
3.10215482841181,,,,,,1.75727475994331
3.1032,1.75761155165412,1.75761089500146,1.76506833474632,1.75015440088058,0,
3.10295291300878,,,,,,1.7575315303483
3.104,1.75786838090031,1.75786772352695,1.76532479690341,1.7504115978081,0,
3.10375099760575,,,,,,1.75778787612724
3.1048,1.75812478347983,1.7581241253882,1.76558083298616,1.75066836747672,0,
3.10454908220271,,,,,,1.75804379728015
3.1056,1.75838075939269,1.7583801005852,1.76583644299464,1.75092470988636,0,
3.10534716679968,,,,,,1.75829929380702
3.1064,1.75863630863888,1.75863564911796,1.76609162692895,1.75118062503692,0,
3.10614525139665,,,,,,1.75855436570785
3.1072,1.7588914312184,1.75889077098648,1.76634638478917,1.75143611292833,0,
3.10694333599362,,,,,,1.75880901298264
3.108,1.75914612713125,1.75914546619075,1.76660071657539,1.75169117356048,0,
3.10774142059058,,,,,,1.75906323563139
3.1088,1.75940039637744,1.75939973473079,1.7668546222877,1.7519458069333,0,
3.10853950518755,,,,,,1.75931703365411
3.1096,1.75965423895696,1.75965357660659,1.76710810192618,1.7522000130467,0,
3.10933758978452,,,,,,1.7595704070508
3.1104,1.75990765486982,1.75990699181815,1.76736115549093,1.7524537919006,0,
3.11013567438148,,,,,,1.75982335582145
3.1112,1.76016064411601,1.76015998036548,1.76761378298202,1.7527071434949,0,
3.11093375897845,,,,,,1.76007587996607
3.112,1.76041320669553,1.76041254224856,1.76786598439954,1.75296006782951,0,
3.11173184357542,,,,,,1.76032797948466
3.1128,1.76066534260838,1.76066467746742,1.76811775974359,1.75321256490436,0,
3.11252992817239,,,,,,1.76057965437723
3.1136,1.76091705185457,1.76091638602204,1.76836910901424,1.75346463471936,0,
3.11332801276935,,,,,,1.76083090464376
3.1144,1.76116833443409,1.76116766791243,1.76862003221158,1.75371627727442,0,
3.11412609736632,,,,,,1.76108173028426
3.1152,1.76141919034694,1.76141852313859,1.7688705293357,1.75396749256945,0,
3.11492418196329,,,,,,1.76133213129874
3.116,1.76166961959313,1.76166895170052,1.76912060038668,1.75421828060437,0,
3.11572226656026,,,,,,1.7615821076872
3.1168,1.76191962217265,1.76191895359822,1.76937024536462,1.7544686413791,0,
3.11652035115722,,,,,,1.76183165944963
3.1176,1.76216919808551,1.7621685288317,1.76961946426958,1.75471857489354,0,
3.11731843575419,,,,,,1.76208078658603
3.1184,1.76241834733169,1.76241767740095,1.76986825710167,1.75496808114761,0,
3.11811652035116,,,,,,1.76232948909642
3.1192,1.76266706991121,1.76266639930597,1.77011662386096,1.75521716014124,0,
3.11891460494812,,,,,,1.76257776698078
3.12,1.76291536582407,1.76291469454676,1.77036456454755,1.75546581187432,0,
3.11971268954509,,,,,,1.76282562023912
3.1208,1.76316323507026,1.76316256312333,1.7706120791615,1.75571403634678,0,
3.12051077414206,,,,,,1.76307304887145
3.1216,1.76341067764978,1.76341000503568,1.77085916770292,1.75596183355853,0,
3.12130885873903,,,,,,1.76332005287775
3.1224,1.76365769356263,1.7636570202838,1.77110583017188,1.75620920350949,0,
3.12210694333599,,,,,,1.76356663225804
3.1232,1.76390428280882,1.7639036088677,1.77135206656848,1.75645614619956,0,
3.12290502793296,,,,,,1.7638127870123
3.124,1.76415044538834,1.76414977078738,1.77159787689278,1.75670266162868,0,
3.12370311252993,,,,,,1.76405851714055
3.1248,1.76439618130119,1.76439550604284,1.77184326114489,1.75694874979675,0,
3.1245011971269,,,,,,1.76430382264279
3.1256,1.76464149054738,1.76464081463408,1.77208821932488,1.75719441070369,0,
3.12529928172386,,,,,,1.764548703519
3.1264,1.7648863731269,1.76488569656109,1.77233275143283,1.75743964434941,0,
3.12609736632083,,,,,,1.7647931597692
3.1272,1.76513082903976,1.76513015182389,1.77257685746883,1.75768445073383,0,
3.1268954509178,,,,,,1.76503719139339
3.128,1.76537485828595,1.76537418042247,1.77282053743297,1.75792882985687,0,
3.12769353551476,,,,,,1.76528079839156
3.1288,1.76561846086547,1.76561778235682,1.77306379132533,1.75817278171844,0,
3.12849162011173,,,,,,1.76552398076371
3.1296,1.76586163677832,1.76586095762696,1.77330661914599,1.75841630631846,0,
3.1292897047087,,,,,,1.76576673850985
3.1304,1.76610438602451,1.76610370623288,1.77354902089503,1.75865940365685,0,
3.13008778930567,,,,,,1.76600907162998
3.1312,1.76634670860403,1.76634602817457,1.77379099657255,1.75890207373351,0,
3.13088587390263,,,,,,1.76625098012409
3.132,1.76658860451689,1.76658792345205,1.77403254617861,1.75914431654838,0,
3.1316839584996,,,,,,1.76649246399219
3.1328,1.76683007376308,1.76682939206531,1.77427366971331,1.75938613210136,0,
3.13248204309657,,,,,,1.76673352323427
3.1336,1.7670711163426,1.76707043401436,1.77451436717673,1.75962752039237,0,
3.13328012769354,,,,,,1.76697415785034
3.1344,1.76731173225546,1.76731104929918,1.77475463856894,1.75986848142133,0,
3.1340782122905,,,,,,1.7672143678404
3.1352,1.76755192150164,1.76755123791978,1.77499448389004,1.76010901518816,0,
3.13487629688747,,,,,,1.76745415320444
3.136,1.76779168408117,1.76779099987617,1.77523390314011,1.76034912169277,0,
3.13567438148444,,,,,,1.76769351394247
3.1368,1.76803101999402,1.76803033516834,1.77547289631922,1.76058880093508,0,
3.1364724660814,,,,,,1.76793245005448
3.1376,1.76826992924021,1.76826924379629,1.77571146342747,1.76082805291501,0,
3.13727055067837,,,,,,1.76817096154049
3.1384,1.76850841181973,1.76850772576002,1.77594960446493,1.76106687763248,0,
3.13806863527534,,,,,,1.76840904840047
3.1392,1.76874646773259,1.76874578105953,1.77618731943168,1.7613052750874,0,
3.13886671987231,,,,,,1.76864671063445
3.14,1.76898409697878,1.76898340969482,1.77642460832781,1.76154324527969,0,
3.13966480446927,,,,,,1.76888394824241
3.1408,1.7692212995583,1.7692206116659,1.7766614711534,1.76178078820927,0,
3.14046288906624,,,,,,1.76912076122435
3.1416,1.76945807547116,1.76945738697275,1.77689790790852,1.76201790387606,0,
3.14126097366321,,,,,,1.76935714958028
3.1424,1.76969442471735,1.76969373561539,1.77713391859327,1.76225459227998,0,
3.14205905826018,,,,,,1.7695931133102
3.1432,1.76993034729687,1.76992965759381,1.77736950320773,1.76249085342094,0,
3.14285714285714,,,,,,1.7698286524141
3.144,1.77016584320973,1.770165152908,1.77760466175196,1.76272668729887,0,
3.14365522745411,,,,,,1.77006376689199
3.1448,1.77040091245592,1.77040022155798,1.77783939422606,1.76296209391368,0,
3.14445331205108,,,,,,1.77029845674387
3.1456,1.77063555503544,1.77063486354374,1.77807370063011,1.76319707326529,0,
3.14525139664804,,,,,,1.77053272196973
3.1464,1.77086977094829,1.77086907886528,1.77830758096419,1.76343162535362,0,
3.14604948124501,,,,,,1.77076656256957
3.1472,1.77110356019448,1.7711028675226,1.77854103522838,1.76366575017859,0,
3.14684756584198,,,,,,1.7709999785434
3.148,1.77133692277401,1.77133622951569,1.77877406342275,1.76389944774011,0,
3.14764565043895,,,,,,1.77123296989122
3.1488,1.77156985868686,1.77156916484457,1.77900666554739,1.76413271803812,0,
3.14844373503591,,,,,,1.77146553661301
3.1496,1.77180236793305,1.77180167350923,1.77923884160238,1.76436556107252,0,
3.14924181963288,,,,,,1.7716976787088
3.1504,1.77203445051257,1.77203375550967,1.77947059158781,1.76459797684324,0,
3.15003990422985,,,,,,1.77192939617857
3.1512,1.77226610642543,1.77226541084589,1.77970191550374,1.7648299653502,0,
3.15083798882682,,,,,,1.77216068902232
3.152,1.77249733567162,1.77249663951788,1.77993281335026,1.76506152659331,0,
3.15163607342378,,,,,,1.77239155724006
3.1528,1.77272813825114,1.77272744152566,1.78016328512745,1.7652926605725,0,
3.15243415802075,,,,,,1.77262200083178
3.1536,1.772958514164,1.77295781686922,1.7803933308354,1.76552336728769,0,
3.15323224261772,,,,,,1.77285201979749
3.1544,1.77318846341019,1.77318776554855,1.78062295047417,1.76575364673879,0,
3.15403032721468,,,,,,1.77308161413718
3.1552,1.77341798598971,1.77341728756367,1.78085214404385,1.76598349892573,0,
3.15482841181165,,,,,,1.77331078385085
3.156,1.77364708190257,1.77364638291456,1.78108091154452,1.76621292384843,0,
3.15562649640862,,,,,,1.77353952893851
3.1568,1.77387575114876,1.77387505160123,1.78130925297625,1.76644192150681,0,
3.15642458100559,,,,,,1.77376784940015
3.1576,1.77410399372828,1.77410329362368,1.78153716833913,1.76667049190078,0,
3.15722266560255,,,,,,1.77399574523578
3.1584,1.77433180964113,1.77433110898191,1.78176465763324,1.76689863503028,0,
3.15802075019952,,,,,,1.77422321644539
3.1592,1.77455919888732,1.77455849767592,1.78199172085865,1.76712635089522,0,
3.15881883479649,,,,,,1.77445026302898
3.16,1.77478616146685,1.77478545970571,1.78221835801545,1.76735363949552,0,
3.15961691939346,,,,,,1.77467688498656
3.1608,1.7750126973797,1.77501199507128,1.7824445691037,1.7675805008311,0,
3.16041500399042,,,,,,1.77490308231812
3.1616,1.77523880662589,1.77523810377263,1.7826703541235,1.76780693490189,0,
3.16121308858739,,,,,,1.77512885502367
3.1624,1.77546448920541,1.77546378580975,1.78289571307491,1.7680329417078,0,
3.16201117318436,,,,,,1.7753542031032
3.1632,1.77568974511827,1.77568904118266,1.78312064595802,1.76825852124877,0,
3.16280925778132,,,,,,1.77557912655671
3.164,1.77591457436446,1.77591386989134,1.78334515277291,1.7684836735247,0,
3.16360734237829,,,,,,1.77580362538421
3.1648,1.77613897694398,1.7761382719358,1.78356923351965,1.76870839853553,0,
3.16440542697526,,,,,,1.77602769958569
3.1656,1.77636295285684,1.77636224731605,1.78379288819831,1.76893269628117,0,
3.16520351157223,,,,,,1.77625134916116
3.1664,1.77658650210303,1.77658579603207,1.78401611680899,1.76915656676155,0,
3.16600159616919,,,,,,1.77647457411061
3.1672,1.77680962468255,1.77680891808387,1.78423891935175,1.76938000997659,0,
3.16679968076616,,,,,,1.77669737443404
3.168,1.7770323205954,1.77703161347145,1.78446129582667,1.76960302592621,0,
3.16759776536313,,,,,,1.77691975013146
3.1688,1.77725458984159,1.77725388219481,1.78468324623383,1.76982561461033,0,
3.1683958499601,,,,,,1.77714170120286
3.1696,1.77747643242112,1.77747572425395,1.78490477057331,1.77004777602888,0,
3.16919393455706,,,,,,1.77736322764825
3.1704,1.77769784833397,1.77769713964886,1.78512586884519,1.77026951018178,0,
3.16999201915403,,,,,,1.77758432946762
3.1712,1.77791883758016,1.77791812837956,1.78534654104953,1.77049081706895,0,
3.170790103751,,,,,,1.77780500666098
3.172,1.77813940015968,1.77813869044604,1.78556678718642,1.77071169669032,0,
3.17158818834797,,,,,,1.77802525922832
3.1728,1.77835953607254,1.77835882584829,1.78578660725594,1.7709321490458,0,
3.17238627294493,,,,,,1.77824508716964
3.1736,1.77857924531873,1.77857853458633,1.78600600125815,1.77115217413533,0,
3.1731843575419,,,,,,1.77846449048495
3.1744,1.77879852789825,1.77879781666014,1.78622496919315,1.77137177195883,0,
3.17398244213887,,,,,,1.77868346917424
3.1752,1.77901738381111,1.77901667206973,1.78644351106099,1.77159094251621,0,
3.17478052673583,,,,,,1.77890202323751
3.176,1.7792358130573,1.77923510081511,1.78666162686177,1.77180968580741,0,
3.1755786113328,,,,,,1.77912015267477
3.1768,1.77945381563682,1.77945310289626,1.78687931659555,1.77202800183235,0,
3.17637669592977,,,,,,1.77933785748601
3.1776,1.77967139154967,1.77967067831319,1.78709658026241,1.77224589059094,0,
3.17717478052674,,,,,,1.77955513767124
3.1784,1.77988854079586,1.7798878270659,1.78731341786243,1.77246335208313,0,
3.1779728651237,,,,,,1.77977199323045
3.1792,1.78010526337539,1.78010454915439,1.78752982939568,1.77268038630882,0,
3.17877094972067,,,,,,1.77998842416365
3.18,1.78032155928824,1.78032084457865,1.78774581486224,1.77289699326795,0,
3.17956903431764,,,,,,1.78020443047083
3.1808,1.78053742853443,1.7805367133387,1.78796137426218,1.77311317296044,0,
3.1803671189146,,,,,,1.78042001215199
3.1816,1.78075287111395,1.78075215543453,1.78817650759558,1.77332892538621,0,
3.18116520351157,,,,,,1.78063516920714
3.1824,1.78096788702681,1.78096717086613,1.78839121486251,1.77354425054519,0,
3.18196328810854,,,,,,1.78084990163627
3.1832,1.781182476273,1.78118175963352,1.78860549606305,1.7737591484373,0,
3.18276137270551,,,,,,1.78106420943938
3.184,1.78139663885252,1.78139592173668,1.78881935119727,1.77397361906248,0,
3.18355945730247,,,,,,1.78127809261648
3.1848,1.78161037476538,1.78160965717562,1.78903278026525,1.77418766242063,0,
3.18435754189944,,,,,,1.78149155116757
3.1856,1.78182368401157,1.78182296595034,1.78924578326706,1.7744012785117,0,
3.18515562649641,,,,,,1.78170458509263
3.1864,1.78203656659109,1.78203584806084,1.78945836020277,1.7746144673356,0,
3.18595371109338,,,,,,1.78191719439168
3.1872,1.78224902250395,1.78224830350712,1.78967051107247,1.77482722889226,0,
3.18675179569034,,,,,,1.78212937906472
3.188,1.78246105175013,1.78246033228918,1.78988223587622,1.77503956318161,0,
3.18754988028731,,,,,,1.78234113911174
3.1888,1.78267265432966,1.78267193440702,1.7900935346141,1.77525147020357,0,
3.18834796488428,,,,,,1.78255247453274
3.1896,1.78288383024251,1.78288310986064,1.79030440728618,1.77546294995807,0,
3.18914604948124,,,,,,1.78276338532773
3.1904,1.7830945794887,1.78309385865004,1.79051485389253,1.77567400244504,0,
3.18994413407821,,,,,,1.7829738714967
3.1912,1.78330490206822,1.78330418077521,1.79072487443324,1.77588462766439,0,
3.19074221867518,,,,,,1.78318393303965
3.192,1.78351479798108,1.78351407623617,1.79093446890837,1.77609482561607,0,
3.19154030327215,,,,,,1.78339356995659
3.1928,1.78372426722727,1.7837235450329,1.79114363731799,1.77630459629998,0,
3.19233838786911,,,,,,1.78360278224752
3.1936,1.78393330980679,1.78393258716541,1.79135237966218,1.77651393971607,0,
3.19313647246608,,,,,,1.78381156991242
3.1944,1.78414192571965,1.7841412026337,1.79156069594102,1.77672285586426,0,
3.19393455706305,,,,,,1.78401993295132
3.1952,1.78435011496584,1.78434939143778,1.79176858615456,1.77693134474447,0,
3.19473264166002,,,,,,1.78422787136419
3.196,1.78455787754536,1.78455715357763,1.7919760503029,1.77713940635663,0,
3.19553072625698,,,,,,1.78443538515105
3.1968,1.78476521345822,1.78476448905326,1.7921830883861,1.77734704070067,0,
3.19632881085395,,,,,,1.78464247431189
3.1976,1.7849721227044,1.78497139786466,1.79238970040423,1.77755424777652,0,
3.19712689545092,,,,,,1.78484913884672
3.1984,1.78517860528393,1.78517788001185,1.79259588635736,1.77776102758411,0,
3.19792498004789,,,,,,1.78505537875553
3.1992,1.78538466119678,1.78538393549482,1.79280164624557,1.77796738012335,0,
3.19872306464485,,,,,,1.78526119403833
3.2,1.78559029044297,1.78558956431356,1.79300698006893,1.77817330539419,0,
3.19952114924182,,,,,,1.78546658469511
3.2008,1.78579549302249,1.78579476646809,1.79321188782751,1.77837880339654,0,
3.20031923383879,,,,,,1.78567155072587
3.2016,1.78600026893535,1.78599954195839,1.79341636952138,1.77858387413033,0,
3.20111731843575,,,,,,1.78587609213062
3.2024,1.78620461818154,1.78620389078448,1.79362042515062,1.77878851759551,0,
3.20191540303272,,,,,,1.78608020890935
3.2032,1.78640854076106,1.78640781294634,1.7938240547153,1.77899273379198,0,
3.20271348762969,,,,,,1.78628390106206
3.204,1.78661203667392,1.78661130844398,1.79402725821548,1.77919652271968,0,
3.20351157222666,,,,,,1.78648716858876
3.2048,1.78681510592011,1.7868143772774,1.79423003565124,1.77939988437855,0,
3.20430965682362,,,,,,1.78669001148944
3.2056,1.78701774849963,1.7870170194466,1.79443238702265,1.7796028187685,0,
3.20510774142059,,,,,,1.78689242976411
3.2064,1.78721996441249,1.78721923495158,1.79463431232978,1.77980532588947,0,
3.20590582601756,,,,,,1.78709442341276
3.2072,1.78742175365867,1.78742102379234,1.7948358115727,1.78000740574138,0,
3.20670391061453,,,,,,1.7872959924354
3.208,1.7876231162382,1.78762238596887,1.79503688475148,1.78020905832417,0,
3.20750199521149,,,,,,1.78749713683202
3.2088,1.78782405215105,1.78782332148119,1.7952375318662,1.78041028363777,0,
3.20830007980846,,,,,,1.78769785660262
3.2096,1.78802456139724,1.78802383032928,1.79543775291692,1.78061108168209,0,
3.20909816440543,,,,,,1.78789815174721
3.2104,1.78822464397677,1.78822391251316,1.79563754790371,1.78081145245709,0,
3.20989624900239,,,,,,1.78809802226578
3.2112,1.78842429988962,1.78842356803281,1.79583691682665,1.78101139596267,0,
3.21069433359936,,,,,,1.78829746815833
3.212,1.78862352913581,1.78862279688825,1.7960358596858,1.78121091219878,0,
3.21149241819633,,,,,,1.78849648942487
3.2128,1.78882233171533,1.78882159907946,1.79623437648124,1.78141000116534,0,
3.2122905027933,,,,,,1.7886950860654
3.2136,1.78902070762819,1.78901997460645,1.79643246721302,1.78160866286229,0,
3.21308858739026,,,,,,1.7888932580799
3.2144,1.78921865687438,1.78921792346922,1.79663013188123,1.78180689728954,0,
3.21388667198723,,,,,,1.7890910054684
3.2152,1.7894161794539,1.78941544566777,1.79682737048594,1.78200470444704,0,
3.2146847565842,,,,,,1.78928832823087
3.216,1.78961327536676,1.7896125412021,1.7970241830272,1.78220208433472,0,
3.21548284118117,,,,,,1.78948522636733
3.2168,1.78980994461295,1.78980921007221,1.7972205695051,1.7823990369525,0,
3.21628092577813,,,,,,1.78968169987777
3.2176,1.79000618719247,1.79000545227809,1.79741652991969,1.78259556230032,0,
3.2170790103751,,,,,,1.7898777487622
3.2184,1.79020200310532,1.79020126781976,1.79761206427106,1.7827916603781,0,
3.21787709497207,,,,,,1.79007337302061
3.2192,1.79039739235151,1.79039665669721,1.79780717255926,1.78298733118578,0,
3.21867517956903,,,,,,1.79026857265301
3.22,1.79059235493104,1.79059161891043,1.79800185478437,1.78318257472329,0,
3.219473264166,,,,,,1.79046334765939
3.2208,1.79078689084389,1.79078615445943,1.79819611094645,1.78337739099056,0,
3.22027134876297,,,,,,1.79065769803975
3.2216,1.79098100009008,1.79098026334422,1.79838994104557,1.78357177998752,0,
3.22106943335994,,,,,,1.7908516237941
3.2224,1.7911746826696,1.79117394556478,1.79858334508181,1.78376574171411,0,
3.2218675179569,,,,,,1.79104512492243
3.2232,1.79136793858246,1.79136720112112,1.79877632305523,1.78395927617025,0,
3.22266560255387,,,,,,1.79123820142475
3.224,1.79156076782865,1.79156003001324,1.79896887496589,1.78415238335588,0,
3.22346368715084,,,,,,1.79143085330105
3.2248,1.79175317040817,1.79175243224114,1.79916100081387,1.78434506327093,0,
3.22426177174781,,,,,,1.79162308055133
3.2256,1.79194514632103,1.79194440780482,1.79935270059924,1.78453731591532,0,
3.22505985634477,,,,,,1.7918148831756
3.2264,1.79213669556722,1.79213595670428,1.79954397432205,1.78472914128901,0,
3.22585794094174,,,,,,1.79200626117385
3.2272,1.79232781814674,1.79232707893951,1.79973482198238,1.78492053939191,0,
3.22665602553871,,,,,,1.79219721454609
3.228,1.79251851405959,1.79251777451053,1.7999252435803,1.78511151022395,0,
3.22745411013567,,,,,,1.79238774329231
3.2288,1.79270878330578,1.79270804341733,1.80011523911587,1.78530205378508,0,
3.22825219473264,,,,,,1.79257784741252
3.2296,1.79289862588531,1.7928978856599,1.80030480858916,1.78549217007522,0,
3.22905027932961,,,,,,1.7927675269067
3.2304,1.79308804179816,1.79308730123826,1.80049395200023,1.78568185909431,0,
3.22984836392658,,,,,,1.79295678177488
3.2312,1.79327703104435,1.79327629015239,1.80068266934916,1.78587112084228,0,
3.23064644852354,,,,,,1.79314561201703
3.232,1.79346559362387,1.7934648524023,1.80087096063601,1.78605995531907,0,
3.23144453312051,,,,,,1.79333401763317
3.2328,1.79365372953673,1.79365298798799,1.80105882586084,1.7862483625246,0,
3.23224261771748,,,,,,1.7935219986233
3.2336,1.79384143878292,1.79384069690946,1.80124626502373,1.78643634245881,0,
3.23304070231445,,,,,,1.79370955498741
3.2344,1.79402872136244,1.79402797916671,1.80143327812473,1.78662389512163,0,
3.23383878691141,,,,,,1.7938966867255
3.2352,1.7942155772753,1.79421483475974,1.80161986516392,1.78681102051301,0,
3.23463687150838,,,,,,1.79408339383758
3.236,1.79440200652149,1.79440126368855,1.80180602614136,1.78699771863286,0,
3.23543495610535,,,,,,1.79426967632364
3.2368,1.79458800910101,1.79458726595314,1.80199176105711,1.78718398948114,0,
3.23623304070231,,,,,,1.79445553418368
3.2376,1.79477358501386,1.7947728415535,1.80217706991125,1.78736983305776,0,
3.23703112529928,,,,,,1.79464096741771
3.2384,1.79495873426005,1.79495799048965,1.80236195270384,1.78755524936267,0,
3.23782920989625,,,,,,1.79482597602573
3.2392,1.79514345683958,1.79514271276157,1.80254640943493,1.78774023839579,0,
3.23862729449322,,,,,,1.79501056000772
3.24,1.79532775275243,1.79532700836928,1.80273044010461,1.78792480015707,0,
3.23942537909018,,,,,,1.7951947193637
3.2408,1.79551162199862,1.79551087731276,1.80291404471293,1.78810893464644,0,
3.24022346368715,,,,,,1.79537845409367
3.2416,1.79569506457814,1.79569431959203,1.80309722325995,1.78829264186384,0,
3.24102154828412,,,,,,1.79556176419762
3.2424,1.795878080491,1.79587733520707,1.80327997574575,1.78847592180919,0,
3.24181963288109,,,,,,1.79574464967555
3.2432,1.79606066973719,1.79605992415789,1.80346230217039,1.78865877448244,0,
3.24261771747805,,,,,,1.79592711052747
3.244,1.79624283231671,1.79624208644449,1.80364420253393,1.78884119988351,0,
3.24341580207502,,,,,,1.79610914675337
3.2448,1.79642456822957,1.79642382206687,1.80382567683643,1.78902319801235,0,
3.24421388667199,,,,,,1.79629075835326
3.2456,1.79660587747576,1.79660513102503,1.80400672507796,1.78920476886889,0,
3.24501197126895,,,,,,1.79647194532713
3.2464,1.79678676005528,1.79678601331896,1.80418734725859,1.78938591245307,0,
3.24581005586592,,,,,,1.79665270767498
3.2472,1.79696721596814,1.79696646894868,1.80436754337838,1.78956662876482,0,
3.24660814046289,,,,,,1.79683304539682
3.248,1.79714724521432,1.79714649791418,1.80454731343739,1.78974691780408,0,
3.24740622505986,,,,,,1.79701295849264
3.2488,1.79732684779385,1.79732610021545,1.80472665743568,1.78992677957078,0,
3.24820430965682,,,,,,1.79719244696245
3.2496,1.7975060237067,1.79750527585251,1.80490557537333,1.79010621406487,0,
3.24900239425379,,,,,,1.79737151080624
3.2504,1.79768477295289,1.79768402482534,1.80508406725038,1.79028522128627,0,
3.24980047885076,,,,,,1.79755015002401
3.2512,1.79786309553241,1.79786234713395,1.80526213306692,1.79046380123492,0,
3.25059856344773,,,,,,1.79772836461577
3.252,1.79804099144527,1.79804024277835,1.80543977282299,1.79064195391077,0,
3.25139664804469,,,,,,1.79790615458151
3.2528,1.79821846069146,1.79821771175852,1.80561698651866,1.79081967931374,0,
3.25219473264166,,,,,,1.79808351992124
3.2536,1.79839550327098,1.79839475407447,1.805793774154,1.79099697744378,0,
3.25299281723863,,,,,,1.79826046063495
3.2544,1.79857211918384,1.7985713697262,1.80597013572907,1.79117384830082,0,
3.25379090183559,,,,,,1.79843697672265
3.2552,1.79874830843003,1.79874755871371,1.80614607124393,1.79135029188479,0,
3.25458898643256,,,,,,1.79861306818432
3.256,1.79892407100955,1.798923321037,1.80632158069864,1.79152630819565,0,
3.25538707102953,,,,,,1.79878873501999
3.2568,1.79909940692241,1.79909865669606,1.80649666409326,1.79170189723332,0,
3.2561851556265,,,,,,1.79896397722963
3.2576,1.79927431616859,1.79927356569091,1.80667132142786,1.79187705899774,0,
3.25698324022346,,,,,,1.79913879481327
3.2584,1.79944879874812,1.79944804802154,1.8068455527025,1.79205179348885,0,
3.25778132482043,,,,,,1.79931318777088
3.2592,1.79962285466097,1.79962210368794,1.80701935791724,1.79222610070659,0,
3.2585794094174,,,,,,1.79948715610248
3.26,1.79979648390716,1.79979573269013,1.80719273707215,1.79239998065089,0,
3.25937749401437,,,,,,1.79966069980806
3.2608,1.79996968648668,1.79996893502809,1.80736569016727,1.7925734333217,0,
3.26017557861133,,,,,,1.79983381888763
3.2616,1.80014246239954,1.80014171070183,1.80753821720269,1.79274645871895,0,
3.2609736632083,,,,,,1.80000651334118
3.2624,1.80031481164573,1.80031405971135,1.80771031817845,1.79291905684258,0,
3.26177174780527,,,,,,1.80017878316872
3.2632,1.80048673422525,1.80048598205665,1.80788199309461,1.79309122769253,0,
3.26256983240223,,,,,,1.80035062837024
3.264,1.80065823013811,1.80065747773773,1.80805324195125,1.79326297126875,0,
3.2633679169992,,,,,,1.80052204894574
3.2648,1.8008292993843,1.80082854675459,1.80822406474842,1.79343428757115,0,
3.26416600159617,,,,,,1.80069304489523
3.2656,1.80099994196382,1.80099918910723,1.80839446148617,1.7936051765997,0,
3.26496408619314,,,,,,1.8008636162187
3.2664,1.80117015787668,1.80116940479565,1.80856443216458,1.79377563835432,0,
3.2657621707901,,,,,,1.80103376291615
3.2672,1.80133994712286,1.80133919381984,1.8087339767837,1.79394567283496,0,
3.26656025538707,,,,,,1.80120348498759
3.268,1.80150930970239,1.80150855617982,1.80890309534359,1.79411528004155,0,
3.26735833998404,,,,,,1.80137278243302
3.2688,1.80167824561524,1.80167749187558,1.80907178784431,1.79428445997404,0,
3.26815642458101,,,,,,1.80154165525242
3.2696,1.80184675486143,1.80184600090711,1.80924005428592,1.79445321263236,0,
3.26895450917797,,,,,,1.80171010344582
3.2704,1.80201483744095,1.80201408327442,1.80940789466849,1.79462153801646,0,
3.26975259377494,,,,,,1.80187812701319
3.2712,1.80218249335381,1.80218173897752,1.80957530899207,1.79478943612628,0,
3.27055067837191,,,,,,1.80204572595455
3.272,1.8023497226,1.80234896801639,1.80974229725672,1.79495690696174,0,
3.27134876296887,,,,,,1.8022129002699
3.2728,1.80251652517952,1.80251577039104,1.80990885946249,1.79512395052281,0,
3.27214684756584,,,,,,1.80237964995922
3.2736,1.80268290109238,1.80268214610147,1.81007499560946,1.79529056680941,0,
3.27294493216281,,,,,,1.80254597502254
3.2744,1.80284885033857,1.80284809514768,1.81024070569768,1.79545675582148,0,
3.27374301675978,,,,,,1.80271187545983
3.2752,1.80301437291809,1.80301361752967,1.8104059897272,1.79562251755898,0,
3.27454110135674,,,,,,1.80287735127111
3.276,1.80317946883095,1.80317871324743,1.81057084769809,1.79578785202183,0,
3.27533918595371,,,,,,1.80304240245638
3.2768,1.80334413807714,1.80334338230098,1.81073527961041,1.79595275920999,0,
3.27613727055068,,,,,,1.80320702901563
3.2776,1.80350838065666,1.80350762469031,1.81089928546421,1.79611723912338,0,
3.27693535514765,,,,,,1.80337123094886
3.2784,1.80367219656951,1.80367144041541,1.81106286525956,1.79628129176196,0,
3.27773343974461,,,,,,1.80353500825607
3.2792,1.8038355858157,1.8038348294763,1.8112260189965,1.79644491712566,0,
3.27853152434158,,,,,,1.80369836093727
3.28,1.80399854839523,1.80399779187296,1.8113887466751,1.79660811521443,0,
3.27932960893855,,,,,,1.80386128899246
3.2808,1.80416108430808,1.8041603276054,1.81155104829542,1.7967708860282,0,
3.28012769353551,,,,,,1.80402379242163
3.2816,1.80432319355427,1.80432243667363,1.81171292385752,1.79693322956693,0,
3.28092577813248,,,,,,1.80418587122478
3.2824,1.80448487613379,1.80448411907763,1.81187437336145,1.79709514583054,0,
3.28172386272945,,,,,,1.80434752540192
3.2832,1.80464613204665,1.80464537481741,1.81203539680726,1.797256634819,0,
3.28252194732642,,,,,,1.80450875495304
3.284,1.80480696129284,1.80480620389297,1.81219599419503,1.79741769653222,0,
3.28332003192338,,,,,,1.80466955987814
3.2848,1.80496736387236,1.80496660630431,1.8123561655248,1.79757833097017,0,
3.28411811652035,,,,,,1.80482994017723
3.2856,1.80512733978522,1.80512658205142,1.81251591079663,1.79773853813278,0,
3.28491620111732,,,,,,1.80498989585031
3.2864,1.80528688903141,1.80528613113432,1.81267523001058,1.79789831801999,0,
3.28571428571429,,,,,,1.80514942689736
3.2872,1.80544601161093,1.805445253553,1.81283412316671,1.79805767063175,0,
3.28651237031125,,,,,,1.8053085333184
3.288,1.80560470752378,1.80560394930745,1.81299259026507,1.798216595968,0,
3.28731045490822,,,,,,1.80546721511343
3.2888,1.80576297676997,1.80576221839769,1.81315063130572,1.79837509402869,0,
3.28810853950519,,,,,,1.80562547228244
3.2896,1.8059208193495,1.8059200608237,1.81330824628871,1.79853316481375,0,
3.28890662410215,,,,,,1.80578330482543
3.2904,1.80607823526235,1.8060774765855,1.81346543521411,1.79869080832314,0,
3.28970470869912,,,,,,1.80594071274241
3.2912,1.80623522450854,1.80623446568307,1.81362219808196,1.79884802455679,0,
3.29050279329609,,,,,,1.80609769603337
3.292,1.80639178708806,1.80639102811642,1.81377853489233,1.79900481351464,0,
3.29130087789306,,,,,,1.80625425469832
3.2928,1.80654792300092,1.80654716388555,1.81393444564527,1.79916117519665,0,
3.29209896249002,,,,,,1.80641038873725
3.2936,1.80670363224711,1.80670287299046,1.81408993034083,1.79931710960276,0,
3.29289704708699,,,,,,1.80656609815016
3.2944,1.80685891482663,1.80685815543115,1.81424498897907,1.79947261673291,0,
3.29369513168396,,,,,,1.80672138293706
3.2952,1.80701377073949,1.80701301120762,1.81439962156005,1.79962769658704,0,
3.29449321628093,,,,,,1.80687624309794
3.296,1.80716819998568,1.80716744031986,1.81455382808383,1.79978234916511,0,
3.29529130087789,,,,,,1.80703067863281
3.2968,1.8073222025652,1.80732144276789,1.81470760855045,1.79993657446705,0,
3.29608938547486,,,,,,1.80718468954166
3.2976,1.80747577847805,1.8074750185517,1.81486096295997,1.8000903724928,0,
3.29688747007183,,,,,,1.80733827582449
3.2984,1.80762892772424,1.80762816767128,1.81501389131245,1.80024374324233,0,
3.29768555466879,,,,,,1.80749143748131
3.2992,1.80778165030377,1.80778089012665,1.81516639360794,1.80039668671556,0,
3.29848363926576,,,,,,1.80764417451211
3.3,1.80793394621662,1.80793318591779,1.8153184698465,1.80054920291245,0,
3.29928172386273,,,,,,1.8077964869169
3.3008,1.80808581546281,1.80808505504471,1.81547012002817,1.80070129183294,0,
3.3000798084597,,,,,,1.80794837469567
3.3016,1.80823725804233,1.80823649750741,1.81562134415303,1.80085295347697,0,
3.30087789305666,,,,,,1.80809983784842
3.3024,1.80838827395519,1.80838751330589,1.81577214222111,1.8010041878445,0,
3.30167597765363,,,,,,1.80825087637516
3.3032,1.80853886320138,1.80853810244015,1.81592251423247,1.80115499493546,0,
3.3024740622506,,,,,,1.80840149027588
3.304,1.8086890257809,1.80868826491019,1.81607246018717,1.80130537474981,0,
3.30327214684757,,,,,,1.80855167955059
3.3048,1.80883876169376,1.80883800071601,1.81622198008526,1.80145532728749,0,
3.30407023144453,,,,,,1.80870144419928
3.3056,1.80898807093995,1.80898730985761,1.8163710739268,1.80160485254844,0,
3.3048683160415,,,,,,1.80885078422195
3.3064,1.80913695351947,1.80913619233498,1.81651974171183,1.80175395053262,0,
3.30566640063847,,,,,,1.80899969961861
3.3072,1.80928540943232,1.80928464814814,1.81666798344041,1.80190262123996,0,
3.30646448523544,,,,,,1.80914819038925
3.308,1.80943343867851,1.80943267729708,1.8168157991126,1.80205086467042,0,
3.3072625698324,,,,,,1.80929625653388
3.3088,1.80958104125804,1.80958027978179,1.81696318872844,1.80219868082395,0,
3.30806065442937,,,,,,1.80944389805249
3.3096,1.80972821717089,1.80972745560228,1.817110152288,1.80234606970048,0,
3.30885873902634,,,,,,1.80959111494508
3.3104,1.80987496641708,1.80987420475856,1.81725668979131,1.80249303129998,0,
3.3096568236233,,,,,,1.80973790721166
3.3112,1.8100212889966,1.81002052725061,1.81740280123844,1.80263956562237,0,
3.31045490822027,,,,,,1.80988427485223
3.312,1.81016718490946,1.81016642307844,1.81754848662944,1.80278567266762,0,
3.31125299281724,,,,,,1.81003021786677
3.3128,1.81031265415565,1.81031189224205,1.81769374596436,1.80293135243567,0,
3.31205107741421,,,,,,1.8101757362553
3.3136,1.81045769673517,1.81045693474144,1.81783857924325,1.80307660492646,0,
3.31284916201117,,,,,,1.81032083001782
3.3144,1.81060231264803,1.81060155057661,1.81798298646616,1.80322143013995,0,
3.31364724660814,,,,,,1.81046549915432
3.3152,1.81074650189422,1.81074573974755,1.81812696763314,1.80336582807609,0,
3.31444533120511,,,,,,1.8106097436648
3.316,1.81089026447374,1.81088950225428,1.81827052274426,1.80350979873481,0,
3.31524341580208,,,,,,1.81075356354927
3.3168,1.81103360038659,1.81103283809679,1.81841365179955,1.80365334211607,0,
3.31604150039904,,,,,,1.81089695880772
3.3176,1.81117650963278,1.81117574727507,1.81855635479907,1.80379645821983,0,
3.31683958499601,,,,,,1.81103992944015
3.3184,1.81131899221231,1.81131822978913,1.81869863174288,1.80393914704602,0,
3.31763766959298,,,,,,1.81118247544657
3.3192,1.81146104812516,1.81146028563898,1.81884048263101,1.80408140859459,0,
3.31843575418994,,,,,,1.81132459682698
3.32,1.81160267737135,1.8116019148246,1.81898190746353,1.8042232428655,0,
3.31923383878691,,,,,,1.81146629358136
3.3208,1.81174387995087,1.811743117346,1.81912290624048,1.8043646498587,0,
3.32003192338388,,,,,,1.81160756570974
3.3216,1.81188465586373,1.81188389320318,1.81926347896192,1.80450562957412,0,
3.32083000798085,,,,,,1.81174841321209
3.3224,1.81202500510992,1.81202424239614,1.81940362562789,1.80464618201173,0,
3.32162809257781,,,,,,1.81188883608843
3.3232,1.81216492768944,1.81216416492488,1.81954334623845,1.80478630717147,0,
3.32242617717478,,,,,,1.81202883433875
3.324,1.8123044236023,1.8123036607894,1.81968264079364,1.80492600505329,0,
3.32322426177175,,,,,,1.81216840796306
3.3248,1.81244349284849,1.8124427299897,1.81982150929352,1.80506527565714,0,
3.32402234636872,,,,,,1.81230755696135
3.3256,1.81258213542801,1.81258137252578,1.81995995173813,1.80520411898298,0,
3.32482043096568,,,,,,1.81244628133363
3.3264,1.81272035134086,1.81271958839763,1.82009796812753,1.80534253503074,0,
3.32561851556265,,,,,,1.81258458107989
3.3272,1.81285814058705,1.81285737760527,1.82023555846176,1.80548052380039,0,
3.32641660015962,,,,,,1.81272245620013
3.328,1.81299550316658,1.81299474014868,1.82037272274088,1.80561808529187,0,
3.32721468475658,,,,,,1.81285990669436
3.3288,1.81313243907943,1.81313167602787,1.82050946096493,1.80575521950513,0,
3.32801276935355,,,,,,1.81299693256257
3.3296,1.81326894832562,1.81326818524285,1.82064577313396,1.80589192644012,0,
3.32881085395052,,,,,,1.81313353380477
3.3304,1.81340503090514,1.8134042677936,1.82078165924803,1.8060282060968,0,
3.32960893854749,,,,,,1.81326971042095
3.3312,1.813540686818,1.81353992368013,1.82091711930717,1.80616405847512,0,
3.33040702314445,,,,,,1.81340546241111
3.332,1.81367591606419,1.81367515290244,1.82105215331145,1.80629948357502,0,
3.33120510774142,,,,,,1.81354078977526
3.3328,1.81381071864371,1.81380995546053,1.8211867612609,1.80643448139645,0,
3.33200319233839,,,,,,1.81367569251339
3.3336,1.81394509455657,1.81394422411161,1.82132094315558,1.80656905193938,0,
3.33280127693535,,,,,,1.81381017062551
3.33359936153232,,,,,,1.81394422411161
3.3344,1.81407904380276,1.81407827922524,1.82145469899554,1.80670319520374,0,
3.33439744612929,,,,,,1.81407785297169
3.3352,1.81421256638228,1.81421180077157,1.82158802878081,1.8068369111895,0,
3.33519553072626,,,,,,1.81421105720576
3.336,1.81434566229514,1.81434489565367,1.82172093251146,1.8069701998966,0,
3.33599361532322,,,,,,1.81434383681381
3.3368,1.81447833154132,1.81447756387155,1.82185341018753,1.807103061325,0,
3.33679169992019,,,,,,1.81447619179585
3.3376,1.81461057412085,1.81460980542521,1.82198546180906,1.80723549547464,0,
3.33758978451716,,,,,,1.81460812215187
3.3384,1.8147423900337,1.81474162031466,1.82211708737611,1.80736750234549,0,
3.33838786911413,,,,,,1.81473962788188
3.3392,1.81487377927989,1.81487300853988,1.82224828688872,1.80749908193749,0,
3.33918595371109,,,,,,1.81487070898586
3.34,1.81500474185941,1.81500397010088,1.82237906034693,1.80763023425059,0,
3.33998403830806,,,,,,1.81500136546384
3.3408,1.81513527777227,1.81513450499765,1.82250940775081,1.80776095928475,0,
3.34078212290503,,,,,,1.81513159731579
3.3416,1.81526538701846,1.81526461323021,1.82263932910038,1.80789125703993,0,
3.341580207502,,,,,,1.81526140454173
3.3424,1.81539506959798,1.81539429479855,1.8227688243957,1.80802112751606,0,
3.34237829209896,,,,,,1.81539078714166
3.3432,1.81552432551084,1.81552354970267,1.82289789363682,1.80815057071312,0,
3.34317637669593,,,,,,1.81551974511557
3.344,1.81565315475703,1.81565237794256,1.82302653682379,1.80827958663104,0,
3.3439744612929,,,,,,1.81564827846346
3.3448,1.81578155733655,1.81578077951824,1.82315475395664,1.80840817526979,0,
3.34477254588986,,,,,,1.81577638718534
3.3456,1.81590953324941,1.81590875442969,1.82328254503543,1.80853633662932,0,
3.34557063048683,,,,,,1.8159040712812
3.3464,1.81603708249559,1.81603630267692,1.8234099100602,1.80866407070957,0,
3.3463687150838,,,,,,1.81603133075104
3.3472,1.81616420507512,1.81616342425993,1.82353684903099,1.80879137751052,0,
3.34716679968077,,,,,,1.81615816559487
3.348,1.81629090098797,1.81629011917873,1.82366336194786,1.8089182570321,0,
3.34796488427773,,,,,,1.81628457581269
3.3488,1.81641717023416,1.8164163874333,1.82378944881085,1.80904470927428,0,
3.3487629688747,,,,,,1.81641056140448
3.3496,1.81654301281369,1.81654222902365,1.82391510962,1.809170734237,0,
3.34956105347167,,,,,,1.81653612237026
3.3504,1.81666842872654,1.81666764394977,1.82404034437536,1.80929633192023,0,
3.35035913806864,,,,,,1.81666125871003
3.3512,1.81679341797273,1.81679263221168,1.82416515307697,1.80942150232391,0,
3.3511572226656,,,,,,1.81678597042378
3.352,1.81691798055225,1.81691719380937,1.82428953572489,1.80954624544801,0,
3.35195530726257,,,,,,1.81691025751151
3.3528,1.81704211646511,1.81704132874284,1.82441349231915,1.80967056129247,0,
3.35275339185954,,,,,,1.81703411997323
3.3536,1.8171658257113,1.81716503701208,1.8245370228598,1.80979444985726,0,
3.3535514764565,,,,,,1.81715755780893
3.3544,1.81728910829082,1.81728831861711,1.82466012734688,1.80991791114232,0,
3.35434956105347,,,,,,1.81728057101862
3.3552,1.81741196420368,1.81741117355791,1.82478280578044,1.81004094514761,0,
3.35514764565044,,,,,,1.81740315960229
3.356,1.81753439344987,1.81753360183449,1.82490505816053,1.8101635518731,0,
3.35594573024741,,,,,,1.81752532355994
3.3568,1.81765639602939,1.81765560344686,1.82502688448718,1.81028573131873,0,
3.35674381484437,,,,,,1.81764706289158
3.3576,1.81777797194224,1.817777178395,1.82514828476044,1.81040748348446,0,
3.35754189944134,,,,,,1.8177683775972
3.3584,1.81789912118843,1.81789832667892,1.82526925898035,1.81052880837024,0,
3.35833998403831,,,,,,1.81788926767681
3.3592,1.81801984376796,1.81801904829862,1.82538980714697,1.81064970597604,0,
3.35913806863528,,,,,,1.8180097331304
3.36,1.81814013968081,1.8181393432541,1.82550992926032,1.8107701763018,0,
3.35993615323224,,,,,,1.81812977395797
3.3608,1.818260008927,1.81825921154535,1.82562962532046,1.81089021934749,0,
3.36073423782921,,,,,,1.81824939015953
3.3616,1.81837945150652,1.81837865317239,1.82574889532743,1.81100983511306,0,
3.36153232242618,,,,,,1.81836858173507
3.3624,1.81849846741938,1.81849766813521,1.82586773928127,1.81112902359847,0,
3.36233040702314,,,,,,1.8184873486846
3.3632,1.81861705666557,1.8186162564338,1.82598615718203,1.81124778480367,0,
3.36312849162011,,,,,,1.81860569100811
3.364,1.81873521924509,1.81873441806818,1.82610414902974,1.81136611872863,0,
3.36392657621708,,,,,,1.8187236087056
3.3648,1.81885295515795,1.81885215303833,1.82622171482445,1.8114840253733,0,
3.36472466081405,,,,,,1.81884110177708
3.3656,1.81897026440414,1.81896946134426,1.82633885456621,1.81160150473763,0,
3.36552274541101,,,,,,1.81895817022254
3.3664,1.81908714698366,1.81908634298598,1.82645556825505,1.81171855682158,0,
3.36632083000798,,,,,,1.81907481404199
3.3672,1.81920360289651,1.81920279796347,1.82657185589102,1.81183518162512,0,
3.36711891460495,,,,,,1.81919103323542
3.368,1.8193196321427,1.81931882627674,1.82668771747415,1.8119513791482,0,
3.36791699920192,,,,,,1.81930682780283
3.3688,1.81943523472223,1.81943442792579,1.8268031530045,1.81206714939078,0,
3.36871508379888,,,,,,1.81942219774423
3.3696,1.81955041063508,1.81954960291062,1.8269181624821,1.81218249235281,0,
3.36951316839585,,,,,,1.81953714305962
3.3704,1.81966515988127,1.81966435123123,1.82703274590699,1.81229740803425,0,
3.37031125299282,,,,,,1.81965166374898
3.3712,1.81977948246079,1.81977867288761,1.82714690327922,1.81241189643507,0,
3.37110933758978,,,,,,1.81976575981233
3.372,1.81989337837365,1.81989256787978,1.82726063459883,1.81252595755522,0,
3.37190742218675,,,,,,1.81987943124967
3.3728,1.82000684761984,1.82000603620773,1.82737393986586,1.81263959139466,0,
3.37270550678372,,,,,,1.81999267806099
3.3736,1.82011989019936,1.82011907787145,1.82748681908034,1.81275279795334,0,
3.37350359138069,,,,,,1.82010550024629
3.3744,1.82023250611222,1.82023169287096,1.82759927224233,1.81286557723124,0,
3.37430167597765,,,,,,1.82021789780558
3.3752,1.82034469535841,1.82034388120624,1.82771129935185,1.8129779292283,0,
3.37509976057462,,,,,,1.82032987073885
3.376,1.82045645793793,1.8204556428773,1.82782290040896,1.81308985394448,0,
3.37589784517159,,,,,,1.8204414190461
3.3768,1.82056779385078,1.82056697788414,1.82793407541369,1.81320135137975,0,
3.37669592976856,,,,,,1.82055254272734
3.3776,1.82067870309697,1.82067788622676,1.82804482436608,1.81331242153407,0,
3.37749401436552,,,,,,1.82066324178257
3.3784,1.8207891856765,1.82078836790516,1.82815514726617,1.81342306440739,0,
3.37829209896249,,,,,,1.82077351621177
3.3792,1.82089924158935,1.82089842291934,1.82826504411401,1.81353327999968,0,
3.37909018355946,,,,,,1.82088336601496
3.38,1.82100887083554,1.8210080512693,1.82837451490962,1.81364306831089,0,
3.37988826815642,,,,,,1.82099279119214
3.3808,1.82111807341506,1.82111725295504,1.82848355965306,1.81375242934098,0,
3.38068635275339,,,,,,1.8211017917433
3.3816,1.82122684932792,1.82122602797656,1.82859217834436,1.81386136308992,0,
3.38148443735036,,,,,,1.82121036766844
3.3824,1.82133519857411,1.82133437633385,1.82870037098356,1.81396986955766,0,
3.38228252194733,,,,,,1.82131851896757
3.3832,1.82144312115363,1.82144229802693,1.8288081375707,1.81407794874418,0,
3.38308060654429,,,,,,1.82142624564068
3.384,1.82155061706649,1.82154979305578,1.82891547810582,1.81418560064942,0,
3.38387869114126,,,,,,1.82153354768778
3.3848,1.82165768631268,1.82165686142041,1.82902239258896,1.81429282527334,0,
3.38467677573823,,,,,,1.82164042510886
3.3856,1.8217643288922,1.82176350312083,1.82912888102015,1.81439962261592,0,
3.3854748603352,,,,,,1.82174687790392
3.3864,1.82187054480505,1.82186971815702,1.82923494339944,1.8145059926771,0,
3.38627294493216,,,,,,1.82185290607297
3.3872,1.82197633405124,1.82197550652899,1.82934057972686,1.81461193545686,0,
3.38707102952913,,,,,,1.821958509616
3.388,1.82208169663077,1.82208086823674,1.82944579000245,1.81471745095515,0,
3.3878691141261,,,,,,1.82206368853302
3.3888,1.82218663254362,1.82218580328027,1.82955057422625,1.81482253917194,0,
3.38866719872306,,,,,,1.82216844282402
3.3896,1.82229114178981,1.82229031165958,1.8296549323983,1.81492720010718,0,
3.38946528332003,,,,,,1.822272772489
3.3904,1.82239522436933,1.82239439337467,1.82975886451864,1.81503143376084,0,
3.390263367917,,,,,,1.82237667752797
3.3912,1.82249888028219,1.82249804842553,1.8298623705873,1.81513524013288,0,
3.39106145251397,,,,,,1.82248015794092
3.392,1.82260210952838,1.82260127681218,1.82996545060432,1.81523861922327,0,
3.39185953711093,,,,,,1.82258321372786
3.3928,1.8227049121079,1.8227040785346,1.83006810456974,1.81534157103196,0,
3.3926576217079,,,,,,1.82268584488878
3.3936,1.82280728802076,1.82280645359281,1.83017033248359,1.81544409555892,0,
3.39345570630487,,,,,,1.82278805142368
3.3944,1.82290923726695,1.82290840198679,1.83027213434592,1.81554619280411,0,
3.39425379090184,,,,,,1.82288983333257
3.3952,1.82301075984647,1.82300992371656,1.83037351015676,1.8156478627675,0,
3.3950518754988,,,,,,1.82299119061544
3.396,1.82311185575933,1.8231110187821,1.83047445991614,1.81574910544904,0,
3.39584996009577,,,,,,1.8230921232723
3.3968,1.82321252500551,1.82321168718342,1.8305749836241,1.8158499208487,0,
3.39664804469274,,,,,,1.82319263130314
3.3976,1.82331276758504,1.82331192892052,1.83067508128069,1.81595030896645,0,
3.3974461292897,,,,,,1.82329271470796
3.3984,1.82341258349789,1.8234117439934,1.83077475288593,1.81605026980224,0,
3.39824421388667,,,,,,1.82339237348677
3.3992,1.82351197274408,1.82351113240206,1.83087399843986,1.81614980335604,0,
3.39904229848364,,,,,,1.82349160763957
3.4,1.8236109353236,1.8236100941465,1.83097281794253,1.81624890962782,0,
3.39984038308061,,,,,,1.82359041716634
3.4008,1.82370947123646,1.82370862922671,1.83107121139395,1.81634758861754,0,
3.40063846767757,,,,,,1.8236888020671
3.4016,1.82380758048265,1.82380673764271,1.83116917879418,1.81644584032516,0,
3.40143655227454,,,,,,1.82378676234185
3.4024,1.82390526306217,1.82390441939448,1.83126672014324,1.81654366475064,0,
3.40223463687151,,,,,,1.82388429799058
3.4032,1.82400251897503,1.82400167448204,1.83136383544117,1.81664106189396,0,
3.40303272146848,,,,,,1.82398140901329
3.404,1.82409934822122,1.82409850290537,1.831460524688,1.81673803175508,0,
3.40383080606544,,,,,,1.82407809540999
3.4048,1.82419575080074,1.82419490466449,1.83155678788378,1.81683457433395,0,
3.40462889066241,,,,,,1.82417435718067
3.4056,1.8242917267136,1.82429087975938,1.83165262502854,1.81693068963055,0,
3.40542697525938,,,,,,1.82427019432533
3.4064,1.82438727595978,1.82438642819005,1.8317480361223,1.81702637764484,0,
3.40622505985634,,,,,,1.82436560684398
3.4072,1.82448239853931,1.8244815499565,1.83184302116511,1.81712163837679,0,
3.40702314445331,,,,,,1.82446059473662
3.408,1.82457709445216,1.82457624505873,1.831937580157,1.81721647182636,0,
3.40782122905028,,,,,,1.82455515800323
3.4088,1.82467136369835,1.82467051349674,1.83203171309801,1.81731087799351,0,
3.40861931364725,,,,,,1.82464929664384
3.4096,1.82476520627787,1.82476435527053,1.83212541998816,1.81740485687822,0,
3.40941739824421,,,,,,1.82474301065842
3.4104,1.82485862219073,1.82485777038009,1.8322187008275,1.81749840848044,0,
3.41021548284118,,,,,,1.82483630004699
3.4112,1.82495161143692,1.82495075882544,1.83231155561605,1.81759153280015,0,
3.41101356743815,,,,,,1.82492916480955
3.412,1.82504417401644,1.82504332060657,1.83240398435385,1.81768422983731,0,
3.41181165203512,,,,,,1.82502160494608
3.4128,1.8251363099293,1.82513545572347,1.83249598704094,1.81777649959189,0,
3.41260973663208,,,,,,1.8251136204566
3.4136,1.82522801917549,1.82522716417615,1.83258756367735,1.81786834206384,0,
3.41340782122905,,,,,,1.82520521134111
3.4144,1.82531930175501,1.82531844596462,1.8326787142631,1.81795975725315,0,
3.41420590582602,,,,,,1.8252963775996
3.4152,1.82541015766787,1.82540930108886,1.83276943879824,1.81805074515977,0,
3.41500399042298,,,,,,1.82538711923207
3.416,1.82550058691405,1.82549972954888,1.8328597372828,1.81814130578368,0,
3.41580207501995,,,,,,1.82547743623853
3.4168,1.82559058949358,1.82558973134468,1.8329496097168,1.81823143912484,0,
3.41660015961692,,,,,,1.82556732861897
3.4176,1.82568016540643,1.82567930647626,1.83303905610029,1.81832114518321,0,
3.41739824421389,,,,,,1.8256567963734
3.4184,1.82576931465262,1.82576845494362,1.83312807643329,1.81841042395877,0,
3.41819632881085,,,,,,1.82574583950181
3.4192,1.82585803723214,1.82585717674676,1.83321667071584,1.81849927545147,0,
3.41899441340782,,,,,,1.8258344580042
3.42,1.825946333145,1.82594547188568,1.83330483894797,1.8185876996613,0,
3.41979249800479,,,,,,1.82592265188058
3.4208,1.82603420239119,1.82603334036037,1.83339258112971,1.81867569658822,0,
3.42059058260176,,,,,,1.82601042113095
3.4216,1.82612164497071,1.82612078217085,1.8334798972611,1.81876326623219,0,
3.42138866719872,,,,,,1.82609776575529
3.4224,1.82620866088357,1.82620779731711,1.83356678734216,1.81885040859318,0,
3.42218675179569,,,,,,1.82618468575362
3.4232,1.82629525012976,1.82629438579914,1.83365325137293,1.81893712367117,0,
3.42298483639266,,,,,,1.82627118112594
3.424,1.82638141270928,1.82638054761695,1.83373928935343,1.81902341146611,0,
3.42378292098963,,,,,,1.82635725187224
3.4248,1.82646714862214,1.82646628277055,1.83382490128371,1.81910927197798,0,
3.42458100558659,,,,,,1.82644289799252
3.4256,1.82655245786833,1.82655159125992,1.83391008716378,1.81919470520675,0,
3.42537909018356,,,,,,1.82652811948679
3.4264,1.82663734044785,1.82663647308507,1.83399484699369,1.81927971115239,0,
3.42617717478053,,,,,,1.82661291635504
3.4272,1.8267217963607,1.826720928246,1.83407918077346,1.81936428981486,0,
3.42697525937749,,,,,,1.82669728859727
3.428,1.82680582560689,1.82680495674271,1.83416308850313,1.81944844119413,0,
3.42777334397446,,,,,,1.82678123621349
3.4288,1.82688942818642,1.8268885585752,1.83424657018271,1.81953216529018,0,
3.42857142857143,,,,,,1.82686475920369
3.4296,1.82697260409927,1.82697173374346,1.83432962581226,1.81961546210297,0,
3.4293695131684,,,,,,1.82694785756788
3.4304,1.82705535334546,1.82705448224751,1.83441225539178,1.81969833163247,0,
3.43016759776536,,,,,,1.82703053130605
3.4312,1.82713767592498,1.82713680408734,1.83449445892133,1.81978077387866,0,
3.43096568236233,,,,,,1.82711278041821
3.432,1.82721957183784,1.82721869926294,1.83457623640091,1.8198627888415,0,
3.4317637669593,,,,,,1.82719460490435
3.4328,1.82730104108403,1.82730016777433,1.83465758783057,1.81994437652095,0,
3.43256185155626,,,,,,1.82727600476447
3.4336,1.82738208366355,1.82738120962149,1.83473851321034,1.820025536917,0,
3.43335993615323,,,,,,1.82735697999858
3.4344,1.82746269957641,1.82746182480443,1.83481901254024,1.82010627002962,0,
3.4341580207502,,,,,,1.82743753060667
3.4352,1.8275428888226,1.82754201332315,1.8348990858203,1.82018657585876,0,
3.43495610534717,,,,,,1.82751765658874
3.436,1.82762265140212,1.82762177517765,1.83497873305055,1.82026645440441,0,
3.43575418994413,,,,,,1.8275973579448
3.4368,1.82770198731497,1.82770111036794,1.83505795423103,1.82034590566654,0,
3.4365522745411,,,,,,1.82767663467484
3.4376,1.82778089656116,1.82778001889399,1.83513674936175,1.82042492964511,0,
3.43735035913807,,,,,,1.82775548677887
3.4384,1.82785937914069,1.82785850075583,1.83521511844276,1.8205035263401,0,
3.43814844373504,,,,,,1.82783391425688
3.4392,1.82793743505354,1.82793655595345,1.83529306147407,1.82058169575147,0,
3.438946528332,,,,,,1.82791191710888
3.44,1.82801506429973,1.82801418448685,1.83537057845571,1.82065943787921,0,
3.43974461292897,,,,,,1.82798949533486
3.4408,1.82809226687925,1.82809138635602,1.83544766938772,1.82073675272327,0,
3.44054269752594,,,,,,1.82806664893482
3.4416,1.82816904279211,1.82816816156098,1.83552433427012,1.82081364028364,0,
3.4413407821229,,,,,,1.82814337790877
3.4424,1.8282453920383,1.82824451010171,1.83560057310295,1.82089010056028,0,
3.44213886671987,,,,,,1.8282196822567
3.4432,1.82832131461782,1.82832043197823,1.83567638588622,1.82096613355317,0,
3.44293695131684,,,,,,1.82829556197862
3.444,1.82839681053068,1.82839592719052,1.83575177261996,1.82104173926228,0,
3.44373503591381,,,,,,1.82837101707452
3.4448,1.82847187977687,1.82847099573859,1.83582673330421,1.82111691768758,0,
3.44453312051077,,,,,,1.8284460475444
3.4456,1.82854652235639,1.82854563762244,1.83590126793899,1.82119166882905,0,
3.44533120510774,,,,,,1.82852065338827
3.4464,1.82862073826924,1.82861985284207,1.83597537652432,1.82126599268665,0,
3.44612928970471,,,,,,1.82859483460612
3.4472,1.82869452751543,1.82869364139748,1.83604905906024,1.82133988926036,0,
3.44692737430168,,,,,,1.82866859119796
3.448,1.82876789009496,1.82876700328867,1.83612231554677,1.82141335855015,0,
3.44772545889864,,,,,,1.82874192316378
3.4488,1.82884082600781,1.82883993851564,1.83619514598394,1.821486400556,0,
3.44852354349561,,,,,,1.82881483050358
3.4496,1.828913335254,1.82891244707839,1.83626755037177,1.82155901527787,0,
3.44932162809258,,,,,,1.82888731321737
3.4504,1.82898541783352,1.82898452897691,1.8363395287103,1.82163120271575,0,
3.45011971268955,,,,,,1.82895937130514
3.4512,1.82905707374638,1.82905618421122,1.83641108099954,1.8217029628696,0,
3.45091779728651,,,,,,1.8290310047669
3.452,1.82912830299257,1.8291274127813,1.83648220723952,1.82177429573941,0,
3.45171588188348,,,,,,1.82910221360264
3.4528,1.82919910557209,1.82919821468717,1.83655290743028,1.82184520132513,0,
3.45251396648045,,,,,,1.82917299781237
3.4536,1.82926948148495,1.82926858992881,1.83662318157183,1.82191567962676,0,
3.45331205107741,,,,,,1.82924335739607
3.4544,1.82933943073114,1.82933853850623,1.8366930296642,1.82198573064426,0,
3.45411013567438,,,,,,1.82931329235377
3.4552,1.82940895331066,1.82940806041943,1.83676245170741,1.8220553543776,0,
3.45490822027135,,,,,,1.82938280268544
3.456,1.82947804922351,1.82947715566841,1.8368314477015,1.82212455082676,0,
3.45570630486832,,,,,,1.82945188839111
3.4568,1.8295467184697,1.82954582425317,1.83690001764648,1.82219331999172,0,
3.45650438946528,,,,,,1.82952054947075
3.4576,1.82961496104923,1.82961406617371,1.83696816154239,1.82226166187245,0,
3.45730247406225,,,,,,1.82958878592438
3.4584,1.82968277696208,1.82968188143003,1.83703587938924,1.82232957646892,0,
3.45810055865922,,,,,,1.82965659775199
3.4592,1.82975016620827,1.82974927002213,1.83710317118706,1.82239706378111,0,
3.45889864325619,,,,,,1.82972398495359
3.46,1.82981712878779,1.82981623195,1.83717003693588,1.822464123809,0,
3.45969672785315,,,,,,1.82979094752917
3.4608,1.82988366470065,1.82988276721366,1.83723647663572,1.82253075655256,0,
3.46049481245012,,,,,,1.82985748547874
3.4616,1.82994977394684,1.8299488758131,1.8373024902866,1.82259696201177,0,
3.46129289704709,,,,,,1.82992359880228
3.4624,1.83001545652636,1.83001455774831,1.83736807788856,1.8226627401866,0,
3.46209098164405,,,,,,1.82998928749982
3.4632,1.83008071243922,1.8300798130193,1.8374332394416,1.82272809107702,0,
3.46288906624102,,,,,,1.83005455157133
3.464,1.83014554168541,1.83014464162607,1.83749797494576,1.82279301468302,0,
3.46368715083799,,,,,,1.83011939101684
3.4648,1.83020994426493,1.83020904356863,1.83756228440106,1.82285751100458,0,
3.46448523543496,,,,,,1.83018380583632
3.4656,1.83027392017778,1.83027301884696,1.83762616780752,1.82292158004165,0,
3.46528332003192,,,,,,1.83024779602979
3.4664,1.83033746942397,1.83033656746107,1.83768962516517,1.82298522179424,0,
3.46608140462889,,,,,,1.83031136159724
3.4672,1.8304005920035,1.83039968941096,1.83775265647403,1.8230484362623,0,
3.46687948922586,,,,,,1.83037450253868
3.468,1.83046328791635,1.83046238469662,1.83781526173413,1.82311122344581,0,
3.46767757382283,,,,,,1.8304372188541
3.4688,1.83052555716254,1.83052465331807,1.83787744094548,1.82317358334477,0,
3.46847565841979,,,,,,1.83049951054351
3.4696,1.83058739974206,1.8305864952753,1.8379391941081,1.82323551595913,0,
3.46927374301676,,,,,,1.8305613776069
3.4704,1.83064881565492,1.8306479105683,1.83800052122203,1.82329702128888,0,
3.47007182761373,,,,,,1.83062282004427
3.4712,1.83070980490111,1.83070889919709,1.83806142228728,1.823358099334,0,
3.47086991221069,,,,,,1.83068383785563
3.472,1.83077036748063,1.83076946116165,1.83812189730388,1.82341875009446,0,
3.47166799680766,,,,,,1.83074443104097
3.4728,1.83083050339349,1.830829596462,1.83818194627184,1.82347897357024,0,
3.47246608140463,,,,,,1.8308045996003
3.4736,1.83089021263968,1.83088930509812,1.8382415691912,1.82353876976132,0,
3.4732641660016,,,,,,1.83086434353361
3.4744,1.8309494952192,1.83094858707002,1.83830076606196,1.82359813866768,0,
3.47406225059856,,,,,,1.8309236628409
3.4752,1.83100835113206,1.8310074423777,1.83835953688416,1.82365708028929,0,
3.47486033519553,,,,,,1.83098255752218
3.476,1.83106678037824,1.83106587102116,1.83841788165781,1.82371559462614,0,
3.4756584197925,,,,,,1.83104102757744
3.4768,1.83112478295777,1.8311238730004,1.83847580038294,1.8237736816782,0,
3.47645650438947,,,,,,1.83109907300669
3.4776,1.83118235887062,1.83118144831542,1.83853329305957,1.82383134144545,0,
3.47725458898643,,,,,,1.83115669380992
3.4784,1.83123950811681,1.83123859696622,1.83859035968771,1.82388857392787,0,
3.4780526735834,,,,,,1.83121388998713
3.4792,1.83129623069633,1.83129531895279,1.8386470002674,1.82394537912543,0,
3.47885075818037,,,,,,1.83127066153833
3.48,1.83135252660919,1.83135161427515,1.83870321479864,1.82400175703813,0,
3.47964884277733,,,,,,1.83132700846351
3.4808,1.83140839585538,1.83140748293328,1.83875900328146,1.82405770766593,0,
3.4804469273743,,,,,,1.83138293076268
3.4816,1.8314638384349,1.8314629249272,1.83881436571588,1.82411323100882,0,
3.48124501197127,,,,,,1.83143842843583
3.4824,1.83151885434776,1.83151794025689,1.83886930210192,1.82416832706678,0,
3.48204309656824,,,,,,1.83149350148297
3.4832,1.83157344359395,1.83157252892236,1.83892381243961,1.82422299583978,0,
3.4828411811652,,,,,,1.83154814990409
3.484,1.83162760617347,1.83162669092362,1.83897789672895,1.82427723732781,0,
3.48363926576217,,,,,,1.83160237369919
3.4848,1.83168134208633,1.83168042626065,1.83903155496997,1.82433105153084,0,
3.48443735035914,,,,,,1.83165617286827
3.4856,1.83173465133251,1.83173373493346,1.8390847871627,1.82438443844887,0,
3.48523543495611,,,,,,1.83170954741135
3.4864,1.83178753391204,1.83178661694205,1.83913759330714,1.82443739808185,0,
3.48603351955307,,,,,,1.8317624973284
3.4872,1.83183998982489,1.83183907228641,1.83918997340332,1.82448993042979,0,
3.48683160415004,,,,,,1.83181502261944
3.488,1.83189201907108,1.83189110096656,1.83924192745126,1.82454203549265,0,
3.48762968874701,,,,,,1.83186712328446
3.4888,1.8319436216506,1.83194270298249,1.83929345545098,1.82459371327042,0,
3.48842777334397,,,,,,1.83191879932347
3.4896,1.83199479756346,1.83199387833419,1.83934455740249,1.82464496376309,0,
3.48922585794094,,,,,,1.83197005073646
3.4904,1.83204554680965,1.83204462702168,1.83939523330582,1.82469578697062,0,
3.49002394253791,,,,,,1.83202087752344
3.4912,1.83209586938917,1.83209494904494,1.83944548316098,1.824746182893,0,
3.49082202713488,,,,,,1.8320712796844
3.492,1.83214576530203,1.83214484440399,1.83949530696799,1.82479615153022,0,
3.49162011173184,,,,,,1.83212125721934
3.4928,1.83219523454822,1.83219431309881,1.83954470472687,1.82484569288226,0,
3.49241819632881,,,,,,1.83217081012827
3.4936,1.83224427712774,1.83224335512941,1.83959367643764,1.82489480694909,0,
3.49321628092578,,,,,,1.83221993841118
3.4944,1.8322928930406,1.83229197049579,1.83964222407253,1.8249434937307,0,
3.49401436552275,,,,,,1.83226864206807
3.49515488812438,1.83233837625416,1.8323374545624,1.88742871359177,1.77724711722479,,
3.49481245011971,,,,,,1.83231692109895
3.49515488812438,1.83233837625416,1.8323374545624,1.88742871359177,1.77724711722479,,
3.4952,1.8323410822869,1.83234015958649,1.83969034184723,1.82499176328468,0,
3.496,1.83238884568021,1.83238792372623,1.83973803686183,1.82503958611987,0,
3.49561053471668,,,,,,1.83236477630392
3.4968,1.83243618635291,1.8324352651454,1.83978531017173,1.82508699517129,0,
3.49640861931365,,,,,,1.83241220954635
3.4976,1.83248310686555,1.83248218679548,1.83983216435164,1.82513398304673,0,
3.49720670391061,,,,,,1.83245922341065
3.4984,1.83252960993732,1.83252869211154,1.83987860206151,1.82518055245124,0,
3.49800478850758,,,,,,1.83250582118832
3.4992,1.83257569798332,1.83257478311074,1.83992462570749,1.82522670585913,0,
3.49880287310455,,,,,,1.83255200641291
3.5,1.83262137342677,1.83262046167669,1.83997023767837,1.8252724457026,0,
3.49960095770152,,,,,,1.83259777951947
3.5008,1.83266663853326,1.83266572978893,1.84001544026199,1.82531777428166,0,
3.50039904229848,,,,,,1.83264314383391
3.5016,1.83271149577635,1.83271058993737,1.84006023585706,1.82536269404762,0,
3.50119712689545,,,,,,1.83268809995456
3.5024,1.83275594720248,1.83275504442942,1.84010462650715,1.82540720712177,0,
3.50199521149242,,,,,,1.83273265221844
3.5032,1.83279999489535,1.83279909490541,1.84014861424839,1.82545131559068,0,
3.50279329608939,,,,,,1.83277680089938
3.504,1.83284364067595,1.83284274339792,1.84019220091089,1.82549502132291,0,
3.50359138068635,,,,,,1.83282054894888
3.5048,1.83288688647797,1.832885991628,1.84023538837575,1.82553832624303,0,
3.50438946528332,,,,,,1.83286389748216
3.5056,1.83292973392829,1.83292884108168,1.8402781782926,1.82558123203051,0,
3.50518754988029,,,,,,1.83290684877657
3.5064,1.83297218485696,1.83297129343635,1.84032057244645,1.82562374049265,0,
3.50598563447725,,,,,,1.83294940354653
3.5072,1.83301424083093,1.83301335047775,1.84036257241888,1.82566585324144,0,
3.50678371907422,,,,,,1.83299156435127
3.508,1.83305590356474,1.83305501351639,1.84040417989661,1.8257075719768,0,
3.50758180367119,,,,,,1.8330333322318
3.5088,1.83309717462373,1.83309628454592,1.84044539645015,1.82574889829186,0,
3.50837988826816,,,,,,1.83307470872911
3.5096,1.83313805565529,1.83313716558147,1.84048622371092,1.82578983382887,0,
3.50917797286512,,,,,,1.83311569622305
3.5104,1.83317854823834,1.83317765826837,1.84052666325434,1.82583038018271,0,
3.50997605746209,,,,,,1.83315629637135
3.5112,1.83321865397194,1.83321776423317,1.84056671667296,1.82587053895594,0,
3.51077414205906,,,,,,1.83319651078592
3.512,1.83325837445352,1.83325748500507,1.84060638555914,1.8259103117525,0,
3.51157222665603,,,,,,1.83323634108437
3.5128,1.83329771128945,1.83329682223543,1.84064567151781,1.82594970018384,0,
3.51237031125299,,,,,,1.83327578869761
3.5136,1.83333666612272,1.83333577767762,1.84068457618352,1.82598870589436,0,
3.51316839584996,,,,,,1.8333148554469
3.5144,1.83337524058052,1.83337435285927,1.84072310117945,1.82602733051972,0,
3.51396648044693,,,,,,1.83335354300371
3.5152,1.8334134363078,1.83341254934367,1.84076124814557,1.82606557570887,0,
3.51476456504389,,,,,,1.83339185275253
3.516,1.83345125496014,1.83345036880518,1.84079901873238,1.82610344312237,0,
3.51556264964086,,,,,,1.83342978638732
3.5168,1.83348869820298,1.83348781291819,1.8408364146002,1.82614093443074,0,
3.51636073423783,,,,,,1.83346734554399
3.5176,1.83352576771185,1.83352488340126,1.84087343742659,1.82617805131463,0,
3.5171588188348,,,,,,1.83350453190699
3.5184,1.83356246522955,1.83356158191858,1.84091008895758,1.82621479551482,0,
3.51795690343176,,,,,,1.83354134720053
3.5192,1.83359879257843,1.83359791010563,1.84094637099741,1.82625116885041,0,
3.51875498802873,,,,,,1.83357779301834
3.52,1.83363475148907,1.83363386992088,1.84098228527796,1.82628717307009,0,
3.5195530726257,,,,,,1.83361387100845
3.5208,1.83367034375629,1.83366946318869,1.84101783359748,1.8263228099674,0,
3.52035115722267,,,,,,1.83364958335207
3.5216,1.83370557125953,1.83370469156284,1.84105301782366,1.82635808141834,0,
3.52114924181963,,,,,,1.83368493156796
3.5224,1.83374043583814,1.83373955695341,1.84108783979441,1.82639298927401,0,
3.5219473264166,,,,,,1.8337199173946
3.5232,1.83377493937707,1.83377406139212,1.84112230139142,1.82642753542079,0,
3.52274541101357,,,,,,1.83375454285089
3.524,1.83380908379281,1.83380820672442,1.84115640452732,1.82646172177846,0,
3.52354349561053,,,,,,1.83378880995276
3.5248,1.83384287102951,1.83384199475703,1.84119015114145,1.826495550295,0,
3.5243415802075,,,,,,1.83382272039272
3.5256,1.83387630305101,1.83387542760354,1.84122354319366,1.82652902293907,0,
3.52513966480447,,,,,,1.8338562760409
3.5264,1.83390938184913,1.83390850730666,1.84125658267009,1.82656214170648,0,
3.52593774940144,,,,,,1.83388947916614
3.5272,1.83394210942876,1.83394123583083,1.84128927157283,1.8265949086078,0,
3.5267358339984,,,,,,1.8339223316187
3.528,1.83397448783487,1.83397361519906,1.84132161194184,1.8266273256908,0,
3.52753391859537,,,,,,1.83395483542223
3.5288,1.83400651913297,1.83400564744212,1.84135360583657,1.826659395026,0,
3.52833200319234,,,,,,1.83398699257433
3.5296,1.83403820540031,1.83403733463707,1.84138525532985,1.82669111869671,0,
3.52913008778931,,,,,,1.83401880510468
3.5304,1.83406954874121,1.83406867888661,1.84141656252205,1.82672249881166,0,
3.52992817238627,,,,,,1.83405027509855
3.5312,1.83410055129221,1.83409968230781,1.84144752954385,1.82675353751137,0,
3.53072625698324,,,,,,1.83408140464535
3.532,1.83413121520475,1.83413034703912,1.84147815853921,1.82678423695311,0,
3.53152434158021,,,,,,1.83411219585569
3.5328,1.83416154263001,1.83416067524046,1.84150845165719,1.82681459929555,0,
3.53232242617717,,,,,,1.83414265086145
3.5336,1.83419153577043,1.83419066911852,1.84153841109389,1.82684462674326,0,
3.53312051077414,,,,,,1.83417277181568
3.5344,1.83422119684037,1.83422033089516,1.84156803905584,1.82687432151691,0,
3.53391859537111,,,,,,1.83420256093493
3.5352,1.83425052805064,1.83424966279554,1.84159733774922,1.82690368583516,0,
3.53471667996808,,,,,,1.83423202041808
3.536,1.83427953164041,1.8342786670717,1.84162630940787,1.82693272194183,0,
3.53551476456504,,,,,,1.83426115248126
3.5368,1.83430820987092,1.83430734600241,1.84165495628656,1.82696143210346,0,
3.53631284916201,,,,,,1.83428995937343
3.5376,1.83433656501441,1.834335701889,1.84168328065147,1.82698981859876,0,
3.53711093375898,,,,,,1.83431844336587
3.5384,1.8343645993577,1.8343637370553,1.84171128478321,1.82701788372064,0,
3.53790901835595,,,,,,1.83434660675218
3.5392,1.83439231520139,1.83439145361412,1.84173897097615,1.82704562977587,0,
3.53870710295291,,,,,,1.83437445184829
3.54,1.83441971485913,1.83441885384,1.84176634153703,1.82707305908437,0,
3.53950518754988,,,,,,1.83440198061421
3.5408,1.83444680065075,1.8344459401544,1.84179339877988,1.82710017397285,0,
3.54030327214685,,,,,,1.83442919549451
3.5416,1.8344735749139,1.83447271493128,1.84182014503574,1.82712697678478,0,
3.54110135674381,,,,,,1.83445609886837
3.5424,1.8345000399953,1.8344991805416,1.84184658264472,1.82715346987346,0,
3.54189944134078,,,,,,1.83448269307918
3.5432,1.83452619825063,1.83452533937356,1.84187271395591,1.82717965560121,0,
3.54269752593775,,,,,,1.83450898048737
3.544,1.83455205204436,1.83455119383265,1.84189854132712,1.82720553633907,0,
3.54349561053472,,,,,,1.83453496347052
3.5448,1.8345776037489,1.83457674603902,1.84192406712238,1.82723111446613,0,
3.54429369513168,,,,,,1.83456064442326
3.5456,1.83460285572396,1.83460199837927,1.84194929369576,1.82725639235048,0,
3.54509177972865,,,,,,1.83458602528038
3.5464,1.83462781034829,1.83462695335949,1.84197422341985,1.82728137237648,0,
3.54588986432562,,,,,,1.83461110866431
3.5472,1.83465247001277,1.83465161340162,1.84199885867806,1.82730605694121,0,
3.54668794892259,,,,,,1.83463589698593
3.548,1.83467683710513,1.8346759809319,1.84202320185119,1.82733044843984,0,
3.54748603351955,,,,,,1.83466039264629
3.5488,1.8347009140156,1.83470005838896,1.84204725532254,1.82735454926954,0,
3.54828411811652,,,,,,1.83468459805873
3.5496,1.83472470313607,1.8347238482106,1.84207102147826,1.82737836182913,0,
3.54908220271349,,,,,,1.83470851564881
3.5504,1.8347482068746,1.83474735246949,1.84209450271961,1.82740188853241,0,
3.54988028731045,,,,,,1.83473214783406
3.5512,1.83477142764176,1.83477057362117,1.84211770144835,1.82742513179675,0,
3.55067837190742,,,,,,1.83475549647568
3.552,1.8347943678246,1.83479351420926,1.84214062004557,1.827448094018,0,
3.55147645650439,,,,,,1.83477856432374
3.5528,1.83481702982134,1.83481617666048,1.84216326090257,1.82747077760037,0,
3.55227454110136,,,,,,1.83480135378338
3.5536,1.83483941602877,1.834838563408,1.84218562640922,1.82749318494754,0,
3.55307262569832,,,,,,1.83482386726621
3.5544,1.83486152884137,1.83486067689149,1.84220771895423,1.82751531846093,0,
3.55387071029529,,,,,,1.83484610719022
3.5552,1.83488337066591,1.83488251951647,1.84222954093989,1.82753718055306,0,
3.55466879489226,,,,,,1.83486807597983
3.556,1.83490494393867,1.8349040934113,1.84225109479084,1.8275587736647,0,
3.55546687948923,,,,,,1.83488977600483
3.5568,1.83492625102775,1.83492540103498,1.84227238287052,1.82758010017558,0,
3.55626496408619,,,,,,1.83491120924805
3.5576,1.83494729432559,1.83494644488811,1.84229340756463,1.82760116248282,0,
3.55706304868316,,,,,,1.83493237838129
3.5584,1.83496807622073,1.83496722737755,1.84231417125504,1.82762196298168,0,
3.55786113328013,,,,,,1.83495328579333
3.5592,1.8349885990972,1.83498775091147,1.84233467631912,1.82764250406288,0,
3.5586592178771,,,,,,1.83497393387422
3.56,1.83500886533385,1.83500801789935,1.84235492512908,1.82766278811193,0,
3.55945730247406,,,,,,1.83499432501537
3.5608,1.83502887730372,1.83502803069512,1.84237492005139,1.82768281750848,0,
3.56025538707103,,,,,,1.83501446160945
3.5616,1.83504863737339,1.83504779147552,1.84239466344777,1.82770259462572,0,
3.561053471668,,,,,,1.83503434596711
3.5624,1.83506814792821,1.83506730266544,1.84241415769543,1.82772212185383,0,
3.56185155626496,,,,,,1.83505398017916
3.5632,1.83508741132198,1.83508656669661,1.84243340514141,1.82774140155475,0,
3.56264964086193,,,,,,1.83507336680064
3.564,1.83510642989543,1.83510558593361,1.84245240812056,1.827760436076,0,
3.5634477254589,,,,,,1.83509250818111
3.5648,1.83512520598917,1.83512436273829,1.84247116896716,1.82777922776404,0,
3.56424581005587,,,,,,1.83511140666738
3.5656,1.83514374193504,1.83514289946979,1.84248969000673,1.82779777895705,0,
3.56504389465283,,,,,,1.83513006460359
3.5664,1.83516204005543,1.83516119843931,1.84250797355542,1.82781609198374,0,
3.5658419792498,,,,,,1.8351484843312
3.5672,1.83518010266277,1.83517926187844,1.84252602191946,1.82783416916278,0,
3.56664006384677,,,,,,1.83516666812426
3.568,1.83519793205887,1.83519709213429,1.84254383739547,1.82785201280218,0,
3.56743814844374,,,,,,1.83518461817297
3.5688,1.83521553055031,1.83521469154241,1.84256142229016,1.82786962521371,0,
3.5682362330407,,,,,,1.83520233686802
3.5696,1.83523290053808,1.83523206240124,1.84257877898744,1.82788700879823,0,
3.56903431763767,,,,,,1.83521982649768
3.5704,1.83525004422628,1.83524920699996,1.84259590969025,1.82790416577692,0,
3.56983240223464,,,,,,1.8352370893413
3.5712,1.83526696388692,1.83526612761814,1.84261281666472,1.82792109842295,0,
3.5706304868316,,,,,,1.835254127669
3.572,1.83528366178081,1.8352828265253,1.84262950216595,1.827937809003,0,
3.57142857142857,,,,,,1.83527094374122
3.5728,1.83530014015721,1.83529930598057,1.84264596843746,1.82795429977207,0,
3.57222665602554,,,,,,1.83528753980837
3.5736,1.83531640125328,1.83531556823228,1.84266221771076,1.82797057297304,0,
3.57302474062251,,,,,,1.83530391811043
3.5744,1.83533244729367,1.83533161551755,1.84267825220494,1.82798663083618,0,
3.57382282521947,,,,,,1.83532008087659
3.5752,1.83534828049004,1.83534745006195,1.84269407412976,1.82800247557877,0,
3.57462090981644,,,,,,1.83533603032482
3.576,1.83536390310909,1.83536307407908,1.8427096857445,1.82801810946937,0,
3.57541899441341,,,,,,1.83535176866155
3.5768,1.83537931736854,1.83537848977019,1.84272508925827,1.82803353473314,0,
3.57621707901037,,,,,,1.83536729808124
3.5776,1.83539452541142,1.83539369928688,1.84274028681109,1.82804875352169,0,
3.57701516360734,,,,,,1.835382620766
3.5784,1.83540952940975,1.8354087047748,1.84275528056978,1.82806376801008,0,
3.57781324820431,,,,,,1.83539773883489
3.5792,1.83542433152233,1.8354235084117,1.84277007268803,1.8280785803623,0,
3.57861133280128,,,,,,1.83541265442236
3.58,1.83543893389438,1.83543811234756,1.84278466530599,1.82809319272868,0,
3.57940941739824,,,,,,1.83542736970075
3.5808,1.83545333865718,1.83545251870741,1.84279906054995,1.82810760724557,0,
3.58020750199521,,,,,,1.83544188679104
3.5816,1.83546754792772,1.83546672960075,1.84281326053198,1.82812182603494,0,
3.58100558659218,,,,,,1.83545620779909
3.5824,1.83548156380834,1.83548074712108,1.84282726735548,1.82813585120408,0,
3.58180367118915,,,,,,1.83547033481528
3.5832,1.83549538851201,1.83549457334555,1.84284108321965,1.82814968496487,0,
3.58260175578611,,,,,,1.83548426991405
3.584,1.83550902404822,1.83550821033445,1.84285471013286,1.82816332934057,0,
3.58339984038308,,,,,,1.83549801515351
3.5848,1.83552247248657,1.83552166013084,1.84286815016016,1.82817678640193,0,
3.58419792498005,,,,,,1.83551157257497
3.5856,1.83553573588363,1.83553492476011,1.84288140535359,1.82819005821004,0,
3.58499600957702,,,,,,1.83552494420258
3.5864,1.83554881628146,1.83554800622951,1.84289447775076,1.8282031468115,0,
3.58579409417398,,,,,,1.83553813204286
3.5872,1.83556171570734,1.83556090652782,1.84290736937453,1.82821605423805,0,
3.58659217877095,,,,,,1.83555113808429
3.588,1.8355744361735,1.83557362762481,1.84292008223281,1.82822878250632,0,
3.58739026336792,,,,,,1.8355639642969
3.5888,1.8355869796769,1.83558617212639,1.84293261831997,1.82824133361759,0,
3.58818834796488,,,,,,1.83557661263186
3.5896,1.83559934823842,1.83559854201149,1.84294497965309,1.82825370959535,0,
3.58898643256185,,,,,,1.83558908587629
3.5904,1.83561154387441,1.83561073898284,1.8429571682409,1.82826591245974,0,
3.58978451715882,,,,,,1.83560138573998
3.5912,1.83562356850219,1.83562276493562,1.84296918599855,1.8282779441357,0,
3.59058260175579,,,,,,1.83561351390759
3.592,1.83563542406803,1.83563462181333,1.84298103486833,1.82828980657167,0,
3.59138068635275,,,,,,1.83562547232024
3.5928,1.83564711250314,1.83564631154422,1.8429927167776,1.82830150170283,0,
3.59217877094972,,,,,,1.83563726290411
3.5936,1.83565863572356,1.83565783604112,1.84300423363854,1.8283130314491,0,
3.59297685554669,,,,,,1.83564888757023
3.5944,1.83566999562993,1.83566919720121,1.84301558734804,1.82832439771495,0,
3.59377494014366,,,,,,1.8356603482143
3.5952,1.83568119410736,1.83568039690586,1.84302677978751,1.82833560238925,0,
3.59457302474062,,,,,,1.83567164671649
3.596,1.83569223302519,1.83569143702041,1.84303781282528,1.82834664734504,0,
3.59537110933759,,,,,,1.83568278494125
3.5968,1.8357031143078,1.835702319394,1.84304868837876,1.82835753450771,0,
3.59616919393456,,,,,,1.83569376473714
3.5976,1.83571383977334,1.83571304585937,1.84305940826329,1.82836826570238,0,
3.59696727853152,,,,,,1.83570458793661
3.5984,1.83572441124202,1.83572361823264,1.84306997429604,1.82837884275208,0,
3.59776536312849,,,,,,1.83571525635583
3.5992,1.83573483052947,1.83573403831315,1.84308038828928,1.82838926747545,0,
3.59856344772546,,,,,,1.83572577179447
3.6,1.83574509943596,1.83574430821915,1.84309065204,1.82839954167614,0,
3.59936153232243,,,,,,1.83573613603555
3.6008,1.83575521974631,1.83575442960045,1.84310076732978,1.82840966714226,0,
3.60015961691939,,,,,,1.83574635126505
3.6016,1.83576519322975,1.83576440414771,1.84311073592467,1.82841964564628,0,
3.60095770151636,,,,,,1.83575641898115
3.6024,1.83577502163984,1.83577423360824,1.84312055957564,1.82842947894493,0,
3.60175578611333,,,,,,1.83576634090779
3.6032,1.8357847067304,1.83578391971926,1.84313024003445,1.82843916879461,0,
3.6025538707103,,,,,,1.83577611878248
3.604,1.83579425027113,1.83579346420191,1.84313977906535,1.82844871696707,0,
3.60335195530726,,,,,,1.83578575432692
3.6048,1.83580365394071,1.83580286876114,1.84314917834523,1.82845812514649,0,
3.60415003990423,,,,,,1.83579524924686
3.6056,1.83581291943719,1.83581213508557,1.84315843956926,1.82846739503268,0,
3.6049481245012,,,,,,1.83580460523198
3.6064,1.83582204844338,1.83582126484735,1.84316756441744,1.82847652831132,0,
3.60574620909816,,,,,,1.83581382395577
3.6072,1.83583104262677,1.83583025970204,1.8431765545545,1.82848552665272,0,
3.60654429369513,,,,,,1.83582290707537
3.608,1.83583990363948,1.83583912128847,1.84318541162986,1.82849439171175,0,
3.6073423782921,,,,,,1.83583185623149
3.6088,1.8358486331182,1.83584785122863,1.84319413727755,1.82850312512782,0,
3.60814046288907,,,,,,1.83584067304821
3.6096,1.83585723268413,1.83585645112751,1.84320273311776,1.82851172852478,0,
3.60893854748603,,,,,,1.83584935913294
3.6104,1.83586570399746,1.835864922631,1.84321120080659,1.82852020356383,0,
3.609736632083,,,,,,1.8358579160762
3.6112,1.83587404865107,1.83587326776988,1.84321954193405,1.82852855184195,0,
3.61053471667997,,,,,,1.83586634552134
3.612,1.83588226820952,1.83588148784993,1.84322775806284,1.82853677492654,0,
3.61133280127694,,,,,,1.8358746495623
3.6128,1.83589036424183,1.8358895843631,1.8432358507596,1.82854487438851,0,
3.6121308858739,,,,,,1.83588282933219
3.6136,1.83589833830247,1.83589755885921,1.84324382157649,1.8285528517847,0,
3.61292897047087,,,,,,1.83589088638241
3.6144,1.83590619193132,1.83590541287269,1.8432516720511,1.82856070865731,0,
3.61372705506784,,,,,,1.8358988222492
3.6152,1.83591392665368,1.83591314792258,1.84325940370649,1.82856844653391,0,
3.6145251396648,,,,,,1.83590663845353
3.616,1.83592154398028,1.83592076551242,1.84326701805122,1.82857606692747,0,
3.61532322426177,,,,,,1.83591433650113
3.6168,1.83592904540725,1.83592826713024,1.84327451657928,1.8285835713363,0,
3.61612130885874,,,,,,1.83592191788237
3.6176,1.83593643241616,1.8359356542485,1.84328190077016,1.82859096124412,0,
3.61691939345571,,,,,,1.83592938407225
3.6184,1.835943706474,1.83594292832402,1.84328917208879,1.82859823812,0,
3.61771747805267,,,,,,1.83593673653033
3.6192,1.83595086903318,1.83595009079796,1.84329633198557,1.82860540341839,0,
3.61851556264964,,,,,,1.83594397670069
3.62,1.83595792153152,1.83595714309574,1.84330338189638,1.82861245857912,0,
3.61931364724661,,,,,,1.83595110601187
3.6208,1.83596486539227,1.83596408662701,1.84331032324254,1.82861940502741,0,
3.62011173184358,,,,,,1.83595812587684
3.6216,1.8359717020241,1.83597092289595,1.84331715743084,1.82862624417383,0,
3.62090981644054,,,,,,1.8359650376929
3.6224,1.8359784328211,1.83597765349729,1.84332388585355,1.82863297741436,0,
3.62170790103751,,,,,,1.83597184296933
3.6232,1.83598505916278,1.83598427963609,1.84333050988802,1.82863960613033,0,
3.62250598563448,,,,,,1.83597854330138
3.624,1.83599158239886,1.83599080264681,1.8433370308825,1.82864613167362,0,
3.62330407023144,,,,,,1.83598513982244
3.6248,1.83599800387558,1.83599722388127,1.8433434501818,1.82865255539194,0,
3.62410215482841,,,,,,1.83599163388709
3.6256,1.83600432493825,1.83600354467685,1.84334976912931,1.82865887863203,0,
3.62490023942538,,,,,,1.8359980268356
3.6264,1.83601054690657,1.83600976635649,1.84335598904308,1.82866510271551,0,
3.62569832402235,,,,,,1.83600431999396
3.6272,1.83601667108552,1.83601589022866,1.84336211122651,1.82867122894901,0,
3.62649640861931,,,,,,1.83601051467382
3.628,1.8360226987654,1.83602191758741,1.84336813696831,1.82867725862442,0,
3.62729449321628,,,,,,1.83601661217251
3.6288,1.83602863122176,1.83602784971233,1.84337406754249,1.82868319301886,0,
3.62809257781325,,,,,,1.83602261377308
3.6296,1.83603446971544,1.83603368786856,1.84337990420842,1.82868903339471,0,
3.62889066241022,,,,,,1.83602852074425
3.6304,1.83604021549255,1.83603943330683,1.84338564821072,1.82869478099958,0,
3.62968874700718,,,,,,1.83603433434046
3.6312,1.83604586978447,1.8360450872634,1.84339130077936,1.8287004370663,0,
3.63048683160415,,,,,,1.83604005580183
3.632,1.83605143380784,1.83605065096011,1.84339686312957,1.82870600281296,0,
3.63128491620112,,,,,,1.83604568635417
3.6328,1.83605690876456,1.83605612573753,1.8434023364619,1.82871147944284,0,
3.63208300079808,,,,,,1.83605122720901
3.6336,1.83606229584179,1.83606151285806,1.84340772196216,1.82871686814446,0,
3.63288108539505,,,,,,1.83605667971181
3.6344,1.83606759621192,1.83606681340953,1.84341302080622,1.82872217009155,0,
3.63367916999202,,,,,,1.83606204510507
3.6352,1.83607281130098,1.83607202855816,1.84341823441579,1.82872738670668,0,
3.63447725458899,,,,,,1.83606732445013
3.636,1.83607794235868,1.83607715946914,1.84342336403406,1.82873251924387,0,
3.63527533918595,,,,,,1.83607251891571
3.6368,1.836082990318,1.83608220729438,1.84342841059669,1.82873756864262,0,
3.63607342378292,,,,,,1.83607762965738
3.6376,1.83608795631806,1.83608717317254,1.84343337524166,1.82874253603937,0,
3.63687150837989,,,,,,1.83608265781753
3.6384,1.83609284148525,1.83609205822908,1.8434382590942,1.82874742256164,0,
3.63766959297686,,,,,,1.83608760452547
3.6392,1.83609764693323,1.83609686357634,1.84344306326689,1.82875222932427,0,
3.63846767757382,,,,,,1.83609247089743
3.64,1.83610237376307,1.8361015903135,1.84344778885968,1.82875695742942,0,
3.63926576217079,,,,,,1.83609725803661
3.6408,1.83610702306325,1.83610623952667,1.84345243696002,1.82876160796663,0,
3.64006384676776,,,,,,1.83610196703322
3.6416,1.83611159590974,1.83611081228892,1.84345700864284,1.82876618201297,0,
3.64086193136472,,,,,,1.83610659896454
3.6424,1.83611609336609,1.83611530966033,1.84346150497069,1.82877068063299,0,
3.64166001596169,,,,,,1.83611115489488
3.6432,1.83612051648348,1.83611973268801,1.84346592699375,1.82877510487888,0,
3.64245810055866,,,,,,1.83611563587574
3.644,1.83612486630075,1.83612408255059,1.84347027574994,1.82877945579048,0,
3.64325618515563,,,,,,1.83612004294574
3.6448,1.83612914384453,1.83612836024837,1.84347455226493,1.82878373439534,0,
3.64405426975259,,,,,,1.8361243772857
3.6456,1.83613335012925,1.83613256674565,1.84347875755333,1.82878794170885,0,
3.64485235434956,,,,,,1.83612863987418
3.6464,1.83613748623326,1.83613670304511,1.84348289269204,1.82879207880919,0,
3.64565043894653,,,,,,1.83613283166695
3.6472,1.83614155318788,1.83614077014124,1.8434869587101,1.8287961467291,0,
3.6464485235435,,,,,,1.83613695366244
3.648,1.83614555190788,1.8361447690166,1.8434909565224,1.82880014638566,0,
3.64724660814046,,,,,,1.83614100684723
3.6488,1.83614948336711,1.83614870064197,1.843494887102,1.82880407875259,0,
3.64804469273743,,,,,,1.83614499219614
3.6496,1.83615334852815,1.8361525659764,1.84349875141066,1.82880794479327,0,
3.6488427773344,,,,,,1.8361489106723
3.6504,1.83615714834235,1.83615636596723,1.84350255039898,1.82881174545984,0,
3.64964086193136,,,,,,1.83615276322721
3.6512,1.83616088374994,1.8361601015502,1.84350628500641,1.82881548169332,0,
3.65043894652833,,,,,,1.83615655080082
3.652,1.83616455568011,1.83616377364952,1.84350995616141,1.82881915442364,0,
3.6512370311253,,,,,,1.83616027432157
3.6528,1.83616816505106,1.8361673831779,1.84351356478147,1.82882276456976,0,
3.65203511572227,,,,,,1.83616393470646
3.6536,1.83617171277014,1.83617093103665,1.84351711177323,1.82882631303973,0,
3.65283320031923,,,,,,1.83616753286114
3.6544,1.83617519973388,1.83617441811573,1.84352059803255,1.82882980073079,0,
3.6536312849162,,,,,,1.83617106967995
3.6552,1.83617862682811,1.83617784541861,1.84352402444458,1.82883322852944,0,
3.65442936951317,,,,,,1.836174546046
3.656,1.83618199492801,1.83618121374557,1.84352739188397,1.82883659731153,0,
3.65522745411014,,,,,,1.83617796296047
3.6568,1.83618530490671,1.83618452394523,1.84353070122307,1.82883990795074,0,
3.6560255387071,,,,,,1.83618132120954
3.6576,1.83618855761429,1.83618777686938,1.84353395331138,1.82884316129793,0,
3.65682362330407,,,,,,1.83618462163791
3.6584,1.83619175389377,1.83619097335973,1.84353714899133,1.82884635819668,0,
3.65762170790104,,,,,,1.83618786509131
3.6592,1.83619489457915,1.83619411424758,1.84354028909637,1.82884949948159,0,
3.658419792498,,,,,,1.83619105240511
3.66,1.83619798049427,1.83619720035391,1.84354337444974,1.82885258597706,0,
3.65921787709497,,,,,,1.83619418440436
3.6608,1.83620101245285,1.83620023248947,1.84354640586463,1.82885561849738,0,
3.66001596169194,,,,,,1.8361972619039
3.6616,1.8362039912586,1.83620321145485,1.84354938414421,1.82885859784682,0,
3.66081404628891,,,,,,1.83620028570843
3.6624,1.83620691770532,1.83620613804058,1.84355231008176,1.82886152481971,0,
3.66161213088587,,,,,,1.83620325661259
3.6632,1.83620979257695,1.83620901302721,1.84355518446071,1.8288644002005,0,
3.66241021548284,,,,,,1.83620617540108
3.664,1.83621261664767,1.83621183718538,1.84355800805476,1.82886722476391,0,
3.66320830007981,,,,,,1.83620904284867
3.6648,1.836215390682,1.8362146112759,1.84356078162794,1.82886999927491,0,
3.66400638467678,,,,,,1.83621185972035
3.6656,1.83621811543486,1.83621733605516,1.84356350593463,1.82887272448892,0,
3.66480446927374,,,,,,1.83621462677139
3.6664,1.83622079164446,1.83622001445032,1.84356618171246,1.82887540114469,0,
3.66560255387071,,,,,,1.8362173447527
3.6672,1.83622342002265,1.83622264067398,1.8435688096732,1.82887802995465,0,
3.66640063846768,,,,,,1.83622001445032
3.66719872306465,,,,,,1.83622263655362
3.668,1.83622600131524,1.8362252218987,1.84357139056208,1.82888061166469,0,
3.66799680766161,,,,,,1.83622521178244
3.6688,1.83622853623775,1.83622775674259,1.84357392509417,1.82888314699092,0,
3.66879489225858,,,,,,1.83622774084753
3.6696,1.83623102549634,1.83623024591238,1.84357641397523,1.82888563663993,0,
3.66959297685555,,,,,,1.83623022445064
3.6704,1.83623346978792,1.83623269010576,1.84357885790178,1.82888808130904,0,
3.67039106145251,,,,,,1.83623266328458
3.6712,1.83623586980025,1.83623509001154,1.84358125756119,1.82889048168639,0,
3.67118914604948,,,,,,1.83623505803333
3.672,1.83623822621197,1.83623744630966,1.84358361363174,1.82889283845102,0,
3.67198723064645,,,,,,1.83623740937213
3.6728,1.83624053969271,1.83623975967137,1.84358592678269,1.82889515227294,0,
3.67278531524342,,,,,,1.83623971796758
3.6736,1.83624281090319,1.83624203075924,1.84358819767441,1.82889742381321,0,
3.67358339984038,,,,,,1.83624198447769
3.6744,1.83624504049525,1.83624426022732,1.84359042695838,1.82889965372403,0,
3.67438148443735,,,,,,1.83624420955203
3.6752,1.83624722911194,1.83624644872116,1.84359261527734,1.8289018426488,0,
3.67517956903432,,,,,,1.83624639383174
3.676,1.83624937738763,1.83624859687794,1.84359476326551,1.82890399122222,0,
3.67597765363128,,,,,,1.83624853794972
3.6768,1.83625148597268,1.83625070532464,1.84359687157277,1.8289061000948,0,
3.67677573822825,,,,,,1.83625064252879
3.6776,1.83625355548739,1.83625277467848,1.843598940819,1.8289081698873,0,
3.67757382282522,,,,,,1.83625270818177
3.6784,1.83625558652858,1.8362548055554,1.84360097160085,1.82891020119697,0,
3.67837190742219,,,,,,1.8362547355206
3.6792,1.83625757969906,1.83625679855971,1.84360296452082,1.82891219462679,0,
3.67916999201915,,,,,,1.83625672514558
3.68,1.83625953559348,1.83625875428777,1.8436049201733,1.82891415077171,0,
3.67996807661612,,,,,,1.83625867764911
3.6808,1.8362614547985,1.8362606733281,1.84360683914466,1.82891607021868,0,
3.68076616121309,,,,,,1.83626059361581
3.6816,1.83626333789284,1.83626255626144,1.84360872201337,1.82891795354668,0,
3.68156424581006,,,,,,1.83626247362263
3.6824,1.83626518544736,1.83626440366086,1.84361056935003,1.82891980132682,0,
3.68236233040702,,,,,,1.83626431823889
3.6832,1.83626699802516,1.83626621609187,1.8436123817175,1.82892161412248,0,
3.68316041500399,,,,,,1.83626612802642
3.684,1.83626877618166,1.83626799411247,1.84361415967096,1.82892339248932,0,
3.68395849960096,,,,,,1.8362679035396
3.6848,1.8362705204647,1.83626973827324,1.84361590375799,1.8289251369754,0,
3.68475658419792,,,,,,1.83626964532549
3.6856,1.83627223141458,1.83627144911749,1.8436176145187,1.82892684812128,0,
3.68555466879489,,,,,,1.8362713539239
3.6864,1.83627390956421,1.83627312718127,1.84361929248597,1.82892852646008,0,
3.68635275339186,,,,,,1.83627302986747
3.6872,1.83627555547402,1.83627477299245,1.84362093821967,1.82893017255227,0,
3.68715083798883,,,,,,1.83627467368177
3.688,1.83627716964031,1.83627638705606,1.84362255221603,1.82893178689466,0,
3.68794892258579,,,,,,1.83627628586811
3.6888,1.83627875257517,1.83627796988,1.84362413498697,1.82893336999944,0,
3.68874700718276,,,,,,1.83627786692976
3.6896,1.83628030478475,1.83627952198494,1.84362568703842,1.82893492237295,0,
3.68954509177973,,,,,,1.83627941738516
3.6904,1.83628182676839,1.83628104387041,1.84362720886955,1.82893644451472,0,
3.6903431763767,,,,,,1.83628093773076
3.6912,1.83628331901868,1.83628253602913,1.84362870097275,1.82893793691752,0,
3.69114126097366,,,,,,1.83628242845622
3.692,1.83628478202157,1.83628399894706,1.8436301638338,1.8289394000675,0,
3.69193934557063,,,,,,1.83628389004456
3.6928,1.83628621625648,1.83628543310353,1.84363159793195,1.82894083444424,0,
3.6927374301676,,,,,,1.83628532297216
3.6936,1.83628762219635,1.83628683897131,1.84363300373998,1.82894224052087,0,
3.69353551476456,,,,,,1.83628672770895
3.6944,1.83628900030777,1.83628821701668,1.84363438172431,1.82894361876414,0,
3.69433359936153,,,,,,1.83628810471838
3.6952,1.83629035105106,1.83628956769954,1.8436357323451,1.82894496963452,0,
3.6951316839585,,,,,,1.8362894544576
3.696,1.83629167488034,1.83629089147347,1.84363705605628,1.8289462935863,0,
3.69592976855547,,,,,,1.83629077737749
3.6968,1.83629297223289,1.83629218878584,1.84363835329495,1.82894759105695,0,
3.69672785315243,,,,,,1.83629207392276
3.6976,1.83629424353335,1.83629346007787,1.84363962448575,1.82894886247129,0,
3.6975259377494,,,,,,1.83629334453204
3.6984,1.83629548923379,1.83629470578017,1.84364087008055,1.82895010828138,0,
3.69832402234637,,,,,,1.83629458963796
3.6992,1.8362967097626,1.83629592627905,1.84364209050759,1.82895132891583,0,
3.69912210694334,,,,,,1.83629580961915
3.7,1.83629790554228,1.83629712200717,1.84364328618926,1.82895252479729,0,
3.6999201915403,,,,,,1.83629700490507
3.7008,1.83629907698955,1.83629829339557,1.84364445754212,1.82895369634257,0,
3.70071827613727,,,,,,1.83629817592615
3.7016,1.83630022451539,1.83629944085258,1.84364560497706,1.82895484396282,0,
3.70151636073424,,,,,,1.83629932308843
3.7024,1.83630134852518,1.83630056478066,1.84364672889932,1.82895596806351,0,
3.70231444533121,,,,,,1.83630044679211
3.7032,1.83630244941872,1.83630166557648,1.84364782970861,1.82895706904457,0,
3.70311252992817,,,,,,1.83630154743162
3.704,1.83630352759038,1.83630274363093,1.84364890779917,1.8289581473005,0,
3.70391061452514,,,,,,1.83630262539569
3.7048,1.83630458342917,1.83630379932927,1.8436499635599,1.82895920322038,0,
3.70470869912211,,,,,,1.83630368106746
3.7056,1.83630561731877,1.83630483305117,1.84365099737439,1.82896023718804,0,
3.70550678371907,,,,,,1.83630471482452
3.7064,1.83630662963771,1.83630584517078,1.8436520096209,1.82896124958209,0,
3.70630486831604,,,,,,1.83630572703898
3.7072,1.83630762071271,1.83630683605686,1.84365300062626,1.82896224072952,0,
3.70710295291301,,,,,,1.8363067180776
3.708,1.83630859092108,1.83630780607277,1.84365397076768,1.82896321100754,0,
3.70790103750998,,,,,,1.83630768830179
3.7088,1.83630954063874,1.83630875557662,1.84365492042094,1.82896416079214,0,
3.70869912210694,,,,,,1.83630863806775
3.7096,1.83631047022037,1.83630968492132,1.84365584994064,1.82896509043817,0,
3.70949720670391,,,,,,1.83630956772652
3.7104,1.83631138001557,1.83631059445465,1.84365675967628,1.8289660002953,0,
3.71029529130088,,,,,,1.83631047762404
3.7112,1.83631227036892,1.83631148451934,1.84365764997237,1.82896689070821,0,
3.71109337589785,,,,,,1.83631136810125
3.712,1.83631314162006,1.83631235545318,1.84365852116845,1.82896776201662,0,
3.71189146049481,,,,,,1.83631223949417
3.7128,1.83631399410375,1.83631320758902,1.84365937359923,1.82896861455536,0,
3.71268954509178,,,,,,1.83631309213394
3.7136,1.83631482814997,1.83631404125493,1.84366020759459,1.82896944865449,0,
3.71348762968875,,,,,,1.83631392634694
3.7144,1.83631564408396,1.83631485677424,1.84366102347971,1.82897026463934,0,
3.71428571428571,,,,,,1.83631474245484
3.7152,1.83631644222633,1.83631565446558,1.84366182157512,1.82897106283058,0,
3.71508379888268,,,,,,1.83631554077466
3.716,1.83631722289311,1.83631643464305,1.84366260219679,1.82897184354431,0,
3.71588188347965,,,,,,1.8363163216189
3.7168,1.83631798639223,1.83631719761619,1.84366336565247,1.82897260708855,0,
3.71667996807662,,,,,,1.83631708529556
3.7176,1.83631873298653,1.83631794369013,1.84366411220513,1.82897335372629,0,
3.71747805267358,,,,,,1.83631783210824
3.7184,1.83631946300985,1.83631867316566,1.84366484218847,1.82897408379125,0,
3.71827613727055,,,,,,1.83631856235622
3.7192,1.836320176758,1.83631938633925,1.84366555589822,1.82897479757938,0,
3.71907422186752,,,,,,1.83631927633453
3.72,1.83632087452233,1.83632008350212,1.84366625362569,1.82897549538211,0,
3.71987230646449,,,,,,1.83631997433401
3.7208,1.83632155658984,1.83632076492448,1.84366693565783,1.82897617748648,0,
3.72067039106145,,,,,,1.83632065663467
3.7216,1.83632222324324,1.83632143083775,1.84366760227727,1.82897684417526,0,
3.72146847565842,,,,,,1.83632132344384
3.7224,1.83632287476099,1.83632208157693,1.84366825376244,1.82897749572696,0,
3.72226656025539,,,,,,1.83632197510593
3.7232,1.83632351141739,1.83632271741659,1.84366889038759,1.82897813241593,0,
3.72306464485235,,,,,,1.8363226118942
3.724,1.83632413348263,1.83632333862741,1.84366951242285,1.82897875451243,0,
3.72386272944932,,,,,,1.83632323407807
3.7248,1.83632474122289,1.83632394547626,1.84367012013436,1.82897936228267,0,
3.72466081404629,,,,,,1.83632384192311
3.7256,1.83632533490036,1.8363245382262,1.84367071378426,1.82897995598889,0,
3.72545889864326,,,,,,1.83632443569117
3.7264,1.83632591477333,1.83632511713663,1.84367129363078,1.82898053588943,0,
3.72625698324022,,,,,,1.83632501564043
3.7272,1.8363264810845,1.83632568246333,1.84367185991658,1.82898110222706,0,
3.72705506783719,,,,,,1.83632558202548
3.728,1.83632703407584,1.83632623445856,1.84367241288362,1.82898165524376,0,
3.72785315243416,,,,,,1.83632613509738
3.7288,1.83632757400482,1.83632677337109,1.84367295278932,1.82898219519703,0,
3.72865123703113,,,,,,1.83632667510378
3.7296,1.83632810111322,1.8363272994463,1.84367347987541,1.82898272232871,0,
3.72944932162809,,,,,,1.83632720228891
3.7304,1.83632861563911,1.83632781292629,1.84367399437994,1.82898323687691,0,
3.73024740622506,,,,,,1.83632771689374
3.7312,1.83632911781693,1.83632831404987,1.8436744965373,1.8289837390761,0,
3.73104549082203,,,,,,1.836328219156
3.732,1.83632960787753,1.83632880305273,1.84367498657831,1.82898422915715,0,
3.73184357541899,,,,,,1.83632870931028
3.7328,1.83633008604822,1.83632928016743,1.84367546473025,1.82898470734744,0,
3.73264166001596,,,,,,1.83632918758808
3.7336,1.83633055255288,1.83632974562355,1.84367593121696,1.82898517387085,0,
3.73343974461293,,,,,,1.8363296542179
3.7344,1.83633100761198,1.83633019964768,1.84367638625888,1.8289856289479,0,
3.7342378292099,,,,,,1.83633010942531
3.7352,1.83633145144263,1.83633064246359,1.8436768300731,1.82898607279573,0,
3.73503591380686,,,,,,1.83633055343304
3.736,1.83633188425871,1.83633107429223,1.84367726287347,1.82898650562824,0,
3.73583399840383,,,,,,1.83633098646102
3.7368,1.83633230627085,1.83633149535183,1.84367768487054,1.82898692765609,0,
3.7366320830008,,,,,,1.83633140872646
3.7376,1.83633271766213,1.83633190585797,1.84367809624743,1.82898733906244,0,
3.73743016759777,,,,,,1.83633182044397
3.7384,1.83633311864723,1.83633230602369,1.84367849721879,1.82898774006193,0,
3.73822825219473,,,,,,1.83633222182556
3.7392,1.83633350943029,1.83633269605949,1.84367888798871,1.82898813085873,0,
3.7390263367917,,,,,,1.83633261308078
3.74,1.83633389020795,1.83633307617348,1.84367926875382,1.82898851164953,0,
3.73982442138867,,,,,,1.83633299441675
3.7408,1.83633426117383,1.83633344657142,1.84367963970771,1.82898888262796,0,
3.74062250598563,,,,,,1.83633336603826
3.7416,1.83633462251854,1.83633380745677,1.84368000104097,1.82898924398466,0,
3.7414205905826,,,,,,1.8363337281478
3.7424,1.83633497442974,1.83633415890979,1.84368035294124,1.82898959590731,0,
3.74221867517957,,,,,,1.83633408094572
3.7432,1.83633531709222,1.83633450067211,1.84368069559329,1.82898993858073,0,
3.74301675977654,,,,,,1.83633442409745
3.744,1.83633565068795,1.83633483291646,1.84368102917906,1.82899027218689,0,
3.7438148443735,,,,,,1.83633475761075
3.7448,1.83633597539611,1.83633515623957,1.84368135387772,1.828990596905,0,
3.74461292897047,,,,,,1.83633508220432
3.7456,1.83633629139317,1.83633547081829,1.84368166986572,1.82899091291156,0,
3.74541101356744,,,,,,1.83633539805436
3.7464,1.83633659885294,1.83633577682691,1.84368197731685,1.82899122038039,0,
3.74620909816441,,,,,,1.83633570533449
3.7472,1.8363368979393,1.83633607443719,1.84368227639494,1.82899151947539,0,
3.74700718276137,,,,,,1.83633600421585
3.748,1.83633718879083,1.83633636381846,1.84368256696254,1.82899181061913,0,
3.74780526735834,,,,,,1.83633629486711
3.7488,1.83633747159677,1.83633664513764,1.84368284977614,1.8289920934174,0,
3.74860335195531,,,,,,1.83633657745459
3.7496,1.83633774651857,1.83633691855933,1.84368312470525,1.8289923683319,0,
3.74940143655227,,,,,,1.83633685214227
3.7504,1.83633801371511,1.83633718424585,1.84368339190873,1.82899263552148,0,
3.75019952114924,,,,,,1.83633711909186
3.7512,1.83633827334273,1.83633744235733,1.84368365154298,1.82899289514248,0,
3.75099760574621,,,,,,1.83633737846286
3.752,1.83633852555533,1.83633769305172,1.84368390376188,1.82899314734878,0,
3.75179569034318,,,,,,1.83633763041265
3.7528,1.83633877050436,1.83633793648487,1.8436841487169,1.82899339229181,0,
3.75259377494014,,,,,,1.83633787509649
3.7536,1.83633900833889,1.83633817281064,1.84368438655713,1.82899363012065,0,
3.75339185953711,,,,,,1.83633811266763
3.7544,1.83633923920567,1.83633840218086,1.84368461742933,1.82899386098201,0,
3.75418994413408,,,,,,1.83633834327733
3.7552,1.83633946324919,1.83633862474548,1.843684841478,1.82899408502038,0,
3.75498802873105,,,,,,1.83633856707494
3.756,1.83633968061167,1.83633884065258,1.84368505884537,1.82899430237798,0,
3.75578611332801,,,,,,1.83633878420798
3.7568,1.83633989143319,1.83633905004845,1.84368526967155,1.82899451319484,0,
3.75658419792498,,,,,,1.83633899482216
3.7576,1.83634009581687,1.83633925307764,1.84368547405966,1.82899471757408,0,
3.75738228252195,,,,,,1.83633919906143
3.7584,1.83634029389087,1.83633944988302,1.84368567213786,1.82899491564388,0,
3.75818036711891,,,,,,1.83633939706809
3.7592,1.83634048580794,1.83633964060584,1.84368586405891,1.82899510755697,0,
3.75897845171588,,,,,,1.83633958898281
3.76,1.83634067169627,1.83633982538579,1.84368604995102,1.82899529344153,0,
3.75977653631285,,,,,,1.83633977494472
3.7608,1.8363408516818,1.83634000436107,1.84368622994012,1.82899547342347,0,
3.76057462090982,,,,,,1.83633995509141
3.7616,1.83634102588825,1.83634017766843,1.84368640414996,1.82899564762653,0,
3.76137270550678,,,,,,1.83634012955905
3.7624,1.8363411944372,1.83634034544324,1.84368657270212,1.82899581617227,0,
3.76217079010375,,,,,,1.83634029848243
3.7632,1.83634135744809,1.83634050781955,1.84368673571606,1.82899597918013,0,
3.76296887470072,,,,,,1.836340461995
3.764,1.83634151503829,1.83634066493015,1.84368689330913,1.82899613676745,0,
3.76376695929769,,,,,,1.83634062022895
3.7648,1.83634166732309,1.83634081658429,1.84368704559665,1.82899628904953,0,
3.76456504389465,,,,,,1.83634077331527
3.7656,1.8363418144158,1.83634096235666,1.84368719269193,1.82899643613966,0,
3.76536312849162,,,,,,1.83634092028886
3.7664,1.83634195642773,1.83634110294767,1.84368733470629,1.82899657814917,0,
3.76616121308859,,,,,,1.83634106202673
3.7672,1.83634209346828,1.83634123857833,1.84368747174914,1.82899671518742,0,
3.76695929768555,,,,,,1.83634119879459
3.768,1.83634222564493,1.83634136936008,1.84368760392795,1.82899684736191,0,
3.76775738228252,,,,,,1.83634133070355
3.7688,1.83634235306331,1.83634149540279,1.84368773134837,1.82899697477825,0,
3.76855546687949,,,,,,1.83634145786318
3.7696,1.83634247582724,1.83634161681484,1.84368785411422,1.82899709754025,0,
3.76935355147646,,,,,,1.8363415803815
3.7704,1.83634259403873,1.83634173370314,1.84368797232752,1.82899721574993,0,
3.77015163607342,,,,,,1.83634169836511
3.7712,1.83634270779807,1.83634184617317,1.84368808608857,1.82899732950757,0,
3.77094972067039,,,,,,1.83634181191917
3.772,1.83634281720383,1.83634195432907,1.84368819549594,1.82899743891173,0,
3.77174780526736,,,,,,1.83634192114748
3.7728,1.83634292235292,1.83634205827365,1.84368830064654,1.82899754405931,0,
3.77254588986433,,,,,,1.83634202615252
3.7736,1.83634302334062,1.83634215810845,1.84368840163564,1.82899764504559,0,
3.77334397446129,,,,,,1.83634212703548
3.7744,1.8363431202606,1.83634225393377,1.84368849855695,1.82899774196424,0,
3.77414205905826,,,,,,1.83634222389635
3.7752,1.83634321320498,1.83634234584877,1.84368859150258,1.82899783490739,0,
3.77494014365523,,,,,,1.83634231683392
3.776,1.83634330226439,1.83634243395144,1.84368868056315,1.82899792396563,0,
3.77573822825219,,,,,,1.83634240594585
3.7768,1.83634338752795,1.83634251833873,1.8436887658278,1.8289980092281,0,
3.77653631284916,,,,,,1.83634249132874
3.7776,1.83634346908476,1.83634259910652,1.84368884738562,1.82899809078389,0,
3.77733439744613,,,,,,1.8363425730781
3.7784,1.83634354702339,1.83634267634974,1.84368892532521,1.82899816872158,0,
3.7781324820431,,,,,,1.8363426512885
3.7792,1.83634362142611,1.83634275016236,1.8436889997288,1.82899824312341,0,
3.77893056664006,,,,,,1.83634272605354
3.78,1.8363436923766,1.83634282063747,1.84368907068012,1.82899831407308,0,
3.77972865123703,,,,,,1.83634279746593
3.7808,1.83634375995729,1.83634288786731,1.84368913826158,1.82899838165301,0,
3.780526735834,,,,,,1.83634286561752
3.7816,1.83634382424938,1.83634295194333,1.84368920255438,1.82899844594438,0,
3.78132482043097,,,,,,1.83634293059938
3.7824,1.83634388533283,1.83634301295624,1.84368926363849,1.82899850702717,0,
3.78212290502793,,,,,,1.8363429925018
3.7832,1.83634394328645,1.83634307099605,1.84368932159272,1.82899856498018,0,
3.7829209896249,,,,,,1.83634305141437
3.784,1.83634399818793,1.8363431261521,1.84368937649476,1.8289986198811,0,
3.78371907422187,,,,,,1.83634310742603
3.7848,1.83634405011385,1.83634317851315,1.8436894284212,1.8289986718065,0,
3.78451715881883,,,,,,1.83634316062509
3.7856,1.83634409913976,1.83634322816739,1.84368947744758,1.82899872083193,0,
3.7853152434158,,,,,,1.8363432110993
3.7864,1.83634414534017,1.83634327506214,1.84368952364844,1.8289987670319,0,
3.78611332801277,,,,,,1.83634325893589
3.7872,1.83634418878864,1.83634331872207,1.84368956709731,1.82899881047998,0,
3.78691141260974,,,,,,1.8363433038308
3.788,1.83634422955778,1.83634335904827,1.84368960786682,1.82899885124875,0,
3.7877094972067,,,,,,1.83634334501242
3.7888,1.83634426771931,1.83634339676502,1.84368964602867,1.82899888940994,0,
3.78850758180367,,,,,,1.83634338357244
3.7896,1.83634430334406,1.83634343194001,1.84368968165373,1.82899892503439,0,
3.78930566640064,,,,,,1.8363434195784
3.7904,1.83634433650208,1.83634346463987,1.84368971481203,1.82899895819214,0,
3.79010375099761,,,,,,1.83634345309685
3.7912,1.83634436726261,1.8363434949303,1.8436897455728,1.82899898895242,0,
3.79090183559457,,,,,,1.83634348419335
3.792,1.83634439569414,1.83634352287604,1.84368977400456,1.82899901738373,0,
3.79169992019154,,,,,,1.83634351293251
3.7928,1.83634442186447,1.83634354854095,1.84368980017508,1.82899904355386,0,
3.79249800478851,,,,,,1.83634353937807
3.7936,1.83634444584072,1.83634357198799,1.84368982415151,1.82899906752993,0,
3.79329608938547,,,,,,1.83634356359286
3.7944,1.83634446768937,1.83634359327932,1.84368984600032,1.82899908937842,0,
3.79409417398244,,,,,,1.8363435856389
3.7952,1.83634448747633,1.8363436124763,1.84368986578741,1.82899910916525,0,
3.79489225857941,,,,,,1.83634360557738
3.796,1.83634450526693,1.8363436296395,1.84368988357814,1.82899912695573,0,
3.79569034317638,,,,,,1.83634362346876
3.7968,1.83634452112601,1.83634364482879,1.84368989943731,1.8289991428147,0,
3.79648842777334,,,,,,1.83634363937273
3.7976,1.83634453508108,1.83634365810335,1.84368991339249,1.82899915676967,0,
3.79728651237031,,,,,,1.83634365334831
3.7984,1.83634454654883,1.83634366952169,1.84368992486032,1.82899916823733,0,
3.79808459696728,,,,,,1.83634366545383
3.7992,1.83634455614945,1.8363436791417,1.843689934461,1.82899917783789,0,
3.79888268156425,,,,,,1.83634367574701
3.8,1.83634456393454,1.83634368702068,1.84368994224614,1.82899918562294,0,
3.79968076616121,,,,,,1.83634368428496
3.8008,1.8363445699548,1.83634369321539,1.84368994826643,1.82899919164316,0,
3.80047885075818,,,,,,1.83634369112425
3.8016,1.83634457426003,1.83634369778205,1.84368995257169,1.82899919594836,0,
3.80127693535515,,,,,,1.83634369632091
3.8024,1.83634457689919,1.83634370077644,1.84368995521087,1.82899919858751,0,
3.80207501995211,,,,,,1.83634369993046
3.8032,1.83634457792042,1.83634370225383,1.8436899562321,1.82899919960874,0,
3.80287310454908,,,,,,1.836343702008
3.804,1.83634457737104,1.83634370226914,1.84368995568272,1.82899919905936,0,
3.80367118914605,,,,,,1.83634370260818
3.8048,1.83634457529761,1.83634370087688,1.84368995360928,1.82899919698594,0,
3.80446927374302,,,,,,1.83634370178527
3.8056,1.83634457174593,1.83634369813121,1.84368995005758,1.82899919343428,0,
3.80526735833998,,,,,,1.8363436995932
3.8064,1.83634456676106,1.83634369408599,1.84368994507269,1.82899918844943,0,
3.80606544293695,,,,,,1.83634369608554
3.8072,1.83634456038738,1.83634368879483,1.84368993869898,1.82899918207578,0,
3.80686352753392,,,,,,1.83634369131563
3.808,1.83634455266859,1.83634368231108,1.84368993098015,1.82899917435702,0,
3.80766161213089,,,,,,1.83634368533651
3.8088,1.83634454364773,1.83634367435252,1.84368992195925,1.8289991653362,0,
3.80845969672785,,,,,,1.83634367820105
3.8096,1.83634453336722,1.83634366461112,1.8436899116787,1.82899915505574,0,
3.80925778132482,,,,,,1.83634366917541
3.8104,1.83634452186889,1.83634365342634,1.84368990018032,1.82899914355745,0,
3.81005586592179,,,,,,1.83634365853108
3.8112,1.83634450919398,1.83634364105817,1.84368988750536,1.82899913088259,0,
3.81085395051876,,,,,,1.83634364669263
3.812,1.83634449538319,1.83634362754459,1.84368987369452,1.82899911707185,0,
3.81165203511572,,,,,,1.83634363369802
3.8128,1.83634448047669,1.83634361292301,1.84368985878797,1.82899910216541,0,
3.81245011971269,,,,,,1.83634361958465
3.8136,1.83634446451417,1.8363435972302,1.84368984282539,1.82899908620295,0,
3.81324820430966,,,,,,1.83634360438929
3.8144,1.83634444753482,1.83634358050242,1.84368982584599,1.82899906922366,0,
3.81404628890662,,,,,,1.83634358814816
3.8152,1.83634442957741,1.83634356277538,1.84368980788852,1.82899905126631,0,
3.81484437350359,,,,,,1.83634357089695
3.816,1.83634441068027,1.83634354408426,1.84368978899131,1.82899903236922,0,
3.81564245810056,,,,,,1.8363435526708
3.8168,1.83634439088134,1.83634352446379,1.84368976919232,1.82899901257035,0,
3.81644054269753,,,,,,1.83634353350441
3.8176,1.83634437021818,1.83634350394822,1.84368974852909,1.82899899190726,0,
3.81723862729449,,,,,,1.83634351343198
3.8184,1.83634434841181,1.83634348257137,1.84368972672265,1.82899897010097,0,
3.81803671189146,,,,,,1.83634349248727
3.8192,1.83634432567576,1.83634346036665,1.84368970398653,1.82899894736499,0,
3.81883479648843,,,,,,1.83634347070364
3.82,1.83634430211411,1.83634343736709,1.84368968042481,1.8289989238034,0,
3.8196328810854,,,,,,1.83634344811405
3.8208,1.8363442777573,1.83634341360536,1.84368965606794,1.82899889944666,0,
3.82043096568236,,,,,,1.83634342475109
3.8216,1.83634425263526,1.83634338911379,1.84368963094584,1.82899887432468,0,
3.82122905027933,,,,,,1.836343400647
3.8224,1.83634422677745,1.83634336392441,1.84368960508796,1.82899884846693,0,
3.8220271348763,,,,,,1.83634337583373
3.8232,1.83634420021283,1.83634333806897,1.84368957852328,1.82899882190238,0,
3.82282521947326,,,,,,1.8363433503429
3.824,1.83634417296995,1.83634331157893,1.84368955128034,1.82899879465956,0,
3.82362330407023,,,,,,1.8363433242059
3.8248,1.8363441450769,1.83634328448554,1.84368952338722,1.82899876676657,0,
3.8244213886672,,,,,,1.83634329745384
3.8256,1.83634411656138,1.83634325681985,1.84368949487165,1.82899873825111,0,
3.82521947326417,,,,,,1.83634327011763
3.8264,1.8363440874507,1.83634322861271,1.84368946576091,1.82899870914048,0,
3.82601755786113,,,,,,1.836343242228
3.8272,1.8363440577718,1.83634319989481,1.84368943608195,1.82899867946164,0,
3.8268156424581,,,,,,1.83634321381547
3.828,1.83634402755127,1.8363431706967,1.84368940586137,1.82899864924117,0,
3.82761372705507,,,,,,1.83634318491044
3.8288,1.8363439968154,1.83634314104884,1.84368937512544,1.82899861850535,0,
3.82841181165203,,,,,,1.83634315554321
3.8296,1.83634396559013,1.83634311098159,1.84368934390012,1.82899858728013,0,
3.829209896249,,,,,,1.83634312574393
3.8304,1.83634393390114,1.83634308050759,1.84368931221109,1.82899855559119,0,
3.83000798084597,,,,,,1.83634309554273
3.8312,1.83634390177385,1.83634304926194,1.84368928008375,1.82899852346395,0,
3.83080606544294,,,,,,1.83634306493373
3.832,1.83634386923342,1.8363430172188,1.84368924754328,1.82899849092356,0,
3.8316041500399,,,,,,1.83634303318376
3.8328,1.83634383630479,1.83634298474641,1.8436892146146,1.82899845799497,0,
3.83240223463687,,,,,,1.83634300099635
3.8336,1.83634380301269,1.8363429518654,1.84368918132246,1.82899842470291,0,
3.83320031923384,,,,,,1.83634296839214
3.8344,1.83634376938167,1.8363429185961,1.84368914769141,1.82899839107193,0,
3.83399840383081,,,,,,1.83634293539146
3.8352,1.83634373543611,1.83634288495852,1.84368911374582,1.82899835712641,0,
3.83479648842777,,,,,,1.83634290201435
3.836,1.83634370120026,1.8363428509724,1.84368907950993,1.82899832289059,0,
3.83559457302474,,,,,,1.83634286828051
3.8368,1.83634366669822,1.83634281665721,1.84368904500786,1.82899828838858,0,
3.83639265762171,,,,,,1.83634283420943
3.8376,1.83634363195401,1.83634278203215,1.84368901026361,1.82899825364441,0,
3.83719074221868,,,,,,1.83634279982028
3.8384,1.83634359672714,1.83634274711623,1.84368897503668,1.8289982184176,0,
3.83798882681564,,,,,,1.83634276513204
3.8392,1.83634356101997,1.83634271192821,1.84368893932947,1.82899818271048,0,
3.83878691141261,,,,,,1.83634273016346
3.84,1.83634352505507,1.83634267648667,1.84368890336454,1.82899814674561,0,
3.83958499600958,,,,,,1.83634269493307
3.8408,1.83634348884922,1.83634264081002,1.84368886715866,1.82899811053979,0,
3.84038308060654,,,,,,1.83634265945923
3.8416,1.83634345241892,1.83634260491651,1.84368883072833,1.82899807410951,0,
3.84118116520351,,,,,,1.83634262376013
3.8424,1.83634341578035,1.83634256882424,1.84368879408973,1.82899803747096,0,
3.84197924980048,,,,,,1.83634258785384
3.8432,1.83634337894942,1.83634253255121,1.84368875725878,1.82899800064006,0,
3.84277733439745,,,,,,1.83634255175825
3.844,1.83634334194179,1.83634249611529,1.84368872025113,1.82899796363245,0,
3.84357541899441,,,,,,1.83634251549118
3.8448,1.83634330477286,1.8363424595343,1.84368868308218,1.82899792646354,0,
3.84437350359138,,,,,,1.83634247907034
3.8456,1.8363432674578,1.83634242282596,1.8436886457671,1.82899788914849,0,
3.84517158818835,,,,,,1.83634244251337
3.8464,1.83634323001154,1.83634238600795,1.84368860832082,1.82899785170225,0,
3.84596967278532,,,,,,1.83634240583786
3.8472,1.83634319244882,1.83634234909795,1.8436885707581,1.82899781413955,0,
3.84676775738228,,,,,,1.83634236906133
3.848,1.8363431547842,1.83634231211358,1.84368853309346,1.82899777647493,0,
3.84756584197925,,,,,,1.83634233220132
3.8488,1.83634311703203,1.83634227507251,1.84368849534128,1.82899773872278,0,
3.84836392657622,,,,,,1.83634229527533
3.8496,1.83634307920653,1.83634223799241,1.84368845751577,1.82899770089729,0,
3.84916201117318,,,,,,1.83634225830091
3.8504,1.83634304132175,1.83634220089099,1.84368841963099,1.82899766301252,0,
3.84996009577015,,,,,,1.83634222129562
3.8512,1.83634300339162,1.83634216378605,1.84368838170085,1.82899762508239,0,
3.85075818036712,,,,,,1.83634218427707
3.852,1.83634296542993,1.83634212669544,1.84368834373916,1.82899758712071,0,
3.85155626496409,,,,,,1.83634214726295
3.8528,1.8363429274504,1.83634208947869,1.84368830575962,1.82899754914117,0,
3.85235434956105,,,,,,1.83634211027103
3.8536,1.83634288946661,1.83634205194314,1.84368826777584,1.82899751115739,0,
3.85315243415802,,,,,,1.83634207303547
3.8544,1.83634285149211,1.83634201422549,1.84368822980134,1.82899747318289,0,
3.85395051875499,,,,,,1.83634203542432
3.8552,1.83634281354037,1.83634197648486,1.84368819184961,1.82899743523114,0,
3.85474860335196,,,,,,1.83634199778436
3.856,1.83634277562481,1.83634193873177,1.84368815393405,1.82899739731557,0,
3.85554668794892,,,,,,1.83634196012612
3.8568,1.83634273775881,1.83634190097663,1.84368811606806,1.82899735944957,0,
3.85634477254589,,,,,,1.83634192246001
3.8576,1.83634269995575,1.83634186322975,1.843688078265,1.8289973216465,0,
3.85714285714286,,,,,,1.83634188479631
3.8584,1.83634266212977,1.8363418255013,1.843688040439,1.82899728382054,0,
3.85794094173982,,,,,,1.83634184714519
3.8592,1.83634262410766,1.8363417878014,1.84368800241689,1.82899724579844,0,
3.85873902633679,,,,,,1.83634180951673
3.86,1.83634258612647,1.83634175014007,1.8436879644357,1.82899720781724,0,
3.85953711093376,,,,,,1.83634177192093
3.8608,1.83634254819461,1.83634171252727,1.84368792650384,1.82899716988537,0,
3.86033519553073,,,,,,1.83634173436772
3.8616,1.83634251032029,1.83634167497293,1.84368788862954,1.82899713201105,0,
3.86113328012769,,,,,,1.83634169686696
3.8624,1.83634247251162,1.83634163748692,1.84368785082087,1.82899709420237,0,
3.86193136472466,,,,,,1.83634165942847
3.8632,1.83634243477652,1.83634160007908,1.84368781308578,1.82899705646726,0,
3.86272944932163,,,,,,1.83634162206206
3.864,1.8363423971228,1.83634156275926,1.84368777543207,1.82899701881352,0,
3.8635275339186,,,,,,1.8363415847775
3.8648,1.83634235955812,1.83634152553731,1.84368773786741,1.82899698124883,0,
3.86432561851556,,,,,,1.83634154758454
3.8656,1.83634232209005,1.83634148842306,1.84368770039935,1.82899694378075,0,
3.86512370311253,,,,,,1.83634151049296
3.8664,1.83634228472605,1.83634145142641,1.84368766303536,1.82899690641674,0,
3.8659217877095,,,,,,1.83634147351256
3.8672,1.83634224747347,1.83634141455727,1.8436876257828,1.82899686916414,0,
3.86671987230646,,,,,,1.83634143665316
3.868,1.83634221033959,1.83634137782561,1.84368758864894,1.82899683203025,0,
3.86751795690343,,,,,,1.83634139992461
3.8688,1.83634217333162,1.83634134124147,1.84368755164098,1.82899679502226,0,
3.8683160415004,,,,,,1.83634136333685
3.8696,1.8363421364567,1.83634130481496,1.84368751476608,1.82899675814732,0,
3.86911412609737,,,,,,1.83634132689987
3.8704,1.83634209972191,1.83634126855629,1.8436874780313,1.82899672141252,0,
3.86991221069433,,,,,,1.83634129062373
3.8712,1.8363420631343,1.83634123247576,1.84368744144371,1.82899668482488,0,
3.8707102952913,,,,,,1.83634125451862
3.872,1.83634202670087,1.83634119658379,1.8436874050103,1.82899664839144,0,
3.87150837988827,,,,,,1.83634121859479
3.8728,1.83634199042862,1.83634116089094,1.84368736873807,1.82899661211917,0,
3.87230646448524,,,,,,1.83634118286265
3.8736,1.83634195432453,1.8363411254079,1.843687332634,1.82899657601505,0,
3.8731045490822,,,,,,1.83634114733272
3.8744,1.83634191839557,1.83634109014551,1.84368729670506,1.82899654008607,0,
3.87390263367917,,,,,,1.83634111201567
3.8752,1.83634188264872,1.83634105481033,1.84368726095824,1.8289965043392,0,
3.87470071827614,,,,,,1.83634107692234
3.876,1.83634184709099,1.83634101942171,1.84368722540053,1.82899646878144,0,
3.8754988028731,,,,,,1.83634104157706
3.8768,1.8363418117294,1.83634098416009,1.84368719003897,1.82899643341984,0,
3.87629688747007,,,,,,1.83634100629784
3.8776,1.83634177657104,1.83634094906444,1.84368715488063,1.82899639826145,0,
3.87709497206704,,,,,,1.83634097118086
3.8784,1.83634174161571,1.83634091413939,1.84368711992531,1.82899636330611,0,
3.87789305666401,,,,,,1.83634093623076
3.8792,1.83634170660886,1.83634087938954,1.84368708491847,1.82899632829926,0,
3.87869114126097,,,,,,1.83634090145215
3.88,1.83634167178128,1.83634084481946,1.84368705009091,1.82899629347165,0,
3.87948922585794,,,,,,1.83634086684956
3.8808,1.83634163713657,1.83634081043366,1.84368701544622,1.82899625882692,0,
3.88028731045491,,,,,,1.83634083242752
3.8816,1.83634160267828,1.83634077623665,1.84368698098795,1.8289962243686,0,
3.88108539505188,,,,,,1.8363407981905
3.8824,1.83634156840986,1.8363407422329,1.84368694671955,1.82899619010017,0,
3.88188347964884,,,,,,1.83634076414296
3.8832,1.83634153433474,1.8363407084269,1.84368691264445,1.82899615602502,0,
3.88268156424581,,,,,,1.83634073028935
3.884,1.83634150045627,1.8363406748231,1.84368687876601,1.82899612214653,0,
3.88347964884278,,,,,,1.8363406966341
3.8848,1.83634146677777,1.83634064142599,1.84368684508753,1.828996088468,0,
3.88427773343974,,,,,,1.83634066318165
3.8856,1.83634143330252,1.83634060824006,1.8436868116123,1.82899605499273,0,
3.88507581803671,,,,,,1.83634062993645
3.8864,1.83634140003376,1.83634057526982,1.84368677834357,1.82899602172395,0,
3.88587390263368,,,,,,1.83634059690297
3.8872,1.83634136697474,1.83634054251982,1.84368674528458,1.82899598866491,0,
3.88667198723065,,,,,,1.83634056408569
3.888,1.83634133412866,1.83634050999463,1.84368671243852,1.8289959558188,0,
3.88747007182761,,,,,,1.83634053148915
3.8888,1.83634130149872,1.8363404776989,1.8436866798086,1.82899592318883,0,
3.88826815642458,,,,,,1.83634049911789
3.8896,1.83634126908812,1.8363404456373,1.84368664739802,1.82899589077821,0,
3.88906624102155,,,,,,1.83634046697655
3.8904,1.83634123690008,1.83634041381459,1.84368661521001,1.82899585859014,0,
3.88986432561852,,,,,,1.83634043506978
3.8912,1.83634120493781,1.83634038223557,1.84368658324776,1.82899582662785,0,
3.89066241021548,,,,,,1.83634040340233
3.892,1.83634117320455,1.83634035090515,1.84368655151454,1.82899579489457,0,
3.89146049481245,,,,,,1.83634037197899
3.8928,1.83634114170359,1.8363403198283,1.84368652001359,1.82899576339358,0,
3.89225857940942,,,,,,1.83634034080467
3.8936,1.83634111043821,1.83634028901012,1.84368648874825,1.82899573212818,0,
3.89305666400638,,,,,,1.83634030988432
3.8944,1.83634107941178,1.83634025845577,1.84368645772183,1.82899570110172,0,
3.89385474860335,,,,,,1.83634027922304
3.8952,1.83634104862767,1.83634022817055,1.84368642693775,1.82899567031759,0,
3.89465283320032,,,,,,1.83634024882598
3.896,1.83634101808935,1.83634019815986,1.84368639639946,1.82899563977924,0,
3.89545091779729,,,,,,1.83634021869845
3.8968,1.83634098780033,1.83634016836731,1.84368636611046,1.82899560949019,0,
3.89624900239425,,,,,,1.83634018884585
3.8976,1.83634095776419,1.83634013859117,1.84368633607435,1.82899557945403,0,
3.89704708699122,,,,,,1.836340159184
3.8984,1.8363409279846,1.83634010895348,1.84368630629477,1.82899554967442,0,
3.89784517158819,,,,,,1.83634012945994
3.8992,1.83634089829486,1.83634007954452,1.84368627660505,1.82899551998467,0,
3.89864325618516,,,,,,1.83634009996274
3.9,1.83634086878644,1.83634005036539,1.84368624709665,1.82899549047623,0,
3.89944134078212,,,,,,1.83634007069351
3.9008,1.83634083950664,1.83634002141716,1.84368621781688,1.82899546119641,0,
3.90023942537909,,,,,,1.83634004165334
3.9016,1.83634081045637,1.83633999270088,1.84368618876663,1.82899543214612,0,
3.90103750997606,,,,,,1.83634001284329
3.9024,1.83634078163651,1.83633996421756,1.84368615994679,1.82899540332623,0,
3.90183559457302,,,,,,1.83633998426438
3.9032,1.83634075304792,1.8363399359682,1.84368613135822,1.82899537473762,0,
3.90263367916999,,,,,,1.83633995591763
3.904,1.83634072469145,1.83633990795381,1.84368610300178,1.82899534638113,0,
3.90343176376696,,,,,,1.83633992780401
3.9048,1.83634069656795,1.83633988017535,1.8436860748783,1.82899531825761,0,
3.90422984836393,,,,,,1.83633989992451
3.9056,1.83634066867826,1.8363398526338,1.84368604698863,1.82899529036789,0,
3.90502793296089,,,,,,1.83633987228011
3.9064,1.83634064102321,1.83633982533014,1.8436860193336,1.82899526271281,0,
3.90582601755786,,,,,,1.83633984487176
3.9072,1.83634061360365,1.83633979826533,1.84368599191406,1.82899523529323,0,
3.90662410215483,,,,,,1.83633981770043
3.908,1.83634058642043,1.83633977144038,1.84368596473087,1.82899520811,0,
3.9074221867518,,,,,,1.8363397907671
3.9088,1.83634055947444,1.83633974485628,1.84368593778489,1.82899518116398,0,
3.90822027134876,,,,,,1.83633976407274
3.9096,1.83634053276655,1.83633971851405,1.84368591107703,1.82899515445607,0,
3.90901835594573,,,,,,1.83633973761837
3.9104,1.83634050629768,1.83633969241473,1.84368588460818,1.82899512798718,0,
3.9098164405427,,,,,,1.83633971140498
3.9112,1.83634048006878,1.83633966655939,1.84368585837931,1.82899510175826,0,
3.91061452513966,,,,,,1.83633968543363
3.912,1.83634045408083,1.83633964094914,1.84368583239137,1.82899507577028,0,
3.91141260973663,,,,,,1.83633965970539
3.9128,1.83634042833483,1.83633961558509,1.84368580664539,1.82899505002426,0,
3.9122106943336,,,,,,1.83633963422135
3.9136,1.83634040283184,1.83633959046845,1.84368578114242,1.82899502452125,0,
3.91300877893057,,,,,,1.83633960898265
3.9144,1.83634037757297,1.83633956560042,1.84368575588358,1.82899499926236,0,
3.91380686352753,,,,,,1.83633958399048
3.9152,1.83634035255937,1.83633954098229,1.84368573087,1.82899497424875,0,
3.9146049481245,,,,,,1.83633955924605
3.916,1.83634032779227,1.83633951661537,1.84368570610292,1.82899494948162,0,
3.91540303272147,,,,,,1.83633953475066
3.9168,1.83634030327292,1.83633949250106,1.84368568158359,1.82899492496225,0,
3.91620111731844,,,,,,1.83633951050562
3.9176,1.83634027900268,1.83633946864081,1.84368565731336,1.82899490069199,0,
3.9169992019154,,,,,,1.83633948651234
3.9184,1.83634025498294,1.83633944503614,1.84368563329365,1.82899487667223,0,
3.91779728651237,,,,,,1.83633946277227
3.9192,1.83634023113323,1.83633942158771,1.84368560944395,1.82899485282251,0,
3.91859537110934,,,,,,1.83633943928693
3.92,1.83634020743979,1.83633939828232,1.84368558575053,1.82899482912905,0,
3.91939345570631,,,,,,1.83633941592471
3.9208,1.83634018397311,1.83633937518424,1.84368556228386,1.82899480566235,0,
3.92019154030327,,,,,,1.83633939271105
3.9216,1.83634016073263,1.83633935231134,1.8436855390434,1.82899478242186,0,
3.92098962490024,,,,,,1.83633936972205
3.9224,1.83634013771781,1.83633932966288,1.8436855160286,1.82899475940702,0,
3.92178770949721,,,,,,1.836339346957
3.9232,1.83634011492808,1.8363393072381,1.84368549323889,1.82899473661727,0,
3.92258579409417,,,,,,1.83633932441513
3.924,1.83634009236289,1.83633928503624,1.84368547067371,1.82899471405206,0,
3.92338387869114,,,,,,1.8363393020957
3.9248,1.83634007002167,1.83633926305653,1.84368544833251,1.82899469171083,0,
3.92418196328811,,,,,,1.83633927999795
3.9256,1.83634004790389,1.8363392412982,1.84368542621475,1.82899466959303,0,
3.92498004788508,,,,,,1.83633925812111
3.9264,1.83634002600899,1.83633921976049,1.84368540431986,1.82899464769811,0,
3.92577813248204,,,,,,1.83633923646443
3.9272,1.83634000433644,1.83633919844263,1.84368538264733,1.82899462602555,0,
3.92657621707901,,,,,,1.83633921502713
3.928,1.83633998288572,1.83633917734388,1.84368536119663,1.82899460457481,0,
3.92737430167598,,,,,,1.83633919380848
3.9288,1.83633996165633,1.83633915646349,1.84368533996725,1.82899458334541,0,
3.92817238627294,,,,,,1.83633917280772
3.9296,1.83633994064778,1.83633913580072,1.84368531895872,1.82899456233685,0,
3.92897047086991,,,,,,1.83633915202411
3.9304,1.83633991985962,1.83633911535486,1.84368529817057,1.82899454154866,0,
3.92976855546688,,,,,,1.83633913145693
3.9312,1.8363398992914,1.83633909512522,1.84368527760236,1.82899452098043,0,
3.93056664006385,,,,,,1.83633911110548
3.932,1.8363398789427,1.83633907511112,1.84368525725369,1.82899450063172,0,
3.93136472466081,,,,,,1.83633909096907
3.9328,1.83633985881316,1.83633905531191,1.84368523712416,1.82899448050216,0,
3.93216280925778,,,,,,1.83633907104702
3.9336,1.83633983890241,1.83633903572696,1.84368521721342,1.8289944605914,0,
3.93296089385475,,,,,,1.83633905133872
3.9344,1.83633981921015,1.83633901635569,1.84368519752118,1.82899444089912,0,
3.93375897845172,,,,,,1.83633903184352
3.9352,1.8363397997361,1.83633899719752,1.84368517804714,1.82899442142505,0,
3.93455706304868,,,,,,1.83633901256086
3.936,1.83633978048002,1.83633897825193,1.84368515879108,1.82899440216896,0,
3.93535514764565,,,,,,1.83633899349018
3.9368,1.83633976144173,1.83633895951844,1.8436851397528,1.82899438313065,0,
3.93615323224262,,,,,,1.83633897463096
3.9376,1.83633974262107,1.83633894099658,1.84368512093216,1.82899436430998,0,
3.93695131683958,,,,,,1.83633895598273
3.9384,1.83633972401796,1.83633892268597,1.84368510232906,1.82899434570686,0,
3.93774940143655,,,,,,1.83633893754505
3.9392,1.83633970560802,1.83633890458624,1.84368508391913,1.82899432729691,0,
3.93854748603352,,,,,,1.83633891931752
3.94,1.8363396873358,1.83633888669707,1.84368506564692,1.82899430902468,0,
3.93934557063049,,,,,,1.83633890129981
3.9408,1.83633966926431,1.83633886901746,1.84368504757545,1.82899429095318,0,
3.94014365522745,,,,,,1.8363388834916
3.9416,1.83633965139232,1.83633885145853,1.84368502970347,1.82899427308118,0,
3.94094173982442,,,,,,1.83633886589173
3.9424,1.83633963371859,1.83633883407672,1.84368501202974,1.82899425540743,0,
3.94173982442139,,,,,,1.8363388483927
3.9432,1.83633961624188,1.83633881688722,1.84368499455304,1.82899423793071,0,
3.94253790901836,,,,,,1.83633883108615
3.944,1.83633959896097,1.83633879988871,1.84368497727215,1.82899422064979,0,
3.94333599361532,,,,,,1.83633881397075
3.9448,1.83633958187465,1.8363387830799,1.84368496018584,1.82899420356346,0,
3.94413407821229,,,,,,1.83633879704522
3.9456,1.8363395649817,1.83633876645953,1.8436849432929,1.8289941866705,0,
3.94493216280926,,,,,,1.83633878030826
3.9464,1.83633954828094,1.83633875002632,1.84368492659215,1.82899416996973,0,
3.94573024740623,,,,,,1.83633876375862
3.9472,1.83633953177118,1.83633873377904,1.8436849100824,1.82899415345995,0,
3.94652833200319,,,,,,1.83633874739505
3.948,1.83633951545125,1.83633871771647,1.84368489376248,1.82899413714001,0,
3.94732641660016,,,,,,1.83633873121633
3.9488,1.83633949931999,1.83633870183743,1.84368487763124,1.82899412100875,0,
3.94812450119713,,,,,,1.83633871522124
3.9496,1.83633948337628,1.83633868614075,1.84368486168753,1.82899410506502,0,
3.94892258579409,,,,,,1.83633869940861
3.9504,1.83633946761899,1.83633867062529,1.84368484593026,1.82899408930773,0,
3.94972067039106,,,,,,1.83633868377729
3.9512,1.83633945204704,1.83633865528994,1.84368483035831,1.82899407373577,0,
3.95051875498803,,,,,,1.83633866832616
3.952,1.83633943665935,1.83633864013362,1.84368481497063,1.82899405834806,0,
3.951316839585,,,,,,1.83633865305411
3.9528,1.83633942145486,1.83633862515531,1.84368479976615,1.82899404314357,0,
3.95211492418196,,,,,,1.83633863796009
3.9536,1.83633940643257,1.83633861035398,1.84368478474387,1.82899402812126,0,
3.95291300877893,,,,,,1.83633862304306
3.9544,1.83633939159146,1.83633859572867,1.84368476990278,1.82899401328015,0,
3.9537110933759,,,,,,1.83633860830203
3.9552,1.83633937693059,1.83633858127845,1.84368475524191,1.82899399861927,0,
3.95450917797287,,,,,,1.83633859373604
3.956,1.836339362449,1.83633856700243,1.84368474076033,1.82899398413767,0,
3.95530726256983,,,,,,1.83633857934419
3.9568,1.83633934814581,1.83633855289977,1.84368472645714,1.82899396983447,0,
3.9561053471668,,,,,,1.83633856512558
3.9576,1.83633933402013,1.83633853896966,1.84368471233147,1.82899395570878,0,
3.95690343176377,,,,,,1.83633855107938
3.9584,1.83633932007113,1.83633852521135,1.84368469838248,1.82899394175977,0,
3.95770151636073,,,,,,1.83633853720481
3.9592,1.83633930629794,1.83633851162414,1.8436846846093,1.82899392798658,0,
3.9584996009577,,,,,,1.83633852350113
3.96,1.83633929264539,1.83633849820737,1.84368467095676,1.82899391433402,0,
3.95929768555467,,,,,,1.83633850996764
3.9608,1.83633927915825,1.83633848496044,1.84368465746963,1.82899390084687,0,
3.96009577015164,,,,,,1.83633849660369
3.9616,1.8363392658351,1.8363384718828,1.84368464414648,1.82899388752371,0,
3.9608938547486,,,,,,1.83633848340871
3.9624,1.83633925267453,1.83633845897397,1.84368463098592,1.82899387436314,0,
3.96169193934557,,,,,,1.83633847038214
3.9632,1.83633923967516,1.83633844620293,1.84368461798656,1.82899386136377,0,
3.96249002394254,,,,,,1.83633845752351
3.964,1.83633922683562,1.83633843354217,1.84368460514702,1.82899384852421,0,
3.96328810853951,,,,,,1.83633844479804
3.9648,1.83633921415452,1.83633842102999,1.84368459246593,1.82899383584311,0,
3.96408619313647,,,,,,1.83633843217935
3.9656,1.83633920163054,1.83633840867036,1.84368457994195,1.82899382331912,0,
3.96488427773344,,,,,,1.83633841971361
3.9664,1.83633918926232,1.83633839646202,1.84368456757375,1.8289938109509,0,
3.96568236233041,,,,,,1.83633840739955
3.9672,1.83633917704857,1.83633838440374,1.84368455536,1.82899379873714,0,
3.96648044692737,,,,,,1.83633839523592
3.968,1.83633916498798,1.83633837249432,1.84368454329941,1.82899378667654,0,
3.96727853152434,,,,,,1.83633838322152
3.9688,1.83633915307927,1.8363383607326,1.84368453139071,1.82899377476782,0,
3.96807661612131,,,,,,1.83633837135515
3.9696,1.83633914132118,1.83633834911741,1.84368451963263,1.82899376300973,0,
3.96887470071828,,,,,,1.83633835963565
3.9704,1.83633912971249,1.83633833764765,1.84368450802394,1.82899375140103,0,
3.96967278531524,,,,,,1.83633834806188
3.9712,1.83633911825196,1.83633832632224,1.84368449656343,1.8289937399405,0,
3.97047086991221,,,,,,1.83633833663274
3.972,1.83633910693842,1.83633831514012,1.84368448524989,1.82899372862696,0,
3.97126895450918,,,,,,1.83633832534716
3.9728,1.83633909577069,1.83633830410028,1.84368447408216,1.82899371745922,0,
3.97206703910615,,,,,,1.8363383142041
3.9736,1.83633908474763,1.83633829320173,1.84368446305911,1.82899370643615,0,
3.97286512370311,,,,,,1.83633830320255
3.9744,1.83633907386813,1.83633828244353,1.84368445217961,1.82899369555664,0,
3.97366320830008,,,,,,1.83633829234154
3.9752,1.83633906313108,1.83633827182477,1.84368444144257,1.82899368481959,0,
3.97446129289705,,,,,,1.83633828162013
3.976,1.83633905253544,1.83633826134459,1.84368443084693,1.82899367422394,0,
3.97525937749401,,,,,,1.83633827103742
3.9768,1.83633904208016,1.83633825100214,1.84368442039166,1.82899366376867,0,
3.97605746209098,,,,,,1.83633826059256
3.9776,1.83633903176426,1.83633824079664,1.84368441007576,1.82899365345275,0,
3.97685554668795,,,,,,1.83633825028471
3.9784,1.83633902158674,1.83633823072735,1.84368439989825,1.82899364327523,0,
3.97765363128492,,,,,,1.83633824011311
3.9792,1.83633901154668,1.83633822079355,1.84368438985819,1.82899363323517,0,
3.97845171588188,,,,,,1.83633823007701
3.98,1.83633900161753,1.83633821099459,1.84368437992904,1.82899362330601,0,
3.97924980047885,,,,,,1.83633822017571
3.9808,1.83633899181027,1.83633820132985,1.84368437012179,1.82899361349875,0,
3.98004788507582,,,,,,1.83633821040856
3.9816,1.8363389821317,1.83633819179877,1.84368436044323,1.82899360382018,0,
3.98084596967279,,,,,,1.83633820077496
3.9824,1.83633897258053,1.83633818240082,1.84368435089206,1.828993594269,0,
3.98164405426975,,,,,,1.83633819127434
3.9832,1.83633896315547,1.83633817313553,1.843684341467,1.82899358484394,0,
3.98244213886672,,,,,,1.83633818190618
3.984,1.83633895385527,1.83633816400249,1.84368433216681,1.82899357554374,0,
3.98324022346369,,,,,,1.83633817267003
3.9848,1.83633894467869,1.83633815500131,1.84368432299023,1.82899356636715,0,
3.98403830806065,,,,,,1.83633816356547
3.9856,1.8363389356245,1.83633814606971,1.84368431393604,1.82899355731295,0,
3.98483639265762,,,,,,1.83633815459213
3.9864,1.83633892669149,1.83633813723969,1.84368430500304,1.82899354837994,0,
3.98563447725459,,,,,,1.83633814568492
3.9872,1.83633891787848,1.83633812852681,1.84368429619003,1.82899353956692,0,
3.98643256185156,,,,,,1.83633813688047
3.988,1.83633890918429,1.83633811993062,1.84368428749585,1.82899353087274,0,
3.98723064644852,,,,,,1.83633812819322
3.9888,1.83633890060779,1.83633811145,1.84368427891934,1.82899352229623,0,
3.98802873104549,,,,,,1.83633811962206
3.9896,1.83633889214783,1.83633810308387,1.84368427045939,1.82899351383627,0,
3.98882681564246,,,,,,1.83633811116587
3.9904,1.83633888380333,1.83633809483116,1.84368426211489,1.82899350549176,0,
3.98962490023943,,,,,,1.83633810282359
3.9912,1.83633887557318,1.83633808669082,1.84368425388475,1.82899349726161,0,
3.99042298483639,,,,,,1.83633809459415
3.992,1.83633886745633,1.83633807866182,1.84368424576791,1.82899348914476,0,
3.99122106943336,,,,,,1.83633808647651
3.9928,1.83633885945175,1.83633807074315,1.84368423776332,1.82899348114017,0,
3.99201915403033,,,,,,1.83633807846965
3.9936,1.83633885155841,1.83633806293383,1.84368422986998,1.82899347324683,0,
3.99281723862729,,,,,,1.83633807057257
3.9944,1.83633884377532,1.83633805523289,1.8436842220869,1.82899346546374,0,
3.99361532322426,,,,,,1.83633806278429
3.9952,1.83633883610152,1.83633804763939,1.8436842144131,1.82899345778994,0,
3.99441340782123,,,,,,1.83633805510385
3.996,1.83633882853607,1.83633804015241,1.84368420684765,1.82899345022448,0,
3.9952114924182,,,,,,1.83633804753033
3.9968,1.83633882107805,1.83633803277105,1.84368419938964,1.82899344276646,0,
3.99600957701516,,,,,,1.8363380400628
3.9976,1.83633881372657,1.83633802549445,1.84368419203816,1.82899343541498,0,
3.99680766161213,,,,,,1.83633803270037
3.9984,1.83633880648078,1.83633801832176,1.84368418479237,1.82899342816919,0,
3.9976057462091,,,,,,1.83633802544219
3.9992,1.83633879933984,1.83633801125215,1.84368417765144,1.82899342102824,0,
3.99840383080607,,,,,,1.83633801828742
4,1.83633879230247,1.83633800428483,1.89142912964008,1.78124766694722,,
3.99920191540303,,,,,,1.83633801123523
4,1.83633879230247,1.83633800428483,1.89142912964008,1.78124766694722,,1.83633800428483

