time,reference,actual,high,low,error,actual (raw)
0,0.209,0.001,0.209833505560245,0.208166494439755,0.207166494439755,0.001
0.0008,0.209,0.001,0.209833505560245,0.208166494439755,0.207166494439755,
0.000798084596967279,,,,,,0.001
0.2096,0.209,0.001,0.21527,0.20273,,
0.00159616919393456,,,,,,0.001
0.00239425379090184,,,,,,0.001
0.00319233838786911,,,,,,0.001
0.00399042298483639,,,,,,0.001
0.00478850758180367,,,,,,0.001
0.00558659217877095,,,,,,0.001
0.00638467677573823,,,,,,0.001
0.00718276137270551,,,,,,0.001
0.00798084596967279,,,,,,0.001
0.00877893056664006,,,,,,0.001
0.00957701516360734,,,,,,0.001
0.0103750997605746,,,,,,0.001
0.0111731843575419,,,,,,0.001
0.0119712689545092,,,,,,0.001
0.0127693535514765,,,,,,0.001
0.0135674381484437,,,,,,0.001
0.014365522745411,,,,,,0.001
0.0151636073423783,,,,,,0.001
0.0159616919393456,,,,,,0.001
0.0167597765363128,,,,,,0.001
0.0175578611332801,,,,,,0.001
0.0183559457302474,,,,,,0.001
0.0191540303272147,,,,,,0.001
0.019952114924182,,,,,,0.001
0.0207501995211492,,,,,,0.001
0.0215482841181165,,,,,,0.001
0.0223463687150838,,,,,,0.001
0.0231444533120511,,,,,,0.001
0.0239425379090184,,,,,,0.001
0.0247406225059856,,,,,,0.001
0.0255387071029529,,,,,,0.001
0.0263367916999202,,,,,,0.001
0.0271348762968875,,,,,,0.001
0.0279329608938547,,,,,,0.001
0.028731045490822,,,,,,0.001
0.0295291300877893,,,,,,0.001
0.0303272146847566,,,,,,0.001
0.0311252992817239,,,,,,0.001
0.0319233838786911,,,,,,0.001
0.0327214684756584,,,,,,0.001
0.0335195530726257,,,,,,0.001
0.034317637669593,,,,,,0.001
0.0351157222665603,,,,,,0.001
0.0359138068635275,,,,,,0.001
0.0367118914604948,,,,,,0.001
0.0375099760574621,,,,,,0.001
0.0383080606544294,,,,,,0.001
0.0391061452513966,,,,,,0.001
0.0399042298483639,,,,,,0.001
0.0407023144453312,,,,,,0.001
0.0415003990422985,,,,,,0.001
0.0422984836392658,,,,,,0.001
0.043096568236233,,,,,,0.001
0.0438946528332003,,,,,,0.001
0.0446927374301676,,,,,,0.001
0.0454908220271349,,,,,,0.001
0.0462889066241022,,,,,,0.001
0.0470869912210694,,,,,,0.001
0.0478850758180367,,,,,,0.001
0.048683160415004,,,,,,0.001
0.0494812450119713,,,,,,0.001
0.0502793296089385,,,,,,0.001
0.0510774142059058,,,,,,0.001
0.0518754988028731,,,,,,0.001
0.0526735833998404,,,,,,0.001
0.0534716679968077,,,,,,0.001
0.0542697525937749,,,,,,0.001
0.0550678371907422,,,,,,0.001
0.0558659217877095,,,,,,0.001
0.0566640063846768,,,,,,0.001
0.0574620909816441,,,,,,0.001
0.0582601755786113,,,,,,0.001
0.0590582601755786,,,,,,0.001
0.0598563447725459,,,,,,0.001
0.0606544293695132,,,,,,0.001
0.0614525139664804,,,,,,0.001
0.0622505985634477,,,,,,0.001
0.063048683160415,,,,,,0.001
0.0638467677573823,,,,,,0.001
0.0646448523543496,,,,,,0.001
0.0654429369513168,,,,,,0.001
0.0662410215482841,,,,,,0.001
0.0670391061452514,,,,,,0.001
0.0678371907422187,,,,,,0.001
0.068635275339186,,,,,,0.001
0.0694333599361532,,,,,,0.001
0.0702314445331205,,,,,,0.001
0.0710295291300878,,,,,,0.001
0.0718276137270551,,,,,,0.001
0.0726256983240224,,,,,,0.001
0.0734237829209896,,,,,,0.001
0.0742218675179569,,,,,,0.001
0.0750199521149242,,,,,,0.001
0.0758180367118915,,,,,,0.001
0.0766161213088587,,,,,,0.001
0.077414205905826,,,,,,0.001
0.0782122905027933,,,,,,0.001
0.0790103750997606,,,,,,0.001
0.0798084596967279,,,,,,0.001
0.0806065442936951,,,,,,0.001
0.0814046288906624,,,,,,0.001
0.0822027134876297,,,,,,0.001
0.083000798084597,,,,,,0.001
0.0837988826815642,,,,,,0.001
0.0845969672785315,,,,,,0.001
0.0853950518754988,,,,,,0.001
0.0861931364724661,,,,,,0.001
0.0869912210694334,,,,,,0.001
0.0877893056664006,,,,,,0.001
0.0885873902633679,,,,,,0.001
0.0893854748603352,,,,,,0.001
0.0901835594573025,,,,,,0.001
0.0909816440542698,,,,,,0.001
0.091779728651237,,,,,,0.001
0.0925778132482043,,,,,,0.001
0.0933758978451716,,,,,,0.001
0.0941739824421389,,,,,,0.001
0.0949720670391061,,,,,,0.001
0.0957701516360734,,,,,,0.001
0.0965682362330407,,,,,,0.001
0.097366320830008,,,,,,0.001
0.0981644054269753,,,,,,0.001
0.0989624900239425,,,,,,0.001
0.0997605746209098,,,,,,0.001
0.100558659217877,,,,,,0.001
0.101356743814844,,,,,,0.001
0.102154828411812,,,,,,0.001
0.102952913008779,,,,,,0.001
0.103750997605746,,,,,,0.001
0.104549082202713,,,,,,0.001
0.105347166799681,,,,,,0.001
0.106145251396648,,,,,,0.001
0.106943335993615,,,,,,0.001
0.107741420590583,,,,,,0.001
0.10853950518755,,,,,,0.001
0.109337589784517,,,,,,0.001
0.110135674381484,,,,,,0.001
0.110933758978452,,,,,,0.001
0.111731843575419,,,,,,0.001
0.112529928172386,,,,,,0.001
0.113328012769354,,,,,,0.001
0.114126097366321,,,,,,0.001
0.114924181963288,,,,,,0.001
0.115722266560255,,,,,,0.001
0.116520351157223,,,,,,0.001
0.11731843575419,,,,,,0.001
0.118116520351157,,,,,,0.001
0.118914604948125,,,,,,0.001
0.119712689545092,,,,,,0.001
0.120510774142059,,,,,,0.001
0.121308858739026,,,,,,0.001
0.122106943335994,,,,,,0.001
0.122905027932961,,,,,,0.001
0.123703112529928,,,,,,0.001
0.124501197126895,,,,,,0.001
0.125299281723863,,,,,,0.001
0.12609736632083,,,,,,0.001
0.126895450917797,,,,,,0.001
0.127693535514765,,,,,,0.001
0.128491620111732,,,,,,0.001
0.129289704708699,,,,,,0.001
0.130087789305666,,,,,,0.001
0.130885873902634,,,,,,0.001
0.131683958499601,,,,,,0.001
0.132482043096568,,,,,,0.001
0.133280127693536,,,,,,0.001
0.134078212290503,,,,,,0.001
0.13487629688747,,,,,,0.001
0.135674381484437,,,,,,0.001
0.136472466081405,,,,,,0.001
0.137270550678372,,,,,,0.001
0.138068635275339,,,,,,0.001
0.138866719872306,,,,,,0.001
0.139664804469274,,,,,,0.001
0.140462889066241,,,,,,0.001
0.141260973663208,,,,,,0.001
0.142059058260176,,,,,,0.001
0.142857142857143,,,,,,0.001
0.14365522745411,,,,,,0.001
0.144453312051077,,,,,,0.001
0.145251396648045,,,,,,0.001
0.146049481245012,,,,,,0.001
0.146847565841979,,,,,,0.001
0.147645650438947,,,,,,0.001
0.148443735035914,,,,,,0.001
0.149241819632881,,,,,,0.001
0.150039904229848,,,,,,0.001
0.150837988826816,,,,,,0.001
0.151636073423783,,,,,,0.001
0.15243415802075,,,,,,0.001
0.153232242617717,,,,,,0.001
0.154030327214685,,,,,,0.001
0.154828411811652,,,,,,0.001
0.155626496408619,,,,,,0.001
0.156424581005587,,,,,,0.001
0.157222665602554,,,,,,0.001
0.158020750199521,,,,,,0.001
0.158818834796488,,,,,,0.001
0.159616919393456,,,,,,0.001
0.160415003990423,,,,,,0.001
0.16121308858739,,,,,,0.001
0.162011173184358,,,,,,0.001
0.162809257781325,,,,,,0.001
0.163607342378292,,,,,,0.001
0.164405426975259,,,,,,0.001
0.165203511572227,,,,,,0.001
0.166001596169194,,,,,,0.001
0.166799680766161,,,,,,0.001
0.167597765363128,,,,,,0.001
0.168395849960096,,,,,,0.001
0.169193934557063,,,,,,0.001
0.16999201915403,,,,,,0.001
0.170790103750998,,,,,,0.001
0.171588188347965,,,,,,0.001
0.172386272944932,,,,,,0.001
0.173184357541899,,,,,,0.001
0.173982442138867,,,,,,0.001
0.174780526735834,,,,,,0.001
0.175578611332801,,,,,,0.001
0.176376695929769,,,,,,0.001
0.177174780526736,,,,,,0.001
0.177972865123703,,,,,,0.001
0.17877094972067,,,,,,0.001
0.179569034317638,,,,,,0.001
0.180367118914605,,,,,,0.001
0.181165203511572,,,,,,0.001
0.18196328810854,,,,,,0.001
0.182761372705507,,,,,,0.001
0.183559457302474,,,,,,0.001
0.184357541899441,,,,,,0.001
0.185155626496409,,,,,,0.001
0.185953711093376,,,,,,0.001
0.186751795690343,,,,,,0.001
0.18754988028731,,,,,,0.001
0.188347964884278,,,,,,0.001
0.189146049481245,,,,,,0.001
0.189944134078212,,,,,,0.001
0.19074221867518,,,,,,0.001
0.191540303272147,,,,,,0.001
0.192338387869114,,,,,,0.001
0.193136472466081,,,,,,0.001
0.193934557063049,,,,,,0.001
0.194732641660016,,,,,,0.001
0.195530726256983,,,,,,0.001
0.196328810853951,,,,,,0.001
0.197126895450918,,,,,,0.001
0.197924980047885,,,,,,0.001
0.198723064644852,,,,,,0.001
0.19952114924182,,,,,,0.001
0.200319233838787,,,,,,0.001
0.201117318435754,,,,,,0.001
0.201915403032721,,,,,,0.001
0.202713487629689,,,,,,0.001
0.203511572226656,,,,,,0.001
0.204309656823623,,,,,,0.001
0.205107741420591,,,,,,0.001
0.205905826017558,,,,,,0.001
0.206703910614525,,,,,,0.001
0.207501995211492,,,,,,0.001
0.20830007980846,,,,,,0.001
0.209098164405427,,,,,,0.001
0.209600000000004,0.209,0.001,0.21527,-0.00527,,
0.209600000000008,0.209,0.001,0.21527,-0.00527,,
0.209600000000012,0.209,0.001,0.21527,-0.00527,,
0.209600000000016,0.209,0.001,0.21527,-0.00527,,
0.20960000000002,0.209,0.001,0.21527,-0.00527,,
0.209600000000024,0.209,0.001,0.21527,-0.00527,,
0.209600000000028,0.209,0.001,0.21527,-0.00527,,
0.209600000000032,0.209,0.001,0.21527,-0.00527,,
0.209600000000036,0.209,0.001,0.21527,-0.00527,,
0.20960000000004,0.209,0.001,0.21527,-0.00527,,
0.209600000000044,0.209,0.001,0.21527,-0.00527,,
0.209600000000048,0.209,0.001,0.21527,-0.00527,,
0.209600000000052,0.209,0.001,0.21527,-0.00527,,
0.209600000000056,0.209,0.001,0.21527,-0.00527,,
0.20960000000006,0.209,0.001,0.21527,-0.00527,,
0.209600000000064,0.209,0.001,0.21527,-0.00527,,
0.209600000000068,0.209,0.001,0.21527,-0.00527,,
0.209600000000072,0.209,0.001,0.21527,-0.00527,,
0.209600000000076,0.209,0.001,0.21527,-0.00527,,
0.20960000000008,0.209,0.001,0.21527,-0.00527,,
0.209600000000084,0.209,0.001,0.21527,-0.00527,,
0.209600000000088,0.209,0.001,0.21527,-0.00527,,
0.209600000000092,0.209,0.001,0.21527,-0.00527,,
0.209600000000096,0.209,0.001,0.21527,-0.00527,,
0.2096000000001,0.209,0.001,0.21527,-0.00527,,
0.209600000000104,0.209,0.001,0.21527,-0.00527,,
0.209600000000108,0.209,0.001,0.21527,-0.00527,,
0.209600000000112,0.209,0.001,0.21527,-0.00527,,
0.209600000000116,0.209,0.001,0.21527,-0.00527,,
0.20960000000012,0.209,0.001,0.21527,-0.00527,,
0.209600000000124,0.209,0.001,0.21527,-0.00527,,
0.209600000000128,0.209,0.001,0.21527,-0.00527,,
0.209600000000132,0.209,0.001,0.21527,-0.00527,,
0.209600000000136,0.209,0.001,0.21527,-0.00527,,
0.20960000000014,0.209,0.001,0.21527,-0.00527,,
0.209600000000144,0.209,0.001,0.21527,-0.00527,,
0.209600000000148,0.209,0.001,0.21527,-0.00527,,
0.209600000000152,0.209,0.001,0.21527,-0.00527,,
0.209600000000156,0.209,0.001,0.21527,-0.00527,,
0.20960000000016,0.209,0.001,0.21527,-0.00527,,
0.209600000000164,0.209,0.001,0.21527,-0.00527,,
0.209600000000168,0.209,0.001,0.21527,-0.00527,,
0.209600000000172,0.209,0.001,0.21527,-0.00527,,
0.209600000000176,0.209,0.001,0.21527,-0.00527,,
0.20960000000018,0.209,0.001,0.21527,-0.00527,,
0.209600000000184,0.209,0.001,0.21527,-0.00527,,
0.209600000000188,0.209,0.001,0.21527,-0.00527,,
0.209600000000192,0.209,0.001,0.21527,-0.00527,,
0.209600000000196,0.209,0.001,0.21527,-0.00527,,
0.2096000000002,0.209,0.001,0.21527,-0.00527,,
0.209600000000204,0.209,0.001,0.21527,-0.00527,,
0.209600000000208,0.209,0.001,0.21527,-0.00527,,
0.209600000000212,0.209,0.001,0.21527,-0.00527,,
0.209600000000216,0.209,0.001,0.21527,-0.00527,,
0.20960000000022,0.209,0.001,0.21527,-0.00527,,
0.209600000000224,0.209,0.001,0.21527,-0.00527,,
0.209600000000228,0.209,0.001,0.21527,-0.00527,,
0.209600000000232,0.209,0.001,0.21527,-0.00527,,
0.209600000000236,0.209,0.001,0.21527,-0.00527,,
0.20960000000024,0.209,0.001,0.21527,-0.00527,,
0.209600000000244,0.209,0.001,0.21527,-0.00527,,
0.209600000000248,0.209,0.001,0.21527,-0.00527,,
0.209600000000252,0.209,0.001,0.21527,-0.00527,,
0.209600000000256,0.209,0.001,0.21527,-0.00527,,
0.20960000000026,0.209,0.001,0.21527,-0.00527,,
0.209600000000264,0.209,0.001,0.21527,-0.00527,,
0.209600000000268,0.209,0.001,0.21527,-0.00527,,
0.209600000000272,0.209,0.001,0.21527,-0.00527,,
0.209600000000276,0.209,0.001,0.21527,-0.00527,,
0.20960000000028,0.209,0.001,0.21527,-0.00527,,
0.209600000000284,0.209,0.001,0.21527,-0.00527,,
0.209600000000288,0.209,0.001,0.21527,-0.00527,,
0.209600000000292,0.209,0.001,0.21527,-0.00527,,
0.209600000000296,0.209,0.001,0.21527,-0.00527,,
0.2096000000003,0.209,0.001,0.21527,-0.00527,,
0.209600000000304,0.209,0.001,0.21527,-0.00527,,
0.209600000000308,0.209,0.001,0.21527,-0.00527,,
0.209600000000312,0.209,0.001,0.21527,-0.00527,,
0.209600000000316,0.209,0.001,0.21527,-0.00527,,
0.20960000000032,0.209,0.001,0.21527,-0.00527,,
0.209600000000324,0.209,0.001,0.21527,-0.00527,,
0.209600000000328,0.209,0.001,0.21527,-0.00527,,
0.209600000000332,0.209,0.001,0.21527,-0.00527,,
0.209600000000336,0.209,0.001,0.21527,-0.00527,,
0.20960000000034,0.209,0.001,0.21527,-0.00527,,
0.209600000000344,0.209,0.001,0.21527,-0.00527,,
0.209600000000348,0.209,0.001,0.21527,-0.00527,,
0.209600000000352,0.209,0.001,0.21527,-0.00527,,
0.209600000000356,0.209,0.001,0.21527,-0.00527,,
0.20960000000036,0.209,0.001,0.21527,-0.00527,,
0.209600000000364,0.209,0.001,0.21527,-0.00527,,
0.209600000000368,0.209,0.001,0.21527,-0.00527,,
0.209600000000372,0.209,0.001,0.21527,-0.00527,,
0.209600000000376,0.209,0.001,0.21527,-0.00527,,
0.20960000000038,0.209,0.001,0.21527,-0.00527,,
0.209600000000384,0.209,0.001,0.21527,-0.00527,,
0.209600000000388,0.209,0.001,0.21527,-0.00527,,
0.209600000000392,0.209,0.001,0.21527,-0.00527,,
0.209600000000396,0.209,0.001,0.21527,-0.00527,,
0.2096000000004,0.209,0.001,0.21527,-0.00527,,
0.209600000000404,0.209,0.001,0.21527,-0.00527,,
0.209600000000408,0.209,0.001,0.21527,-0.00527,,
0.209600000000412,0.209,0.001,0.21527,-0.00527,,
0.209600000000416,0.209,0.001,0.21527,-0.00527,,
0.20960000000042,0.209,0.001,0.21527,-0.00527,,
0.209600000000424,0.209,0.001,0.21527,-0.00527,,
0.209600000000428,0.209,0.001,0.21527,-0.00527,,
0.209600000000432,0.209,0.001,0.21527,-0.00527,,
0.209600000000436,0.209,0.001,0.21527,-0.00527,,
0.20960000000044,0.209,0.001,0.21527,-0.00527,,
0.209600000000444,0.209,0.001,0.21527,-0.00527,,
0.209600000000448,0.209,0.001,0.21527,-0.00527,,
0.209600000000452,0.209,0.001,0.21527,-0.00527,,
0.209600000000456,0.209,0.001,0.21527,-0.00527,,
0.20960000000046,0.209,0.001,0.21527,-0.00527,,
0.209600000000464,0.209,0.001,0.21527,-0.00527,,
0.209600000000468,0.209,0.001,0.21527,-0.00527,,
0.209600000000472,0.209,0.001,0.21527,-0.00527,,
0.209600000000476,0.209,0.001,0.21527,-0.00527,,
0.20960000000048,0.209,0.001,0.21527,-0.00527,,
0.209600000000484,0.209,0.001,0.21527,-0.00527,,
0.209600000000488,0.209,0.001,0.21527,-0.00527,,
0.209600000000492,0.209,0.001,0.21527,-0.00527,,
0.209600000000496,0.209,0.001,0.21527,-0.00527,,
0.2096000000005,0.209,0.001,0.21527,-0.00527,,
0.209600000000504,0.209,0.001,0.21527,-0.00527,,
0.209600000000508,0.209,0.001,0.21527,-0.00527,,
0.209600000000512,0.209,0.001,0.21527,-0.00527,,
0.209600000000516,0.209,0.001,0.21527,-0.00527,,
0.20960000000052,0.209,0.001,0.21527,-0.00527,,
0.209600000000524,0.209,0.001,0.21527,-0.00527,,
0.209600000000528,0.209,0.001,0.21527,-0.00527,,
0.209600000000532,0.209,0.001,0.21527,-0.00527,,
0.209600000000536,0.209,0.001,0.21527,-0.00527,,
0.20960000000054,0.209,0.001,0.21527,-0.00527,,
0.209600000000544,0.209,0.001,0.21527,-0.00527,,
0.209600000000548,0.209,0.001,0.21527,-0.00527,,
0.209600000000552,0.209,0.001,0.21527,-0.00527,,
0.209600000000556,0.209,0.001,0.21527,-0.00527,,
0.20960000000056,0.209,0.001,0.21527,-0.00527,,
0.209600000000564,0.209,0.001,0.21527,-0.00527,,
0.209600000000568,0.209,0.001,0.21527,-0.00527,,
0.209600000000572,0.209,0.001,0.21527,-0.00527,,
0.209600000000576,0.209,0.001,0.21527,-0.00527,,
0.20960000000058,0.209,0.001,0.21527,-0.00527,,
0.209600000000584,0.209,0.001,0.21527,-0.00527,,
0.209600000000588,0.209,0.001,0.21527,-0.00527,,
0.209600000000592,0.209,0.001,0.21527,-0.00527,,
0.209600000000596,0.209,0.001,0.21527,-0.00527,,
0.2096000000006,0.209,0.001,0.21527,-0.00527,,
0.209600000000604,0.209,0.001,0.21527,-0.00527,,
0.209600000000608,0.209,0.001,0.21527,-0.00527,,
0.209600000000612,0.209,0.001,0.21527,-0.00527,,
0.209600000000616,0.209,0.001,0.21527,-0.00527,,
0.20960000000062,0.209,0.001,0.21527,-0.00527,,
0.209600000000624,0.209,0.001,0.21527,-0.00527,,
0.209600000000628,0.209,0.001,0.21527,-0.00527,,
0.209600000000632,0.209,0.001,0.21527,-0.00527,,
0.209600000000636,0.209,0.001,0.21527,-0.00527,,
0.209600000000639,0.209,0.001,0.21527,-0.00527,,
0.209600000000643,0.209,0.001,0.21527,-0.00527,,
0.209600000000647,0.209,0.001,0.21527,-0.00527,,
0.209600000000651,0.209,0.001,0.21527,-0.00527,,
0.209600000000655,0.209,0.001,0.21527,-0.00527,,
0.209600000000659,0.209,0.001,0.21527,-0.00527,,
0.209600000000663,0.209,0.001,0.21527,-0.00527,,
0.209600000000667,0.209,0.001,0.21527,-0.00527,,
0.209600000000671,0.209,0.001,0.21527,-0.00527,,
0.209600000000675,0.209,0.001,0.21527,-0.00527,,
0.209600000000679,0.209,0.001,0.21527,-0.00527,,
0.209600000000683,0.209,0.001,0.21527,-0.00527,,
0.209600000000687,0.209,0.001,0.21527,-0.00527,,
0.209600000000691,0.209,0.001,0.21527,-0.00527,,
0.209600000000695,0.209,0.001,0.21527,-0.00527,,
0.209600000000699,0.209,0.001,0.21527,-0.00527,,
0.209600000000703,0.209,0.001,0.21527,-0.00527,,
0.209600000000707,0.209,0.001,0.21527,-0.00527,,
0.209600000000711,0.209,0.001,0.21527,-0.00527,,
0.209600000000715,0.209,0.001,0.21527,-0.00527,,
0.209600000000719,0.209,0.001,0.21527,-0.00527,,
0.209600000000723,0.209,0.001,0.21527,-0.00527,,
0.209600000000727,0.209,0.001,0.21527,-0.00527,,
0.209600000000731,0.209,0.001,0.21527,-0.00527,,
0.209600000000735,0.209,0.001,0.21527,-0.00527,,
0.209600000000739,0.209,0.001,0.21527,-0.00527,,
0.209600000000743,0.209,0.001,0.21527,-0.00527,,
0.209600000000747,0.209,0.001,0.21527,-0.00527,,
0.209600000000751,0.209,0.001,0.21527,-0.00527,,
0.209600000000755,0.209,0.001,0.21527,-0.00527,,
0.209600000000759,0.209,0.001,0.21527,-0.00527,,
0.209600000000763,0.209,0.001,0.21527,-0.00527,,
0.209600000000767,0.209,0.001,0.21527,-0.00527,,
0.209600000000771,0.209,0.001,0.21527,-0.00527,,
0.209600000000775,0.209,0.001,0.21527,-0.00527,,
0.209600000000779,0.209,0.001,0.21527,-0.00527,,
0.209600000000783,0.209,0.001,0.21527,-0.00527,,
0.209600000000787,0.209,0.001,0.21527,-0.00527,,
0.209600000000791,0.209,0.001,0.21527,-0.00527,,
0.209600000000795,0.209,0.001,0.21527,-0.00527,,
0.209600000000799,0.209,0.001,0.21527,-0.00527,,
0.209600000000803,0.209,0.001,0.21527,-0.00527,,
0.209600000000807,0.209,0.001,0.21527,-0.00527,,
0.209600000000811,0.209,0.001,0.21527,-0.00527,,
0.209600000000815,0.209,0.001,0.21527,-0.00527,,
0.209600000000819,0.209,0.001,0.21527,-0.00527,,
0.209600000000823,0.209,0.001,0.21527,-0.00527,,
0.209600000000827,0.209,0.001,0.21527,-0.00527,,
0.209600000000831,0.209,0.001,0.21527,-0.00527,,
0.209600000000835,0.209,0.001,0.21527,-0.00527,,
0.209600000000839,0.209,0.001,0.21527,-0.00527,,
0.209600000000843,0.209,0.001,0.21527,-0.00527,,
0.209600000000847,0.209,0.001,0.21527,-0.00527,,
0.209600000000851,0.209,0.001,0.21527,-0.00527,,
0.209600000000855,0.209,0.001,0.21527,-0.00527,,
0.209600000000859,0.209,0.001,0.21527,-0.00527,,
0.209600000000863,0.209,0.001,0.21527,-0.00527,,
0.209600000000867,0.209,0.001,0.21527,-0.00527,,
0.209600000000871,0.209,0.001,0.21527,-0.00527,,
0.209600000000875,0.209,0.001,0.21527,-0.00527,,
0.209600000000879,0.209,0.001,0.21527,-0.00527,,
0.209600000000883,0.209,0.001,0.21527,-0.00527,,
0.209600000000887,0.209,0.001,0.21527,-0.00527,,
0.209600000000891,0.209,0.001,0.21527,-0.00527,,
0.209600000000895,0.209,0.001,0.21527,-0.00527,,
0.209600000000899,0.209,0.001,0.21527,-0.00527,,
0.209600000000903,0.209,0.001,0.21527,-0.00527,,
0.209600000000907,0.209,0.001,0.21527,-0.00527,,
0.209600000000911,0.209,0.001,0.21527,-0.00527,,
0.209600000000915,0.209,0.001,0.21527,-0.00527,,
0.209600000000919,0.209,0.001,0.21527,-0.00527,,
0.209600000000923,0.209,0.001,0.21527,-0.00527,,
0.209600000000927,0.209,0.001,0.21527,-0.00527,,
0.209600000000931,0.209,0.001,0.21527,-0.00527,,
0.209600000000935,0.209,0.001,0.21527,-0.00527,,
0.209600000000939,0.209,0.001,0.21527,-0.00527,,
0.209600000000943,0.209,0.001,0.21527,-0.00527,,
0.209600000000947,0.209,0.001,0.21527,-0.00527,,
0.209600000000951,0.209,0.001,0.21527,-0.00527,,
0.209600000000955,0.209,0.001,0.21527,-0.00527,,
0.209600000000959,0.209,0.001,0.21527,-0.00527,,
0.209600000000963,0.209,0.001,0.21527,-0.00527,,
0.209600000000967,0.209,0.001,0.21527,-0.00527,,
0.209600000000971,0.209,0.001,0.21527,-0.00527,,
0.209600000000975,0.209,0.001,0.21527,-0.00527,,
0.209600000000979,0.209,0.001,0.21527,-0.00527,,
0.209600000000983,0.209,0.001,0.21527,-0.00527,,
0.209600000000987,0.209,0.001,0.21527,-0.00527,,
0.209600000000991,0.209,0.001,0.21527,-0.00527,,
0.209600000000995,0.209,0.001,0.21527,-0.00527,,
0.209600000000999,0.209,0.001,0.21527,-0.00527,,
0.209600000001003,0.209,0.001,0.21527,-0.00527,,
0.209600000001007,0.209,0.001,0.21527,-0.00527,,
0.209600000001011,0.209,0.001,0.21527,-0.00527,,
0.209600000001015,0.209,0.001,0.21527,-0.00527,,
0.209600000001019,0.209,0.001,0.21527,-0.00527,,
0.209600000001023,0.209,0.001,0.21527,-0.00527,,
0.209600000001027,0.209,0.001,0.21527,-0.00527,,
0.209600000001031,0.209,0.001,0.21527,-0.00527,,
0.209600000001035,0.209,0.001,0.21527,-0.00527,,
0.209600000001039,0.209,0.001,0.21527,-0.00527,,
0.2104,0.209,0.001,0.209833505560245,0.208166494439755,0.207166494439755,
0.209896249002394,,,,,,0.001
0.2112,0.209,0.001,0.209833505560245,0.208166494439755,0.207166494439755,
0.210694333599362,,,,,,0.001
0.212,0.209,0.001,0.209833505560245,0.208166494439755,0.207166494439755,
0.211492418196329,,,,,,0.001
0.2128,0.209,0.001,0.209833505560245,0.208166494439755,0.207166494439755,
0.212290502793296,,,,,,0.001
0.2136,0.209,0.001,0.209833505560245,0.208166494439755,0.207166494439755,
0.213088587390263,,,,,,0.001
0.2144,0.209,0.001,0.209833505560245,0.208166494439755,0.207166494439755,
0.213886671987231,,,,,,0.001
0.2152,0.209,0.001,0.209833505560245,0.208166494439755,0.207166494439755,
0.214684756584198,,,,,,0.001
0.216,0.209,0.001,0.209833505560245,0.208166494439755,0.207166494439755,
0.215482841181165,,,,,,0.001
0.2168,0.209,0.001,0.209833505560245,0.208166494439755,0.207166494439755,
0.216280925778132,,,,,,0.001
0.2176,0.209,0.001,0.209833505560245,0.208166494439755,0.207166494439755,
0.2170790103751,,,,,,0.001
0.2184,0.209,0.001,0.209833505560245,0.208166494439755,0.207166494439755,
0.217877094972067,,,,,,0.001
0.2192,0.209,0.001,0.209833505560245,0.208166494439755,0.207166494439755,
0.218675179569034,,,,,,0.001
0.22,0.209,0.001,0.209833505560245,0.208166494439755,0.207166494439755,
0.219473264166002,,,,,,0.001
0.2208,0.209,0.001,0.209833505560245,0.208166494439755,0.207166494439755,
0.220271348762969,,,,,,0.001
0.2216,0.209,0.001,0.209833505560245,0.208166494439755,0.207166494439755,
0.221069433359936,,,,,,0.001
0.2224,0.209,0.001,0.209833505560245,0.208166494439755,0.207166494439755,
0.221867517956903,,,,,,0.001
0.2232,0.209,0.001,0.209833505560245,0.208166494439755,0.207166494439755,
0.222665602553871,,,,,,0.001
0.224,0.209,0.001,0.209833505560245,0.208166494439755,0.207166494439755,
0.223463687150838,,,,,,0.001
0.2248,0.209,0.001,0.209833505560245,0.208166494439755,0.207166494439755,
0.224261771747805,,,,,,0.001
0.2256,0.209,0.001,0.209833505560245,0.208166494439755,0.207166494439755,
0.225059856344773,,,,,,0.001
0.2264,0.209,0.001,0.209833505560245,0.208166494439755,0.207166494439755,
0.22585794094174,,,,,,0.001
0.2272,0.209,0.001,0.209833505560245,0.208166494439755,0.207166494439755,
0.226656025538707,,,,,,0.001
0.228,0.209,0.001,0.209833505560245,0.208166494439755,0.207166494439755,
0.227454110135674,,,,,,0.001
0.2288,0.209,0.001,0.209833505560245,0.208166494439755,0.207166494439755,
0.228252194732642,,,,,,0.001
0.2296,0.209,0.001,0.209833505560245,0.208166494439755,0.207166494439755,
0.229050279329609,,,,,,0.001
0.2304,0.209,0.001,0.209833505560245,0.208166494439755,0.207166494439755,
0.229848363926576,,,,,,0.001
0.2312,0.209,0.001,0.209833505560245,0.208166494439755,0.207166494439755,
0.230646448523543,,,,,,0.001
0.232,0.209,0.001,0.209833505560245,0.208166494439755,0.207166494439755,
0.231444533120511,,,,,,0.001
0.2328,0.209,0.001,0.209833505560245,0.208166494439755,0.207166494439755,
0.232242617717478,,,,,,0.001
0.2336,0.209,0.001,0.209833505560245,0.208166494439755,0.207166494439755,
0.233040702314445,,,,,,0.001
0.2344,0.209,0.001,0.209833505560245,0.208166494439755,0.207166494439755,
0.233838786911413,,,,,,0.001
0.2352,0.209,0.001,0.209833505560245,0.208166494439755,0.207166494439755,
0.23463687150838,,,,,,0.001
0.236,0.209,0.001,0.209833505560245,0.208166494439755,0.207166494439755,
0.235434956105347,,,,,,0.001
0.2368,0.209,0.001,0.209833505560245,0.208166494439755,0.207166494439755,
0.236233040702314,,,,,,0.001
0.2376,0.209,0.001,0.209833505560245,0.208166494439755,0.207166494439755,
0.237031125299282,,,,,,0.001
0.2384,0.209,0.001,0.209833505560245,0.208166494439755,0.207166494439755,
0.237829209896249,,,,,,0.001
0.2392,0.209,0.001,0.209833505560245,0.208166494439755,0.207166494439755,
0.238627294493216,,,,,,0.001
0.24,0.209,0.001,0.209833505560245,0.208166494439755,0.207166494439755,
0.239425379090184,,,,,,0.001
0.2408,0.209,0.001,0.209833505560245,0.208166494439755,0.207166494439755,
0.240223463687151,,,,,,0.001
0.2416,0.209,0.001,0.209833505560245,0.208166494439755,0.207166494439755,
0.241021548284118,,,,,,0.001
0.2424,0.209,0.001,0.209833505560245,0.208166494439755,0.207166494439755,
0.241819632881085,,,,,,0.001
0.2432,0.209,0.001,0.209833505560245,0.208166494439755,0.207166494439755,
0.242617717478053,,,,,,0.001
0.244,0.209,0.001,0.209833505560245,0.208166494439755,0.207166494439755,
0.24341580207502,,,,,,0.001
0.2448,0.209,0.001,0.209833505560245,0.208166494439755,0.207166494439755,
0.244213886671987,,,,,,0.001
0.2456,0.209,0.001,0.209833505560245,0.208166494439755,0.207166494439755,
0.245011971268955,,,,,,0.001
0.2464,0.209,0.001,0.209833505560245,0.208166494439755,0.207166494439755,
0.245810055865922,,,,,,0.001
0.2472,0.209,0.001,0.209833505560245,0.208166494439755,0.207166494439755,
0.246608140462889,,,,,,0.001
0.248,0.209,0.001,0.209833505560245,0.208166494439755,0.207166494439755,
0.247406225059856,,,,,,0.001
0.2488,0.209,0.001,0.209833505560245,0.208166494439755,0.207166494439755,
0.248204309656824,,,,,,0.001
0.2496,0.209,0.001,0.209833505560245,0.208166494439755,0.207166494439755,
0.249002394253791,,,,,,0.001
0.2504,0.209,0.001,0.209833505560245,0.208166494439755,0.207166494439755,
0.249800478850758,,,,,,0.001
0.2512,0.209,0.001,0.209833505560245,0.208166494439755,0.207166494439755,
0.250598563447725,,,,,,0.001
0.252,0.209,0.001,0.209833505560245,0.208166494439755,0.207166494439755,
0.251396648044693,,,,,,0.001
0.2528,0.209,0.001,0.209833505560245,0.208166494439755,0.207166494439755,
0.25219473264166,,,,,,0.001
0.2536,0.209,0.001,0.209833505560245,0.208166494439755,0.207166494439755,
0.252992817238627,,,,,,0.001
0.2544,0.209,0.001,0.209833505560245,0.208166494439755,0.207166494439755,
0.253790901835595,,,,,,0.001
0.2552,0.209,0.001,0.209833505560245,0.208166494439755,0.207166494439755,
0.254588986432562,,,,,,0.001
0.256,0.209,0.001,0.209833505560245,0.208166494439755,0.207166494439755,
0.255387071029529,,,,,,0.001
0.2568,0.209,0.001,0.209833505560245,0.208166494439755,0.207166494439755,
0.256185155626496,,,,,,0.001
0.2576,0.209,0.001,0.209833505560245,0.208166494439755,0.207166494439755,
0.256983240223464,,,,,,0.001
0.2584,0.209,0.001,0.209833505560245,0.208166494439755,0.207166494439755,
0.257781324820431,,,,,,0.001
0.2592,0.209,0.001,0.209833505560245,0.208166494439755,0.207166494439755,
0.258579409417398,,,,,,0.001
0.26,0.209,0.001,0.209833505560245,0.208166494439755,0.207166494439755,
0.259377494014365,,,,,,0.001
0.2608,0.209,0.001,0.209833505560245,0.208166494439755,0.207166494439755,
0.260175578611333,,,,,,0.001
0.2616,0.209,0.001,0.209833505560245,0.208166494439755,0.207166494439755,
0.2609736632083,,,,,,0.001
0.2624,0.209,0.001,0.209833505560245,0.208166494439755,0.207166494439755,
0.261771747805267,,,,,,0.001
0.2632,0.209,0.001,0.209833505560245,0.208166494439755,0.207166494439755,
0.262569832402235,,,,,,0.001
0.264,0.209,0.001,0.209833505560245,0.208166494439755,0.207166494439755,
0.263367916999202,,,,,,0.001
0.2648,0.209,0.001,0.209833505560245,0.208166494439755,0.207166494439755,
0.264166001596169,,,,,,0.001
0.2656,0.209,0.001,0.209833505560245,0.208166494439755,0.207166494439755,
0.264964086193136,,,,,,0.001
0.2664,0.209,0.001,0.209833505560245,0.208166494439755,0.207166494439755,
0.265762170790104,,,,,,0.001
0.2672,0.209,0.001,0.209833505560245,0.208166494439755,0.207166494439755,
0.266560255387071,,,,,,0.001
0.268,0.209,0.001,0.209833505560245,0.208166494439755,0.207166494439755,
0.267358339984038,,,,,,0.001
0.2688,0.209,0.001,0.209833505560245,0.208166494439755,0.207166494439755,
0.268156424581006,,,,,,0.001
0.2696,0.209,0.001,0.209833505560245,0.208166494439755,0.207166494439755,
0.268954509177973,,,,,,0.001
0.2704,0.209,0.001,0.209833505560245,0.208166494439755,0.207166494439755,
0.26975259377494,,,,,,0.001
0.2712,0.209,0.001,0.209833505560245,0.208166494439755,0.207166494439755,
0.270550678371907,,,,,,0.001
0.272,0.209,0.001,0.209833505560245,0.208166494439755,0.207166494439755,
0.271348762968875,,,,,,0.001
0.2728,0.209,0.001,0.209833505560245,0.208166494439755,0.207166494439755,
0.272146847565842,,,,,,0.001
0.2736,0.209,0.001,0.209833505560245,0.208166494439755,0.207166494439755,
0.272944932162809,,,,,,0.001
0.2744,0.209,0.001,0.209833505560245,0.208166494439755,0.207166494439755,
0.273743016759777,,,,,,0.001
0.2752,0.209,0.001,0.209833505560245,0.208166494439755,0.207166494439755,
0.274541101356744,,,,,,0.001
0.276,0.209,0.001,0.209833505560245,0.208166494439755,0.207166494439755,
0.275339185953711,,,,,,0.001
0.2768,0.209,0.001,0.209833505560245,0.208166494439755,0.207166494439755,
0.276137270550678,,,,,,0.001
0.2776,0.209,0.001,0.209833505560245,0.208166494439755,0.207166494439755,
0.276935355147646,,,,,,0.001
0.2784,0.209,0.001,0.209833505560245,0.208166494439755,0.207166494439755,
0.277733439744613,,,,,,0.001
0.2792,0.209,0.001,0.209833505560245,0.208166494439755,0.207166494439755,
0.27853152434158,,,,,,0.001
0.28,0.209,0.001,0.209833505560245,0.208166494439755,0.207166494439755,
0.279329608938547,,,,,,0.001
0.2808,0.209,0.001,0.209833505560245,0.208166494439755,0.207166494439755,
0.280127693535515,,,,,,0.001
0.2816,0.209,0.001,0.209833505560245,0.208166494439755,0.207166494439755,
0.280925778132482,,,,,,0.001
0.2824,0.209,0.001,0.209833505560245,0.208166494439755,0.207166494439755,
0.281723862729449,,,,,,0.001
0.2832,0.209,0.001,0.209833505560245,0.208166494439755,0.207166494439755,
0.282521947326417,,,,,,0.001
0.284,0.209,0.001,0.209833505560245,0.208166494439755,0.207166494439755,
0.283320031923384,,,,,,0.001
0.2848,0.209,0.001,0.209833505560245,0.208166494439755,0.207166494439755,
0.284118116520351,,,,,,0.001
0.2856,0.209,0.001,0.209833505560245,0.208166494439755,0.207166494439755,
0.284916201117318,,,,,,0.001
0.2864,0.209,0.001,0.209833505560245,0.208166494439755,0.207166494439755,
0.285714285714286,,,,,,0.001
0.2872,0.209,0.001,0.209833505560245,0.208166494439755,0.207166494439755,
0.286512370311253,,,,,,0.001
0.288,0.209,0.001,0.209833505560245,0.208166494439755,0.207166494439755,
0.28731045490822,,,,,,0.001
0.2888,0.209,0.001,0.209833505560245,0.208166494439755,0.207166494439755,
0.288108539505188,,,,,,0.001
0.2896,0.209,0.001,0.209833505560245,0.208166494439755,0.207166494439755,
0.288906624102155,,,,,,0.001
0.2904,0.209,0.001,0.209833505560245,0.208166494439755,0.207166494439755,
0.289704708699122,,,,,,0.001
0.2912,0.209,0.001,0.209833505560245,0.208166494439755,0.207166494439755,
0.290502793296089,,,,,,0.001
0.292,0.209,0.001,0.209833505560245,0.208166494439755,0.207166494439755,
0.291300877893057,,,,,,0.001
0.2928,0.209,0.001,0.209833505560245,0.208166494439755,0.207166494439755,
0.292098962490024,,,,,,0.001
0.2936,0.209,0.001,0.209833505560245,0.208166494439755,0.207166494439755,
0.292897047086991,,,,,,0.001
0.2944,0.209,0.001,0.209833505560245,0.208166494439755,0.207166494439755,
0.293695131683958,,,,,,0.001
0.2952,0.209,0.001,0.209833505560245,0.208166494439755,0.207166494439755,
0.294493216280926,,,,,,0.001
0.296,0.209,0.001,0.209833505560245,0.208166494439755,0.207166494439755,
0.295291300877893,,,,,,0.001
0.2968,0.209,0.001,0.209833505560245,0.208166494439755,0.207166494439755,
0.29608938547486,,,,,,0.001
0.2976,0.209,0.001,0.209833505560245,0.208166494439755,0.207166494439755,
0.296887470071828,,,,,,0.001
0.2984,0.209,0.001,0.209833505560245,0.208166494439755,0.207166494439755,
0.297685554668795,,,,,,0.001
0.2992,0.209,0.001,0.209833505560245,0.208166494439755,0.207166494439755,
0.298483639265762,,,,,,0.001
0.3,0.209,0.001,0.209833505560245,0.208166494439755,0.207166494439755,
0.299281723862729,,,,,,0.001
0.3008,0.209,0.001,0.209833505560245,0.208166494439755,0.207166494439755,
0.300079808459697,,,,,,0.001
0.3016,0.209,0.001,0.209833505560245,0.208166494439755,0.207166494439755,
0.300877893056664,,,,,,0.001
0.3024,0.209,0.001,0.209833505560245,0.208166494439755,0.207166494439755,
0.301675977653631,,,,,,0.001
0.3032,0.209,0.001,0.209833505560245,0.208166494439755,0.207166494439755,
0.302474062250599,,,,,,0.001
0.304,0.209,0.001,0.209833505560245,0.208166494439755,0.207166494439755,
0.303272146847566,,,,,,0.001
0.3048,0.209,0.001,0.209833505560245,0.208166494439755,0.207166494439755,
0.304070231444533,,,,,,0.001
0.3056,0.209,0.001,0.209833505560245,0.208166494439755,0.207166494439755,
0.3048683160415,,,,,,0.001
0.3064,0.209,0.001,0.209833505560245,0.208166494439755,0.207166494439755,
0.305666400638468,,,,,,0.001
0.3072,0.209,0.001,0.209833505560245,0.208166494439755,0.207166494439755,
0.306464485235435,,,,,,0.001
0.308,0.209,0.001,0.209833505560245,0.208166494439755,0.207166494439755,
0.307262569832402,,,,,,0.001
0.3088,0.209,0.001,0.209833505560245,0.208166494439755,0.207166494439755,
0.30806065442937,,,,,,0.001
0.3096,0.209,0.001,0.209833505560245,0.208166494439755,0.207166494439755,
0.308858739026337,,,,,,0.001
0.3104,0.209,0.001,0.209833505560245,0.208166494439755,0.207166494439755,
0.309656823623304,,,,,,0.001
0.3112,0.209,0.001,0.209833505560245,0.208166494439755,0.207166494439755,
0.310454908220271,,,,,,0.001
0.312,0.209,0.001,0.209833505560245,0.208166494439755,0.207166494439755,
0.311252992817239,,,,,,0.001
0.3128,0.209,0.001,0.209833505560245,0.208166494439755,0.207166494439755,
0.312051077414206,,,,,,0.001
0.3136,0.209,0.001,0.209833505560245,0.208166494439755,0.207166494439755,
0.312849162011173,,,,,,0.001
0.3144,0.209,0.001,0.209833505560245,0.208166494439755,0.207166494439755,
0.31364724660814,,,,,,0.001
0.3152,0.209,0.001,0.209833505560245,0.208166494439755,0.207166494439755,
0.314445331205108,,,,,,0.001
0.316,0.209,0.001,0.209833505560245,0.208166494439755,0.207166494439755,
0.315243415802075,,,,,,0.001
0.3168,0.209,0.001,0.209833505560245,0.208166494439755,0.207166494439755,
0.316041500399042,,,,,,0.001
0.3176,0.209,0.001,0.209833505560245,0.208166494439755,0.207166494439755,
0.31683958499601,,,,,,0.001
0.3184,0.209,0.001,0.209833505560245,0.208166494439755,0.207166494439755,
0.317637669592977,,,,,,0.001
0.3192,0.209,0.001,0.209833505560245,0.208166494439755,0.207166494439755,
0.318435754189944,,,,,,0.001
0.32,0.209,0.001,0.209833505560245,0.208166494439755,0.207166494439755,
0.319233838786911,,,,,,0.001
0.3208,0.209,0.001,0.209833505560245,0.208166494439755,0.207166494439755,
0.320031923383879,,,,,,0.001
0.3216,0.209,0.001,0.209833505560245,0.208166494439755,0.207166494439755,
0.320830007980846,,,,,,0.001
0.3224,0.209,0.001,0.209833505560245,0.208166494439755,0.207166494439755,
0.321628092577813,,,,,,0.001
0.3232,0.209,0.001,0.209833505560245,0.208166494439755,0.207166494439755,
0.322426177174781,,,,,,0.001
0.324,0.209,0.001,0.209833505560245,0.208166494439755,0.207166494439755,
0.323224261771748,,,,,,0.001
0.3248,0.209,0.001,0.209833505560245,0.208166494439755,0.207166494439755,
0.324022346368715,,,,,,0.001
0.3256,0.209,0.001,0.209833505560245,0.208166494439755,0.207166494439755,
0.324820430965682,,,,,,0.001
0.3264,0.209,0.001,0.209833505560245,0.208166494439755,0.207166494439755,
0.32561851556265,,,,,,0.001
0.3272,0.209,0.001,0.209833505560245,0.208166494439755,0.207166494439755,
0.326416600159617,,,,,,0.001
0.328,0.209,0.001,0.209833505560245,0.208166494439755,0.207166494439755,
0.327214684756584,,,,,,0.001
0.3288,0.209,0.001,0.209833505560245,0.208166494439755,0.207166494439755,
0.328012769353552,,,,,,0.001
0.3296,0.209,0.001,0.209833505560245,0.208166494439755,0.207166494439755,
0.328810853950519,,,,,,0.001
0.3304,0.209,0.001,0.209833505560245,0.208166494439755,0.207166494439755,
0.329608938547486,,,,,,0.001
0.3312,0.209,0.001,0.209833505560245,0.208166494439755,0.207166494439755,
0.330407023144453,,,,,,0.001
0.332,0.209,0.001,0.209833505560245,0.208166494439755,0.207166494439755,
0.331205107741421,,,,,,0.001
0.3328,0.209,0.001,0.209833505560245,0.208166494439755,0.207166494439755,
0.332003192338388,,,,,,0.001
0.3336,0.209,0.001,0.209833505560245,0.208166494439755,0.207166494439755,
0.332801276935355,,,,,,0.001
0.333599361532322,,,,,,0.001
0.3344,0.209,0.001,0.209833505560245,0.208166494439755,0.207166494439755,
0.33439744612929,,,,,,0.001
0.3352,0.209,0.001,0.209833505560245,0.208166494439755,0.207166494439755,
0.335195530726257,,,,,,0.001
0.336,0.209,0.001,0.209833505560245,0.208166494439755,0.207166494439755,
0.335993615323224,,,,,,0.001
0.3368,0.209,0.001,0.209833505560245,0.208166494439755,0.207166494439755,
0.336791699920192,,,,,,0.001
0.3376,0.209,0.001,0.209833505560245,0.208166494439755,0.207166494439755,
0.337589784517159,,,,,,0.001
0.3384,0.209,0.001,0.209833505560245,0.208166494439755,0.207166494439755,
0.338387869114126,,,,,,0.001
0.3392,0.209,0.001,0.209833505560245,0.208166494439755,0.207166494439755,
0.339185953711093,,,,,,0.001
0.34,0.209,0.001,0.209833505560245,0.208166494439755,0.207166494439755,
0.339984038308061,,,,,,0.001
0.3408,0.209,0.001,0.209833505560245,0.208166494439755,0.207166494439755,
0.340782122905028,,,,,,0.001
0.3416,0.209,0.001,0.209833505560245,0.208166494439755,0.207166494439755,
0.341580207501995,,,,,,0.001
0.3424,0.209,0.001,0.209833505560245,0.208166494439755,0.207166494439755,
0.342378292098962,,,,,,0.001
0.3432,0.209,0.001,0.209833505560245,0.208166494439755,0.207166494439755,
0.34317637669593,,,,,,0.001
0.344,0.209,0.001,0.209833505560245,0.208166494439755,0.207166494439755,
0.343974461292897,,,,,,0.001
0.3448,0.209,0.001,0.209833505560245,0.208166494439755,0.207166494439755,
0.344772545889864,,,,,,0.001
0.3456,0.209,0.001,0.209833505560245,0.208166494439755,0.207166494439755,
0.345570630486832,,,,,,0.001
0.3464,0.209,0.001,0.209833505560245,0.208166494439755,0.207166494439755,
0.346368715083799,,,,,,0.001
0.3472,0.209,0.001,0.209833505560245,0.208166494439755,0.207166494439755,
0.347166799680766,,,,,,0.001
0.348,0.209,0.001,0.209833505560245,0.208166494439755,0.207166494439755,
0.347964884277733,,,,,,0.001
0.3488,0.209,0.001,0.209833505560245,0.208166494439755,0.207166494439755,
0.348762968874701,,,,,,0.001
0.3496,0.209,0.001,0.209833505560245,0.208166494439755,0.207166494439755,
0.349561053471668,,,,,,0.001
0.3504,0.209,0.001,0.209833505560245,0.208166494439755,0.207166494439755,
0.350359138068635,,,,,,0.001
0.3512,0.209,0.001,0.209833505560245,0.208166494439755,0.207166494439755,
0.351157222665603,,,,,,0.001
0.352,0.209,0.001,0.209833505560245,0.208166494439755,0.207166494439755,
0.35195530726257,,,,,,0.001
0.3528,0.209,0.001,0.209833505560245,0.208166494439755,0.207166494439755,
0.352753391859537,,,,,,0.001
0.3536,0.209,0.001,0.209833505560245,0.208166494439755,0.207166494439755,
0.353551476456504,,,,,,0.001
0.3544,0.209,0.001,0.209833505560245,0.208166494439755,0.207166494439755,
0.354349561053472,,,,,,0.001
0.3552,0.209,0.001,0.209833505560245,0.208166494439755,0.207166494439755,
0.355147645650439,,,,,,0.001
0.356,0.209,0.001,0.209833505560245,0.208166494439755,0.207166494439755,
0.355945730247406,,,,,,0.001
0.3568,0.209,0.001,0.209833505560245,0.208166494439755,0.207166494439755,
0.356743814844374,,,,,,0.001
0.3576,0.209,0.001,0.209833505560245,0.208166494439755,0.207166494439755,
0.357541899441341,,,,,,0.001
0.3584,0.209,0.001,0.209833505560245,0.208166494439755,0.207166494439755,
0.358339984038308,,,,,,0.001
0.3592,0.209,0.001,0.209833505560245,0.208166494439755,0.207166494439755,
0.359138068635275,,,,,,0.001
0.36,0.209,0.001,0.209833505560245,0.208166494439755,0.207166494439755,
0.359936153232243,,,,,,0.001
0.3608,0.209,0.001,0.209833505560245,0.208166494439755,0.207166494439755,
0.36073423782921,,,,,,0.001
0.3616,0.209,0.001,0.209833505560245,0.208166494439755,0.207166494439755,
0.361532322426177,,,,,,0.001
0.3624,0.209,0.001,0.209833505560245,0.208166494439755,0.207166494439755,
0.362330407023144,,,,,,0.001
0.3632,0.209,0.001,0.209833505560245,0.208166494439755,0.207166494439755,
0.363128491620112,,,,,,0.001
0.364,0.209,0.001,0.209833505560245,0.208166494439755,0.207166494439755,
0.363926576217079,,,,,,0.001
0.3648,0.209,0.001,0.209833505560245,0.208166494439755,0.207166494439755,
0.364724660814046,,,,,,0.001
0.3656,0.209,0.001,0.209833505560245,0.208166494439755,0.207166494439755,
0.365522745411014,,,,,,0.001
0.3664,0.209,0.001,0.209833505560245,0.208166494439755,0.207166494439755,
0.366320830007981,,,,,,0.001
0.3672,0.209,0.001,0.209833505560245,0.208166494439755,0.207166494439755,
0.367118914604948,,,,,,0.001
0.368,0.209,0.001,0.209833505560245,0.208166494439755,0.207166494439755,
0.367916999201915,,,,,,0.001
0.3688,0.209,0.001,0.209833505560245,0.208166494439755,0.207166494439755,
0.368715083798883,,,,,,0.001
0.3696,0.209,0.001,0.209833505560245,0.208166494439755,0.207166494439755,
0.36951316839585,,,,,,0.001
0.3704,0.209,0.001,0.209833505560245,0.208166494439755,0.207166494439755,
0.370311252992817,,,,,,0.001
0.3712,0.209,0.001,0.209833505560245,0.208166494439755,0.207166494439755,
0.371109337589785,,,,,,0.001
0.372,0.209,0.001,0.209833505560245,0.208166494439755,0.207166494439755,
0.371907422186752,,,,,,0.001
0.3728,0.209,0.001,0.209833505560245,0.208166494439755,0.207166494439755,
0.372705506783719,,,,,,0.001
0.3736,0.209,0.001,0.209833505560245,0.208166494439755,0.207166494439755,
0.373503591380686,,,,,,0.001
0.3744,0.209,0.001,0.209833505560245,0.208166494439755,0.207166494439755,
0.374301675977654,,,,,,0.001
0.3752,0.209,0.001,0.209833505560245,0.208166494439755,0.207166494439755,
0.375099760574621,,,,,,0.001
0.376,0.209,0.001,0.209833505560245,0.208166494439755,0.207166494439755,
0.375897845171588,,,,,,0.001
0.3768,0.209,0.001,0.209833505560245,0.208166494439755,0.207166494439755,
0.376695929768555,,,,,,0.001
0.3776,0.209,0.001,0.209833505560245,0.208166494439755,0.207166494439755,
0.377494014365523,,,,,,0.001
0.3784,0.209,0.001,0.209833505560245,0.208166494439755,0.207166494439755,
0.37829209896249,,,,,,0.001
0.3792,0.209,0.001,0.209833505560245,0.208166494439755,0.207166494439755,
0.379090183559457,,,,,,0.001
0.38,0.209,0.001,0.209833505560245,0.208166494439755,0.207166494439755,
0.379888268156425,,,,,,0.001
0.3808,0.209,0.001,0.209833505560245,0.208166494439755,0.207166494439755,
0.380686352753392,,,,,,0.001
0.3816,0.209,0.001,0.209833505560245,0.208166494439755,0.207166494439755,
0.381484437350359,,,,,,0.001
0.3824,0.209,0.001,0.209833505560245,0.208166494439755,0.207166494439755,
0.382282521947326,,,,,,0.001
0.3832,0.209,0.001,0.209833505560245,0.208166494439755,0.207166494439755,
0.383080606544294,,,,,,0.001
0.384,0.209,0.001,0.209833505560245,0.208166494439755,0.207166494439755,
0.383878691141261,,,,,,0.001
0.3848,0.209,0.001,0.209833505560245,0.208166494439755,0.207166494439755,
0.384676775738228,,,,,,0.001
0.3856,0.209,0.001,0.209833505560245,0.208166494439755,0.207166494439755,
0.385474860335196,,,,,,0.001
0.3864,0.209,0.001,0.209833505560245,0.208166494439755,0.207166494439755,
0.386272944932163,,,,,,0.001
0.3872,0.209,0.001,0.209833505560245,0.208166494439755,0.207166494439755,
0.38707102952913,,,,,,0.001
0.388,0.209,0.001,0.209833505560245,0.208166494439755,0.207166494439755,
0.387869114126097,,,,,,0.001
0.3888,0.209,0.001,0.209833505560245,0.208166494439755,0.207166494439755,
0.388667198723065,,,,,,0.001
0.3896,0.209,0.001,0.209833505560245,0.208166494439755,0.207166494439755,
0.389465283320032,,,,,,0.001
0.3904,0.209,0.001,0.209833505560245,0.208166494439755,0.207166494439755,
0.390263367916999,,,,,,0.001
0.3912,0.209,0.001,0.209833505560245,0.208166494439755,0.207166494439755,
0.391061452513966,,,,,,0.001
0.392,0.209,0.001,0.209833505560245,0.208166494439755,0.207166494439755,
0.391859537110934,,,,,,0.001
0.3928,0.209,0.001,0.209833505560245,0.208166494439755,0.207166494439755,
0.392657621707901,,,,,,0.001
0.3936,0.209,0.001,0.209833505560245,0.208166494439755,0.207166494439755,
0.393455706304868,,,,,,0.001
0.3944,0.209,0.001,0.209833505560245,0.208166494439755,0.207166494439755,
0.394253790901836,,,,,,0.001
0.3952,0.209,0.001,0.209833505560245,0.208166494439755,0.207166494439755,
0.395051875498803,,,,,,0.001
0.396,0.209,0.001,0.209833505560245,0.208166494439755,0.207166494439755,
0.39584996009577,,,,,,0.001
0.3968,0.209,0.001,0.209833505560245,0.208166494439755,0.207166494439755,
0.396648044692737,,,,,,0.001
0.3976,0.209,0.001,0.209833505560245,0.208166494439755,0.207166494439755,
0.397446129289705,,,,,,0.001
0.3984,0.209,0.001,0.209833505560245,0.208166494439755,0.207166494439755,
0.398244213886672,,,,,,0.001
0.3992,0.209,0.001,0.209833505560245,0.208166494439755,0.207166494439755,
0.399042298483639,,,,,,0.001
0.4,0.209,0.001,0.209833505560245,0.208166494439755,0.207166494439755,
0.399840383080607,,,,,,0.001
0.4008,0.209,0.001,0.209833505560245,0.208166494439755,0.207166494439755,
0.400638467677574,,,,,,0.001
0.4016,0.209,0.001,0.209833505560245,0.208166494439755,0.207166494439755,
0.401436552274541,,,,,,0.001
0.4024,0.209,0.001,0.209833505560245,0.208166494439755,0.207166494439755,
0.402234636871508,,,,,,0.001
0.4032,0.209,0.001,0.209833505560245,0.208166494439755,0.207166494439755,
0.403032721468476,,,,,,0.001
0.404,0.209,0.001,0.209833505560245,0.208166494439755,0.207166494439755,
0.403830806065443,,,,,,0.001
0.4048,0.209,0.001,0.209833505560245,0.208166494439755,0.207166494439755,
0.40462889066241,,,,,,0.001
0.4056,0.209,0.001,0.209833505560245,0.208166494439755,0.207166494439755,
0.405426975259377,,,,,,0.001
0.4064,0.209,0.001,0.209833505560245,0.208166494439755,0.207166494439755,
0.406225059856345,,,,,,0.001
0.4072,0.209,0.001,0.209833505560245,0.208166494439755,0.207166494439755,
0.407023144453312,,,,,,0.001
0.408,0.209,0.001,0.209833505560245,0.208166494439755,0.207166494439755,
0.407821229050279,,,,,,0.001
0.4088,0.209,0.001,0.209833505560245,0.208166494439755,0.207166494439755,
0.408619313647247,,,,,,0.001
0.4096,0.209,0.001,0.209833505560245,0.208166494439755,0.207166494439755,
0.409417398244214,,,,,,0.001
0.4104,0.209,0.001,0.209833505560245,0.208166494439755,0.207166494439755,
0.410215482841181,,,,,,0.001
0.4112,0.209,0.001,0.209833505560245,0.208166494439755,0.207166494439755,
0.411013567438148,,,,,,0.001
0.412,0.209,0.001,0.209833505560245,0.208166494439755,0.207166494439755,
0.411811652035116,,,,,,0.001
0.4128,0.209,0.001,0.209833505560245,0.208166494439755,0.207166494439755,
0.412609736632083,,,,,,0.001
0.4136,0.209,0.001,0.209833505560245,0.208166494439755,0.207166494439755,
0.41340782122905,,,,,,0.001
0.4144,0.209,0.001,0.209833505560245,0.208166494439755,0.207166494439755,
0.414205905826018,,,,,,0.001
0.4152,0.209,0.001,0.209833505560245,0.208166494439755,0.207166494439755,
0.415003990422985,,,,,,0.001
0.416,0.209,0.001,0.209833505560245,0.208166494439755,0.207166494439755,
0.415802075019952,,,,,,0.001
0.4168,0.209,0.001,0.209833505560245,0.208166494439755,0.207166494439755,
0.416600159616919,,,,,,0.001
0.4176,0.209,0.001,0.209833505560245,0.208166494439755,0.207166494439755,
0.417398244213887,,,,,,0.001
0.4184,0.209,0.001,0.209833505560245,0.208166494439755,0.207166494439755,
0.418196328810854,,,,,,0.001
0.4192,0.209,0.001,0.209833505560245,0.208166494439755,0.207166494439755,
0.418994413407821,,,,,,0.001
0.42,0.209,0.001,0.209833505560245,0.208166494439755,0.207166494439755,
0.419792498004789,,,,,,0.001
0.4208,0.209,0.001,0.209833505560245,0.208166494439755,0.207166494439755,
0.420590582601756,,,,,,0.001
0.4216,0.209,0.001,0.209833505560245,0.208166494439755,0.207166494439755,
0.421388667198723,,,,,,0.001
0.4224,0.209,0.001,0.209833505560245,0.208166494439755,0.207166494439755,
0.42218675179569,,,,,,0.001
0.4232,0.209,0.001,0.209833505560245,0.208166494439755,0.207166494439755,
0.422984836392658,,,,,,0.001
0.424,0.209,0.001,0.209833505560245,0.208166494439755,0.207166494439755,
0.423782920989625,,,,,,0.001
0.4248,0.209,0.001,0.209833505560245,0.208166494439755,0.207166494439755,
0.424581005586592,,,,,,0.001
0.4256,0.209,0.001,0.209833505560245,0.208166494439755,0.207166494439755,
0.425379090183559,,,,,,0.001
0.4264,0.209,0.001,0.209833505560245,0.208166494439755,0.207166494439755,
0.426177174780527,,,,,,0.001
0.4272,0.209,0.001,0.209833505560245,0.208166494439755,0.207166494439755,
0.426975259377494,,,,,,0.001
0.428,0.209,0.001,0.209833505560245,0.208166494439755,0.207166494439755,
0.427773343974461,,,,,,0.001
0.4288,0.209,0.001,0.209833505560245,0.208166494439755,0.207166494439755,
0.428571428571429,,,,,,0.001
0.4296,0.209,0.001,0.209833505560245,0.208166494439755,0.207166494439755,
0.429369513168396,,,,,,0.001
0.4304,0.209,0.001,0.209833505560245,0.208166494439755,0.207166494439755,
0.430167597765363,,,,,,0.001
0.4312,0.209,0.001,0.209833505560245,0.208166494439755,0.207166494439755,
0.43096568236233,,,,,,0.001
0.432,0.209,0.001,0.209833505560245,0.208166494439755,0.207166494439755,
0.431763766959298,,,,,,0.001
0.4328,0.209,0.001,0.209833505560245,0.208166494439755,0.207166494439755,
0.432561851556265,,,,,,0.001
0.4336,0.209,0.001,0.209833505560245,0.208166494439755,0.207166494439755,
0.433359936153232,,,,,,0.001
0.4344,0.209,0.001,0.209833505560245,0.208166494439755,0.207166494439755,
0.4341580207502,,,,,,0.001
0.4352,0.209,0.001,0.209833505560245,0.208166494439755,0.207166494439755,
0.434956105347167,,,,,,0.001
0.436,0.209,0.001,0.209833505560245,0.208166494439755,0.207166494439755,
0.435754189944134,,,,,,0.001
0.4368,0.209,0.001,0.209833505560245,0.208166494439755,0.207166494439755,
0.436552274541101,,,,,,0.001
0.4376,0.209,0.001,0.209833505560245,0.208166494439755,0.207166494439755,
0.437350359138069,,,,,,0.001
0.4384,0.209,0.001,0.209833505560245,0.208166494439755,0.207166494439755,
0.438148443735036,,,,,,0.001
0.4392,0.209,0.001,0.209833505560245,0.208166494439755,0.207166494439755,
0.438946528332003,,,,,,0.001
0.44,0.209,0.001,0.209833505560245,0.208166494439755,0.207166494439755,
0.43974461292897,,,,,,0.001
0.4408,0.209,0.001,0.209833505560245,0.208166494439755,0.207166494439755,
0.440542697525938,,,,,,0.001
0.4416,0.209,0.001,0.209833505560245,0.208166494439755,0.207166494439755,
0.441340782122905,,,,,,0.001
0.4424,0.209,0.001,0.209833505560245,0.208166494439755,0.207166494439755,
0.442138866719872,,,,,,0.001
0.4432,0.209,0.001,0.209833505560245,0.208166494439755,0.207166494439755,
0.44293695131684,,,,,,0.001
0.444,0.209,0.001,0.209833505560245,0.208166494439755,0.207166494439755,
0.443735035913807,,,,,,0.001
0.4448,0.209,0.001,0.209833505560245,0.208166494439755,0.207166494439755,
0.444533120510774,,,,,,0.001
0.4456,0.209,0.001,0.209833505560245,0.208166494439755,0.207166494439755,
0.445331205107741,,,,,,0.001
0.4464,0.209,0.001,0.209833505560245,0.208166494439755,0.207166494439755,
0.446129289704709,,,,,,0.001
0.4472,0.209,0.001,0.209833505560245,0.208166494439755,0.207166494439755,
0.446927374301676,,,,,,0.001
0.448,0.209,0.001,0.209833505560245,0.208166494439755,0.207166494439755,
0.447725458898643,,,,,,0.001
0.4488,0.209,0.001,0.209833505560245,0.208166494439755,0.207166494439755,
0.448523543495611,,,,,,0.001
0.4496,0.209,0.001,0.209833505560245,0.208166494439755,0.207166494439755,
0.449321628092578,,,,,,0.001
0.4504,0.209,0.001,0.209833505560245,0.208166494439755,0.207166494439755,
0.450119712689545,,,,,,0.001
0.4512,0.209,0.001,0.209833505560245,0.208166494439755,0.207166494439755,
0.450917797286512,,,,,,0.001
0.452,0.209,0.001,0.209833505560245,0.208166494439755,0.207166494439755,
0.45171588188348,,,,,,0.001
0.4528,0.209,0.001,0.209833505560245,0.208166494439755,0.207166494439755,
0.452513966480447,,,,,,0.001
0.4536,0.209,0.001,0.209833505560245,0.208166494439755,0.207166494439755,
0.453312051077414,,,,,,0.001
0.4544,0.209,0.001,0.209833505560245,0.208166494439755,0.207166494439755,
0.454110135674381,,,,,,0.001
0.4552,0.209,0.001,0.209833505560245,0.208166494439755,0.207166494439755,
0.454908220271349,,,,,,0.001
0.456,0.209,0.001,0.209833505560245,0.208166494439755,0.207166494439755,
0.455706304868316,,,,,,0.001
0.4568,0.209,0.001,0.209833505560245,0.208166494439755,0.207166494439755,
0.456504389465283,,,,,,0.001
0.4576,0.209,0.001,0.209833505560245,0.208166494439755,0.207166494439755,
0.457302474062251,,,,,,0.001
0.4584,0.209,0.001,0.209833505560245,0.208166494439755,0.207166494439755,
0.458100558659218,,,,,,0.001
0.4592,0.209,0.001,0.209833505560245,0.208166494439755,0.207166494439755,
0.458898643256185,,,,,,0.001
0.46,0.209,0.001,0.209833505560245,0.208166494439755,0.207166494439755,
0.459696727853152,,,,,,0.001
0.4608,0.209,0.001,0.209833505560245,0.208166494439755,0.207166494439755,
0.46049481245012,,,,,,0.001
0.4616,0.209,0.001,0.209833505560245,0.208166494439755,0.207166494439755,
0.461292897047087,,,,,,0.001
0.4624,0.209,0.001,0.209833505560245,0.208166494439755,0.207166494439755,
0.462090981644054,,,,,,0.001
0.4632,0.209,0.001,0.209833505560245,0.208166494439755,0.207166494439755,
0.462889066241022,,,,,,0.001
0.464,0.209,0.001,0.209833505560245,0.208166494439755,0.207166494439755,
0.463687150837989,,,,,,0.001
0.4648,0.209,0.001,0.209833505560245,0.208166494439755,0.207166494439755,
0.464485235434956,,,,,,0.001
0.4656,0.209,0.001,0.209833505560245,0.208166494439755,0.207166494439755,
0.465283320031923,,,,,,0.001
0.4664,0.209,0.001,0.209833505560245,0.208166494439755,0.207166494439755,
0.466081404628891,,,,,,0.001
0.4672,0.209,0.001,0.209833505560245,0.208166494439755,0.207166494439755,
0.466879489225858,,,,,,0.001
0.468,0.209,0.001,0.209833505560245,0.208166494439755,0.207166494439755,
0.467677573822825,,,,,,0.001
0.4688,0.209,0.001,0.209833505560245,0.208166494439755,0.207166494439755,
0.468475658419792,,,,,,0.001
0.4696,0.209,0.001,0.209833505560245,0.208166494439755,0.207166494439755,
0.46927374301676,,,,,,0.001
0.4704,0.209,0.001,0.209833505560245,0.208166494439755,0.207166494439755,
0.470071827613727,,,,,,0.001
0.4712,0.209,0.001,0.209833505560245,0.208166494439755,0.207166494439755,
0.470869912210694,,,,,,0.001
0.472,0.209,0.001,0.209833505560245,0.208166494439755,0.207166494439755,
0.471667996807662,,,,,,0.001
0.4728,0.209,0.001,0.209833505560245,0.208166494439755,0.207166494439755,
0.472466081404629,,,,,,0.001
0.4736,0.209,0.001,0.209833505560245,0.208166494439755,0.207166494439755,
0.473264166001596,,,,,,0.001
0.4744,0.209,0.001,0.209833505560245,0.208166494439755,0.207166494439755,
0.474062250598563,,,,,,0.001
0.4752,0.209,0.001,0.209833505560245,0.208166494439755,0.207166494439755,
0.474860335195531,,,,,,0.001
0.476,0.209,0.001,0.209833505560245,0.208166494439755,0.207166494439755,
0.475658419792498,,,,,,0.001
0.4768,0.209,0.001,0.209833505560245,0.208166494439755,0.207166494439755,
0.476456504389465,,,,,,0.001
0.4776,0.209,0.001,0.209833505560245,0.208166494439755,0.207166494439755,
0.477254588986433,,,,,,0.001
0.4784,0.209,0.001,0.209833505560245,0.208166494439755,0.207166494439755,
0.4780526735834,,,,,,0.001
0.4792,0.209,0.001,0.209833505560245,0.208166494439755,0.207166494439755,
0.478850758180367,,,,,,0.001
0.48,0.209,0.001,0.209833505560245,0.208166494439755,0.207166494439755,
0.479648842777334,,,,,,0.001
0.4808,0.209,0.001,0.209833505560245,0.208166494439755,0.207166494439755,
0.480446927374302,,,,,,0.001
0.4816,0.209,0.001,0.209833505560245,0.208166494439755,0.207166494439755,
0.481245011971269,,,,,,0.001
0.4824,0.209,0.001,0.209833505560245,0.208166494439755,0.207166494439755,
0.482043096568236,,,,,,0.001
0.4832,0.209,0.001,0.209833505560245,0.208166494439755,0.207166494439755,
0.482841181165204,,,,,,0.001
0.484,0.209,0.001,0.209833505560245,0.208166494439755,0.207166494439755,
0.483639265762171,,,,,,0.001
0.4848,0.209,0.001,0.209833505560245,0.208166494439755,0.207166494439755,
0.484437350359138,,,,,,0.001
0.4856,0.209,0.001,0.209833505560245,0.208166494439755,0.207166494439755,
0.485235434956105,,,,,,0.001
0.4864,0.209,0.001,0.209833505560245,0.208166494439755,0.207166494439755,
0.486033519553073,,,,,,0.001
0.4872,0.209,0.001,0.209833505560245,0.208166494439755,0.207166494439755,
0.48683160415004,,,,,,0.001
0.488,0.209,0.001,0.209833505560245,0.208166494439755,0.207166494439755,
0.487629688747007,,,,,,0.001
0.4888,0.209,0.001,0.209833505560245,0.208166494439755,0.207166494439755,
0.488427773343974,,,,,,0.001
0.4896,0.209,0.001,0.209833505560245,0.208166494439755,0.207166494439755,
0.489225857940942,,,,,,0.001
0.4904,0.209,0.001,0.209833505560245,0.208166494439755,0.207166494439755,
0.490023942537909,,,,,,0.001
0.4912,0.209,0.001,0.209833505560245,0.208166494439755,0.207166494439755,
0.490822027134876,,,,,,0.001
0.492,0.209,0.001,0.209833505560245,0.208166494439755,0.207166494439755,
0.491620111731844,,,,,,0.001
0.4928,0.209,0.001,0.209833505560245,0.208166494439755,0.207166494439755,
0.492418196328811,,,,,,0.001
0.4936,0.209,0.001,0.209833505560245,0.208166494439755,0.207166494439755,
0.493216280925778,,,,,,0.001
0.4944,0.209,0.001,0.209833505560245,0.208166494439755,0.207166494439755,
0.494014365522745,,,,,,0.001
0.4952,0.209,0.001,0.209833505560245,0.208166494439755,0.207166494439755,
0.494812450119713,,,,,,0.001
0.496,0.209,0.001,0.209833505560245,0.208166494439755,0.207166494439755,
0.49561053471668,,,,,,0.001
0.4968,0.209,0.001,0.209833505560245,0.000999657232783668,0,
0.496408619313647,,,,,,0.001
0.4976,0.209,0.001,0.209833505560245,0.000166702104286116,0,
0.497206703910615,,,,,,0.001
0.4984,0.209,0.001,0.209833505560245,0.000166647986735542,0,
0.498004788507582,,,,,,0.001
0.4992,0.209,0.001,0.209833505560245,0.000166593869184967,0,
0.498802873104549,,,,,,0.001
0.5,0.209,0.001,0.21527,0.20273,,
0.499600957701516,,,,,,0.001
0.5,0.209,0.001,0.21527,-0.00527,,
0.5008,0.000999991238250595,0.000999984569628357,0.209833505560245,0.000166485634083818,0,
0.500000000150008,,,,,,0.001
0.500000000150008,,,,,,0.001
0.500399042298484,,,,,,0.000999998769663373
0.5016,0.000999937120700021,0.000999923476594802,0.209833505560245,0.000166431277930381,0,
0.501197126895451,,,,,,0.000999970505262465
0.5024,0.000999799865982719,0.000999781160474656,0.209833505560245,0.000166293356912415,0,
0.501995211492418,,,,,,0.000999877342291659
0.5032,0.000999548334444178,0.000999527775826403,0.209833505560245,0.000166040495896578,0,
0.502793296089385,,,,,,0.000999687709371701
0.504,0.000999158567303475,0.000999137544262438,0.209000334005475,0.00016564853822586,0,
0.503591380686353,,,,,,0.000999373868034774
0.5048,0.000998612687709624,0.000998590347499397,0.00183212271678724,0.000165099458874547,0,
0.50438946528332,,,,,,0.00099891229816693
0.5056,0.000997897602165543,0.000997872931233472,0.00183141083100062,0.000164380077269104,0,
0.505187549880287,,,,,,0.000998286422063638
0.5064,0.000997004397826269,0.000996977386347787,0.00183052192272271,0.000163481453223415,0,
0.505985634477255,,,,,,0.000997486323708054
0.5072,0.00099592773223807,0.000995899460926584,0.00182945067684092,0.000162398273284023,0,
0.506783719074222,,,,,,0.000996506089963318
0.508,0.000994665353776027,0.000994636967569805,0.00182819481273008,0.000161128363283297,0,
0.507581803671189,,,,,,0.000995343074172033
0.5088,0.000993217658228125,0.000993189833469258,0.00182675464872086,0.000159672233694191,0,
0.508379888268156,,,,,,0.000993995542488393
0.5096,0.00099158724966872,0.000991560530979261,0.00182513267420265,0.000158032626623817,0,
0.509177972865124,,,,,,0.000992464940248395
0.5104,0.000989778486114914,0.000989753016932459,0.00182333310915982,0.000156214048218251,0,
0.509976057462091,,,,,,0.000990754635276507
0.5112,0.000987797040518508,0.000987772785293336,0.00182136147841517,0.000154222352304792,0,
0.510774142059058,,,,,,0.00098886905857461
0.512,0.000985650025186454,0.000985626882312522,0.00181922471340017,0.000152064804104855,0,
0.511572226656026,,,,,,0.000986814573414801
0.5128,0.000983345231521371,0.000983323078061028,0.00181693045260297,0.000149749370433891,0,
0.512370311252993,,,,,,0.000984598731806071
0.5136,0.000980891331258647,0.000980869991524613,0.00181448719234613,0.000147284867421832,0,
0.51316839584996,,,,,,0.000982229389783331
0.5144,0.000978297356772819,0.000978276849037946,0.00181190382060963,0.000144680483753593,0,
0.513966480446927,,,,,,0.000979715709571204
0.5152,0.000975572860322755,0.000975553436010747,0.00180918973334198,0.000141945896019206,0,
0.514764565043895,,,,,,0.000977066849973896
0.516,0.000972727536761122,0.000972709373755149,0.00180635450106467,0.00013909091649872,0,
0.515562649640862,,,,,,0.000974292997402141
0.5168,0.000969771216867553,0.000969754501422178,0.00180340783712995,0.000136125473040226,0,
0.516360734237829,,,,,,0.000971403173228798
0.5176,0.00096671371957909,0.000966698576712695,0.00180035946340642,0.000133059464010672,0,
0.517158818834797,,,,,,0.000968407766603398
0.5184,0.000963564758686088,0.000963551255368353,0.00179721901425451,0.000129902667974883,0,
0.517956903431764,,,,,,0.000965315889087654
0.5192,0.000960333891748029,0.000960322032315611,0.00179399598245923,0.00012666468784626,0,
0.518754988028731,,,,,,0.000962137514233005
0.52,0.000957030423422063,0.000957020167209427,0.00179069962732383,0.000123354865246625,0,
0.519553072625698,,,,,,0.000958881628441409
0.5208,0.000953663422742312,0.000953654705798923,0.00178733898091775,0.000119982283972885,0,
0.520351157222666,,,,,,0.000955557590527156
0.5216,0.000950241597614129,0.000950234357569911,0.00178392273638356,0.000116555666592626,0,
0.521149241819633,,,,,,0.000952174082831152
0.5224,0.000946773384105711,0.000946767562754712,0.00178045931512721,0.000113083439801988,0,
0.5219473264166,,,,,,0.000948739725073998
0.5232,0.00094326679446075,0.000943262353783274,0.00177695673876447,0.000109573610871936,0,
0.522745411013567,,,,,,0.000945262711111928
0.524,0.000939729533357804,0.000939726425884943,0.00177342271694662,0.000106033858706957,0,
0.523543495610535,,,,,,0.000941750847824263
0.5248,0.000936168865039419,0.000936167115464899,0.00176986453969027,0.00010247142613452,0,
0.524341580207502,,,,,,0.000938211648629647
0.5256,0.000932591711551542,0.000932591327160675,0.00176628915045644,9.88931988012166e-05,0,
0.525139664804469,,,,,,0.000934652224596311
0.5264,0.000929004561137005,0.000929005521375501,0.00176270307388733,9.53056325728816e-05,0,
0.525937749401437,,,,,,0.000931079240137858
0.5272,0.000925413547189517,0.000925415805039466,0.00175911247575364,9.17148175923093e-05,0,
0.526735833998404,,,,,,0.000927498924595114
0.528,0.000921824381424016,0.000921828007912479,0.00175552311102122,8.81264276188612e-05,0,
0.527533918595371,,,,,,0.000923917219719516
0.5288,0.000918242431010011,0.000918247432180221,0.00175194038481517,8.45457831944673e-05,0,
0.528332003192338,,,,,,0.000920339802241713
0.5296,0.000914672660041549,0.000914678891394499,0.00174836930785709,8.09778080988937e-05,0,
0.529130087789306,,,,,,0.000916771640472457
0.5304,0.000911119705237484,0.000911126910810519,0.00174481455718014,7.74270924918522e-05,0,
0.529928172386273,,,,,,0.000913217379130816
0.5312,0.000907587829888912,0.000907596020192844,0.00174128044263454,7.38978587348086e-05,0,
0.53072625698324,,,,,,0.000909681404299461
0.532,0.000904080984906665,0.000904090104242922,0.00173777095606077,7.03940136952676e-05,0,
0.531524341580207,,,,,,0.000906168290912303
0.5328,0.000900602784176742,0.00090061250643797,0.00173428975538814,6.69191313786445e-05,0,
0.532322426177175,,,,,,0.000902681400527436
0.5336,0.000897156545745716,0.00089716660754891,0.00173084019854381,6.34764894665079e-05,0,
0.533120510774142,,,,,,0.000899224024041029
0.5344,0.00089374528628322,0.000893755791313055,0.00172742534256243,6.00690676740233e-05,0,
0.533918595371109,,,,,,0.000895799562502882
0.5352,0.000890371750957562,0.000890382731074739,0.00172404796956676,5.66995748553544e-05,0,
0.534716679968077,,,,,,0.000892411347665636
0.536,0.000887038414807103,0.00088704965574066,0.00172071059090931,5.33704523882721e-05,0,
0.535514764565044,,,,,,0.000889061584470628
0.5368,0.000883747502448056,0.000883758967674074,0.00171741546486689,5.00838931967517e-05,0,
0.536312849162011,,,,,,0.000885752491164759
0.5376,0.000880501000144224,0.000880512851584835,0.00171416460939553,4.68418537260025e-05,0,
0.537110933758978,,,,,,0.000882486561461802
0.5384,0.000877300666117495,0.000877312935856964,0.00171095981253572,4.36460652640731e-05,0,
0.537909018355946,,,,,,0.000879265755526804
0.5392,0.000874148050921275,0.000874160564438609,0.0017078026517747,4.04980532025329e-05,0,
0.538707102952913,,,,,,0.000876091471278038
0.54,0.000871044506259012,0.000871057387076958,0.00170469450397775,3.73991464752358e-05,0,
0.53950518754988,,,,,,0.000872965002949946
0.5408,0.000867991200317379,0.00086800463321474,0.00170163656010116,3.43504939564696e-05,0,
0.540303272146848,,,,,,0.000869888203154804
0.5416,0.000864989145406325,0.000865003075879682,0.00169862985176723,3.13530882387e-05,0,
0.541101356743815,,,,,,0.000866861901837221
0.5424,0.000862039183709684,0.000862053391491232,0.00169567524087731,2.84077557337022e-05,0,
0.541899441340782,,,,,,0.000863886828281622
0.5432,0.00085914202130773,0.000859156648841153,0.00169277344928371,2.5515188314766e-05,0,
0.542697525937749,,,,,,0.00086096361911327
0.544,0.000856298237024866,0.000856313365893023,0.00168992507001783,2.26759434102454e-05,0,
0.543495610534717,,,,,,0.000858093590091483
0.5448,0.00085350818719299,0.000853523704032647,0.00168713048080761,1.98903754630926e-05,0,
0.544293695131684,,,,,,0.000855276779650882
0.5456,0.000850772226128567,0.000850787928387195,0.00168439003785846,1.71588267275516e-05,0,
0.545091779728651,,,,,,0.000852513419596918
0.5464,0.000848090579610287,0.000848106547309613,0.0016817039790113,1.44815148923541e-05,0,
0.545889864325618,,,,,,0.000849803791440946
0.5472,0.000845463384754821,0.000845479593184417,0.00167907244947275,1.18585589478635e-05,0,
0.546687948922586,,,,,,0.000847148528406946
0.548,0.000842890552471478,0.000842906859336315,0.00167649537827843,9.28987398631492e-06,0,
0.547486033519553,,,,,,0.000844547320142406
0.5488,0.00084037204329951,0.000840388275784869,0.00167397272178467,6.77541494335794e-06,0,
0.54828411811652,,,,,,0.000842000020754066
0.5496,0.000837907739364908,0.000837923829429586,0.00167150436772106,4.3150593218153e-06,0,
0.549082202713488,,,,,,0.000839506603413105
0.5504,0.000835497450903059,0.000835513268026736,0.00166909013094615,1.9086052192559e-06,0,
0.549880287310455,,,,,,0.000837067062748001
0.5512,0.00083314080337945,0.000833156254421794,0.00166672964906325,-4.44317965081157e-07,0,
0.550678371907422,,,,,,0.00083468101434311
0.552,0.000830837453060592,0.000830852454148647,0.00166442257440512,-2.74405364996021e-06,0,
0.551476456504389,,,,,,0.000832348150326408
0.5528,0.000828587036475675,0.000828601493941007,0.00166216854318623,-4.99096774216677e-06,0,
0.552274541101357,,,,,,0.000830068125665188
0.5536,0.000826389126958814,0.000826402967865258,0.00165996713117666,-7.18549243590764e-06,0,
0.553072625698324,,,,,,0.000827840556217769
0.5544,0.000824243180646695,0.000824256449712396,0.00165781780004142,-9.32816939041865e-06,0,
0.553870710295291,,,,,,0.000825665029049925
0.5552,0.000822148648307442,0.000822161278365827,0.00165571999834456,-1.14195442228792e-05,0,
0.554668794892259,,,,,,0.000823541115694182
0.556,0.000820104998253501,0.000820116857767906,0.00165367319078382,-1.34601490349791e-05,0,
0.555466879489226,,,,,,0.000821468042784994
0.5568,0.00081811165117511,0.000818122608486763,0.00165167679846359,-1.54505647574846e-05,0,
0.556264964086193,,,,,,0.000819445310723486
0.5576,0.000816167954997562,0.000816177884281176,0.00164973017093016,-1.73914417663612e-05,0,
0.55706304868316,,,,,,0.000817472306193768
0.5584,0.00081427323629819,0.000814282005805903,0.00164783263306211,-1.92834482340909e-05,0,
0.557861133280128,,,,,,0.000815548373505611
0.5592,0.000812426862893299,0.000812434267916147,0.00164598354742558,-2.11272154515759e-05,0,
0.558659217877095,,,,,,0.00081367282892666
0.56,0.00081062816819234,0.000810633943418892,0.00164418224653721,-2.2923409660221e-05,0,
0.559457302474062,,,,,,0.000811844964389303
0.5608,0.000808876437838636,0.000808880411048911,0.0016424280156912,-2.46727438841869e-05,0,
0.56025538707103,,,,,,0.000810064051197522
0.5616,0.000807170924530619,0.000807173224609093,0.00164072010625344,-2.63759591128656e-05,0,
0.561053471667997,,,,,,0.000808329525774586
0.5624,0.000805510945349144,0.000805511670086937,0.00163905782899263,-2.80337368862655e-05,0,
0.561851556264964,,,,,,0.000806641001876377
0.5632,0.000803895788103082,0.000803895046005747,0.00163744047033849,-2.96467878244322e-05,0,
0.562649640861931,,,,,,0.000804997620343431
0.564,0.000802324713003873,0.000802322743766441,0.00163586728893139,-3.12158507363106e-05,0,
0.563447725458899,,,,,,0.000803398759644934
0.5648,0.000800796937619707,0.000800794184197294,0.00163433750135989,-3.2741701598051e-05,0,
0.564245810055866,,,,,,0.000801843823404337
0.5656,0.000799311756024074,0.000799308823429512,0.00163285039524183,-3.42250447443316e-05,0,
0.565043894652833,,,,,,0.000800332246205254
0.5664,0.000797868436578678,0.000797865165760365,0.00163140523734708,-3.56666094836188e-05,0,
0.565841979249801,,,,,,0.000798863499397357
0.5672,0.000796466237528856,0.000796462359165584,0.00163000128359115,-3.70671364537977e-05,0,
0.566640063846768,,,,,,0.000797435676689988
0.568,0.00079510437728325,0.00079509992102391,0.0016286377512659,-3.84274017013632e-05,0,
0.567438148443735,,,,,,0.000796048394015523
0.5688,0.000793782142545203,0.00079377716317252,0.00162731392152982,-3.97481166538137e-05,0,
0.568236233040702,,,,,,0.000794701131243345
0.5696,0.000792498802517198,0.000792493326898367,0.00162602906171621,-4.1030009504848e-05,0,
0.56903431763767,,,,,,0.000793393135673095
0.5704,0.00079125362765091,0.000791247653588121,0.00162478243967296,-4.2273808304632e-05,0,
0.569832402234637,,,,,,0.000792123653767441
0.5712,0.000790045860605026,0.000790039426972595,0.00162357329656057,-4.34802660264602e-05,0,
0.570630486831604,,,,,,0.000790891932480434
0.572,0.000788874795831478,0.000788868049867969,0.00162240092246296,-4.46500861507656e-05,0,
0.571428571428571,,,,,,0.000789697277901064
0.5728,0.000787739720083861,0.000787732779417418,0.0016212646020661,-4.57839793770328e-05,0,
0.572226656025539,,,,,,0.000788539138190038
0.5736,0.000786639927316436,0.000786632890306652,0.00162016362677733,-4.68826501368654e-05,0,
0.573024740622506,,,,,,0.000787416701145745
0.5744,0.000785574691855101,0.000785567705289327,0.0016190972693084,-4.79468205194743e-05,0,
0.573822825219473,,,,,,0.000786329283222475
0.5752,0.000784543330977293,0.00078453656414691,0.00161806484335187,-4.89771712253553e-05,0,
0.574620909816441,,,,,,0.000785276216390135
0.576,0.000783545160000708,0.000783538825590019,0.00161706566220336,-4.99743845863484e-05,0,
0.575418994413408,,,,,,0.000784256850013033
0.5768,0.000782579504805074,0.000782573588791685,0.00161609904939213,-5.09391332537487e-05,0,
0.576217079010375,,,,,,0.000783270552728673
0.5776,0.000781645673305444,0.000781640097039009,0.00161516431136427,-5.18721062115294e-05,0,
0.577015163607342,,,,,,0.000782316330471023
0.5784,0.000780743014760605,0.000780737763059717,0.00161426079427758,-5.27739523825825e-05,0,
0.57781324820431,,,,,,0.000781393522839999
0.5792,0.000779870878168424,0.000779865951091261,0.00161338784531161,-5.36453207074972e-05,0,
0.578611332801277,,,,,,0.00078050157536954
0.58,0.000779028623364416,0.00077902400488528,0.00161254482224034,-5.44868498608908e-05,0,
0.579409417398244,,,,,,0.000779639828788359
0.5808,0.000778215600700164,0.000778211279346828,0.00161173107392547,-5.52991871027826e-05,0,
0.580207501995212,,,,,,0.000778807634324738
0.5816,0.000777431189417768,0.000777427142195782,0.00161094597722071,-5.60829514414762e-05,0,
0.581005586592179,,,,,,0.000778004354451476
0.5824,0.000776674775440307,0.000776670979523944,0.00161018891629955,-5.68387552088035e-05,0,
0.581803671189146,,,,,,0.00077722936484931
0.5832,0.00077594575375467,0.000775942184131798,0.00160945928440378,-5.75672019380762e-05,0,
0.582601755786113,,,,,,0.000776482061148338
0.584,0.000775243518809202,0.00077524016378718,0.00160875647450195,-5.82688953622711e-05,0,
0.583399840383081,,,,,,0.000775761841008877
0.5848,0.000774567482766825,0.000774564342682938,0.0016080798969383,-5.89444217249962e-05,0,
0.584197924980048,,,,,,0.000775068121299173
0.5856,0.00077391706844069,0.000773914161012058,0.00160742897293251,-5.95943567264422e-05,0,
0.584996009577015,,,,,,0.000774400334162063
0.5864,0.000773291706962781,0.000773289075741799,0.00160680313212991,-6.02192678580149e-05,0,
0.585794094173982,,,,,,0.000773757927779921
0.5872,0.000772690834696134,0.000772688435010137,0.00160620180951693,-6.08197173107987e-05,0,
0.58659217877095,,,,,,0.000773140367139612
0.588,0.00077211389978784,0.000772111623261056,0.00160562445179477,-6.13962555596705e-05,0,
0.587390263367917,,,,,,0.000772546968860364
0.5888,0.000771560361794975,0.00077155814912985,0.00160507051714249,-6.19494217752971e-05,0,
0.588188347964884,,,,,,0.0007719771447775
0.5896,0.000771029688725384,0.000771027500085611,0.00160453947229566,-6.24797467466963e-05,0,
0.588986432561852,,,,,,0.000771430438556662
0.5904,0.000770521355712725,0.000770519155602647,0.00160403079118481,-6.29877541443008e-05,0,
0.589784517158819,,,,,,0.000770906325040726
0.5912,0.000770034847543841,0.000770032606281511,0.00160354395740087,-6.34739580122687e-05,0,
0.590582601755786,,,,,,0.000770404289980976
0.592,0.000769569660274857,0.000769567353996971,0.00160307846583097,-6.39388612165584e-05,0,
0.591380686352753,,,,,,0.000769923830183323
0.5928,0.000769125298300189,0.000769122912045976,0.0016026338197916,-6.43829583498963e-05,0,
0.592178770949721,,,,,,0.000769464453654519
0.5936,0.000768701272632466,0.000768698805295625,0.00160220952928255,-6.48067374091413e-05,0,
0.592976855546688,,,,,,0.000769025679748374
0.5944,0.00076829710218186,0.000768294508459047,0.00160180511222347,-6.52106784846263e-05,0,
0.593774940143655,,,,,,0.000768607039311964
0.5952,0.000767912317988885,0.000767909572595968,0.00160142009865537,-6.55952496397567e-05,0,
0.594573024740622,,,,,,0.000768207995832755
0.596,0.000767546458205721,0.000767543559636511,0.00160105402583436,-6.59609118471543e-05,0,
0.59537110933759,,,,,,0.000767828129187151
0.5968,0.000767199069503009,0.000767196030039543,0.00160070643955588,-6.63081175993336e-05,0,
0.596169193934557,,,,,,0.000767467000315781
0.5976,0.000766869706993451,0.000766866553251431,0.00160037689409579,-6.66373109837554e-05,0,
0.596967278531524,,,,,,0.000767124173549286
0.5984,0.000766557934155411,0.000766554709262687,0.00160006495213262,-6.69489277579159e-05,0,
0.597765363128492,,,,,,0.000766799223627673
0.5992,0.000766263322756507,0.000766260088652322,0.00159977018466983,-6.72433954199059e-05,0,
0.598563447725459,,,,,,0.00076649173574414
0.6,0.000765985453325149,0.000765982292632199,0.00159949217150156,-6.75211327395122e-05,0,
0.599361532322426,,,,,,0.000766201305588902
0.6008,0.000765723915299273,0.000765720896987116,0.00159923050136393,-6.77825496290786e-05,0,
0.600159616919393,,,,,,0.000765927539393024
0.6016,0.00076547830441472,0.000765475339908175,0.00159898476934307,-6.80280497122218e-05,0,
0.600957701516361,,,,,,0.000765670008976887
0.6024,0.000765248225272207,0.000765245304977881,0.00159875457939915,-6.82580277841816e-05,0,
0.601755786113328,,,,,,0.000765428123951151
0.6032,0.000765033290453448,0.000765030431127973,0.00159853954350984,-6.84728706878164e-05,0,
0.602553870710295,,,,,,0.000765201638602699
0.604,0.000764833120450104,0.000764830334709367,0.00159833928159137,-6.86729573835913e-05,0,
0.603351955307263,,,,,,0.00076499016691949
0.6048,0.00076464734359272,0.000764644638305394,0.00159815342142642,-6.88586590195928e-05,0,
0.60415003990423,,,,,,0.000764793329222294
0.6056,0.000764475595979671,0.000764472970531491,0.00159798159859198,-6.90303390227137e-05,0,
0.604948124501197,,,,,,0.000764610751966768
0.6064,0.00076431751694779,0.000764314965834895,0.00159782345195017,-6.91883577101997e-05,0,
0.605746209098164,,,,,,0.000764442067545518
0.6072,0.000764172723344626,0.000764170264294338,0.00159767859800262,-6.93330975472592e-05,0,
0.606544293695132,,,,,,0.000764286914090168
0.608,0.000764040889970535,0.000764038548867213,0.00159754671086242,-6.9464883406326e-05,0,
0.607342378292099,,,,,,0.000764144935273432
0.6088,0.000763921677073931,0.000763919509430395,0.00159742745045079,-6.95840546322607e-05,0,
0.608140462889066,,,,,,0.000764015825557147
0.6096,0.000763814751421047,0.000763812786455981,0.00159732048312724,-6.96909440721928e-05,0,
0.608938547486033,,,,,,0.000763899276517031
0.6104,0.000763719786169185,0.000763718046333082,0.00159722548166242,-6.97858782014119e-05,0,
0.609736632083001,,,,,,0.000763794920748389
0.6112,0.000763636460739958,0.000763634968213923,0.00159714212511056,-6.98691772492895e-05,0,
0.610534716679968,,,,,,0.0007637024346857
0.612,0.000763564460692532,0.000763563237262916,0.00159707009868178,-6.99411553252249e-05,0,
0.611332801276935,,,,,,0.000763621500818406
0.6128,0.000763503477596871,0.000763502544534515,0.00159700909361463,-7.0002120530611e-05,0,
0.612130885873903,,,,,,0.000763551807570213
0.6136,0.000763453218205649,0.000763452586851069,0.00159695881633313,-7.00523658385448e-05,0,
0.61292897047087,,,,,,0.000763493049178398
0.6144,0.000763413381960602,0.000763413066680673,0.0015969189660048,-7.00921915162465e-05,0,
0.613727055067837,,,,,,0.000763444925573106
0.6152,0.000763383678574755,0.000763383675137438,0.00159688922997552,-7.01218728260052e-05,0,
0.614525139664804,,,,,,0.000763407142256653
0.616,0.000763363823859283,0.000763364125215267,0.00159686938104214,-7.01417333235769e-05,0,
0.615323224261772,,,,,,0.000763379390223523
0.6168,0.000763353539185001,0.000763354137407447,0.00159685909927786,-7.01520209078562e-05,0,
0.616121308858739,,,,,,0.000763361389034542
0.6176,0.000763352551365474,0.000763353433010333,0.00159685811172981,-7.01530089988658e-05,0,
0.616919393455706,,,,,,0.000763352861721401
0.6184,0.00076336059254013,0.000763361737295901,0.00159686615075848,-7.01449656782226e-05,0,
0.617717478052674,,,,,,0.000763353531619304
0.6192,0.000763377400057364,0.000763378780054773,0.00159688295391864,-7.01281538039166e-05,0,
0.618515562649641,,,,,,0.00076336312665742
0.62,0.000763402727039928,0.000763404295455285,0.00159690827452559,-7.01028204457322e-05,0,
0.619313647246608,,,,,,0.000763381379219632
0.6208,0.00076343632018148,0.000763438021902562,0.00159694190639304,-7.00692569877256e-05,0,
0.620111731843575,,,,,,0.000763408026005275
0.6216,0.000763477930841511,0.000763479709639664,0.00159698352766567,-7.00276553700442e-05,0,
0.620909816440543,,,,,,0.000763442807889884
0.6224,0.00076352731808914,0.000763529222528842,0.00159703292693589,-6.99782787350188e-05,0,
0.62170790103751,,,,,,0.00076348547873838
0.6232,0.000763584245868318,0.000763586267274129,0.00159708986799667,-6.99213629784331e-05,0,
0.622505985634477,,,,,,0.000763535921301182
0.624,0.000763648482894011,0.00076365060249074,0.00159715411942085,-6.98571392343454e-05,0,
0.623304070231445,,,,,,0.000763593816854248
0.6248,0.000763719802548395,0.000763722003916009,0.00159722545445688,-6.9785833978449e-05,0,
0.624102154828412,,,,,,0.000763658937997014
0.6256,0.000763797982777044,0.000763800252767836,0.00159730365094502,-6.97076691314457e-05,0,
0.624900239425379,,,,,,0.00076373106279001
0.6264,0.000763882814011143,0.000763885135706649,0.00159738849919234,-6.96228541568356e-05,0,
0.625698324022346,,,,,,0.000763809974717275
0.6272,0.000763974087156671,0.000763976444797369,0.00159747978997513,-6.95315980245218e-05,0,
0.626496408619314,,,,,,0.000763895462648775
0.628,0.000764071590223064,0.000764073977471369,0.00159757731121279,-6.94341125953931e-05,0,
0.627294493216281,,,,,,0.000763987320802807
0.6288,0.00076417512049156,0.000764177520075582,0.00159768086009074,-6.93306004981672e-05,0,
0.628092577813248,,,,,,0.00076408534870842
0.6296,0.000764284479549485,0.000764286851526446,0.00159779023810679,-6.9221260049698e-05,0,
0.628890662410216,,,,,,0.000764189332651518
0.6304,0.000764399473200267,0.000764401798422008,0.0015979052509808,-6.91062853570363e-05,0,
0.629688747007183,,,,,,0.000764299052357782
0.6312,0.000764519911373437,0.000764522175456359,0.00159802570856441,-6.89858664070959e-05,0,
0.63048683160415,,,,,,0.000764414341927156
0.632,0.000764645608034639,0.000764647798890194,0.00159815142475887,-6.88601891563335e-05,0,
0.631284916201117,,,,,,0.0007645350150798
0.6328,0.000764776383176119,0.000764778489288439,0.00159828221949584,-6.87294335481149e-05,0,
0.632083000798085,,,,,,0.000764660889868186
0.6336,0.000764912062112043,0.000764914071441769,0.00159841791800491,-6.85937742076757e-05,0,
0.632881085395052,,,,,,0.000764791788599545
0.6344,0.000765052468380237,0.000765054374288127,0.00159855834377723,-6.84533875126266e-05,0,
0.633679169992019,,,,,,0.000764927537758319
0.6352,0.000765197432046517,0.000765199230834244,0.00159870332682548,-6.83084433504746e-05,0,
0.634477254588986,,,,,,0.000765067967928611
0.636,0.00076534678686986,0.000765348474549411,0.00159885270085957,-6.81591079090987e-05,0,
0.635275339185954,,,,,,0.000765212913716633
0.6368,0.000765500370218121,0.000765501945535809,0.00159900630320214,-6.80055437715834e-05,0,
0.636073423782921,,,,,,0.000765362209787975
0.6376,0.000765658022983744,0.000765659489295618,0.00159916397470405,-6.78479100002717e-05,0,
0.636871508379888,,,,,,0.000765515698087441
0.6384,0.000765819589499474,0.000765820953717232,0.00159932555966428,-6.76863622208287e-05,0,
0.637669592976856,,,,,,0.000765673225703761
0.6392,0.000765984918345726,0.000765986190134635,0.00159949090664873,-6.75210518190817e-05,0,
0.638467677573823,,,,,,0.000765834641802396
0.64,0.000766153865353181,0.000766155053387288,0.00159965987141951,-6.73521229498273e-05,0,
0.63926576217079,,,,,,0.000765999799095595
0.6408,0.000766326282167481,0.000766327401737234,0.0015998323056096,-6.7179723898845e-05,0,
0.640063846767757,,,,,,0.000766168553760479
0.6416,0.000766502026822975,0.000766503096786201,0.00160000806722758,-6.70039966191419e-05,0,
0.640861931364725,,,,,,0.000766340765357135
0.6424,0.000766680960472152,0.000766682003392709,0.00160018701740269,-6.68250799324527e-05,0,
0.641660015961692,,,,,,0.000766516296746696
0.6432,0.000766862947306702,0.000766863957844485,0.00160036902030572,-6.66431096238349e-05,0,
0.642458100558659,,,,,,0.000766695014009436
0.644,0.000767047854478576,0.000767048843517116,0.00160055394306994,-6.64582185204439e-05,0,
0.643256185155627,,,,,,0.000766876752214093
0.6448,0.000767235552021049,0.000767236533100901,0.00160074165571199,-6.62705365703168e-05,0,
0.644054269752594,,,,,,0.000767061399534933
0.6456,0.000767425912769781,0.000767426899297518,0.00160093203112102,-6.60801909211626e-05,0,
0.644852354349561,,,,,,0.000767248828436868
0.6464,0.000767618824072072,0.00076761981705856,0.00160112495653236,-6.5887294279171e-05,0,
0.645650438946528,,,,,,0.00076743891261775
0.6472,0.000767814158575978,0.000767815163560335,0.00160132030462244,-6.56919738843074e-05,0,
0.646448523543496,,,,,,0.000767631528078578
0.648,0.000768011798403461,0.000768012818095814,0.00160151795750568,-6.54943476430012e-05,0,
0.647246608140463,,,,,,0.000767826553016722
0.6488,0.000768211628495497,0.000768212661966578,0.00160171780011618,-6.5294530606722e-05,0,
0.64804469273743,,,,,,0.00076802386771915
0.6496,0.000768413536403025,0.000768414588876181,0.0016019197199994,-6.50926352176595e-05,0,
0.648842777334397,,,,,,0.000768223354455654
0.6504,0.000768617412218448,0.000768618518285579,0.00160212360724354,-6.48887713779275e-05,0,
0.649640861931365,,,,,,0.00076842490844019
0.6512,0.000768823148507144,0.000768824319341011,0.00160232935441095,-6.46830465179471e-05,0,
0.650438946528332,,,,,,0.000768628451170834
0.652,0.000769030640238963,0.000769031884911231,0.00160253685653253,-6.4475565664845e-05,0,
0.651237031125299,,,,,,0.000768833849839225
0.6528,0.000769239794758317,0.000769241111356721,0.00160274602087994,-6.42664215352487e-05,0,
0.652035115722267,,,,,,0.000769040999496135
0.6536,0.000769450510093818,0.000769451897145548,0.00160295674548856,-6.40557160278038e-05,0,
0.652833200319234,,,,,,0.00076924979734733
0.6544,0.000769662687587485,0.000769664142781652,0.00160316893171551,-6.38435478072552e-05,0,
0.653631284916201,,,,,,0.000769460142682695
0.6552,0.000769876232965937,0.000769877750733114,0.00160338248529053,-6.36300111620891e-05,0,
0.654429369513168,,,,,,0.000769671936805366
0.656,0.000770091054239483,0.000770092625360448,0.00160359731422778,-6.34151980851064e-05,0,
0.655227454110136,,,,,,0.000769885082960863
0.6568,0.00077030706164519,0.000770308690388666,0.00160381332876888,-6.31991983431043e-05,0,
0.656025538707103,,,,,,0.000770099486266219
0.6576,0.000770524167589952,0.000770525863673472,0.0016040304413259,-6.2982099533741e-05,0,
0.65682362330407,,,,,,0.00077031507171804
0.6584,0.000770742286593547,0.000770744047370737,0.00160424856645572,-6.27639871424015e-05,0,
0.657621707901037,,,,,,0.000770531757527489
0.6592,0.000770961340010021,0.000770963156675534,0.00160446762549891,-6.2544939852149e-05,0,
0.658419792498005,,,,,,0.000770749446045996
0.66,0.000771181248154321,0.000771183109174859,0.00160468753875618,-6.23250373345704e-05,0,
0.659217877094972,,,,,,0.000770968053482103
0.6608,0.000771401930114252,0.000771403824452553,0.00160490822533949,-6.21043604876112e-05,0,
0.660015961691939,,,,,,0.000771187498066548
0.6616,0.000771623309464267,0.000771625224043193,0.00160512960883163,-6.18829857609741e-05,0,
0.660814046288907,,,,,,0.0007714077000067
0.6624,0.000771845311751391,0.000771847231385976,0.00160535161478829,-6.16609876159738e-05,0,
0.661612130885874,,,,,,0.000771628581440994
0.6632,0.000772067864445887,0.000772069771778611,0.00160557417068867,-6.14384385910107e-05,0,
0.662410215482841,,,,,,0.000771850066393367
0.664,0.000772290896891929,0.000772292799037067,0.00160579720588613,-6.12154093508557e-05,0,
0.663208300079808,,,,,,0.000772072080727688
0.6648,0.000772514340258266,0.000772516234855073,0.00160602065157084,-6.09919687359372e-05,0,
0.664006384676776,,,,,,0.000772294579023433
0.6656,0.000772738129283616,0.000772740009332816,0.00160624444249548,-6.07681820289555e-05,0,
0.664804469273743,,,,,,0.000772517483118003
0.6664,0.00077296220108826,0.00077296423758448,0.00160646851576397,-6.05441121236033e-05,0,
0.66560255387071,,,,,,0.000772740723702686
0.6672,0.000773186490596344,0.000773188321853263,0.00160669280632416,-6.03198240793627e-05,0,
0.666400638467678,,,,,,0.00077296423758448
0.667198723064645,,,,,,0.000773187963646576
0.668,0.000773410936444244,0.00077341273872677,0.00160691725282276,-6.00953792835719e-05,0,
0.667996807661612,,,,,,0.000773411842825714
0.6688,0.000773635478928912,0.000773637251794006,0.00160714179556707,-5.98708374496005e-05,0,
0.668794892258579,,,,,,0.00077363581808953
0.6696,0.000773860059962938,0.000773861805622317,0.00160736637648007,-5.96462566752218e-05,0,
0.669592976855547,,,,,,0.000773859834413906
0.6704,0.00077408462302962,0.00077408634315129,0.00160759093905543,-5.9421693487516e-05,0,
0.670391061452514,,,,,,0.000774083835369764
0.6712,0.00077430911313803,0.000774310787867938,0.00160781542831909,-5.91972028877761e-05,0,
0.671189146049481,,,,,,0.000774307744434562
0.672,0.000774533477753472,0.000774535103964904,0.00160803979176716,-5.89728374275884e-05,0,
0.671987230646448,,,,,,0.000774531526300438
0.6728,0.00077475766883153,0.000774759240467073,0.00160826398132413,-5.8748645182155e-05,0,
0.672785315243416,,,,,,0.000774755130329568
0.6736,0.000774981633589335,0.000774983147896432,0.001608487944236,-5.85246789032647e-05,0,
0.673583399840383,,,,,,0.000774978507367894
0.6744,0.000775205323385062,0.000775206778227862,0.00160871163187144,-5.83009872615996e-05,0,
0.67438148443735,,,,,,0.000775201609701442
0.6752,0.000775428690965881,0.000775430084844919,0.00160893499698803,-5.80776175205008e-05,0,
0.675179569034318,,,,,,0.000775424391012626
0.676,0.000775651690427743,0.000775653022495629,0.00160915799369197,-5.78546155944082e-05,0,
0.675977653631285,,,,,,0.000775646806336566
0.6768,0.000775874277175174,0.000775875547395338,0.00160938057739789,-5.76320260890512e-05,0,
0.676775738228252,,,,,,0.000775868812017397
0.6776,0.000776096407881069,0.000776097621785733,0.00160960270478952,-5.74098923416434e-05,0,
0.677573822825219,,,,,,0.000776090370502278
0.6784,0.000776318040580701,0.000776319209550564,0.0016098243339549,-5.71882563277449e-05,0,
0.678371907422187,,,,,,0.000776311446217342
0.6792,0.000776539140983451,0.000776540266907463,0.00161004543054725,-5.69671523907474e-05,0,
0.679169992019154,,,,,,0.000776531995456612
0.68,0.000776759666058538,0.000776760756269518,0.00161026595157249,-5.67466235052606e-05,0,
0.679968076616121,,,,,,0.000776751980851587
0.6808,0.000776979578001444,0.000776980641326595,0.00161048585923591,-5.65267075125034e-05,0,
0.680766161213089,,,,,,0.000776971366299865
0.6816,0.000777198840184009,0.000777199887010081,0.00161070511691899,-5.6307441050458e-05,0,
0.681564245810056,,,,,,0.000777190116930304
0.6824,0.000777417417120146,0.000777418459457622,0.00161092368914508,-5.6088859614839e-05,0,
0.682362330407023,,,,,,0.000777408199068183
0.6832,0.000777635274431558,0.000777636325977862,0.00161114154154507,-5.58709975933716e-05,0,
0.68316041500399,,,,,,0.000777625580200355
0.684,0.000777852378813448,0.000777853453987463,0.00161135864082319,-5.56538883000684e-05,0,
0.683958499600958,,,,,,0.000777842228940407
0.6848,0.000778068698000237,0.000778069794240856,0.00161157495475436,-5.54375640095075e-05,0,
0.684756584197925,,,,,,0.00077805809522994
0.6856,0.000778284205641056,0.000778285318218153,0.00161179045695694,-5.52220511130684e-05,0,
0.685554668794892,,,,,,0.000778273150577653
0.6864,0.00077849887030711,0.0007785000000378,0.0016120051160177,-5.50073810087773e-05,0,
0.68635275339186,,,,,,0.000778487369600544
0.6872,0.000778712662624343,0.000778713808795031,0.00161221890257617,-5.47935830862485e-05,0,
0.687150837988827,,,,,,0.000778700721581219
0.688,0.000778925554986295,0.000778926714135457,0.0016124317890343,-5.45806849655341e-05,0,
0.687948922585794,,,,,,0.000778913176350904
0.6888,0.000779137520756755,0.000779138686199499,0.00161264374876405,-5.43687132912504e-05,0,
0.688747007182761,,,,,,0.000779124704234545
0.6896,0.000779348534240799,0.000779349695566833,0.00161285475607845,-5.4157693766499e-05,0,
0.689545091779729,,,,,,0.000779335275995904
0.6904,0.000779558570655842,0.000779559713277611,0.00161306478620264,-5.39476511818132e-05,0,
0.690343176376696,,,,,,0.000779544862782661
0.6912,0.000779767606102684,0.000779768716772519,0.00161327381526039,-5.37386094441123e-05,0,
0.691141260973663,,,,,,0.000779753437149938
0.692,0.000779975620021348,0.000779976739897243,0.00161348182268688,-5.35305891363591e-05,0,
0.691939345570631,,,,,,0.000779961040717618
0.6928,0.000780182590766112,0.000780183721073536,0.00161368878683623,-5.33236118994245e-05,0,
0.692737430167598,,,,,,0.000780167608870583
0.6936,0.000780388496334739,0.000780389640298704,0.00161389468572006,-5.31176997353754e-05,0,
0.693535514764565,,,,,,0.000780373121663361
0.6944,0.000780593316640891,0.000780594478648963,0.00161409949925895,-5.29128727444292e-05,0,
0.694333599361532,,,,,,0.000780577560219588
0.6952,0.000780797032406695,0.000780798218273866,0.00161430320818169,-5.27091502113603e-05,0,
0.6951316839585,,,,,,0.000780780906726497
0.696,0.000780999625137462,0.000781000842390731,0.00161450579400005,-5.25065506375325e-05,0,
0.695929768555467,,,,,,0.00078098314442941
0.6968,0.000781201077096405,0.000781202335279058,0.00161470723898346,-5.23050917661813e-05,0,
0.696727853152434,,,,,,0.00078118425762623
0.6976,0.000781401371279356,0.000781402681037351,0.0016149075261414,-5.21047906076966e-05,0,
0.697525937749401,,,,,,0.000781384231661931
0.6984,0.000781600492671364,0.000781601851032166,0.00161510664046522,-5.1905662190681e-05,0,
0.698324022346369,,,,,,0.000781583039586722
0.6992,0.000781798427050291,0.000781799807133306,0.00161530456772499,-5.17077207435638e-05,0,
0.699122106943336,,,,,,0.000781780638803575
0.7,0.000781995158618285,0.000781996553443801,0.00161550129213573,-5.15109820564183e-05,0,
0.699920191540303,,,,,,0.000781977035624587
0.7008,0.000782190673477814,0.000782192073648636,0.00161569679980526,-5.13154600396301e-05,0,
0.700718276137271,,,,,,0.000782172213816724
0.7016,0.000782384958390917,0.00078238635177267,0.00161589107750077,-5.11211679365259e-05,0,
0.701516360734238,,,,,,0.000782366157487739
0.7024,0.000782578000756754,0.000782579372140229,0.00161608411262637,-5.09281183530986e-05,0,
0.702314445331205,,,,,,0.000782558851046242
0.7032,0.000782769788589158,0.000782771119334715,0.00161627589320064,-5.07363232804606e-05,0,
0.703112529928172,,,,,,0.000782750279161791
0.704,0.000782960310494186,0.000782961578158203,0.00161646640783837,-5.05457941172915e-05,0,
0.70391061452514,,,,,,0.000782940426724965
0.7048,0.000783149556391391,0.000783150738457299,0.00161665564647266,-5.03565409527924e-05,0,
0.704708699122107,,,,,,0.000783129278807446
0.7056,0.000783337518394849,0.000783338624598836,0.00161684360120095,-5.01685716864171e-05,0,
0.705506783719074,,,,,,0.000783316863159304
0.7064,0.000783524185486665,0.00078352523052175,0.00161703026101894,-4.99818973194362e-05,0,
0.706304868316041,,,,,,0.000783503176853932
0.7072,0.000783709548862709,0.000783710529730013,0.0016172156171265,-4.97965266695705e-05,0,
0.707102952913009,,,,,,0.00078368819084569
0.708,0.00078389360025497,0.000783894515927426,0.00161739966125942,-4.96124680088229e-05,0,
0.707901037509976,,,,,,0.00078387189877598
0.7088,0.000784076331912121,0.000784077183698563,0.00161758238567,-4.94297290923292e-05,0,
0.708699122106943,,,,,,0.000784054295158607
0.7096,0.000784257736580079,0.000784258528508771,0.0016177637831076,-4.92483171777989e-05,0,
0.709497206703911,,,,,,0.000784235375379773
0.7104,0.000784437807482567,0.000784438546704175,0.00161794384680021,-4.90682390449551e-05,0,
0.710295291300878,,,,,,0.000784415135698081
0.7112,0.000784616538485511,0.000784617235511673,0.00161812257063334,-4.88895008321277e-05,0,
0.711093375897845,,,,,,0.000784593573244533
0.712,0.000784793926999416,0.000784794584398099,0.00161829995199401,-4.87121051484103e-05,0,
0.711891460494812,,,,,,0.000784770686022531
0.7128,0.000784969965926568,0.00078497054114342,0.00161847598379839,-4.8536059068026e-05,0,
0.71268954509178,,,,,,0.000784946409372296
0.7136,0.000785144650653634,0.000785145130671085,0.00161865066143598,-4.83613672181863e-05,0,
0.713487629688747,,,,,,0.000785120771880421
0.7144,0.000785317977004881,0.000785318353365023,0.00161882398073372,-4.8188033777461e-05,0,
0.714285714285714,,,,,,0.000785293774655025
0.7152,0.00078548994122583,0.00078549020526686,0.00161899593793968,-4.80160625030119e-05,0,
0.715083798882682,,,,,,0.000785465413691324
0.716,0.000785660539966908,0.000785660682939982,0.00161916652970667,-4.78454567469447e-05,0,
0.715881883479649,,,,,,0.000785635685501329
0.7168,0.000785829770267097,0.00078582978346953,0.00161933575307589,-4.76762194726615e-05,0,
0.716679968076616,,,,,,0.00078580458711385
0.7176,0.000785997629537586,0.000785997504462407,0.00161950360547305,-4.75083532712111e-05,0,
0.717478052673583,,,,,,0.000785972116074492
0.7184,0.000786164118028251,0.000786163844047271,0.00161967008713364,-4.73418579072124e-05,0,
0.718276137270551,,,,,,0.00078613827044566
0.7192,0.000786329233093549,0.000786328800874539,0.00161983519541811,-4.71767360118383e-05,0,
0.719074221867518,,,,,,0.000786303048806553
0.72,0.000786492973240327,0.000786492374116387,0.00161999892883657,-4.70129890842285e-05,0,
0.719872306464485,,,,,,0.000786466450253167
0.7208,0.00078665533761095,0.000786654563466749,0.00162016128653316,-4.68506179852976e-05,0,
0.720670391061452,,,,,,0.000786628474398296
0.7216,0.000786816325687318,0.000786815369141316,0.00162032226799138,-4.66896232348897e-05,0,
0.72146847565842,,,,,,0.000786789121371531
0.7224,0.00078697593727707,0.000786974791877538,0.00162048187302038,-4.65300050269919e-05,0,
0.722266560255387,,,,,,0.000786948391819258
0.7232,0.000787134172499774,0.000787132832934623,0.00162064010174112,-4.63717632435382e-05,0,
0.723064644852354,,,,,,0.000787106286904663
0.724,0.000787291031773136,0.000787289494093536,0.0016207969545824,-4.62148974682122e-05,0,
0.723862729449322,,,,,,0.000787262808307726
0.7248,0.000787446517904651,0.000787444777657002,0.00162095243434398,-4.60594049046112e-05,0,
0.724660814046289,,,,,,0.000787417958225225
0.7256,0.000787600632104936,0.000787598684559338,0.00162110654223472,-4.59052843343895e-05,0,
0.725458898643256,,,,,,0.000787571739370735
0.7264,0.000787753375234859,0.000787751208485748,0.00162125927912023,-4.57525348949283e-05,0,
0.726256983240223,,,,,,0.000787724144283649
0.7272,0.000787904749218162,0.000787902351240214,0.00162141064692527,-4.56011546672049e-05,0,
0.727055067837191,,,,,,0.000787875172197149
0.728,0.000788054756263014,0.000788052124626301,0.00162156064785897,-4.54511414440925e-05,0,
0.727853152434158,,,,,,0.000788024836531207
0.7288,0.000788203398851109,0.000788200532874163,0.00162170928440387,-4.53024927448453e-05,0,
0.728651237031125,,,,,,0.000788173141395848
0.7296,0.000788350679726766,0.00078834758070433,0.00162185655930507,-4.51552058259995e-05,0,
0.729449321628093,,,,,,0.000788320091386809
0.7304,0.00078849660188603,0.000788493273327708,0.00162200247555928,-4.50092776922759e-05,0,
0.73024740622506,,,,,,0.000788465691585542
0.7312,0.00078864116856577,0.000788637616445578,0.00162214703640397,-4.48647051074839e-05,0,
0.731045490822027,,,,,,0.000788609947559211
0.732,0.000788784383232779,0.000788780616249599,0.00162229024530644,-4.47214846054225e-05,0,
0.731843575418994,,,,,,0.000788752865360693
0.7328,0.000788926249572875,0.000788922279421803,0.00162243210595293,-4.45796125007843e-05,0,
0.732641660015962,,,,,,0.000788894451528578
0.7336,0.00078906677148,0.000789062613134602,0.00162257262223775,-4.44390849000563e-05,0,
0.733439744612929,,,,,,0.000789034713087171
0.7344,0.000789205953045322,0.00078920162505078,0.00162271179825233,-4.42998977124248e-05,0,
0.734237829209896,,,,,,0.000789173657546488
0.7352,0.00078934379854633,0.000789339323323501,0.00162284963827437,-4.41620466606762e-05,0,
0.735035913806864,,,,,,0.000789311292902259
0.736,0.000789480312435939,0.0007894757165963,0.00162298614675692,-4.40255272921004e-05,0,
0.735833998403831,,,,,,0.000789447627635926
0.7368,0.000789615499331586,0.000789610814003093,0.00162312132831899,-4.3890334989393e-05,0,
0.736632083000798,,,,,,0.000789582670714647
0.7376,0.000789749364381717,0.000789744625168168,0.00162325518811061,-4.37564646056893e-05,0,
0.737430167597765,,,,,,0.00078971643159129
0.7384,0.00078988191328536,0.000789877160206192,0.00162338773182484,-4.36239104435378e-05,0,
0.738228252194733,,,,,,0.000789848920204438
0.7392,0.000790013150394705,0.000790008425940082,0.0016235189638168,-4.34926681447721e-05,0,
0.7390263367917,,,,,,0.000789980146978388
0.74,0.000790143080952036,0.000790138373471824,0.00162364888932863,-4.33627324700635e-05,0,
0.739824421388667,,,,,,0.000790110105442059
0.7408,0.000790271710316456,0.000790266888177066,0.00162377751371921,-4.32340980601423e-05,0,
0.740622505985635,,,,,,0.000790238596486444
0.7416,0.00079039904395326,0.000790394118180923,0.00162390484245355,-4.31067594494925e-05,0,
0.741420590582602,,,,,,0.000790365807325575
0.7424,0.000790525087423302,0.000790520070936507,0.00162403088109217,-4.29807110769845e-05,0,
0.742218675179569,,,,,,0.000790491745294205
0.7432,0.000790649846372362,0.000790644754188223,0.00162415563528049,-4.28559472965097e-05,0,
0.743016759776536,,,,,,0.000790616418015606
0.744,0.000790773326520522,0.000790768175971761,0.00162427911073816,-4.27324623876096e-05,0,
0.743814844373504,,,,,,0.000790739833401568
0.7448,0.000790895533651527,0.000790890344614101,0.00162440131324846,-4.26102505661139e-05,0,
0.744612928970471,,,,,,0.000790861999652399
0.7456,0.00079101647360216,0.00079101126873351,0.00162452224864764,-4.24893059947687e-05,0,
0.745411013567438,,,,,,0.000790982925256927
0.7464,0.000791136152251609,0.000791130957239547,0.00162464192281436,-4.23696227938738e-05,0,
0.746209098164405,,,,,,0.000791102618992498
0.7472,0.000791254575510836,0.000791249419333055,0.00162476034165897,-4.22511950519118e-05,0,
0.747007182761373,,,,,,0.000791221089924976
0.748,0.000791371749311949,0.000791366664506169,0.00162487751111295,-4.21340168361823e-05,0,
0.74780526735834,,,,,,0.000791338347408746
0.7488,0.000791487679597567,0.000791482702542311,0.00162499343711826,-4.2018082203436e-05,0,
0.748603351955307,,,,,,0.000791454401086709
0.7496,0.000791602372310191,0.00079159754351619,0.00162510812561671,-4.19033852105053e-05,0,
0.749401436552275,,,,,,0.000791569260890286
0.7504,0.000791715833381575,0.000791711197793807,0.00162522158265595,-4.17899199249392e-05,0,
0.750199521149242,,,,,,0.000791682937039417
0.7512,0.000791828103368746,0.000791823676032448,0.00162533384860195,-4.16776459056321e-05,0,
0.750997605746209,,,,,,0.00079179544004256
0.752,0.000791939166787304,0.00079193498918069,0.00162544490803751,-4.15665784459043e-05,0,
0.751795690343176,,,,,,0.000791906780696692
0.7528,0.00079204902803773,0.000792045148478397,0.00162555476537222,-4.14567132124736e-05,0,
0.752593774940144,,,,,,0.000792016970087308
0.7536,0.000792157694465553,0.000792154122607922,0.00162566342795098,-4.13480428689335e-05,0,
0.753391859537111,,,,,,0.000792126019588424
0.7544,0.000792265173467114,0.000792261811527991,0.0016257709031695,-4.12405600183174e-05,0,
0.754189944134078,,,,,,0.000792233776565026
0.7552,0.000792371472482662,0.000792368274839568,0.00162587719846734,-4.11342572197252e-05,0,
0.754988028731046,,,,,,0.000792340292381762
0.756,0.000792476598989455,0.000792473574444578,0.00162598232132108,-4.10291269952272e-05,0,
0.755786113328013,,,,,,0.000792445648021091
0.7568,0.000792580560494854,0.000792577718039614,0.00162608627923734,-4.09251618367665e-05,0,
0.75658419792498,,,,,,0.000792549851093802
0.7576,0.000792683364529425,0.000792680713437045,0.00162618907974597,-4.08223542130623e-05,0,
0.757382282521947,,,,,,0.000792652909325356
0.7584,0.000792785018640031,0.000792782568565008,0.00162629073039308,-4.07206965765152e-05,0,
0.758180367118915,,,,,,0.000792754830555886
0.7592,0.000792885530382938,0.000792883291467413,0.00162639123873416,-4.06201813701092e-05,0,
0.758978451715882,,,,,,0.000792855622740194
0.76,0.000792984907316904,0.000792982890303944,0.00162649061232718,-4.05208010343145e-05,0,
0.759776536312849,,,,,,0.000792955293947756
0.7608,0.000793083156996285,0.000793081373350055,0.00162658885872571,-4.04225480139922e-05,0,
0.760574620909816,,,,,,0.000793053852362715
0.7616,0.000793180286964126,0.000793178748996971,0.00162668598547197,-4.03254147652968e-05,0,
0.761372705506784,,,,,,0.000793151306283889
0.7624,0.000793276304745264,0.00079327502575169,0.00162678200008998,-4.022939376258e-05,0,
0.762170790103751,,,,,,0.000793247664124765
0.7632,0.000793371217839422,0.000793370212236983,0.0016268769101126,-4.01344775052934e-05,0,
0.762968874700718,,,,,,0.000793342934413501
0.764,0.000793465045786328,0.00079346431719139,0.00162697073505309,-4.00406464868454e-05,0,
0.763766959297686,,,,,,0.000793437125792927
0.7648,0.000793557799301296,0.000793557349469227,0.00162706348559274,-3.99478899654627e-05,0,
0.764565043894653,,,,,,0.000793530247020542
0.7656,0.000793649477103305,0.000793649318040576,0.00162715516047634,-3.98562091881425e-05,0,
0.76536312849162,,,,,,0.000793622306968519
0.7664,0.000793740087359519,0.000793740231991297,0.00162724576787026,-3.97655960135194e-05,0,
0.766161213088587,,,,,,0.000793713314623699
0.7672,0.000793829638234406,0.000793830092932705,0.00162733531593816,-3.96760422763342e-05,0,
0.766959297685555,,,,,,0.000793803279087597
0.768,0.000793918137884526,0.00079391887398672,0.0016274238128358,-3.95875398192278e-05,0,
0.767757382282522,,,,,,0.000793892184409573
0.7688,0.00079400559445332,0.000794006561399634,0.00162751126670581,-3.95000804979533e-05,0,
0.768555466879489,,,,,,0.000793979979071242
0.7696,0.000794092016065898,0.000794093208446485,0.00162759768567248,-3.94136561865886e-05,0,
0.769353551476456,,,,,,0.000794066736017693
0.7704,0.00079417741082383,0.000794178822740745,0.00162768307783655,-3.93282587827473e-05,0,
0.770151636073424,,,,,,0.00079415246279487
0.7712,0.000794261786799935,0.000794263411938699,0.00162776745127004,-3.92438802127886e-05,0,
0.770949720670391,,,,,,0.000794237166991125
0.772,0.000794345152033067,0.000794346983739449,0.00162785081401095,-3.91605124370342e-05,0,
0.771747805267358,,,,,,0.000794320856237215
0.7728,0.000794427514522908,0.000794429545884911,0.00162793317405814,-3.90781474549729e-05,0,
0.772545889864326,,,,,,0.000794403538206308
0.7736,0.000794508882224756,0.000794511106159815,0.00162801453936608,-3.89967773104779e-05,0,
0.773343974461293,,,,,,0.000794485220613979
0.7744,0.000794589263044312,0.000794591672391708,0.00162809491783964,-3.89163940970156e-05,0,
0.77414205905826,,,,,,0.000794565911218207
0.7752,0.000794668664832473,0.000794671252450949,0.00162817431732888,-3.88369899628567e-05,0,
0.774940143655227,,,,,,0.000794645617819384
0.776,0.000794747095380117,0.000794749854250715,0.00162825274563191,-3.87585571162906e-05,0,
0.775738228252195,,,,,,0.000794724348260308
0.7768,0.000794824565885119,0.000794827485746994,0.00162833021398484,-3.86810843666781e-05,0,
0.776536312849162,,,,,,0.000794802110426182
0.7776,0.000794901104620061,0.000794904154938594,0.00162840675057195,-3.86045434796632e-05,0,
0.777334397446129,,,,,,0.000794878912244621
0.7784,0.000794976701971389,0.000794979869867133,0.00162848234582074,-3.85289439805032e-05,0,
0.778132482043097,,,,,,0.000794954761685645
0.7792,0.000795051366294495,0.000795054638617046,0.00162855700808583,-3.84542775548559e-05,0,
0.778930566640064,,,,,,0.000795029666761682
0.78,0.000795125105915656,0.000795128469315583,0.00162863074569274,-3.83805358756785e-05,0,
0.779728651237031,,,,,,0.00079510363552757
0.7808,0.000795197929128454,0.000795201370132808,0.00162870356693428,-3.83077106486258e-05,0,
0.780526735833998,,,,,,0.00079517667608055
0.7816,0.000795269844190194,0.000795273350533156,0.001628775480067,-3.82357936156311e-05,0,
0.781324820430966,,,,,,0.000795248796560276
0.7824,0.000795340859318325,0.000795344420425946,0.0016288464933076,-3.81647765584835e-05,0,
0.782122905027933,,,,,,0.000795320008778605
0.7832,0.000795410982686864,0.000795414586524078,0.00162891661482933,-3.80946513024103e-05,0,
0.7829209896249,,,,,,0.00079539031882279
0.784,0.000795480222422813,0.000795483856861057,0.00162898585275846,-3.80254097196563e-05,0,
0.783719074221867,,,,,,0.000795459734444323
0.7848,0.000795548586602581,0.000795552239907518,0.00162905421517063,-3.7957043733063e-05,0,
0.784517158818835,,,,,,0.000795528264037317
0.7856,0.000795616083248402,0.000795619744179919,0.00162912171008735,-3.78895453196495e-05,0,
0.785315243415802,,,,,,0.00079559591604127
0.7864,0.000795682720324759,0.000795686378240543,0.00162918834547236,-3.7822906514191e-05,0,
0.786113328012769,,,,,,0.000795662698941071
0.7872,0.000795748505734803,0.000795752150697497,0.00162925412922808,-3.77571194127999e-05,0,
0.786911412609737,,,,,,0.000795728621266996
0.788,0.000795813447316772,0.000795817070204711,0.00162931906919202,-3.76921761765061e-05,0,
0.787709497206704,,,,,,0.000795793691594709
0.7888,0.000795877552840414,0.000795881145461938,0.00162938317313321,-3.76280690348347e-05,0,
0.788507581803671,,,,,,0.000795857918545263
0.7896,0.000795940830003406,0.000795944385214758,0.00162944644877329,-3.75647902893884e-05,0,
0.789305666400638,,,,,,0.000795921310785098
0.7904,0.000796003299604859,0.00079600679825457,0.00162950891687588,-3.7502319165026e-05,0,
0.790103750997606,,,,,,0.000795983877026041
0.7912,0.000796064964067036,0.000796068393418602,0.00162957057986661,-3.74406532039806e-05,0,
0.790901835594573,,,,,,0.000796045626025311
0.792,0.000796125827760032,0.000796129179589903,0.00162963144212175,-3.73797880395378e-05,0,
0.79169992019154,,,,,,0.000796106566585512
0.7928,0.000796185898654432,0.000796189165697345,0.00162969151161123,-3.73197157072835e-05,0,
0.792498004788508,,,,,,0.000796166707554636
0.7936,0.000796245184669663,0.000796248360715626,0.00162975079625382,-3.72604282871315e-05,0,
0.793296089385475,,,,,,0.000796226057826065
0.7944,0.000796303693671505,0.000796306773665268,0.00162980930391465,-3.72019179126492e-05,0,
0.794094173982442,,,,,,0.000796284626338568
0.7952,0.000796361433469602,0.000796364410799743,0.00162986704240273,-3.71441767735437e-05,0,
0.794892258579409,,,,,,0.000796342422076302
0.796,0.000796418411814981,0.000796421274715018,0.00162992401946845,-3.7087197118149e-05,0,
0.795690343176377,,,,,,0.000796399446774022
0.7968,0.000796474636397557,0.000796477374489086,0.0016299802428011,-3.70309712559151e-05,0,
0.796488427773344,,,,,,0.00079645570435391
0.7976,0.000796530114843651,0.000796532723997164,0.00163003572002638,-3.69754915598938e-05,0,
0.797286512370311,,,,,,0.000796511211872291
0.7984,0.000796584854713502,0.000796587331951802,0.00163009045870391,-3.69207504692263e-05,0,
0.798084596967279,,,,,,0.00079656597797431
0.7992,0.000796638863498776,0.000796641207078385,0.00163014446632475,-3.68667404916316e-05,0,
0.798882681564246,,,,,,0.000796620011318167
0.8,0.000796692148620085,0.000796694358114258,0.00163019775030892,-3.68134542058924e-05,0,
0.799680766161213,,,,,,0.00079667332057425
0.8008,0.000796744717424495,0.000796746793807845,0.00163025031800289,-3.67608842643428e-05,0,
0.80047885075818,,,,,,0.00079672591442427
0.8016,0.000796796577183041,0.000796798522917773,0.00163030217667711,-3.67090233953571e-05,0,
0.801276935355148,,,,,,0.00079677780156039
0.8024,0.000796847735088238,0.000796849554211996,0.00163035333353081,-3.66578644058344e-05,0,
0.802075019952115,,,,,,0.00079682899068436
0.8032,0.000796898203064316,0.00079689989646691,0.00163040380048827,-3.66073953782549e-05,0,
0.802873104549082,,,,,,0.000796879490506648
0.804,0.000796947993574901,0.000796949558466481,0.00163045358999455,-3.65576038490546e-05,0,
0.80367118914605,,,,,,0.000796929309745569
0.8048,0.000796997106984801,0.000796998549001364,0.0016305027024245,-3.65084894348441e-05,0,
0.804469273743017,,,,,,0.000796978457126423
0.8056,0.000797045550597916,0.000797046876868025,0.0016305511450815,-3.64600448417808e-05,0,
0.805267358339984,,,,,,0.000797026941380624
0.8064,0.000797093331656878,0.000797094550867865,0.00163059892520766,-3.64122628267051e-05,0,
0.806065442936951,,,,,,0.000797074771244831
0.8072,0.000797140457341409,0.000797141579806338,0.0016306460499822,-3.6365136209375e-05,0,
0.806863527533919,,,,,,0.000797121955460084
0.808,0.000797186934766674,0.000797187972492075,0.00163069252651976,-3.63186578741123e-05,0,
0.807661612130886,,,,,,0.000797168502770933
0.8088,0.000797232770981641,0.000797233737306353,0.00163073836186882,-3.62728207714416e-05,0,
0.808459696727853,,,,,,0.00079721442192457
0.8096,0.00079727797296744,0.000797278862255561,0.00163078356301001,-3.62276179197355e-05,0,
0.80925778132482,,,,,,0.000797259720662335
0.8104,0.000797322547635717,0.00079732334469308,0.00163082813685451,-3.6183042406856e-05,0,
0.810055865921788,,,,,,0.000797304360571911
0.8112,0.000797366501826995,0.000797367213723907,0.00163087209024235,-3.61390873917972e-05,0,
0.810853950518755,,,,,,0.00079734838682694
0.812,0.000797409842309026,0.000797410476727158,0.00163091542994082,-3.6095746106328e-05,0,
0.811652035115722,,,,,,0.00079739180679227
0.8128,0.000797452575775158,0.000797453140990769,0.0016309581626428,-3.60530118566348e-05,0,
0.81245011971269,,,,,,0.000797434627743847
0.8136,0.000797494708842681,0.000797495213708232,0.00163100029496514,-3.60108780249639e-05,0,
0.813248204309657,,,,,,0.000797476856865477
0.8144,0.000797536248051192,0.00079753670197531,0.00163104183344697,-3.59693380712634e-05,0,
0.814046288906624,,,,,,0.000797518501245592
0.8152,0.000797577199860951,0.000797577612786773,0.00163108278454813,-3.59283855348276e-05,0,
0.814844373503591,,,,,,0.000797559567874017
0.816,0.000797617570651238,0.000797617953033121,0.0016311231546622,-3.58880140359372e-05,0,
0.815642458100559,,,,,,0.000797600063638731
0.8168,0.000797657379070666,0.000797657729497309,0.00163116296241148,-3.58482049402927e-05,0,
0.816440542697526,,,,,,0.000797639995322638
0.8176,0.000797696622222128,0.000797696948851476,0.00163120220490987,-3.58089611186884e-05,0,
0.817238627294493,,,,,,0.000797679369600327
0.8184,0.000797735306551772,0.000797735617653671,0.00163124088860319,-3.57702761359663e-05,0,
0.818036711891461,,,,,,0.000797718193034843
0.8192,0.000797773438521573,0.000797773742344577,0.00163127901995303,-3.5732143529843e-05,0,
0.818834796488428,,,,,,0.000797756472074447
0.82,0.00079781102453159,0.000797811329244243,0.00163131660535907,-3.56945568998698e-05,0,
0.819632881085395,,,,,,0.000797794213049382
0.8208,0.000797848070919081,0.000797848384548804,0.00163135365115819,-3.56575099084032e-05,0,
0.820430965682362,,,,,,0.000797831422168644
0.8216,0.000797884583957628,0.000797884914327213,0.0016313901636236,-3.56209962814856e-05,0,
0.82122905027933,,,,,,0.000797868105516741
0.8224,0.000797920569856252,0.000797920924517963,0.00163142614896396,-3.55850098097242e-05,0,
0.822027134876297,,,,,,0.000797904269050459
0.8232,0.000797956034758536,0.000797956420755464,0.00163146161332249,-3.55495443491716e-05,0,
0.822825219473264,,,,,,0.000797939918595631
0.824,0.000797990984741744,0.000797991408521086,0.0016314965627761,-3.55145938222058e-05,0,
0.823623304070231,,,,,,0.000797975059481136
0.8248,0.000798025425815944,0.000798025893439878,0.00163153100333452,-3.54801522184094e-05,0,
0.824421388667199,,,,,,0.000798009697277639
0.8256,0.000798059363923124,0.000798059880986384,0.00163156494093939,-3.54462135954494e-05,0,
0.825219473264166,,,,,,0.000798043837585899
0.8264,0.000798092804936313,0.000798093376378841,0.00163159838146343,-3.54127720799579e-05,0,
0.826017557861133,,,,,,0.000798077485657385
0.8272,0.000798125754658703,0.000798126384684238,0.00163163129886196,-3.53797895445514e-05,0,
0.826815642458101,,,,,,0.000798110646595314
0.828,0.00079815821882277,0.000798158910815015,0.00163166376349607,-3.5347325850528e-05,0,
0.827613727055068,,,,,,0.000798143325351386
0.8288,0.000798190203089389,0.000798190959525755,0.00163169574821784,-3.53153420390656e-05,0,
0.828411811652035,,,,,,0.00079817552672252
0.8296,0.000798221718348006,0.000798222535409883,0.00163172726391723,-3.52838272212184e-05,0,
0.829209896249002,,,,,,0.000798207255347591
0.8304,0.000798252770027092,0.000798253642896362,0.00163175831602681,-3.52527759726211e-05,0,
0.83000798084597,,,,,,0.000798238515704162
0.8312,0.000798283360852311,0.000798284286246387,0.00163178890727227,-3.52221855676516e-05,0,
0.830806065442937,,,,,,0.00079826931210522
0.832,0.000798313496492176,0.000798314469550084,0.00163181904332104,-3.51920503366844e-05,0,
0.831604150039904,,,,,,0.000798299648695915
0.8328,0.000798343182558997,0.000798344196723206,0.00163184872978568,-3.51623646676884e-05,0,
0.832402234636871,,,,,,0.000798329529450289
0.8336,0.000798372424608563,0.000798373471503825,0.00163187797222228,-3.51331230051497e-05,0,
0.833200319233839,,,,,,0.000798358958168019
0.8344,0.000798401228139819,0.000798402297449034,0.00163190677613003,-3.51043198503914e-05,0,
0.833998403830806,,,,,,0.000798387938471146
0.8352,0.000798429598594544,0.000798430677931638,0.00163193514695098,-3.50759497618963e-05,0,
0.834796488427773,,,,,,0.000798416473800811
0.836,0.000798457541357036,0.000798458616136853,0.0016319630900697,-3.50480073556254e-05,0,
0.835594573024741,,,,,,0.000798444567413996
0.8368,0.000798485061753786,0.000798486124724536,0.00163199061081291,-3.50204873053393e-05,0,
0.836392657621708,,,,,,0.000798472222380251
0.8376,0.000798512165053161,0.000798513251716687,0.00163201771444924,-3.4993384342918e-05,0,
0.837190742218675,,,,,,0.000798499460515605
0.8384,0.000798538856465083,0.000798540000762208,0.00163204440618885,-3.49666932586818e-05,0,
0.837988826815642,,,,,,0.000798526354433472
0.8392,0.000798565141140707,0.000798566343913362,0.00163207069118313,-3.49404089017117e-05,0,
0.83878691141261,,,,,,0.000798552841872789
0.84,0.000798591024172105,0.000798592286073183,0.00163209657452438,-3.49145261801695e-05,0,
0.839584996009577,,,,,,0.000798578927731702
0.8408,0.000798616510591938,0.000798617832085725,0.0016321220612455,-3.48890400616187e-05,0,
0.840383080606544,,,,,,0.000798604616849935
0.8416,0.000798641605373145,0.000798642986736065,0.00163214715631927,-3.48639455729783e-05,0,
0.841181165203512,,,,,,0.000798629914008799
0.8424,0.000798666314400802,0.000798667754750296,0.00163217186562988,-3.48392368282737e-05,0,
0.841979249800479,,,,,,0.000798654823931181
0.8432,0.000798690645599454,0.000798692140795536,0.00163219619710354,-3.48149059046294e-05,0,
0.842777334397446,,,,,,0.000798679351281552
0.844,0.000798714600960487,0.000798716149479922,0.00163222015273286,-3.47909508118854e-05,0,
0.843575418994413,,,,,,0.000798703500665964
0.8448,0.000798738185368558,0.000798739785352611,0.00163224373740163,-3.47673666645118e-05,0,
0.844373503591381,,,,,,0.00079872727663205
0.8456,0.000798761403657192,0.00079876305290378,0.00163226695594356,-3.47441486291801e-05,0,
0.845171588188348,,,,,,0.000798750683669027
0.8464,0.000798784260608753,0.000798785956564628,0.00163228981314122,-3.47212919237181e-05,0,
0.845969672785315,,,,,,0.000798773726207688
0.8472,0.000798806760954417,0.000798808500707375,0.00163231231372597,-3.4698791817138e-05,0,
0.846767757382282,,,,,,0.000798796408620412
0.848,0.000798828909374139,0.00079883068964526,0.00163233446237795,-3.46766436296676e-05,0,
0.84756584197925,,,,,,0.000798818735221157
0.8488,0.00079885071049663,0.000798852527632542,0.00163235626372604,-3.46548427327772e-05,0,
0.848363926576217,,,,,,0.000798840710265464
0.8496,0.000798872168899323,0.000798874018864504,0.00163237772234785,-3.46333845492087e-05,0,
0.849162011173184,,,,,,0.000798862337950454
0.8504,0.000798893289108344,0.000798895167477444,0.0016323988427697,-3.46122645530074e-05,0,
0.849960095770152,,,,,,0.00079888362241483
0.8512,0.000798914075598488,0.000798915977548687,0.00163241962946652,-3.4591478269547e-05,0,
0.850758180367119,,,,,,0.000798904567738877
0.852,0.000798934532793184,0.000798936453096573,0.00163244008686193,-3.45710212755616e-05,0,
0.851556264964086,,,,,,0.000798925177944459
0.8528,0.000798954665064471,0.000798956598080467,0.00163246021932812,-3.45508891991732e-05,0,
0.852354349561053,,,,,,0.000798945456995024
0.8536,0.000798974476732965,0.00079897641640075,0.00163248003118585,-3.45310777199216e-05,0,
0.853152434158021,,,,,,0.000798965408795601
0.8544,0.000798993972067833,0.000798995911898827,0.00163249952670446,-3.45115825687932e-05,0,
0.853950518754988,,,,,,0.000798985037192799
0.8552,0.000799013155286763,0.000799015093867138,0.00163251871010126,-3.44923995277351e-05,0,
0.854748603351955,,,,,,0.000799004345974809
0.856,0.000799032032343033,0.000799033985139564,0.00163253758732998,-3.44735226439166e-05,0,
0.855546687948923,,,,,,0.000799023348613297
0.8568,0.000799050606403087,0.000799052584669565,0.00163255616155777,-3.4454948751596e-05,0,
0.85634477254589,,,,,,0.000799042074891936
0.8576,0.000799068881300275,0.000799070884119855,0.00163257443661782,-3.44366740172697e-05,0,
0.857142857142857,,,,,,0.000799060500168284
0.8584,0.000799086861118997,0.000799088887629994,0.00163259241659458,-3.44186943565901e-05,0,
0.857940941739824,,,,,,0.000799078628575355
0.8592,0.000799104549896754,0.000799106599298808,0.0016326101055257,-3.44010057321871e-05,0,
0.858739026336792,,,,,,0.000799096464205812
0.86,0.000799121951624256,0.000799124023184381,0.00163262750740199,-3.43836041534803e-05,0,
0.859537110933759,,,,,,0.000799114011111968
0.8608,0.000799139070245521,0.000799141163304062,0.00163264462616762,-3.43664856765762e-05,0,
0.860335195530726,,,,,,0.000799131273305784
0.8616,0.000799155909657982,0.000799158023634459,0.00163266146572013,-3.43496464041647e-05,0,
0.861133280127694,,,,,,0.000799148254758871
0.8624,0.000799172473712591,0.000799174608111445,0.0016326780299106,-3.43330824854137e-05,0,
0.861931364724661,,,,,,0.00079916495940249
0.8632,0.00079918876621392,0.000799190920630153,0.00163269432254371,-3.43167901158679e-05,0,
0.862729449321628,,,,,,0.00079918139112755
0.864,0.000799204790920267,0.000799206965044976,0.00163271034737788,-3.43007655373421e-05,0,
0.863527533918595,,,,,,0.00079919755378461
0.8648,0.000799220551543759,0.000799222745169573,0.00163272610812534,-3.42850050378206e-05,0,
0.864325618515563,,,,,,0.000799213451183877
0.8656,0.000799236051750457,0.000799238264776863,0.00163274160845227,-3.42695049513514e-05,0,
0.86512370311253,,,,,,0.00079922908709521
0.8664,0.000799251295160459,0.000799253527599025,0.00163275685197886,-3.42542616579423e-05,0,
0.865921787709497,,,,,,0.000799244465248114
0.8672,0.000799266285348001,0.000799268537327502,0.00163277184227946,-3.42392715834589e-05,0,
0.866719872306465,,,,,,0.000799259589331744
0.868,0.000799281025841566,0.000799283297612999,0.0016327865828825,-3.42245311993649e-05,0,
0.867517956903432,,,,,,0.000799274462994906
0.8688,0.000799295520824212,0.000799297812065482,0.00163280107797104,-3.42100363226179e-05,0,
0.868316041500399,,,,,,0.000799289089846054
0.8696,0.000799309774155505,0.000799312084254179,0.00163281533140506,-3.41957830940544e-05,0,
0.869114126097366,,,,,,0.000799303473453291
0.8704,0.000799323788545167,0.00079932611770758,0.00163282934589445,-3.41817688041157e-05,0,
0.869912210694334,,,,,,0.000799317617344369
0.8712,0.000799337567393488,0.000799339915913437,0.00163284312483942,-3.41679900524453e-05,0,
0.870710295291301,,,,,,0.000799331525006691
0.872,0.000799351114059056,0.000799353482318763,0.00163285667159865,-3.41544434805427e-05,0,
0.871508379888268,,,,,,0.000799345199887307
0.8728,0.000799364431858963,0.000799366820329834,0.00163286998948933,-3.41411257714023e-05,0,
0.872306464485235,,,,,,0.000799358645392917
0.8736,0.000799377524069007,0.000799379931946505,0.00163288308178732,-3.41280336493087e-05,0,
0.873104549082203,,,,,,0.000799371864889871
0.8744,0.000799390393923899,0.000799392816839312,0.00163289595172743,-3.41151638796334e-05,0,
0.87390263367917,,,,,,0.000799384859504294
0.8752,0.000799403044617463,0.000799405479891994,0.00163290860250356,-3.41025132686301e-05,0,
0.874700718276137,,,,,,0.000799397628013629
0.876,0.000799415479302845,0.000799417926298279,0.00163292103726892,-3.40900786632313e-05,0,
0.875498802873105,,,,,,0.000799410178970095
0.8768,0.000799427701092713,0.000799430159159561,0.00163293325913627,-3.40778569508427e-05,0,
0.876296887470072,,,,,,0.000799422515479943
0.8776,0.000799439713059463,0.000799442181533634,0.00163294527117807,-3.40658450591417e-05,0,
0.877094972067039,,,,,,0.000799434640606241
0.8784,0.000799451518235426,0.000799453996434695,0.00163295707642672,-3.40540399558706e-05,0,
0.877893056664006,,,,,,0.000799446557368873
0.8792,0.000799463119613064,0.000799465606833341,0.00163296867787476,-3.40424386486337e-05,0,
0.878691141260974,,,,,,0.000799458268744538
0.88,0.000799474520145185,0.00079947701565657,0.00163298007847506,-3.40310381846935e-05,0,
0.879489225857941,,,,,,0.000799469777666751
0.8808,0.000799485722745136,0.000799488225787781,0.00163299128114102,-3.40198356507509e-05,0,
0.880287310454908,,,,,,0.000799481087025843
0.8816,0.000799496730379529,0.000799499240066775,0.00163300228883911,-3.40088280800513e-05,0,
0.881085395051876,,,,,,0.000799492199668959
0.8824,0.000799507547145536,0.000799510061289753,0.00163301310566675,-3.3998011375676e-05,0,
0.881883479648843,,,,,,0.000799503118400063
0.8832,0.000799518174849868,0.000799520692209318,0.0016330237334309,-3.39873837311631e-05,0,
0.88268156424581,,,,,,0.00079951384597993
0.884,0.000799528616295633,0.000799531135534473,0.00163303417493456,-3.39769423432975e-05,0,
0.883479648842777,,,,,,0.000799524385126155
0.8848,0.000799538874250536,0.000799541393930624,0.0016330444329455,-3.39666844444292e-05,0,
0.884277733439745,,,,,,0.000799534738513146
0.8856,0.000799548951447178,0.000799551470019577,0.00163305451019637,-3.39566073020144e-05,0,
0.885075818036712,,,,,,0.000799544908772129
0.8864,0.000799558850583341,0.000799561366379538,0.00163306440938501,-3.39467082183245e-05,0,
0.885873902633679,,,,,,0.000799554898491143
0.8872,0.000799568574322281,0.000799571085545116,0.00163307413317472,-3.39369845301558e-05,0,
0.886671987230646,,,,,,0.000799564710215044
0.888,0.000799578125293022,0.00079958063000732,0.00163308368419458,-3.39274336085362e-05,0,
0.887470071827614,,,,,,0.000799574346445504
0.8888,0.000799587506090644,0.000799590002213559,0.00163309306503972,-3.39180528584352e-05,0,
0.888268156424581,,,,,,0.00079958380964101
0.8896,0.000799596719276574,0.000799599204567647,0.00163310227827162,-3.39088397184728e-05,0,
0.889066241021548,,,,,,0.000799593102216865
0.8904,0.000799605767378882,0.000799608239429795,0.00163311132641839,-3.38997916606285e-05,0,
0.889864325618516,,,,,,0.000799602226545188
0.8912,0.000799614652892565,0.000799617109116617,0.00163312021197508,-3.38909061899485e-05,0,
0.890662410215483,,,,,,0.000799611184954912
0.892,0.000799623378279846,0.000799625820539779,0.00163312893740395,-3.3882180844256e-05,0,
0.89146049481245,,,,,,0.000799619979731789
0.8928,0.000799631945970459,0.000799634385535943,0.00163313750513478,-3.38736131938596e-05,0,
0.892258579409417,,,,,,0.000799628619980295
0.8936,0.000799640358361943,0.000799642800358891,0.00163314591756515,-3.38652008412618e-05,0,
0.893056664006385,,,,,,0.000799637118735672
0.8944,0.000799648617819934,0.000799651062821797,0.00163315417706069,-3.38569414208187e-05,0,
0.893854748603352,,,,,,0.000799645464245688
0.8952,0.000799656727078369,0.000799659175289551,0.00163316228635539,-3.38488321986481e-05,0,
0.894652833200319,,,,,,0.000799653658882851
0.896,0.000799664688346891,0.000799667140090666,0.00163317024765899,-3.38408709652093e-05,0,
0.895450917797286,,,,,,0.000799661704983638
0.8968,0.000799672503756884,0.000799674959517286,0.00163317806310291,-3.38330555891425e-05,0,
0.896249002394254,,,,,,0.000799669604848504
0.8976,0.000799680175569377,0.000799682635825181,0.00163318573494819,-3.38253838094354e-05,0,
0.897047086991221,,,,,,0.000799677360741873
0.8984,0.000799687706016262,0.000799690171233749,0.00163319326542676,-3.38178533942316e-05,0,
0.897845171588188,,,,,,0.000799684974892145
0.8992,0.000799695097300621,0.000799697567926014,0.00163320065674173,-3.38104621404828e-05,0,
0.898643256185156,,,,,,0.00079969244949169
0.9,0.000799702351597055,0.000799704828048627,0.00163320791106773,-3.3803207873622e-05,0,
0.899441340782123,,,,,,0.000799699786696855
0.9008,0.000799709471052012,0.00079971195371187,0.00163321503055126,-3.37960884472332e-05,0,
0.90023942537909,,,,,,0.000799706988627958
0.9016,0.000799716457784114,0.000799718946989647,0.00163322201731095,-3.37891017427248e-05,0,
0.901037509976057,,,,,,0.00079971405736929
0.9024,0.000799723313884489,0.000799725809919493,0.00163322887343798,-3.37822456690009e-05,0,
0.901835594573025,,,,,,0.000799720994969115
0.9032,0.000799730041417094,0.00079973254450257,0.00163323560099632,-3.37755181621333e-05,0,
0.902633679169992,,,,,,0.000799727803439672
0.904,0.000799736642419047,0.000799739152703666,0.00163324220202313,-3.37689171850329e-05,0,
0.903431763766959,,,,,,0.000799734484757172
0.9048,0.000799743118900954,0.000799745636451196,0.00163324867852903,-3.37624407271215e-05,0,
0.904229848363927,,,,,,0.000799741040861798
0.9056,0.000799749472847237,0.000799751997637205,0.00163325503249848,-3.37560868040051e-05,0,
0.905027932960894,,,,,,0.000799747473657708
0.9064,0.000799755706216462,0.000799758238117362,0.00163326126589007,-3.37498534571423e-05,0,
0.905826017557861,,,,,,0.000799753785013033
0.9072,0.000799761820941668,0.000799764359710966,0.00163326738063687,-3.37437387535341e-05,0,
0.906624102154828,,,,,,0.000799759976759876
0.908,0.000799767818787324,0.000799770364200941,0.00163327337850341,-3.37377409287586e-05,0,
0.907422186751796,,,,,,0.000799766050694314
0.9088,0.00079977370137273,0.000799776253333841,0.00163327926110896,-3.37318583635013e-05,0,
0.908220271348763,,,,,,0.000799772008576396
0.9096,0.000799779470828111,0.000799782028819844,0.00163328503058376,-3.37260889275402e-05,0,
0.90901835594573,,,,,,0.000799777852130147
0.9104,0.000799785128971024,0.000799787695103976,0.00163329068874541,-3.37204308033662e-05,0,
0.909816440542698,,,,,,0.000799783583043562
0.9112,0.000799790677594039,0.000799793258231422,0.00163329623738651,-3.37148821984311e-05,0,
0.910614525139665,,,,,,0.000799789206758571
0.912,0.000799796118465036,0.000799798716256615,0.00163330167827495,-3.3709441344876e-05,0,
0.911412609736632,,,,,,0.000799794729486013
0.9128,0.000799801453327502,0.000799804069088412,0.00163330701315424,-3.37041064992346e-05,0,
0.912210694333599,,,,,,0.000799800146293896
0.9136,0.000799806683900828,0.00079980931838674,0.00163331224374379,-3.36988759421375e-05,0,
0.913008778930567,,,,,,0.000799805458854183
0.9144,0.000799811811880604,0.000799814465778717,0.00163331737173922,-3.3693747978013e-05,0,
0.913806863527534,,,,,,0.000799810668806339
0.9152,0.000799816838938917,0.000799819512858651,0.00163332239881263,-3.36887209347918e-05,0,
0.914604948124501,,,,,,0.000799815777757332
0.916,0.00079982176672465,0.000799824461188038,0.00163332732661291,-3.36837931636116e-05,0,
0.915403032721469,,,,,,0.000799820787281633
0.9168,0.000799826596863775,0.000799829312295568,0.00163333215676607,-3.36789630385169e-05,0,
0.916201117318436,,,,,,0.000799825698921212
0.9176,0.000799831330959653,0.000799834067677119,0.00163333689087547,-3.36742289561648e-05,0,
0.916999201915403,,,,,,0.000799830514185546
0.9184,0.000799835970593327,0.000799838728795759,0.00163334153052218,-3.36695893355268e-05,0,
0.91779728651237,,,,,,0.00079983523455161
0.9192,0.000799840517323825,0.000799843297081747,0.00163334607726524,-3.36650426175946e-05,0,
0.918595371109338,,,,,,0.000799839861463883
0.92,0.000799844972688449,0.000799847773932533,0.00163335053264198,-3.3660587265078e-05,0,
0.919393455706305,,,,,,0.000799844396334348
0.9208,0.000799849338203081,0.000799852160712757,0.00163335489816828,-3.36562217621137e-05,0,
0.920191540303272,,,,,,0.000799848840542487
0.9216,0.000799853615362469,0.000799856458754247,0.0016333591753389,-3.36519446139656e-05,0,
0.920989624900239,,,,,,0.000799853195435286
0.9224,0.000799857805640534,0.000799860669356025,0.0016333633656278,-3.36477543467285e-05,0,
0.921787709497207,,,,,,0.000799857462327233
0.9232,0.000799861910490662,0.0007998647937843,0.00163336747048835,-3.36436495070307e-05,0,
0.922585794094174,,,,,,0.000799861642500319
0.924,0.000799865931345999,0.000799868833272474,0.00163337149135374,-3.36396286617385e-05,0,
0.923383878691141,,,,,,0.000799865737204036
0.9248,0.000799869869619751,0.000799872789021137,0.00163337542963716,-3.36356903976582e-05,0,
0.924181963288109,,,,,,0.00079986974765538
0.9256,0.000799873726705483,0.00079987666219807,0.00163337928673221,-3.36318333212401e-05,0,
0.924980047885076,,,,,,0.000799873675038847
0.9264,0.000799877503977408,0.000799880453938246,0.0016333830640131,-3.36280560582806e-05,0,
0.925778132482043,,,,,,0.000799877520506436
0.9272,0.000799881202790691,0.000799884165343827,0.00163338676283501,-3.36243572536274e-05,0,
0.92657621707901,,,,,,0.00079988128517765
0.928,0.000799884824481745,0.000799887797484163,0.00163339038453437,-3.36207355708793e-05,0,
0.927374301675978,,,,,,0.000799884970139493
0.9288,0.000799888370368524,0.000799891357549777,0.00163339393042914,-3.36171896920938e-05,0,
0.928172386272945,,,,,,0.00079988857644647
0.9296,0.000799891841750822,0.000799894853902569,0.00163339740181913,-3.36137183174857e-05,0,
0.928970470869912,,,,,,0.000799892112946098
0.9304,0.000799895239910573,0.000799898279971111,0.00163340079998628,-3.36103201651344e-05,0,
0.92976855546688,,,,,,0.000799895587789494
0.9312,0.00079989856611214,0.000799901634429312,0.00163340412619496,-3.36069939706837e-05,0,
0.930566640063847,,,,,,0.000799898990445734
0.932,0.000799901821602621,0.000799904918428363,0.00163340738169229,-3.36037384870476e-05,0,
0.931364724660814,,,,,,0.000799902322078267
0.9328,0.000799905007612139,0.000799908133093287,0.00163341056770839,-3.36005524841113e-05,0,
0.932162809257781,,,,,,0.000799905583824619
0.9336,0.000799908125354142,0.000799911279522939,0.00163341368545674,-3.35974347484584e-05,0,
0.932960893854749,,,,,,0.000799908776796398
0.9344,0.00079991117554878,0.000799914358790002,0.00163341673565751,-3.35943845599478e-05,0,
0.933758978451716,,,,,,0.000799911902079291
0.9352,0.000799914159334113,0.000799917371940993,0.00163341971944871,-3.35914007804897e-05,0,
0.934557063048683,,,,,,0.000799914960733065
0.936,0.00079991707824375,0.000799920319996256,0.00163342263836398,-3.35884818764828e-05,0,
0.93535514764565,,,,,,0.000799917953791565
0.9368,0.000799919933415009,0.000799923203949968,0.00163342549354065,-3.35856267106335e-05,0,
0.936153232242618,,,,,,0.000799920882262717
0.9376,0.000799922725969447,0.000799926024770137,0.00163342828610029,-3.35828341613942e-05,0,
0.936951316839585,,,,,,0.000799923747128525
0.9384,0.000799925457013138,0.0007999287833986,0.00163343101714897,-3.35801031226969e-05,0,
0.937749401436552,,,,,,0.000799926549345075
0.9392,0.000799928127636966,0.000799931480751027,0.0016334336877776,-3.35774325036657e-05,0,
0.93854748603352,,,,,,0.00079992928984253
0.94,0.000799930738916904,0.000799934117716916,0.00163343629906214,-3.35748212283342e-05,0,
0.939345570630487,,,,,,0.000799931969525134
0.9408,0.000799933291914302,0.000799936695159598,0.00163343885206396,-3.35722682353591e-05,0,
0.940143655227454,,,,,,0.00079993458927121
0.9416,0.000799935787676171,0.000799939213916233,0.00163344134783008,-3.35697724777354e-05,0,
0.940941739824421,,,,,,0.00079993714993316
0.9424,0.000799938227235469,0.000799941674797813,0.00163344378739345,-3.3567332922513e-05,0,
0.941739824421389,,,,,,0.000799939652337468
0.9432,0.000799940611611385,0.00079994407858916,0.00163344617177328,-3.35649485505077e-05,0,
0.942537909018356,,,,,,0.000799942097284694
0.944,0.000799942941809623,0.000799946426048927,0.00163344850197527,-3.35626183560216e-05,0,
0.943335993615323,,,,,,0.000799944485549479
0.9448,0.00079994521882269,0.000799948717909597,0.00163345077899193,-3.35603413465537e-05,0,
0.94413407821229,,,,,,0.000799946817880546
0.9456,0.000799947443630178,0.000799950954877485,0.00163345300380287,-3.35581165425168e-05,0,
0.944932162809258,,,,,,0.000799949095000694
0.9464,0.000799949617199052,0.000799953137632736,0.00163345517737506,-3.35559429769516e-05,0,
0.945730247406225,,,,,,0.000799951317606802
0.9472,0.000799951740483932,0.000799955274546164,0.00163345730066311,-3.3553819695244e-05,0,
0.946528332003192,,,,,,0.000799953486369831
0.948,0.00079995381442738,0.000799957372922361,0.0016334593746096,-3.35517457548366e-05,0,
0.94732641660016,,,,,,0.000799955611104067
0.9488,0.000799955839960184,0.00079995942456243,0.00163346140014531,-3.35497202249457e-05,0,
0.948124501197127,,,,,,0.0007999576985665
0.9496,0.000799957818001643,0.000799961428426802,0.00163346337818956,-3.35477421862773e-05,0,
0.948922585794094,,,,,,0.000799959737786644
0.9504,0.000799959749459854,0.000799963385327833,0.00163346530965045,-3.35458107307392e-05,0,
0.949720670391061,,,,,,0.000799961729587019
0.9512,0.000799961635231993,0.000799965296058795,0.00163346719542515,-3.3543924961159e-05,0,
0.950518754988029,,,,,,0.000799963674771246
0.952,0.000799963476204605,0.000799967161393878,0.00163346903640021,-3.3542083990997e-05,0,
0.951316839584996,,,,,,0.000799965574124045
0.9528,0.000799965273253884,0.000799968982088189,0.00163347083345183,-3.35402869440619e-05,0,
0.952114924181963,,,,,,0.000799967428411233
0.9536,0.000799967027245962,0.000799970758877753,0.00163347258744615,-3.35385329542263e-05,0,
0.952913008778931,,,,,,0.000799969238379728
0.9544,0.000799968739037193,0.000799972492479512,0.00163347429923953,-3.3536821165141e-05,0,
0.953711093375898,,,,,,0.000799971004757545
0.9552,0.000799970409474435,0.000799974183591326,0.00163347596967882,-3.35351507299499e-05,0,
0.954509177972865,,,,,,0.0007999727282538
0.956,0.000799972039395339,0.000799975832891972,0.00163347759960168,-3.35335208110056e-05,0,
0.955307262569832,,,,,,0.000799974409558706
0.9568,0.000799973629628634,0.000799977441041143,0.00163347918983685,-3.35319305795839e-05,0,
0.9561053471668,,,,,,0.000799976049343574
0.9576,0.000799975180994409,0.000799979008679451,0.00163348074120442,-3.35303792155995e-05,0,
0.956903431763767,,,,,,0.000799977648260818
0.9584,0.000799976694304398,0.000799980536428426,0.00163348225451611,-3.35288659073197e-05,0,
0.957701516360734,,,,,,0.000799979206943945
0.9592,0.000799978170362268,0.000799982024890514,0.00163348373057562,-3.35273898510808e-05,0,
0.958499600957701,,,,,,0.000799980726007566
0.96,0.000799979609963904,0.000799983474649078,0.00163348517017894,-3.35259502511358e-05,0,
0.959297685554669,,,,,,0.000799982206047388
0.9608,0.000799981007693463,0.0007999848862684,0.00163348656791017,-3.35245525232456e-05,0,
0.960095770151636,,,,,,0.000799983647640217
0.9616,0.000799982367692584,0.000799986260293678,0.00163348792791078,-3.35231925256134e-05,0,
0.960893854748603,,,,,,0.00079998505134396
0.9624,0.000799983692399074,0.000799987597251028,0.00163348925261866,-3.35218678205123e-05,0,
0.961691939345571,,,,,,0.00079998641769762
0.9632,0.000799984982499488,0.000799988897647484,0.0016334905427204,-3.35205777214248e-05,0,
0.962490023942538,,,,,,0.000799987747221299
0.964,0.000799986238670913,0.000799990161970995,0.00163349179889309,-3.35193215512653e-05,0,
0.963288108539505,,,,,,0.000799989040416201
0.9648,0.000799987461581204,0.000799991390690431,0.00163349302180459,-3.35180986421818e-05,0,
0.964086193136472,,,,,,0.000799990297764625
0.9656,0.000799988651889214,0.000799992588599196,0.00163349421211375,-3.35169083353247e-05,0,
0.96488427773344,,,,,,0.000799991519729972
0.9664,0.000799989810245023,0.000799993758830028,0.00163349537047066,-3.35157499806145e-05,0,
0.965682362330407,,,,,,0.000799992711600204
0.9672,0.000799990937290175,0.000799994897407415,0.00163349649751686,-3.35146229365105e-05,0,
0.966480446927374,,,,,,0.000799993876224118
0.968,0.000799992033657905,0.000799996004361486,0.00163349759388559,-3.35135265697791e-05,0,
0.967278531524342,,,,,,0.000799995008858653
0.9688,0.000799993099973375,0.000799997080262119,0.00163349866020201,-3.35124602552603e-05,0,
0.968076616121309,,,,,,0.000799996110078601
0.9696,0.000799994136853903,0.000799998125669284,0.00163349969708344,-3.35114233756383e-05,0,
0.968874700718276,,,,,,0.000799997180448767
0.9704,0.000799995144909196,0.00079999914113322,0.0016335007051396,-3.35104153212075e-05,0,
0.969672785315243,,,,,,0.00079999822052416
0.9712,0.000799996124741582,0.00080000012719463,0.00163350168497281,-3.35094354896422e-05,0,
0.970470869912211,,,,,,0.00079999923085017
0.972,0.000799997076946241,0.000800001084384864,0.00163350263717825,-3.35084832857637e-05,0,
0.971268954509178,,,,,,0.000800000211962758
0.9728,0.000799998002111438,0.000800002013226102,0.00163350356234419,-3.35075581213087e-05,0,
0.972067039106145,,,,,,0.000800001164388638
0.9736,0.000799998900818754,0.000800002914231548,0.00163350446105221,-3.35066594146983e-05,0,
0.972865123703113,,,,,,0.000800002088645459
0.9744,0.000799999773643319,0.000800003787905612,0.00163350533387744,-3.3505786590804e-05,0,
0.97366320830008,,,,,,0.000800002985241994
0.9752,0.00080000062115404,0.000800004634744093,0.0016335061813888,-3.35049390807185e-05,0,
0.974461292897047,,,,,,0.000800003854678322
0.976,0.000800001443913841,0.000800005455234375,0.0016335070041492,-3.35041163215219e-05,0,
0.975259377494014,,,,,,0.000800004697446009
0.9768,0.000800002242479886,0.000800006249855605,0.00163350780271582,-3.35033177560501e-05,0,
0.976057462090982,,,,,,0.0008000055140283
0.9776,0.000800003017403814,0.000800007019078883,0.00163350857764029,-3.35025428326646e-05,0,
0.976855546687949,,,,,,0.000800006304900296
0.9784,0.000800003769231976,0.000800007763367449,0.00163350932946897,-3.35017910050179e-05,0,
0.977653631284916,,,,,,0.000800007070529141
0.9792,0.000800004498505657,0.000800008483176867,0.00163351005874314,-3.3501061731824e-05,0,
0.978451715881884,,,,,,0.000800007811374209
0.98,0.000800005205761317,0.000800009178955215,0.00163351076599926,-3.35003544766255e-05,0,
0.979249800478851,,,,,,0.000800008527887282
0.9808,0.000800005891530818,0.000800009851143268,0.0016335114517692,-3.34996687075613e-05,0,
0.980047885075818,,,,,,0.000800009220512742
0.9816,0.000800006556341656,0.000800010500174688,0.00163351211658045,-3.34990038971361e-05,0,
0.980845969672785,,,,,,0.000800009889687748
0.9824,0.000800007200717195,0.000800011126476207,0.00163351276095638,-3.3498359521987e-05,0,
0.981644054269753,,,,,,0.000800010535842426
0.9832,0.000800007825176897,0.000800011730467817,0.00163351338541645,-3.3497735062653e-05,0,
0.98244213886672,,,,,,0.00080001115940005
0.984,0.000800008430236555,0.000800012314719965,0.00163351399047645,-3.34971300033419e-05,0,
0.983240223463687,,,,,,0.000800011760777227
0.9848,0.000800009016408525,0.000800012880456224,0.00163351457664875,-3.34965438316999e-05,0,
0.984038308060654,,,,,,0.000800012342649851
0.9856,0.000800009584201957,0.000800013426125232,0.00163351514444249,-3.34959760385771e-05,0,
0.984836392657622,,,,,,0.000800012906151918
0.9864,0.000800010134113173,0.000800013952099691,0.00163351569435408,-3.34954261277375e-05,0,
0.985634477254589,,,,,,0.000800013449602288
0.9872,0.000800010656162096,0.000800014458853863,0.00163351621640337,-3.34949040791762e-05,0,
0.986432561851556,,,,,,0.000800013973473642
0.988,0.000800011159983199,0.00080001494686036,0.00163351672022474,-3.3494400258345e-05,0,
0.987230646448524,,,,,,0.000800014478236767
0.9888,0.000800011645986627,0.000800015416590401,0.00163351720622843,-3.34939142551742e-05,0,
0.988028731045491,,,,,,0.000800014964360826
0.9896,0.000800012114577338,0.000800015868514088,0.00163351767481938,-3.34934456647047e-05,0,
0.988826815642458,,,,,,0.000800015432313615
0.9904,0.000800012566155291,0.000800016303100667,0.00163351812639756,-3.34929940869793e-05,0,
0.989624900239425,,,,,,0.000800015882561833
0.9912,0.000800013001115627,0.000800016720818798,0.00163351856135811,-3.34925591268575e-05,0,
0.990422984836393,,,,,,0.000800016315571341
0.992,0.000800013419848852,0.00080001712213682,0.00163351898009154,-3.34921403938345e-05,0,
0.99122106943336,,,,,,0.000800016731807431
0.9928,0.00080001382274102,0.000800017507523021,0.00163351938298389,-3.34917375018558e-05,0,
0.992019154030327,,,,,,0.000800017131735084
0.9936,0.000800014210173916,0.000800017877445903,0.00163351977041697,-3.34913500691369e-05,0,
0.992817238627295,,,,,,0.000800017515819239
0.9944,0.000800014582525242,0.000800018232374449,0.00163352014276846,-3.34909777179775e-05,0,
0.993615323224262,,,,,,0.000800017884525055
0.9952,0.000800014940168795,0.00080001857277839,0.00163352050041217,-3.34906200745804e-05,0,
0.994413407821229,,,,,,0.000800018238318173
0.996,0.000800015283474653,0.000800018899128474,0.00163352084371817,-3.3490276768868e-05,0,
0.995211492418196,,,,,,0.000800018577664984
0.9968,0.000800015612809358,0.00080001921189673,0.00163352117305301,-3.34899474342991e-05,0,
0.996009577015164,,,,,,0.000800018903032888
0.9976,0.000800015928536099,0.000800019511556739,0.00163352148877988,-3.34896317076853e-05,0,
0.996807661612131,,,,,,0.000800019214890564
0.9984,0.000800016231014893,0.000800019798583897,0.0016335217912588,-3.34893292290097e-05,0,
0.997605746209098,,,,,,0.000800019513708226
0.9992,0.000800016520602772,0.000800020073455684,0.00163352208084679,-3.34890396412407e-05,0,
0.998403830806065,,,,,,0.000800019799957895
1,0.000800016797653963,0.000800020336651931,0.00163352235789808,-3.34887625901533e-05,0,
0.999201915403033,,,,,,0.000800020074113658
1.0008,0.00080001706252007,0.000800020588629513,0.00163352262276428,-3.34884977241417e-05,0,
1,,,,,,0.000800020336651931
1.00079808459697,,,,,,0.000800020588051729
1.0016,0.000800017315550261,0.00080002082987022,0.00163352287579456,-3.34882446940388e-05,0,
1.00159616919393,,,,,,0.000800020828794923
1.0024,0.000800017557091448,0.000800021054303144,0.00163352311733583,-3.3488003152934e-05,0,
1.0023942537909,,,,,,0.000800021052815046
1.0032,0.00080001778748847,0.000800021261367563,0.00163352334773293,-3.3487772755987e-05,0,
1.00319233838787,,,,,,0.000800021259495372
1.004,0.00080001800708428,0.000800021456718977,0.00163352356732881,-3.34875531602472e-05,0,
1.00399042298484,,,,,,0.000800021454515321
1.0048,0.000800018216220122,0.000800021640637749,0.00163352377646471,-3.34873440244701e-05,0,
1.0047885075818,,,,,,0.000800021638153341
1.0056,0.000800018415235718,0.000800021813398008,0.00163352397548037,-3.34871450089337e-05,0,
1.00558659217877,,,,,,0.000800021810681702
1.0064,0.00080001860446945,0.000800021975267703,0.00163352416471416,-3.34869557752565e-05,0,
1.00638467677574,,,,,,0.000800021972366555
1.0072,0.000800018784258542,0.000800022126508654,0.0016335243445033,-3.34867759862141e-05,0,
1.00718276137271,,,,,,0.000800022123467978
1.008,0.000800018954939248,0.000800022267376602,0.00163352451518405,-3.3486605305554e-05,0,
1.00798084596967,,,,,,0.000800022264240024
1.0088,0.000800019116847027,0.000800022398121259,0.00163352467709187,-3.3486443397817e-05,0,
1.00877893056664,,,,,,0.000800022394930776
1.0096,0.000800019270316731,0.000800022518986358,0.00163352483056161,-3.34862899281507e-05,0,
1.00957701516361,,,,,,0.000800022515782394
1.0104,0.00080001941568279,0.000800022630209709,0.00163352497592771,-3.34861445621265e-05,0,
1.01037509976057,,,,,,0.000800022627031166
1.0112,0.000800019553279389,0.000800022732023244,0.00163352511352434,-3.34860069655583e-05,0,
1.01117318435754,,,,,,0.00080002272890756
1.012,0.000800019683440657,0.000800022824653071,0.00163352524368564,-3.34858768043247e-05,0,
1.01197126895451,,,,,,0.000800022821636271
1.0128,0.000800019803482298,0.000800022908319524,0.00163352536372733,-3.34857567627346e-05,0,
1.01276935355148,,,,,,0.000800022905436275
1.0136,0.000800019905788454,0.000800022983237213,0.00163352546603353,-3.34856544566176e-05,0,
1.01356743814844,,,,,,0.000800022980520876
1.0144,0.000800019999908631,0.000800023049615077,0.00163352556015373,-3.34855603364638e-05,0,
1.01436552274541,,,,,,0.000800023047097758
1.0152,0.000800020086068149,0.000800023107656433,0.00163352564631326,-3.34854741769657e-05,0,
1.01516360734238,,,,,,0.000800023105369034
1.016,0.000800020164489438,0.000800023157559029,0.00163352572473457,-3.3485395755695e-05,0,
1.01596169193935,,,,,,0.000800023155531299
1.0168,0.000800020235392156,0.000800023199515091,0.0016335257956373,-3.34853248529925e-05,0,
1.01675977653631,,,,,,0.000800023197775676
1.0176,0.000800020298993324,0.000800023233711378,0.00163352585923849,-3.3485261251838e-05,0,
1.01755786113328,,,,,,0.000800023232287872
1.0184,0.000800020355507451,0.00080002326032923,0.00163352591575263,-3.34852047377231e-05,0,
1.01835594573025,,,,,,0.00080002325924822
1.0192,0.000800020405146661,0.000800023279544622,0.00163352596539184,-3.34851550985237e-05,0,
1.01915403032721,,,,,,0.000800023278831739
1.02,0.000800020448120819,0.000800023291675056,0.00163352600836601,-3.34851121243736e-05,0,
1.01995211492418,,,,,,0.000800023291208177
1.0208,0.000800020484637667,0.000800023299203587,0.00163352604488287,-3.34850756075333e-05,0,
1.02075019952115,,,,,,0.000800023298989501
1.0216,0.000800020514902938,0.000800023302262559,0.00163352607514814,-3.34850453422674e-05,0,
1.02154828411812,,,,,,0.000800023302420354
1.0224,0.000800020539120498,0.000800023299442541,0.00163352609936571,-3.34850211247117e-05,0,
1.02234636871508,,,,,,0.000800023299985247
1.0232,0.000800020557492464,0.000800023290970141,0.00163352611773768,-3.34850027527491e-05,0,
1.02314445331205,,,,,,0.000800023291909266
1.024,0.000800020570219334,0.000800023277070558,0.00163352613046455,-3.34849900258809e-05,0,
1.02394253790902,,,,,,0.000800023278416092
1.0248,0.000800020577500118,0.000800023257967701,0.00163352613774533,-3.34849827450985e-05,0,
1.02474062250599,,,,,,0.000800023259728119
1.0256,0.00080002057953246,0.000800023233884321,0.00163352613977768,-3.34849807127567e-05,0,
1.02553870710295,,,,,,0.000800023236066585
1.0264,0.000800020576512771,0.000800023205042136,0.00163352613675799,-3.34849837324449e-05,0,
1.02633679169992,,,,,,0.000800023207651693
1.0272,0.000800020568636355,0.000800023171661955,0.00163352612888157,-3.34849916088597e-05,0,
1.02713487629689,,,,,,0.000800023174702738
1.028,0.000800020556097534,0.000800023133963806,0.00163352611634275,-3.34850041476793e-05,0,
1.02793296089385,,,,,,0.000800023137438231
1.0288,0.000800020539089778,0.000800023092167062,0.00163352609933499,-3.34850211554324e-05,0,
1.02873104549082,,,,,,0.000800023096076022
1.0296,0.000800020517805836,0.000800023046490566,0.00163352607805104,-3.34850424393723e-05,0,
1.02952913008779,,,,,,0.000800023050833426
1.0304,0.000800020492437855,0.00080002299715276,0.00163352605268306,-3.34850678073505e-05,0,
1.03032721468476,,,,,,0.000800023001927348
1.0312,0.000800020463177516,0.000800022944371807,0.00163352602342272,-3.34850970676859e-05,0,
1.03112529928172,,,,,,0.000800022949574408
1.032,0.000800020430216158,0.000800022888365721,0.00163352599046136,-3.348513002904e-05,0,
1.03192338387869,,,,,,0.000800022893991065
1.0328,0.000800020393744907,0.000800022829352493,0.0016335259539901,-3.3485166500287e-05,0,
1.03272146847566,,,,,,0.00080002283539374
1.0336,0.000800020353954802,0.000800022767550212,0.00163352591419999,-3.3485206290389e-05,0,
1.03351955307263,,,,,,0.000800022773998947
1.0344,0.000800020311036923,0.000800022703177199,0.00163352587128211,-3.3485249208264e-05,0,
1.03431763766959,,,,,,0.000800022710023407
1.0352,0.00080002026518252,0.000800022636452128,0.0016335258254277,-3.34852950626627e-05,0,
1.03511572226656,,,,,,0.000800022643684184
1.036,0.000800020216583141,0.000800022567594152,0.00163352577682832,-3.34853436620385e-05,0,
1.03591380686353,,,,,,0.000800022575198802
1.0368,0.000800020165430756,0.000800022496823033,0.00163352572567593,-3.34853948144192e-05,0,
1.03671189146049,,,,,,0.000800022504785373
1.0376,0.000800020111917891,0.000800022424359264,0.00163352567216306,-3.34854483272809e-05,0,
1.03750997605746,,,,,,0.000800022432662721
1.0384,0.000800020056237748,0.000800022349826234,0.00163352561648291,-3.34855040074159e-05,0,
1.03830806065443,,,,,,0.000800022359050507
1.0392,0.000800019993780553,0.000800022268879234,0.0016335255540257,-3.34855664645971e-05,0,
1.0391061452514,,,,,,0.000800022278978695
1.04,0.000800019923044718,0.000800022182488097,0.00163352548328986,-3.348563720042e-05,0,
1.03990422984836,,,,,,0.000800022193098922
1.0408,0.00080001984932796,0.000800022093549944,0.00163352540957309,-3.34857109171717e-05,0,
1.04070231444533,,,,,,0.000800022104675381
1.0416,0.000800019772740042,0.000800022002137808,0.00163352533298517,-3.34857875050828e-05,0,
1.0415003990423,,,,,,0.000800022013781291
1.0424,0.000800019693389089,0.000800021908318951,0.00163352525363421,-3.34858668560295e-05,0,
1.04229848363927,,,,,,0.000800021920484156
1.0432,0.000800019611381669,0.000800021812154836,0.00163352517162678,-3.34859488634431e-05,0,
1.04309656823623,,,,,,0.000800021824845745
1.044,0.00080001952682288,0.000800021713701111,0.00163352508706799,-3.34860334222257e-05,0,
1.0438946528332,,,,,,0.000800021726922063
1.0448,0.000800019439816431,0.000800021613007578,0.00163352500006153,-3.34861204286684e-05,0,
1.04469273743017,,,,,,0.000800021626763332
1.0456,0.000800019350464729,0.000800021510118174,0.00163352491070982,-3.34862097803643e-05,0,
1.04549082202713,,,,,,0.000800021524413968
1.0464,0.000800019258868962,0.000800021405070949,0.00163352481911405,-3.34863013761257e-05,0,
1.0462889066241,,,,,,0.000800021419912554
1.0472,0.000800019165129182,0.000800021297898036,0.00163352472537426,-3.34863951158993e-05,0,
1.04708699122107,,,,,,0.000800021313291824
1.048,0.000800019069344393,0.000800021188625636,0.00163352462958947,-3.34864909006831e-05,0,
1.04788507581804,,,,,,0.000800021204578632
1.0488,0.000800018971612629,0.000800021077273986,0.0016335245318577,-3.34865886324413e-05,0,
1.048683160415,,,,,,0.000800021093793933
1.0496,0.000800018872031045,0.000800020963857342,0.00163352443227611,-3.34866882140202e-05,0,
1.04948124501197,,,,,,0.00080002098095276
1.0504,0.000800018770695996,0.000800020848383955,0.00163352433094106,-3.34867895490638e-05,0,
1.05027932960894,,,,,,0.000800020866064199
1.0512,0.000800018667703124,0.000800020730856044,0.00163352422794818,-3.34868925419309e-05,0,
1.05107741420591,,,,,,0.000800020749131368
1.052,0.000800018563147441,0.000800020611269774,0.00163352412339249,-3.34869970976093e-05,0,
1.05187549880287,,,,,,0.000800020630151392
1.0528,0.000800018457123414,0.000800020489615234,0.00163352401736846,-3.34871031216319e-05,0,
1.05267358339984,,,,,,0.00080002050911538
1.0536,0.000800018349725047,0.000800020365876414,0.00163352390997009,-3.34872105199944e-05,0,
1.05347166799681,,,,,,0.000800020386008402
1.0544,0.000800018241045969,0.000800020240031177,0.00163352380129101,-3.34873191990679e-05,0,
1.05426975259377,,,,,,0.000800020260809469
1.0552,0.000800018131179515,0.000800020112051243,0.00163352369142455,-3.34874290655183e-05,0,
1.05506783719074,,,,,,0.000800020133491505
1.056,0.000800018020218811,0.000800019981902157,0.00163352358046384,-3.34875400262191e-05,0,
1.05586592178771,,,,,,0.000800020004021324
1.0568,0.000800017908256859,0.000800019849543274,0.00163352346850189,-3.34876519881678e-05,0,
1.05666400638468,,,,,,0.000800019872359614
1.0576,0.000800017795386619,0.000800019714927728,0.00163352335563164,-3.34877648584046e-05,0,
1.05746209098164,,,,,,0.000800019738460903
1.0584,0.000800017681701097,0.000800019578002415,0.00163352324194612,-3.34878785439238e-05,0,
1.05826017557861,,,,,,0.000800019602273546
1.0592,0.000800017567293426,0.000800019438707964,0.00163352312753844,-3.3487992951593e-05,0,
1.05905826017558,,,,,,0.000800019463739693
1.06,0.00080001745225695,0.000800019296978719,0.00163352301250197,-3.34881079880671e-05,0,
1.05985634477255,,,,,,0.000800019322795274
1.0608,0.00080001733668531,0.000800019152742711,0.00163352289693033,-3.34882235597053e-05,0,
1.06065442936951,,,,,,0.00080001917936997
1.0616,0.000800017220672528,0.000800019005921637,0.00163352278091754,-3.34883395724854e-05,0,
1.06145251396648,,,,,,0.000800019033387192
1.0624,0.000800017104313091,0.000800018856430835,0.0016335226645581,-3.34884559319225e-05,0,
1.06225059856345,,,,,,0.000800018884764059
1.0632,0.000800016987702033,0.000800018704179263,0.00163352254794704,-3.34885725429794e-05,0,
1.06304868316041,,,,,,0.00080001873341137
1.064,0.000800016870935022,0.000800018549069472,0.00163352243118003,-3.34886893099901e-05,0,
1.06384676775738,,,,,,0.000800018579233589
1.0648,0.000800016754108443,0.000800018390997588,0.00163352231435345,-3.34888061365612e-05,0,
1.06464485235435,,,,,,0.000800018422128815
1.0656,0.000800016633023613,0.000800018229853281,0.0016335221932686,-3.34889272213792e-05,0,
1.06544293695132,,,,,,0.000800018261988759
1.0664,0.000800016509537526,0.000800018065519749,0.00163352206978251,-3.34890507074601e-05,0,
1.06624102154828,,,,,,0.000800018098698727
1.0672,0.000800016385452049,0.00080001789787369,0.00163352194569703,-3.34891747929353e-05,0,
1.06703910614525,,,,,,0.000800017932137591
1.068,0.000800016260815465,0.00080001772678528,0.00163352182106045,-3.34892994295174e-05,0,
1.06783719074222,,,,,,0.000800017762177766
1.0688,0.000800016135675451,0.00080001755211815,0.00163352169592043,-3.34894245695296e-05,0,
1.06863527533919,,,,,,0.000800017588685189
1.0696,0.000800016010079134,0.000800017373729361,0.00163352157032411,-3.34895501658447e-05,0,
1.06943335993615,,,,,,0.000800017411519299
1.0704,0.000800015884073153,0.000800017191469382,0.00163352144431813,-3.34896761718245e-05,0,
1.07023144453312,,,,,,0.000800017230533005
1.0712,0.000800015757703713,0.000800017005182068,0.00163352131794869,-3.3489802541263e-05,0,
1.07102952913009,,,,,,0.000800017045572671
1.072,0.000800015631016648,0.000800016814704632,0.00163352119126162,-3.34899292283267e-05,0,
1.07182761372706,,,,,,0.000800016856478089
1.0728,0.000800015504057478,0.000800016619867625,0.00163352106430245,-3.34900561874958e-05,0,
1.07262569832402,,,,,,0.000800016663082456
1.0736,0.000800015376871466,0.000800016420494914,0.00163352093711644,-3.34901833735077e-05,0,
1.07342378292099,,,,,,0.000800016465212353
1.0744,0.000800015249503677,0.000800016216403653,0.00163352080974865,-3.34903107412955e-05,0,
1.07422186751796,,,,,,0.000800016262687719
1.0752,0.000800015121999041,0.000800016016308764,0.00163352068224401,-3.34904382459311e-05,0,
1.07501995211492,,,,,,0.000800016055321831
1.076,0.000800014994402405,0.000800015847277633,0.00163352055464738,-3.3490565842567e-05,0,
1.07581803671189,,,,,,0.00080001588239157
1.0768,0.000800014866758597,0.000800015693012568,0.00163352042700357,-3.34906934863754e-05,0,
1.07661612130886,,,,,,0.000800015728383072
1.0776,0.000800014739112479,0.000800015539254013,0.00163352029935745,-3.3490821132493e-05,0,
1.07741420590583,,,,,,0.000800015574865259
1.0784,0.000800014611509013,0.000800015386059994,0.00163352017175399,-3.34909487359594e-05,0,
1.07821229050279,,,,,,0.000800015421895989
1.0792,0.000800014483993313,0.000800015233487477,0.00163352004423829,-3.34910762516597e-05,0,
1.07901037509976,,,,,,0.000800015269532067
1.08,0.000800014356610707,0.000800015081592363,0.00163351991685568,-3.34912036342666e-05,0,
1.07980845969673,,,,,,0.000800015117829248
1.0808,0.000800014229406794,0.000800014930429491,0.00163351978965177,-3.34913308381802e-05,0,
1.0806065442937,,,,,,0.00080001496684223
1.0816,0.000800014102427504,0.000800014780052635,0.00163351966267248,-3.34914578174708e-05,0,
1.08140462889066,,,,,,0.00080001481662466
1.0824,0.000800013975719156,0.00080001463051451,0.00163351953596413,-3.349158452582e-05,0,
1.08220271348763,,,,,,0.000800014667229134
1.0832,0.000800013849328517,0.000800014481866763,0.00163351940957349,-3.34917109164608e-05,0,
1.0830007980846,,,,,,0.000800014518707192
1.084,0.000800013723302857,0.000800014334159983,0.00163351928354784,-3.34918369421218e-05,0,
1.08379888268156,,,,,,0.000800014371109322
1.0848,0.000800013597690016,0.000800014187443692,0.001633519157935,-3.34919625549644e-05,0,
1.08459696727853,,,,,,0.000800014224484961
1.0856,0.000800013472538453,0.000800014041766351,0.00163351903278344,-3.34920877065294e-05,0,
1.0853950518755,,,,,,0.00080001407888249
1.0864,0.000800013347897311,0.000800013897175358,0.00163351890814229,-3.34922123476736e-05,0,
1.08619313647247,,,,,,0.000800013934349239
1.0872,0.000800013223816472,0.000800013753717047,0.00163351878406146,-3.34923364285146e-05,0,
1.08699122106943,,,,,,0.000800013790931486
1.088,0.000800013100346619,0.00080001361143669,0.00163351866059161,-3.34924598983703e-05,0,
1.0877893056664,,,,,,0.000800013648674454
1.0888,0.000800012977539291,0.000800013470378495,0.00163351853778428,-3.34925827056999e-05,0,
1.08858739026337,,,,,,0.000800013507622315
1.0896,0.000800012855446946,0.000800013330585609,0.00163351841569194,-3.34927047980486e-05,0,
1.08938547486034,,,,,,0.000800013367818186
1.0904,0.000800012734123013,0.000800013192100113,0.00163351829436801,-3.34928261219844e-05,0,
1.0901835594573,,,,,,0.000800013229304133
1.0912,0.000800012613621957,0.000800013054963028,0.00163351817386695,-3.34929466230354e-05,0,
1.09098164405427,,,,,,0.000800013092121169
1.092,0.0008000124897795,0.00080001291921431,0.00163351805002449,-3.3493070465487e-05,0,
1.09177972865124,,,,,,0.000800012956309252
1.0928,0.000800012365991541,0.000800012784892853,0.00163351792623653,-3.34931942534466e-05,0,
1.0925778132482,,,,,,0.00080001282190729
1.0936,0.000800012242582133,0.000800012652036488,0.00163351780282712,-3.34933176628554e-05,0,
1.09337589784517,,,,,,0.000800012688953136
1.0944,0.000800012119572535,0.000800012520681981,0.00163351767981752,-3.34934406724553e-05,0,
1.09417398244214,,,,,,0.000800012557483591
1.0952,0.000800011996984057,0.000800012390865038,0.00163351755722905,-3.34935632609352e-05,0,
1.09497206703911,,,,,,0.000800012427534403
1.096,0.000800011874838106,0.0008000122626203,0.0016335174350831,-3.34936854068878e-05,0,
1.09577015163607,,,,,,0.000800012299140267
1.0968,0.000800011753156222,0.000800012135981347,0.00163351731340122,-3.34938070887727e-05,0,
1.09656823623304,,,,,,0.000800012172334826
1.0976,0.000800011631960122,0.000800012010980693,0.00163351719220512,-3.34939282848745e-05,0,
1.09736632083001,,,,,,0.000800012047150669
1.0984,0.000800011511271735,0.000800011887649791,0.00163351707151673,-3.34940489732637e-05,0,
1.09816440542698,,,,,,0.000800011923619331
1.0992,0.000800011391113246,0.000800011766019032,0.00163351695135825,-3.34941691317552e-05,0,
1.09896249002394,,,,,,0.000800011801771297
1.1,0.000800011271507133,0.000800011646117742,0.00163351683175214,-3.34942887378702e-05,0,
1.09976057462091,,,,,,0.000800011681635998
1.1008,0.00080001115247621,0.000800011527974184,0.00163351671272121,-3.3494407768795e-05,0,
1.10055865921788,,,,,,0.00080001156324181
1.1016,0.000800011034043666,0.000800011411615559,0.00163351659428867,-3.34945262013414e-05,0,
1.10135674381484,,,,,,0.00080001144661606
1.1024,0.000800010916233103,0.000800011297068005,0.00163351647647811,-3.34946440119068e-05,0,
1.10215482841181,,,,,,0.000800011331785019
1.1032,0.000800010799068578,0.000800011184356596,0.00163351635931359,-3.34947611764334e-05,0,
1.10295291300878,,,,,,0.000800011218773905
1.104,0.000800010682574645,0.000800011073505345,0.00163351624281966,-3.34948776703688e-05,0,
1.10375099760575,,,,,,0.000800011107606886
1.1048,0.00080001056677639,0.0008000109645372,0.00163351612702141,-3.34949934686265e-05,0,
1.10454908220271,,,,,,0.000800010998307075
1.1056,0.000800010451699474,0.000800010857474047,0.00163351601194449,-3.34951085455443e-05,0,
1.10534716679968,,,,,,0.000800010890896531
1.1064,0.000800010337370176,0.000800010752336708,0.0016335158976152,-3.34952228748461e-05,0,
1.10614525139665,,,,,,0.000800010785396264
1.1072,0.000800010223815424,0.000800010649144943,0.00163351578406045,-3.34953364296006e-05,0,
1.10694333599362,,,,,,0.000800010681826226
1.108,0.000800010111062845,0.000800010547917449,0.00163351567130787,-3.34954491821825e-05,0,
1.10774142059058,,,,,,0.00080001058020532
1.1088,0.0008000099991408,0.00080001044867186,0.00163351555938583,-3.34955611042301e-05,0,
1.10853950518755,,,,,,0.000800010480551396
1.1096,0.000800009888078425,0.000800010351424746,0.00163351544832346,-3.34956721666083e-05,0,
1.10933758978452,,,,,,0.000800010382881248
1.1104,0.000800009777905669,0.000800010256191615,0.0016335153381507,-3.34957823393665e-05,0,
1.11013567438148,,,,,,0.000800010287210621
1.1112,0.000800009668653339,0.000800010162986912,0.00163351522889838,-3.34958915917e-05,0,
1.11093375897845,,,,,,0.000800010193554203
1.112,0.000800009560353134,0.000800010065297774,0.00163351512059818,-3.34959998919079e-05,0,
1.11173184357542,,,,,,0.000800010101925634
1.1128,0.00080000945303769,0.000800009954057552,0.00163351501328274,-3.34961072073558e-05,0,
1.11252992817239,,,,,,0.000800009992914146
1.1136,0.000800009346740615,0.000800009839215655,0.00163351490698566,-3.34962135044333e-05,0,
1.11332801276935,,,,,,0.000800009878089696
1.1144,0.000800009241496537,0.000800009725138788,0.00163351480174159,-3.34963187485149e-05,0,
1.11412609736632,,,,,,0.000800009764022675
1.1152,0.000800009137341133,0.000800009611838586,0.00163351469758619,-3.34964229039224e-05,0,
1.11492418196329,,,,,,0.000800009650724635
1.116,0.000800009034311179,0.000800009499326687,0.00163351459455624,-3.34965259338796e-05,0,
1.11572226656026,,,,,,0.000800009538207132
1.1168,0.000800008932444586,0.000800009387614726,0.00163351449268965,-3.34966278004757e-05,0,
1.11652035115722,,,,,,0.000800009426481716
1.1176,0.000800008831122644,0.000800009276714339,0.0016335143913677,-3.34967291224152e-05,0,
1.11731843575419,,,,,,0.000800009315559941
1.1184,0.000800008727308536,0.000800009166637162,0.00163351428755359,-3.34968329365199e-05,0,
1.11811652035116,,,,,,0.00080000920545336
1.1192,0.000800008624225352,0.000800009057394832,0.00163351418447041,-3.34969360197063e-05,0,
1.11891460494812,,,,,,0.000800009096173525
1.12,0.000800008521881049,0.000800008948998985,0.00163351408212611,-3.34970383640115e-05,0,
1.11971268954509,,,,,,0.00080000898773199
1.1208,0.000800008420283735,0.000800008841461256,0.0016335139805288,-3.34971399613283e-05,0,
1.12051077414206,,,,,,0.000800008880140308
1.1216,0.000800008319441685,0.000800008734793281,0.00163351387968675,-3.34972408033803e-05,0,
1.12130885873903,,,,,,0.000800008773410031
1.1224,0.000800008219363369,0.000800008629006698,0.00163351377960844,-3.34973408816983e-05,0,
1.12210694333599,,,,,,0.000800008667552713
1.1232,0.000800008120057472,0.000800008524113141,0.00163351368030254,-3.34974401875973e-05,0,
1.12290502793296,,,,,,0.000800008562579905
1.124,0.000800008021532917,0.000800008420124248,0.00163351358177799,-3.34975387121549e-05,0,
1.12370311252993,,,,,,0.000800008458503162
1.1248,0.000800007923798886,0.000800008317051653,0.00163351348404396,-3.34976364461888e-05,0,
1.1245011971269,,,,,,0.000800008355334036
1.1256,0.000800007826864843,0.000800008214906993,0.00163351338710992,-3.34977333802338e-05,0,
1.12529928172386,,,,,,0.00080000825308408
1.1264,0.00080000773074056,0.000800008113701905,0.00163351329098564,-3.34978295045193e-05,0,
1.12609736632083,,,,,,0.000800008151764847
1.1272,0.000800007635436134,0.000800008013448024,0.00163351319568122,-3.3497924808947e-05,0,
1.1268954509178,,,,,,0.00080000805138789
1.128,0.000800007540962014,0.000800007914156986,0.0016335131012071,-3.34980192830696e-05,0,
1.12769353551476,,,,,,0.000800007951964761
1.1288,0.000800007447329021,0.000800007815840428,0.00163351300757411,-3.34981129160654e-05,0,
1.12849162011173,,,,,,0.000800007853507014
1.1296,0.000800007354548369,0.000800007718509986,0.00163351291479346,-3.34982056967191e-05,0,
1.1292897047087,,,,,,0.000800007756026202
1.1304,0.000800007262631694,0.000800007622177295,0.00163351282287678,-3.34982976133969e-05,0,
1.13008778930567,,,,,,0.000800007659533877
1.1312,0.000800007171591068,0.000800007526853992,0.00163351273183616,-3.34983886540256e-05,0,
1.13088587390263,,,,,,0.000800007564041592
1.132,0.000800007081439027,0.000800007432551713,0.00163351264168412,-3.3498478806069e-05,0,
1.1316839584996,,,,,,0.000800007469560901
1.1328,0.000800006992188592,0.000800007339282093,0.00163351255243369,-3.34985680565062e-05,0,
1.13248204309657,,,,,,0.000800007376103355
1.1336,0.000800006903853292,0.00080000724705677,0.00163351246409839,-3.34986563918083e-05,0,
1.13328012769354,,,,,,0.000800007283680509
1.1344,0.000800006816447186,0.000800007155887378,0.00163351237669229,-3.34987437979174e-05,0,
1.1340782122905,,,,,,0.000800007192303914
1.1352,0.000800006729984883,0.000800007065785555,0.00163351229022999,-3.34988302602225e-05,0,
1.13487629688747,,,,,,0.000800007101985125
1.136,0.000800006644481571,0.000800006976762937,0.00163351220472668,-3.3498915763537e-05,0,
1.13567438148444,,,,,,0.000800007012735693
1.1368,0.000800006559953032,0.000800006888831158,0.00163351212019814,-3.34990002920784e-05,0,
1.1364724660814,,,,,,0.000800006924567172
1.1376,0.00080000647641567,0.000800006802001856,0.00163351203666078,-3.34990838294426e-05,0,
1.13727055067837,,,,,,0.000800006837491115
1.1384,0.00080000639388653,0.000800006716286667,0.00163351195413165,-3.34991663585852e-05,0,
1.13806863527534,,,,,,0.000800006751519074
1.1392,0.000800006312383323,0.000800006631697226,0.00163351187262844,-3.34992478617944e-05,0,
1.13886671987231,,,,,,0.000800006666662602
1.14,0.000800006231924447,0.00080000654824517,0.00163351179216957,-3.34993283206734e-05,0,
1.13966480446927,,,,,,0.000800006582933253
1.1408,0.000800006152529009,0.000800006465942135,0.00163351171277413,-3.34994077161138e-05,0,
1.14046288906624,,,,,,0.000800006500342579
1.1416,0.000800006074216849,0.000800006384799756,0.00163351163446197,-3.34994860282763e-05,0,
1.14126097366321,,,,,,0.000800006418902133
1.1424,0.000800005997008563,0.000800006304829671,0.00163351155725369,-3.34995632365659e-05,0,
1.14205905826018,,,,,,0.000800006338623468
1.1432,0.00080000592092552,0.000800006226043514,0.00163351148117065,-3.34996393196093e-05,0,
1.14285714285714,,,,,,0.000800006259518137
1.144,0.000800005844795175,0.000800006148452923,0.0016335114050403,-3.34997154499531e-05,0,
1.14365522745411,,,,,,0.000800006181597693
1.1448,0.000800005767717192,0.000800006072069533,0.00163351132796232,-3.34997925279357e-05,0,
1.14445331205108,,,,,,0.000800006104873689
1.1456,0.000800005691421847,0.00080000599690498,0.00163351125166698,-3.34998688232825e-05,0,
1.14525139664804,,,,,,0.000800006029357677
1.1464,0.000800005615908062,0.000800005922970901,0.00163351117615319,-3.34999443370699e-05,0,
1.14604948124501,,,,,,0.000800005955061211
1.1472,0.000800005541174774,0.000800005850278931,0.00163351110141991,-3.35000190703598e-05,0,
1.14684756584198,,,,,,0.000800005881995843
1.148,0.000800005467220946,0.000800005778840707,0.00163351102746608,-3.35000930241892e-05,0,
1.14764565043895,,,,,,0.000800005810173127
1.1488,0.000800005394045578,0.000800005705964912,0.00163351095429071,-3.35001661995589e-05,0,
1.14844373503591,,,,,,0.000800005739604614
1.1496,0.000800005321647713,0.000800005630186762,0.00163351088189285,-3.3500238597425e-05,0,
1.14924181963288,,,,,,0.000800005664246857
1.1504,0.00080000525002645,0.000800005554473013,0.00163351081027159,-3.35003102186899e-05,0,
1.15003990422985,,,,,,0.000800005588355379
1.1512,0.000800005179180952,0.000800005479561247,0.00163351073942609,-3.35003810641901e-05,0,
1.15083798882682,,,,,,0.000800005513261482
1.152,0.000800005109110454,0.000800005405452735,0.0016335106693556,-3.35004511346895e-05,0,
1.15163607342378,,,,,,0.00080000543896643
1.1528,0.000800005039814277,0.00080000533214875,0.00163351060005942,-3.35005204308683e-05,0,
1.15243415802075,,,,,,0.000800005365471485
1.1536,0.000800004971291834,0.000800005259650564,0.00163351053153698,-3.35005889533131e-05,0,
1.15323224261772,,,,,,0.00080000529277791
1.1544,0.00080000490354264,0.000800005187959447,0.00163351046378779,-3.35006567025087e-05,0,
1.15403032721468,,,,,,0.000800005220886968
1.1552,0.000800004836566324,0.000800005117076673,0.00163351039681147,-3.3500723678826e-05,0,
1.15482841181165,,,,,,0.000800005149799921
1.156,0.000800004770362635,0.000800005047003513,0.00163351033060779,-3.35007898825161e-05,0,
1.15562649640862,,,,,,0.000800005079518032
1.1568,0.000800004704931457,0.000800004977741238,0.00163351026517661,-3.35008553136965e-05,0,
1.15642458100559,,,,,,0.000800005010042564
1.1576,0.00080000464027281,0.000800004909291121,0.00163351020051796,-3.35009199723446e-05,0,
1.15722266560255,,,,,,0.000800004941374779
1.1584,0.000800004576386869,0.000800004841654433,0.00163351013663203,-3.35009838582869e-05,0,
1.15802075019952,,,,,,0.000800004873515941
1.1592,0.000800004513273968,0.000800004774832446,0.00163351007351913,-3.35010469711889e-05,0,
1.15881883479649,,,,,,0.000800004806467312
1.16,0.000800004450934612,0.000800004708826432,0.00163351001117977,-3.35011093105469e-05,0,
1.15961691939346,,,,,,0.000800004740230155
1.1608,0.000800004389369484,0.000800004643637663,0.00163350994961464,-3.35011708756764e-05,0,
1.16041500399042,,,,,,0.000800004674805732
1.1616,0.000800004328579457,0.000800004579267411,0.00163350988882462,-3.35012316657049e-05,0,
1.16121308858739,,,,,,0.000800004610195307
1.1624,0.000800004268565603,0.000800004515716947,0.00163350982881077,-3.35012916795598e-05,0,
1.16201117318436,,,,,,0.000800004546400141
1.1632,0.000800004209329204,0.000800004452987543,0.00163350976957437,-3.350135091596e-05,0,
1.16280925778132,,,,,,0.000800004483421499
1.164,0.000800004150871758,0.000800004391080471,0.00163350971111692,-3.35014093734078e-05,0,
1.16360734237829,,,,,,0.000800004421260641
1.1648,0.000800004093194991,0.000800004329997004,0.00163350965344016,-3.35014670501759e-05,0,
1.16440542697526,,,,,,0.000800004359918832
1.1656,0.000800004036300869,0.000800004269738412,0.00163350959654604,-3.35015239442999e-05,0,
1.16520351157223,,,,,,0.000800004299397334
1.1664,0.000800003980191601,0.000800004210305967,0.00163350954043677,-3.35015800535692e-05,0,
1.16600159616919,,,,,,0.00080000423969741
1.1672,0.000800003924869655,0.000800004151700942,0.00163350948511483,-3.35016353755157e-05,0,
1.16679968076616,,,,,,0.000800004180820322
1.168,0.000800003870337767,0.000800004093924609,0.00163350943058294,-3.35016899074055e-05,0,
1.16759776536313,,,,,,0.000800004122767333
1.1688,0.000800003816598945,0.000800004036978238,0.00163350937684412,-3.35017436462289e-05,0,
1.1683958499601,,,,,,0.000800004065539706
1.1696,0.000800003763656485,0.000800003980863102,0.00163350932390166,-3.35017965886895e-05,0,
1.16919393455706,,,,,,0.000800004009138703
1.1704,0.000800003710979801,0.000800003925580473,0.00163350927122498,-3.3501849265374e-05,0,
1.16999201915403,,,,,,0.000800003953565588
1.1712,0.000800003658678495,0.000800003871131622,0.00163350921892367,-3.35019015666811e-05,0,
1.170790103751,,,,,,0.000800003898821623
1.172,0.000800003607042901,0.000800003817517822,0.00163350916728808,-3.35019532022756e-05,0,
1.17158818834796,,,,,,0.00080000384490807
1.1728,0.000800003556066294,0.000800003764740344,0.00163350911631147,-3.35020041788833e-05,0,
1.17238627294493,,,,,,0.000800003791826194
1.1736,0.000800003505741786,0.00080000371280046,0.00163350906598696,-3.35020545033926e-05,0,
1.1731843575419,,,,,,0.000800003739577255
1.1744,0.000800003456062325,0.000800003661699441,0.0016335090163075,-3.35021041828547e-05,0,
1.17398244213887,,,,,,0.000800003688162518
1.1752,0.000800003407020698,0.000800003611438561,0.00163350896726588,-3.35021532244828e-05,0,
1.17478052673583,,,,,,0.000800003637583244
1.176,0.000800003358609528,0.00080000356201909,0.00163350891885471,-3.35022016356543e-05,0,
1.1755786113328,,,,,,0.000800003587840696
1.1768,0.000800003310821276,0.0008000035134423,0.00163350887106646,-3.35022494239069e-05,0,
1.17637669592977,,,,,,0.000800003538936138
1.1776,0.000800003263648241,0.000800003465709463,0.00163350882389342,-3.35022965969424e-05,0,
1.17717478052674,,,,,,0.000800003490870832
1.1784,0.000800003217082559,0.000800003418821852,0.00163350877732774,-3.35023431626256e-05,0,
1.1779728651237,,,,,,0.000800003443646041
1.1792,0.000800003171116203,0.000800003372780736,0.00163350873136139,-3.35023891289825e-05,0,
1.17877094972067,,,,,,0.000800003397263026
1.18,0.000800003125740983,0.00080000332758739,0.00163350868598617,-3.35024345042029e-05,0,
1.17956903431764,,,,,,0.000800003351723052
1.1808,0.000800003080948548,0.000800003283243084,0.00163350864119374,-3.35024792966383e-05,0,
1.1803671189146,,,,,,0.000800003307027381
1.1816,0.000800003036730384,0.00080000323974909,0.00163350859697557,-3.35025235148036e-05,0,
1.18116520351157,,,,,,0.000800003263177276
1.1824,0.000800002993077812,0.000800003197106681,0.001633508553323,-3.35025671673758e-05,0,
1.18196328810854,,,,,,0.000800003220173999
1.1832,0.000800002949981994,0.000800003155317127,0.00163350851022718,-3.35026102631949e-05,0,
1.18276137270551,,,,,,0.000800003178018812
1.184,0.000800002907433927,0.000800003114381701,0.00163350846767912,-3.3502652811263e-05,0,
1.18355945730247,,,,,,0.00080000313671298
1.1848,0.000800002865424445,0.000800003074301675,0.00163350842566964,-3.3502694820745e-05,0,
1.18435754189944,,,,,,0.000800003096257764
1.1856,0.000800002823944222,0.000800003032823171,0.00163350838418941,-3.35027363009686e-05,0,
1.18515562649641,,,,,,0.000800003056654428
1.1864,0.000800002782983767,0.000800002989954364,0.00163350834322896,-3.35027772614241e-05,0,
1.18595371109338,,,,,,0.000800003013854038
1.1872,0.000800002742533428,0.00080000294742391,0.00163350830277862,-3.35028177117643e-05,0,
1.18675179569034,,,,,,0.000800002971114993
1.188,0.000800002702583388,0.000800002905447338,0.00163350826282858,-3.35028576618042e-05,0,
1.18754988028731,,,,,,0.000800002928930016
1.1888,0.000800002663123671,0.000800002864019566,0.00163350822336886,-3.35028971215223e-05,0,
1.18834796488428,,,,,,0.000800002887294062
1.1896,0.000800002624144135,0.000800002823135513,0.00163350818438933,-3.35029361010589e-05,0,
1.18914604948124,,,,,,0.000800002846202085
1.1904,0.000800002585634477,0.000800002782790099,0.00163350814587967,-3.35029746107176e-05,0,
1.18994413407821,,,,,,0.000800002805649041
1.1912,0.000800002547584231,0.000800002742978241,0.00163350810782943,-3.35030126609635e-05,0,
1.19074221867518,,,,,,0.000800002765629885
1.192,0.00080000250998277,0.000800002703694859,0.00163350807022797,-3.35030502624257e-05,0,
1.19154030327215,,,,,,0.000800002726139571
1.1928,0.000800002472819301,0.000800002664934871,0.0016335080330645,-3.35030874258946e-05,0,
1.19233838786911,,,,,,0.000800002687173056
1.1936,0.000800002436082871,0.000800002626693196,0.00163350799632807,-3.35031241623251e-05,0,
1.19313647246608,,,,,,0.000800002648725294
1.1944,0.000800002399762365,0.000800002588964753,0.00163350796000756,-3.35031604828319e-05,0,
1.19393455706305,,,,,,0.00080000261079124
1.1952,0.000800002363846503,0.00080000255174446,0.0016335079240917,-3.35031963986946e-05,0,
1.19473264166002,,,,,,0.00080000257336585
1.196,0.000800002328323843,0.000800002515027237,0.00163350788856904,-3.3503231921355e-05,0,
1.19553072625698,,,,,,0.000800002536444078
1.1968,0.000800002293923974,0.000800002478808002,0.00163350785416917,-3.35032663212251e-05,0,
1.19632881085395,,,,,,0.000800002500020879
1.1976,0.000800002260107216,0.000800002443081675,0.00163350782035241,-3.35033001379837e-05,0,
1.19712689545092,,,,,,0.00080000246409121
1.1984,0.000800002226749376,0.000800002407843173,0.00163350778699458,-3.3503333495824e-05,0,
1.19792498004789,,,,,,0.000800002428650024
1.1992,0.000800002193843193,0.000800002373087415,0.00163350775408839,-3.35033664020073e-05,0,
1.19872306464485,,,,,,0.000800002393692277
1.2,0.000800002161381336,0.000800002338809321,0.00163350772162654,-3.35033988638651e-05,0,
1.19952114924182,,,,,,0.000800002359212923
1.2008,0.000800002129356404,0.000800002305003809,0.00163350768960161,-3.35034308887967e-05,0,
1.20031923383879,,,,,,0.000800002325206919
1.2016,0.00080000209776093,0.000800002271665797,0.00163350765800613,-3.35034624842721e-05,0,
1.20111731843575,,,,,,0.000800002291669219
1.2024,0.000800002066587375,0.000800002238790206,0.00163350762683258,-3.35034936578272e-05,0,
1.20191540303272,,,,,,0.000800002258594778
1.2032,0.000800002035828133,0.000800002206371952,0.00163350759607334,-3.35035244170699e-05,0,
1.20271348762969,,,,,,0.000800002225978552
1.204,0.000800002005475528,0.000800002174405956,0.00163350756572073,-3.35035547696744e-05,0,
1.20351157222666,,,,,,0.000800002193815495
1.2048,0.000800001975521817,0.000800002142887136,0.00163350753576702,-3.35035847233858e-05,0,
1.20430965682362,,,,,,0.000800002162100562
1.2056,0.000800001945959188,0.000800002111810411,0.00163350750620439,-3.35036142860158e-05,0,
1.20510774142059,,,,,,0.000800002130828709
1.2064,0.000800001916779757,0.000800002081170698,0.00163350747702496,-3.3503643465447e-05,0,
1.20590582601756,,,,,,0.000800002099994891
1.2072,0.000800001887975574,0.000800002050962919,0.00163350744822078,-3.35036722696301e-05,0,
1.20670391061453,,,,,,0.000800002069594063
1.208,0.000800001859538621,0.00080000202118199,0.00163350741978383,-3.35037007065837e-05,0,
1.20750199521149,,,,,,0.000800002039621179
1.2088,0.000800001831460808,0.000800001991822831,0.00163350739170601,-3.35037287843969e-05,0,
1.20830007980846,,,,,,0.000800002010071196
1.2096,0.000800001803733978,0.00080000196288036,0.00163350736397918,-3.35037565112271e-05,0,
1.20909816440543,,,,,,0.000800001980939068
1.2104,0.000800001776349906,0.000800001934349498,0.00163350733659511,-3.35037838952991e-05,0,
1.20989624900239,,,,,,0.00080000195221975
1.2112,0.000800001749300296,0.000800001906225161,0.0016335073095455,-3.35038109449093e-05,0,
1.21069433359936,,,,,,0.000800001923908197
1.212,0.000800001722576786,0.000800001878502269,0.00163350728282199,-3.35038376684198e-05,0,
1.21149241819633,,,,,,0.000800001895999365
1.2128,0.000800001696170942,0.00080000185117574,0.00163350725641615,-3.35038640742643e-05,0,
1.2122905027933,,,,,,0.000800001868488208
1.2136,0.000800001670074263,0.000800001824240495,0.00163350723031947,-3.35038901709433e-05,0,
1.21308858739026,,,,,,0.000800001841369681
1.2144,0.000800001644278179,0.00080000179769145,0.00163350720452339,-3.35039159670278e-05,0,
1.21388667198723,,,,,,0.000800001814638741
1.2152,0.00080000161877405,0.000800001771523525,0.00163350717901926,-3.35039414711564e-05,0,
1.2146847565842,,,,,,0.000800001788290341
1.216,0.00080000159355317,0.000800001745731639,0.00163350715379838,-3.35039666920369e-05,0,
1.21548284118117,,,,,,0.000800001762319437
1.2168,0.000800001568606761,0.000800001720310711,0.00163350712885197,-3.35039916384461e-05,0,
1.21628092577813,,,,,,0.000800001736720984
1.2176,0.000800001543925978,0.000800001695255659,0.00163350710417118,-3.35040163192297e-05,0,
1.2170790103751,,,,,,0.000800001711489937
1.2184,0.000800001519501906,0.000800001670561402,0.00163350707974711,-3.35040407433019e-05,0,
1.21787709497207,,,,,,0.000800001686621251
1.2192,0.000800001495325562,0.000800001646222859,0.00163350705557077,-3.3504064919646e-05,0,
1.21867517956903,,,,,,0.000800001662109882
1.22,0.000800001471387893,0.000800001622234949,0.0016335070316331,-3.35040888573146e-05,0,
1.219473264166,,,,,,0.000800001637950784
1.2208,0.00080000144767978,0.00080000159859259,0.00163350700792499,-3.35041125654282e-05,0,
1.22027134876297,,,,,,0.000800001614138912
1.2216,0.000800001424192032,0.000800001575290701,0.00163350698443724,-3.35041360531762e-05,0,
1.22106943335994,,,,,,0.000800001590669222
1.2224,0.000800001401009309,0.000800001552324201,0.00163350696125452,-3.35041592358995e-05,0,
1.2218675179569,,,,,,0.000800001567536669
1.2232,0.000800001379054949,0.000800001529688009,0.00163350693930016,-3.35041811902603e-05,0,
1.22266560255387,,,,,,0.000800001544736207
1.224,0.000800001357416938,0.000800001507377043,0.00163350691766215,-3.35042028282718e-05,0,
1.22346368715084,,,,,,0.000800001522262793
1.2248,0.000800001336091867,0.000800001485386223,0.00163350689633708,-3.35042241533427e-05,0,
1.22426177174781,,,,,,0.00080000150011138
1.2256,0.00080000131507638,0.000800001463710467,0.00163350687532159,-3.35042451688293e-05,0,
1.22505985634477,,,,,,0.000800001478276924
1.2264,0.000800001294367171,0.000800001442344693,0.00163350685461238,-3.35042658780393e-05,0,
1.22585794094174,,,,,,0.000800001456754381
1.2272,0.000800001273960981,0.000800001421283821,0.00163350683420619,-3.3504286284229e-05,0,
1.22665602553871,,,,,,0.000800001435538704
1.228,0.000800001253854606,0.00080000140052277,0.00163350681409982,-3.35043063906044e-05,0,
1.22745411013567,,,,,,0.00080000141462485
1.2288,0.00080000123404489,0.000800001380056458,0.0016335067942901,-3.35043262003206e-05,0,
1.22825219473264,,,,,,0.000800001394007774
1.2296,0.000800001214528728,0.000800001359879803,0.00163350677477394,-3.35043457164824e-05,0,
1.22905027932961,,,,,,0.00080000137368243
1.2304,0.000800001195303067,0.000800001339987726,0.00163350675554828,-3.35043649421441e-05,0,
1.22984836392658,,,,,,0.000800001353643773
1.2312,0.000800001176364902,0.000800001320375143,0.00163350673661011,-3.35043838803092e-05,0,
1.23064644852354,,,,,,0.00080000133388676
1.232,0.00080000115771128,0.000800001301036976,0.00163350671795649,-3.35044025339313e-05,0,
1.23144453312051,,,,,,0.000800001314406344
1.2328,0.000800001139339299,0.000800001281968141,0.00163350669958451,-3.35044209059127e-05,0,
1.23224261771748,,,,,,0.000800001295197481
1.2336,0.000800001121246106,0.000800001263163558,0.00163350668149132,-3.35044389991055e-05,0,
1.23304070231445,,,,,,0.000800001276255126
1.2344,0.0008000011034289,0.000800001244618145,0.00163350666367411,-3.35044568163115e-05,0,
1.23383878691141,,,,,,0.000800001257574235
1.2352,0.00080000108588493,0.000800001226326822,0.00163350664613014,-3.35044743602817e-05,0,
1.23463687150838,,,,,,0.000800001239149761
1.236,0.000800001068611495,0.000800001208284507,0.00163350662885671,-3.35044916337167e-05,0,
1.23543495610535,,,,,,0.000800001220976661
1.2368,0.000800001051605946,0.000800001190486118,0.00163350661185116,-3.35045086392662e-05,0,
1.23623304070231,,,,,,0.000800001203049889
1.2376,0.000800001034865682,0.000800001172926576,0.00163350659511089,-3.35045253795302e-05,0,
1.23703112529928,,,,,,0.000800001185364401
1.2384,0.000800001018388155,0.000800001155600798,0.00163350657863337,-3.35045418570569e-05,0,
1.23782920989625,,,,,,0.000800001167915151
1.2392,0.000800001002170867,0.000800001138503703,0.00163350656241608,-3.35045580743452e-05,0,
1.23862729449322,,,,,,0.000800001150697095
1.24,0.00080000098621137,0.00080000112163021,0.00163350654645658,-3.35045740338427e-05,0,
1.23942537909018,,,,,,0.000800001133705188
1.2408,0.000800000970507266,0.000800001104975238,0.00163350653075248,-3.35045897379471e-05,0,
1.24022346368715,,,,,,0.000800001116934385
1.2416,0.000800000955056208,0.000800001088533705,0.00163350651530142,-3.35046051890049e-05,0,
1.24102154828412,,,,,,0.000800001100379641
1.2424,0.0008000009398559,0.000800001072300531,0.00163350650010111,-3.35046203893125e-05,0,
1.24181963288109,,,,,,0.000800001084035911
1.2432,0.000800000924904098,0.000800001056270634,0.00163350648514931,-3.35046353411155e-05,0,
1.24261771747805,,,,,,0.00080000106789815
1.244,0.000800000910198604,0.000800001040438933,0.00163350647044382,-3.35046500466089e-05,0,
1.24341580207502,,,,,,0.000800001051961313
1.2448,0.000800000895737275,0.000800001024800346,0.00163350645598249,-3.3504664507938e-05,0,
1.24421388667199,,,,,,0.000800001036220356
1.2456,0.000800000881518017,0.000800001009349793,0.00163350644176323,-3.35046787271965e-05,0,
1.24501197126895,,,,,,0.000800001020670233
1.2464,0.000800000867538785,0.000800000994082192,0.001633506427784,-3.3504692706428e-05,0,
1.24581005586592,,,,,,0.0008000010053059
1.2472,0.000800000853797588,0.000800000978992461,0.0016335064140428,-3.35047064476257e-05,0,
1.24660814046289,,,,,,0.000800000990122312
1.248,0.000800000840292482,0.000800000964075521,0.0016335064005377,-3.35047199527322e-05,0,
1.24740622505986,,,,,,0.000800000975114423
1.2488,0.000800000827021575,0.000800000949326289,0.00163350638726679,-3.35047332236391e-05,0,
1.24820430965682,,,,,,0.000800000960277189
1.2496,0.000800000813983025,0.000800000934739685,0.00163350637422824,-3.35047462621886e-05,0,
1.24900239425379,,,,,,0.000800000945605565
1.2504,0.000800000801175043,0.000800000920310626,0.00163350636142026,-3.35047590701709e-05,0,
1.24980047885076,,,,,,0.000800000931094507
1.2512,0.000800000788595888,0.000800000906034032,0.0016335063488411,-3.35047716493264e-05,0,
1.25059856344773,,,,,,0.000800000916738968
1.252,0.000800000776243868,0.000800000891904822,0.00163350633648908,-3.35047840013462e-05,0,
1.25139664804469,,,,,,0.000800000902533905
1.2528,0.000800000764117346,0.000800000877917914,0.00163350632436256,-3.35047961278683e-05,0,
1.25219473264166,,,,,,0.000800000888474272
1.2536,0.000800000752214732,0.000800000864068228,0.00163350631245995,-3.35048080304819e-05,0,
1.25299281723863,,,,,,0.000800000874555024
1.2544,0.000800000740534489,0.000800000850350681,0.0016335063007797,-3.35048197107253e-05,0,
1.25379090183559,,,,,,0.000800000860771117
1.2552,0.000800000729075128,0.000800000836760193,0.00163350628932034,-3.35048311700868e-05,0,
1.25458898643256,,,,,,0.000800000847117506
1.256,0.000800000717835212,0.000800000823291682,0.00163350627808043,-3.35048424100026e-05,0,
1.25538707102953,,,,,,0.000800000833589145
1.2568,0.000800000706813355,0.000800000809940068,0.00163350626705857,-3.35048534318599e-05,0,
1.2561851556265,,,,,,0.00080000082018099
1.2576,0.000800000696008219,0.000800000796700269,0.00163350625625343,-3.35048642369953e-05,0,
1.25698324022346,,,,,,0.000800000806887997
1.2584,0.000800000685418521,0.000800000783671977,0.00163350624566374,-3.3504874826694e-05,0,
1.25778132482043,,,,,,0.000800000793705119
1.2592,0.000800000675043024,0.000800000774023362,0.00163350623528824,-3.35048852021907e-05,0,
1.2585794094174,,,,,,0.000800000780762469
1.26,0.000800000664880544,0.000800000765531424,0.00163350622512576,-3.35048953646707e-05,0,
1.25937749401437,,,,,,0.000800000772095922
1.2608,0.000800000654929947,0.000800000757288835,0.00163350621517516,-3.35049053152675e-05,0,
1.26017557861133,,,,,,0.0008000007636799
1.2616,0.00080000064519015,0.000800000749292533,0.00163350620543537,-3.35049150550647e-05,0,
1.2609736632083,,,,,,0.000800000755511362
1.2624,0.00080000063566012,0.000800000741539456,0.00163350619590533,-3.35049245850953e-05,0,
1.26177174780527,,,,,,0.000800000747587268
1.2632,0.000800000626338873,0.000800000734026541,0.00163350618658409,-3.35049339063421e-05,0,
1.26256983240223,,,,,,0.00080000073990458
1.264,0.000800000617225479,0.000800000726750728,0.00163350617747069,-3.35049430197364e-05,0,
1.2633679169992,,,,,,0.000800000732460256
1.2648,0.000800000608319055,0.000800000719708955,0.00163350616856427,-3.35049519261596e-05,0,
1.26416600159617,,,,,,0.000800000725251257
1.2656,0.000800000599618772,0.000800000712898159,0.00163350615986399,-3.35049606264431e-05,0,
1.26496408619314,,,,,,0.000800000718274543
1.2664,0.000800000591123849,0.000800000706315279,0.00163350615136906,-3.35049691213667e-05,0,
1.2657621707901,,,,,,0.000800000711527074
1.2672,0.000800000582833555,0.000800000699957254,0.00163350614307877,-3.35049774116607e-05,0,
1.26656025538707,,,,,,0.00080000070500581
1.268,0.000800000574747212,0.00080000069382102,0.00163350613499243,-3.3504985498003e-05,0,
1.26735833998404,,,,,,0.000800000698707711
1.2688,0.000800000566864191,0.000800000687903517,0.00163350612710941,-3.35049933810244e-05,0,
1.26815642458101,,,,,,0.000800000692629737
1.2696,0.000800000559183914,0.000800000682201683,0.00163350611942913,-3.35050010613012e-05,0,
1.26895450917797,,,,,,0.000800000686768849
1.2704,0.000800000551705853,0.000800000676712456,0.00163350611195107,-3.35050085393623e-05,0,
1.26975259377494,,,,,,0.000800000681122007
1.2712,0.000800000544429531,0.000800000671432773,0.00163350610467475,-3.35050158156841e-05,0,
1.27055067837191,,,,,,0.00080000067568617
1.272,0.000800000537354522,0.000800000666359574,0.00163350609759974,-3.35050228906934e-05,0,
1.27134876296887,,,,,,0.000800000670458298
1.2728,0.000800000530480449,0.000800000661489797,0.00163350609072566,-3.3505029764766e-05,0,
1.27214684756584,,,,,,0.000800000665435352
1.2736,0.000800000523806988,0.000800000656820379,0.0016335060840522,-3.35050364382279e-05,0,
1.27294493216281,,,,,,0.000800000660614292
1.2744,0.000800000517333862,0.000800000652348259,0.00163350607757908,-3.35050429113534e-05,0,
1.27374301675978,,,,,,0.000800000655992078
1.2752,0.000800000510582378,0.000800000648070375,0.00163350607082759,-3.35050496628372e-05,0,
1.27454110135674,,,,,,0.00080000065156567
1.276,0.000800000503588041,0.000800000643983665,0.00163350606383326,-3.35050566571745e-05,0,
1.27533918595371,,,,,,0.000800000647332028
1.2768,0.000800000496718872,0.000800000640085068,0.00163350605696409,-3.35050635263438e-05,0,
1.27613727055068,,,,,,0.000800000643288112
1.2776,0.000800000489971838,0.000800000636371521,0.00163350605021705,-3.35050702733779e-05,0,
1.27693535514765,,,,,,0.000800000639430882
1.2784,0.000800000483343904,0.000800000632839964,0.00163350604358912,-3.35050769013117e-05,0,
1.27773343974461,,,,,,0.000800000635757298
1.2792,0.000800000476832037,0.000800000629487333,0.00163350603707725,-3.35050834131789e-05,0,
1.27853152434158,,,,,,0.000800000632264321
1.28,0.000800000470433202,0.000800000626310568,0.00163350603067842,-3.35050898120136e-05,0,
1.27932960893855,,,,,,0.00080000062894891
1.2808,0.000800000464144366,0.000800000623306606,0.00163350602438958,-3.35050961008494e-05,0,
1.28012769353551,,,,,,0.000800000625808026
1.2816,0.000800000457962494,0.000800000620472385,0.00163350601820771,-3.35051022827212e-05,0,
1.28092577813248,,,,,,0.000800000622838629
1.2824,0.000800000451884553,0.000800000617804845,0.00163350601212977,-3.35051083606623e-05,0,
1.28172386272945,,,,,,0.000800000620037678
1.2832,0.000800000445907509,0.000800000615300922,0.00163350600615272,-3.35051143377065e-05,0,
1.28252194732642,,,,,,0.000800000617402134
1.284,0.000800000440028327,0.000800000612957556,0.00163350600027354,-3.35051202168885e-05,0,
1.28332003192338,,,,,,0.000800000614928957
1.2848,0.000800000434243974,0.000800000610771684,0.00163350599448919,-3.35051260012417e-05,0,
1.28411811652035,,,,,,0.000800000612615106
1.2856,0.000800000428551416,0.000800000608740245,0.00163350598879663,-3.35051316938004e-05,0,
1.28491620111732,,,,,,0.000800000610457543
1.2864,0.000800000422947618,0.000800000606860177,0.00163350598319283,-3.35051372975982e-05,0,
1.28571428571429,,,,,,0.000800000608453227
1.2872,0.000800000417429546,0.000800000605128417,0.00163350597767476,-3.350514281567e-05,0,
1.28651237031125,,,,,,0.000800000606599118
1.288,0.000800000411994167,0.000800000603541905,0.00163350597223938,-3.35051482510487e-05,0,
1.28731045490822,,,,,,0.000800000604892177
1.2888,0.000800000406638447,0.000800000602097579,0.00163350596688366,-3.35051536067688e-05,0,
1.28810853950519,,,,,,0.000800000603329363
1.2896,0.000800000401359351,0.000800000600792376,0.00163350596160457,-3.35051588858646e-05,0,
1.28890662410215,,,,,,0.000800000601907636
1.2904,0.000800000396153846,0.000800000599623234,0.00163350595639906,-3.35051640913697e-05,0,
1.28970470869912,,,,,,0.000800000600623957
1.2912,0.000800000391018898,0.000800000598587093,0.00163350595126411,-3.35051692263179e-05,0,
1.29050279329609,,,,,,0.000800000599475285
1.292,0.000800000385951472,0.00080000059768089,0.00163350594619669,-3.35051742937438e-05,0,
1.29130087789306,,,,,,0.000800000598458582
1.2928,0.000800000380948535,0.000800000596901563,0.00163350594119375,-3.35051792966815e-05,0,
1.29209896249002,,,,,,0.000800000597570806
1.2936,0.000800000376007052,0.000800000596246051,0.00163350593625227,-3.35051842381639e-05,0,
1.29289704708699,,,,,,0.000800000596808917
1.2944,0.00080000037112399,0.000800000595711292,0.00163350593136921,-3.35051891212257e-05,0,
1.29369513168396,,,,,,0.000800000596169877
1.2952,0.000800000366296315,0.000800000595294223,0.00163350592654153,-3.35051939489012e-05,0,
1.29449321628093,,,,,,0.000800000595650645
1.296,0.000800000361520992,0.000800000594991784,0.00163350592176621,-3.3505198724224e-05,0,
1.29529130087789,,,,,,0.000800000595248182
1.2968,0.000800000356794988,0.000800000594800912,0.0016335059170402,-3.35052034502281e-05,0,
1.29608938547486,,,,,,0.000800000594959446
1.2976,0.000800000352115269,0.000800000594718546,0.00163350591236048,-3.35052081299473e-05,0,
1.29688747007183,,,,,,0.000800000594781398
1.2984,0.0008000003474788,0.000800000594741624,0.00163350590772402,-3.35052127664163e-05,0,
1.29768555466879,,,,,,0.000800000594710999
1.2992,0.000800000342882548,0.000800000594867083,0.00163350590312776,-3.35052173626682e-05,0,
1.29848363926576,,,,,,0.000800000594745209
1.3,0.000800000338323478,0.000800000595091863,0.00163350589856869,-3.35052219217378e-05,0,
1.29928172386273,,,,,,0.000800000594880987
1.3008,0.000800000333798557,0.000800000595412901,0.00163350589404377,-3.35052264466585e-05,0,
1.3000798084597,,,,,,0.000800000595115294
1.3016,0.000800000329304751,0.000800000595827136,0.00163350588954997,-3.35052309404649e-05,0,
1.30087789305666,,,,,,0.000800000595445089
1.3024,0.000800000324839026,0.000800000596331505,0.00163350588508424,-3.35052354061902e-05,0,
1.30167597765363,,,,,,0.000800000595867333
1.3032,0.000800000320398347,0.000800000596922947,0.00163350588064356,-3.35052398468692e-05,0,
1.3024740622506,,,,,,0.000800000596378986
1.304,0.000800000315979681,0.000800000597598401,0.0016335058762249,-3.35052442655355e-05,0,
1.30327214684757,,,,,,0.000800000596977008
1.3048,0.000800000311579993,0.000800000598354804,0.00163350587182521,-3.35052486652228e-05,0,
1.30407023144453,,,,,,0.00080000059765836
1.3056,0.00080000030719625,0.000800000599189094,0.00163350586744147,-3.35052530489657e-05,0,
1.3048683160415,,,,,,0.00080000059842
1.3064,0.000800000302825418,0.00080000060009821,0.00163350586307063,-3.35052574197979e-05,0,
1.30566640063847,,,,,,0.00080000059925889
1.3072,0.000800000298464463,0.00080000060107909,0.00163350585870968,-3.35052617807535e-05,0,
1.30646448523544,,,,,,0.000800000600171988
1.308,0.00080000029411035,0.000800000602128672,0.00163350585435557,-3.35052661348661e-05,0,
1.3072625698324,,,,,,0.000800000601156257
1.3088,0.000800000289760046,0.000800000603243895,0.00163350585000526,-3.35052704851705e-05,0,
1.30806065442937,,,,,,0.000800000602208655
1.3096,0.000800000285410516,0.000800000604421696,0.00163350584565573,-3.35052748346996e-05,0,
1.30885873902634,,,,,,0.000800000603326142
1.3104,0.000800000281058728,0.000800000605659014,0.00163350584130394,-3.35052791864882e-05,0,
1.3096568236233,,,,,,0.000800000604505679
1.3112,0.000800000276701645,0.000800000606952786,0.00163350583694686,-3.35052835435703e-05,0,
1.31045490822027,,,,,,0.000800000605744226
1.312,0.000800000272336236,0.000800000608299952,0.00163350583258145,-3.35052879089798e-05,0,
1.31125299281724,,,,,,0.000800000607038742
1.3128,0.000800000267959466,0.000800000609697449,0.00163350582820468,-3.35052922857503e-05,0,
1.31205107741421,,,,,,0.000800000608386188
1.3136,0.0008000002635683,0.000800000611142216,0.00163350582381352,-3.35052966769162e-05,0,
1.31284916201117,,,,,,0.000800000609783525
1.3144,0.000800000259159705,0.00080000061263119,0.00163350581940492,-3.35053010855114e-05,0,
1.31364724660814,,,,,,0.000800000611227711
1.3152,0.000800000254730646,0.00080000061416131,0.00163350581497586,-3.350530551457e-05,0,
1.31444533120511,,,,,,0.000800000612715708
1.316,0.00080000025027809,0.000800000615729515,0.00163350581052331,-3.35053099671255e-05,0,
1.31524341580207,,,,,,0.000800000614244475
1.3168,0.000800000245799003,0.000800000617332741,0.00163350580604422,-3.35053144462127e-05,0,
1.31604150039904,,,,,,0.000800000615810972
1.3176,0.000800000241290351,0.000800000618967928,0.00163350580153557,-3.35053189548651e-05,0,
1.31683958499601,,,,,,0.00080000061741216
1.3184,0.0008000002367491,0.000800000620632014,0.00163350579699432,-3.35053234961164e-05,0,
1.31763766959298,,,,,,0.000800000619044998
1.3192,0.000800000232172215,0.000800000622321937,0.00163350579241743,-3.35053280730014e-05,0,
1.31843575418994,,,,,,0.000800000620706447
1.32,0.000800000227556663,0.000800000624034634,0.00163350578780188,-3.35053326885534e-05,0,
1.31923383878691,,,,,,0.000800000622393466
1.3208,0.000800000222899409,0.000800000625767046,0.00163350578314463,-3.35053373458065e-05,0,
1.32003192338388,,,,,,0.000800000624103016
1.3216,0.000800000218197421,0.000800000627516108,0.00163350577844264,-3.3505342047795e-05,0,
1.32083000798085,,,,,,0.000800000625832058
1.3224,0.000800000213447663,0.00080000062927876,0.00163350577369288,-3.3505346797553e-05,0,
1.32162809257781,,,,,,0.000800000627577549
1.3232,0.000800000208647102,0.00080000063105194,0.00163350576889232,-3.35053515981143e-05,0,
1.32242617717478,,,,,,0.000800000629336452
1.324,0.000800000203792704,0.000800000632832587,0.00163350576403792,-3.35053564525123e-05,0,
1.32322426177175,,,,,,0.000800000631105726
1.3248,0.000800000198881434,0.000800000634617637,0.00163350575912665,-3.35053613637823e-05,0,
1.32402234636872,,,,,,0.000800000632882331
1.3256,0.000800000193910259,0.00080000063640403,0.00163350575415548,-3.35053663349566e-05,0,
1.32482043096568,,,,,,0.000800000634663228
1.3264,0.000800000188876145,0.000800000638188703,0.00163350574912136,-3.35053713690709e-05,0,
1.32561851556265,,,,,,0.000800000636445375
1.3272,0.000800000183819742,0.000800000639968596,0.00163350574406496,-3.35053764254744e-05,0,
1.32641660015962,,,,,,0.000800000638225735
1.328,0.000800000181280376,0.000800000641740645,0.00163350574152559,-3.35053789648402e-05,0,
1.32721468475658,,,,,,0.000800000640001265
1.3288,0.000800000178788377,0.00080000064350179,0.00163350573903359,-3.35053814568398e-05,0,
1.32801276935355,,,,,,0.000800000641768928
1.3296,0.000800000176342503,0.000800000645248968,0.00163350573658772,-3.35053839027134e-05,0,
1.32881085395052,,,,,,0.000800000643525682
1.3304,0.000800000173941515,0.000800000646979118,0.00163350573418673,-3.35053863037016e-05,0,
1.32960893854749,,,,,,0.000800000645268487
1.3312,0.000800000171584174,0.000800000648689177,0.00163350573182939,-3.35053886610427e-05,0,
1.33040702314445,,,,,,0.000800000646994305
1.332,0.000800000169269239,0.000800000650868034,0.00163350572951445,-3.35053909759776e-05,0,
1.33120510774142,,,,,,0.000800000648700094
1.3328,0.00080000016699547,0.000800000655377999,0.00163350572724069,-3.35053932497462e-05,0,
1.33200319233839,,,,,,0.000800000650876741
1.3336,0.000800000164761628,0.000800000659956822,0.00163350572500684,-3.35053954835878e-05,0,
1.33280127693536,,,,,,0.000800000655385212
1.33359936153232,,,,,,0.000800000659956822
1.3344,0.000800000162566474,0.000800000664604537,0.00163350572281169,-3.35053976787428e-05,0,
1.33439744612929,,,,,,0.000800000664589524
1.3352,0.000800000160408766,0.000800000669307861,0.00163350572065398,-3.35053998364506e-05,0,
1.33519553072626,,,,,,0.000800000669281268
1.336,0.000800000158287265,0.000800000674068437,0.00163350571853248,-3.35054019579507e-05,0,
1.33599361532322,,,,,,0.000800000674030007
1.3368,0.000800000156200732,0.000800000678884203,0.00163350571644595,-3.35054040444841e-05,0,
1.33679169992019,,,,,,0.000800000678833694
1.3376,0.000800000154147927,0.000800000683753095,0.00163350571439314,-3.35054060972896e-05,0,
1.33758978451716,,,,,,0.00080000068369028
1.3384,0.000800000152127609,0.000800000688673052,0.00163350571237283,-3.35054081176072e-05,0,
1.33838786911413,,,,,,0.000800000688597718
1.3392,0.000800000150138539,0.000800000693642011,0.00163350571038376,-3.35054101066771e-05,0,
1.33918595371109,,,,,,0.000800000693553958
1.34,0.000800000148179477,0.000800000698657909,0.00163350570842469,-3.35054120657388e-05,0,
1.33998403830806,,,,,,0.000800000698556955
1.3408,0.000800000146249184,0.000800000703718683,0.0016335057064944,-3.35054139960322e-05,0,
1.34078212290503,,,,,,0.000800000703604659
1.3416,0.000800000144346419,0.00080000070882227,0.00163350570459163,-3.35054158987975e-05,0,
1.341580207502,,,,,,0.000800000708695022
1.3424,0.000800000142469942,0.000800000713966609,0.00163350570271516,-3.35054177752738e-05,0,
1.34237829209896,,,,,,0.000800000713825998
1.3432,0.000800000140618515,0.000800000719149636,0.00163350570086373,-3.35054196267015e-05,0,
1.34317637669593,,,,,,0.000800000718995537
1.344,0.000800000138790896,0.000800000724369289,0.00163350569903611,-3.35054214543203e-05,0,
1.3439744612929,,,,,,0.000800000724201592
1.3448,0.000800000136985846,0.000800000729623504,0.00163350569723106,-3.35054232593702e-05,0,
1.34477254588986,,,,,,0.000800000729442115
1.3456,0.000800000135202126,0.00080000073491022,0.00163350569544734,-3.35054250430906e-05,0,
1.34557063048683,,,,,,0.000800000734715058
1.3464,0.000800000133438494,0.000800000740227374,0.00163350569368371,-3.35054268067218e-05,0,
1.3463687150838,,,,,,0.000800000740018374
1.3472,0.000800000131693713,0.000800000745572902,0.00163350569193893,-3.35054285515032e-05,0,
1.34716679968077,,,,,,0.000800000745350013
1.348,0.000800000129966541,0.000800000750944743,0.00163350569021176,-3.3505430278675e-05,0,
1.34796488427773,,,,,,0.000800000750707929
1.3488,0.000800000128255739,0.000800000756340833,0.00163350568850096,-3.35054319894769e-05,0,
1.3487629688747,,,,,,0.000800000756090073
1.3496,0.000800000126560068,0.000800000761759111,0.00163350568680528,-3.35054336851485e-05,0,
1.34956105347167,,,,,,0.000800000761494397
1.3504,0.000800000124878286,0.000800000767197512,0.0016335056851235,-3.350543536693e-05,0,
1.35035913806864,,,,,,0.000800000766918854
1.3512,0.000800000123209155,0.000800000772653975,0.00163350568345437,-3.35054370360611e-05,0,
1.3511572226656,,,,,,0.000800000772361396
1.352,0.000800000121551435,0.000800000778126438,0.00163350568179665,-3.35054386937815e-05,0,
1.35195530726257,,,,,,0.000800000777819974
1.3528,0.000800000119903885,0.000800000783612836,0.0016335056801491,-3.35054403413314e-05,0,
1.35275339185954,,,,,,0.000800000783292541
1.3536,0.000800000118265266,0.000800000789111108,0.00163350567851048,-3.35054419799501e-05,0,
1.3535514764565,,,,,,0.000800000788777048
1.3544,0.000800000116634339,0.000800000794619191,0.00163350567687955,-3.35054436108778e-05,0,
1.35434956105347,,,,,,0.000800000794271449
1.3552,0.000800000115009862,0.000800000800135022,0.00163350567525508,-3.35054452353544e-05,0,
1.35514764565044,,,,,,0.000800000799773694
1.356,0.000800000113390597,0.000800000805656539,0.00163350567363581,-3.35054468546195e-05,0,
1.35594573024741,,,,,,0.000800000805281737
1.3568,0.000800000111775304,0.000800000811181679,0.00163350567202052,-3.35054484699127e-05,0,
1.35674381484437,,,,,,0.000800000810793529
1.3576,0.000800000110162742,0.000800000816708378,0.00163350567040796,-3.35054500824744e-05,0,
1.35754189944134,,,,,,0.000800000816307021
1.3584,0.000800000108551672,0.000800000822234576,0.00163350566879689,-3.35054516935443e-05,0,
1.35833998403831,,,,,,0.000800000821820167
1.3592,0.000800000106940854,0.000800000827758208,0.00163350566718607,-3.35054533043618e-05,0,
1.35913806863528,,,,,,0.000800000827330919
1.36,0.000800000105329049,0.000800000833277213,0.00163350566557426,-3.35054549161673e-05,0,
1.35993615323224,,,,,,0.000800000832837227
1.3608,0.000800000103715016,0.000800000838789527,0.00163350566396023,-3.35054565302004e-05,0,
1.36073423782921,,,,,,0.000800000838337045
1.3616,0.000800000102097516,0.000800000844293088,0.00163350566234273,-3.35054581477006e-05,0,
1.36153232242618,,,,,,0.000800000843828325
1.3624,0.000800000100475308,0.000800000849785833,0.00163350566072052,-3.35054597699085e-05,0,
1.36233040702314,,,,,,0.000800000849309018
1.3632,0.000800000098847153,0.0008000008552657,0.00163350565909237,-3.35054613980632e-05,0,
1.36312849162011,,,,,,0.000800000854777077
1.364,0.000800000097211812,0.000800000860730625,0.00163350565745703,-3.35054630334046e-05,0,
1.36392657621708,,,,,,0.000800000860230454
1.3648,0.000800000095568043,0.000800000866178547,0.00163350565581326,-3.35054646771732e-05,0,
1.36472466081405,,,,,,0.0008000008656671
1.3656,0.000800000093914608,0.000800000871607403,0.00163350565415982,-3.35054663306077e-05,0,
1.36552274541101,,,,,,0.000800000871084969
1.3664,0.000800000092250267,0.000800000877015129,0.00163350565249548,-3.35054679949492e-05,0,
1.36632083000798,,,,,,0.000800000876482011
1.3672,0.000800000090573779,0.000800000882399663,0.001633505650819,-3.35054696714371e-05,0,
1.36711891460495,,,,,,0.00080000088185618
1.368,0.000800000088883906,0.000800000887758943,0.00163350564912912,-3.35054713613105e-05,0,
1.36791699920192,,,,,,0.000800000887205426
1.3688,0.000800000087179406,0.000800000893090906,0.00163350564742462,-3.350547306581e-05,0,
1.36871508379888,,,,,,0.000800000892527703
1.3696,0.000800000085459041,0.000800000898393489,0.00163350564570426,-3.35054747861754e-05,0,
1.36951316839585,,,,,,0.000800000897820962
1.3704,0.00080000008372157,0.000800000903664629,0.00163350564396679,-3.3505476523646e-05,0,
1.37031125299282,,,,,,0.000800000903083155
1.3712,0.000800000081965754,0.000800000908902264,0.00163350564221097,-3.35054782794623e-05,0,
1.37110933758978,,,,,,0.000800000908312235
1.372,0.000800000080190352,0.000800000914104332,0.00163350564043557,-3.35054800548639e-05,0,
1.37190742218675,,,,,,0.000800000913506153
1.3728,0.000800000078394126,0.000800000919268769,0.00163350563863934,-3.35054818510904e-05,0,
1.37270550678372,,,,,,0.000800000918662862
1.3736,0.000800000076575834,0.000800000924393512,0.00163350563682105,-3.35054836693818e-05,0,
1.37350359138069,,,,,,0.000800000923780314
1.3744,0.000800000074734238,0.0008000009294765,0.00163350563497945,-3.35054855109783e-05,0,
1.37430167597765,,,,,,0.00080000092885646
1.3752,0.000800000072868098,0.00080000093451567,0.00163350563311331,-3.35054873771187e-05,0,
1.37509976057462,,,,,,0.000800000933889253
1.376,0.000800000070976172,0.000800000939508958,0.00163350563122139,-3.35054892690439e-05,0,
1.37589784517159,,,,,,0.000800000938876645
1.3768,0.000800000069057223,0.000800000944454302,0.00163350562930244,-3.35054911879934e-05,0,
1.37669592976856,,,,,,0.000800000943816588
1.3776,0.00080000006711001,0.00080000094934964,0.00163350562735523,-3.35054931352067e-05,0,
1.37749401436552,,,,,,0.000800000948707034
1.3784,0.000800000065133292,0.000800000954192908,0.00163350562537851,-3.3505495111924e-05,0,
1.37829209896249,,,,,,0.000800000953545935
1.3792,0.000800000063125831,0.000800000958982045,0.00163350562337105,-3.35054971193853e-05,0,
1.37909018355946,,,,,,0.000800000958331243
1.38,0.000800000061636594,0.000800000963714987,0.00163350562188181,-3.35054986086227e-05,0,
1.37988826815642,,,,,,0.00080000096306091
1.3808,0.000800000060746541,0.000800000968389672,0.00163350562099176,-3.35054994986751e-05,0,
1.38068635275339,,,,,,0.000800000967732889
1.3816,0.000800000059874988,0.000800000973004037,0.0016335056201202,-3.35055003702286e-05,0,
1.38148443735036,,,,,,0.000800000972345131
1.3824,0.000800000059021482,0.000800000977556019,0.0016335056192667,-3.3505501223734e-05,0,
1.38228252194733,,,,,,0.000800000976895588
1.3832,0.000800000058185577,0.000800000982043557,0.00163350561843079,-3.35055020596398e-05,0,
1.38308060654429,,,,,,0.000800000981382213
1.384,0.00080000005736682,0.000800000986464586,0.00163350561761204,-3.35055028783961e-05,0,
1.38387869114126,,,,,,0.000800000985802958
1.3848,0.000800000056564764,0.000800000990817045,0.00163350561680998,-3.35055036804524e-05,0,
1.38467677573823,,,,,,0.000800000990155774
1.3856,0.000800000055778958,0.00080000099509887,0.00163350561602417,-3.35055044662578e-05,0,
1.3854748603352,,,,,,0.000800000994438614
1.3864,0.000800000055008954,0.000800000999308,0.00163350561525417,-3.35055052362627e-05,0,
1.38627294493216,,,,,,0.00080000099864943
1.3872,0.0008000000542543,0.000800001003442371,0.00163350561449952,-3.35055059909161e-05,0,
1.38707102952913,,,,,,0.000800001002786174
1.388,0.000800000053514549,0.00080000100749992,0.00163350561375977,-3.35055067306675e-05,0,
1.3878691141261,,,,,,0.000800001006846797
1.3888,0.00080000005278925,0.000800001011478586,0.00163350561303447,-3.35055074559665e-05,0,
1.38866719872306,,,,,,0.000800001010829253
1.3896,0.000800000052077953,0.000800001015376305,0.00163350561232317,-3.35055081672631e-05,0,
1.38946528332003,,,,,,0.000800001014731493
1.3904,0.00080000005138021,0.000800001019191015,0.00163350561162543,-3.35055088650064e-05,0,
1.390263367917,,,,,,0.000800001018551469
1.3912,0.00080000005069557,0.000800001022920653,0.00163350561094079,-3.35055095496462e-05,0,
1.39106145251397,,,,,,0.000800001022287134
1.392,0.000800000050023585,0.000800001026563156,0.0016335056102688,-3.35055102216318e-05,0,
1.39185953711093,,,,,,0.000800001025936439
1.3928,0.000800000049363803,0.000800001030116463,0.00163350560960902,-3.35055108814132e-05,0,
1.3926576217079,,,,,,0.000800001029497336
1.3936,0.000800000048715777,0.000800001033578509,0.00163350560896099,-3.35055115294393e-05,0,
1.39345570630487,,,,,,0.000800001032967778
1.3944,0.000800000048079056,0.000800001036947232,0.00163350560832427,-3.35055121661605e-05,0,
1.39425379090184,,,,,,0.000800001036345716
1.3952,0.000800000047453191,0.00080000104022057,0.00163350560769841,-3.35055127920254e-05,0,
1.3950518754988,,,,,,0.000800001039629103
1.396,0.000800000046837732,0.000800001043396461,0.00163350560708295,-3.35055134074847e-05,0,
1.39584996009577,,,,,,0.00080000104281589
1.3968,0.000800000046232229,0.00080000104647284,0.00163350560647745,-3.35055140129869e-05,0,
1.39664804469274,,,,,,0.000800001045904031
1.3976,0.000800000045636234,0.000800001049447647,0.00163350560588145,-3.35055146089821e-05,0,
1.3974461292897,,,,,,0.000800001048891476
1.3984,0.000800000045049296,0.000800001052318817,0.00163350560529451,-3.35055151959201e-05,0,
1.39824421388667,,,,,,0.000800001051776178
1.3992,0.000800000044470967,0.000800001055084289,0.00163350560471618,-3.35055157742497e-05,0,
1.39904229848364,,,,,,0.00080000105455609
1.4,0.000800000043900796,0.000800001057741999,0.00163350560414601,-3.35055163444209e-05,0,
1.39984038308061,,,,,,0.000800001057229162
1.4008,0.000800000043338333,0.000800001060289885,0.00163350560358355,-3.35055169068835e-05,0,
1.40063846767757,,,,,,0.000800001059793347
1.4016,0.00080000004278313,0.000800001062725885,0.00163350560302835,-3.35055174620867e-05,0,
1.40143655227454,,,,,,0.000800001062246598
1.4024,0.000800000042234736,0.000800001065047935,0.00163350560247995,-3.35055180104801e-05,0,
1.40223463687151,,,,,,0.000800001064586866
1.4032,0.000800000041692703,0.000800001067253974,0.00163350560193792,-3.35055185525136e-05,0,
1.40303272146848,,,,,,0.000800001066812104
1.404,0.00080000004115658,0.000800001069341937,0.0016335056014018,-3.35055190886363e-05,0,
1.40383080606544,,,,,,0.000800001068920262
1.4048,0.000800000040625918,0.000800001071309764,0.00163350560087113,-3.35055196192984e-05,0,
1.40462889066241,,,,,,0.000800001070909295
1.4056,0.000800000040100268,0.00080000107315539,0.00163350560034548,-3.35055201449486e-05,0,
1.40542697525938,,,,,,0.000800001072777153
1.4064,0.000800000039579179,0.000800001074876754,0.0016335055998244,-3.35055206660367e-05,0,
1.40622505985634,,,,,,0.000800001074521789
1.4072,0.000800000039062204,0.000800001076471792,0.00163350559930742,-3.35055211830125e-05,0,
1.40702314445331,,,,,,0.000800001076141154
1.408,0.00080000003854889,0.000800001077938442,0.00163350559879411,-3.35055216963263e-05,0,
1.40782122905028,,,,,,0.000800001077633201
1.4088,0.00080000003803879,0.000800001079274642,0.00163350559828401,-3.35055222064262e-05,0,
1.40861931364725,,,,,,0.000800001078995883
1.4096,0.000800000037531454,0.000800001080478328,0.00163350559777667,-3.35055227137627e-05,0,
1.40941739824421,,,,,,0.00080000108022715
1.4104,0.000800000037026432,0.000800001081547438,0.00163350559727165,-3.35055232187848e-05,0,
1.41021548284118,,,,,,0.000800001081324955
1.4112,0.000800000036523274,0.000800001082479909,0.00163350559676849,-3.35055237219427e-05,0,
1.41101356743815,,,,,,0.000800001082287251
1.412,0.000800000036021531,0.000800001083273679,0.00163350559626675,-3.35055242236854e-05,0,
1.41181165203512,,,,,,0.000800001083111988
1.4128,0.000800000035520753,0.000800001083926685,0.00163350559576597,-3.35055247244629e-05,0,
1.41260973663208,,,,,,0.00080000108379712
1.4136,0.000800000035020492,0.000800001084436864,0.00163350559526571,-3.35055252247241e-05,0,
1.41340782122905,,,,,,0.000800001084340598
1.4144,0.000800000034520297,0.000800001084802154,0.00163350559476551,-3.35055257249197e-05,0,
1.41420590582602,,,,,,0.000800001084740375
1.4152,0.000800000034019718,0.000800001085020492,0.00163350559426493,-3.35055262254982e-05,0,
1.41500399042298,,,,,,0.000800001084994402
1.416,0.000800000033518307,0.000800001085089815,0.00163350559376352,-3.35055267269095e-05,0,
1.41580207501995,,,,,,0.000800001085100632
1.4168,0.000800000033015613,0.000800001085008061,0.00163350559326083,-3.35055272296032e-05,0,
1.41660015961692,,,,,,0.000800001085057016
1.4176,0.000800000032511187,0.000800001084773166,0.0016335055927564,-3.3505527734029e-05,0,
1.41739824421389,,,,,,0.000800001084861507
1.4184,0.00080000003200458,0.000800001084383069,0.0016335055922498,-3.3505528240636e-05,0,
1.41819632881085,,,,,,0.000800001084512057
1.4192,0.000800000031495342,0.000800001083835706,0.00163350559174056,-3.35055287498744e-05,0,
1.41899441340782,,,,,,0.000800001084006618
1.42,0.000800000030983023,0.000800001083129016,0.00163350559122824,-3.35055292621935e-05,0,
1.41979249800479,,,,,,0.000800001083343142
1.4208,0.000800000030467174,0.000800001082260934,0.00163350559071239,-3.3505529778043e-05,0,
1.42059058260176,,,,,,0.000800001082519581
1.4216,0.000800000029947345,0.000800001081229399,0.00163350559019256,-3.35055302978719e-05,0,
1.42138866719872,,,,,,0.000800001081533886
1.4224,0.000800000029423086,0.000800001080032348,0.0016335055896683,-3.35055308221301e-05,0,
1.42218675179569,,,,,,0.000800001080384011
1.4232,0.000800000028893949,0.000800001078667718,0.00163350558913917,-3.35055313512676e-05,0,
1.42298483639266,,,,,,0.000800001079067907
1.424,0.000800000028359483,0.000800001077133447,0.0016335055886047,-3.35055318857331e-05,0,
1.42378292098962,,,,,,0.000800001077583527
1.4248,0.000800000027819239,0.000800001075427472,0.00163350558806446,-3.35055324259772e-05,0,
1.42458100558659,,,,,,0.000800001075928822
1.4256,0.000800000027272768,0.00080000107354773,0.00163350558751798,-3.35055329724484e-05,0,
1.42537909018356,,,,,,0.000800001074101744
1.4264,0.00080000002671962,0.000800001071492158,0.00163350558696484,-3.35055335255968e-05,0,
1.42617717478053,,,,,,0.000800001072100246
1.4272,0.000800000026159344,0.000800001069258694,0.00163350558640456,-3.35055340858719e-05,0,
1.42697525937749,,,,,,0.00080000106992228
1.428,0.000800000025591493,0.000800001066845276,0.00163350558583671,-3.35055346537236e-05,0,
1.42777334397446,,,,,,0.000800001067565797
1.4288,0.000800000025015615,0.00080000106424984,0.00163350558526083,-3.3505535229601e-05,0,
1.42857142857143,,,,,,0.00080000106502875
1.4296,0.000800000024431263,0.000800001061470323,0.00163350558467648,-3.35055358139537e-05,0,
1.4293695131684,,,,,,0.000800001062309091
1.4304,0.000800000023837985,0.000800001058504664,0.0016335055840832,-3.35055364072312e-05,0,
1.43016759776536,,,,,,0.000800001059404772
1.4312,0.000800000023235333,0.0008000010553508,0.00163350558348055,-3.35055370098837e-05,0,
1.43096568236233,,,,,,0.000800001056313744
1.432,0.000800000022622857,0.000800001052006667,0.00163350558286807,-3.350553762236e-05,0,
1.4317637669593,,,,,,0.000800001053033961
1.4328,0.000800000022397794,0.000800001048470204,0.00163350558264301,-3.35055378474221e-05,0,
1.43256185155627,,,,,,0.000800001049563374
1.4336,0.00080000002220376,0.000800001044739347,0.00163350558244898,-3.35055380414559e-05,0,
1.43335993615323,,,,,,0.000800001045899935
1.4344,0.000800000022017968,0.000800001042416742,0.00163350558226318,-3.35055382272484e-05,0,
1.4341580207502,,,,,,0.000800001042041597
1.4352,0.000800000021840255,0.000800001043894221,0.00163350558208547,-3.35055384049619e-05,0,
1.43495610534717,,,,,,0.000800001043278884
1.436,0.000800000021670459,0.000800001045897474,0.00163350558191568,-3.35055385747576e-05,0,
1.43575418994413,,,,,,0.00080000104529242
1.4368,0.000800000021508419,0.000800001047851182,0.00163350558175364,-3.35055387367975e-05,0,
1.4365522745411,,,,,,0.000800001047256882
1.4376,0.000800000021353972,0.000800001049754577,0.00163350558159919,-3.3505538891244e-05,0,
1.43735035913807,,,,,,0.000800001049171508
1.4384,0.000800000021206958,0.000800001051606896,0.00163350558145217,-3.35055390382584e-05,0,
1.43814844373504,,,,,,0.00080000105103554
1.4392,0.000800000021067214,0.000800001053407371,0.00163350558131243,-3.35055391780026e-05,0,
1.438946528332,,,,,,0.000800001052848217
1.44,0.000800000020934578,0.000800001055155237,0.00163350558117979,-3.35055393106384e-05,0,
1.43974461292897,,,,,,0.000800001054608778
1.4408,0.000800000020808888,0.000800001056849729,0.0016335055810541,-3.35055394363284e-05,0,
1.44054269752594,,,,,,0.000800001056316463
1.4416,0.000800000020689983,0.00080000105849008,0.0016335055809352,-3.35055395552333e-05,0,
1.4413407821229,,,,,,0.000800001057970513
1.4424,0.0008000000205777,0.000800001060075524,0.00163350558082292,-3.35055396675164e-05,0,
1.44213886671987,,,,,,0.000800001059570165
1.4432,0.000800000020471878,0.000800001061605297,0.00163350558071709,-3.35055397733382e-05,0,
1.44293695131684,,,,,,0.000800001061114661
1.444,0.000800000020372355,0.000800001063078631,0.00163350558061757,-3.35055398728612e-05,0,
1.44373503591381,,,,,,0.00080000106260324
1.4448,0.000800000020278969,0.000800001064494762,0.00163350558052419,-3.35055399662473e-05,0,
1.44453312051077,,,,,,0.000800001064035141
1.4456,0.000800000020191558,0.000800001065852923,0.00163350558043677,-3.35055400536584e-05,0,
1.44533120510774,,,,,,0.000800001065409605
1.4464,0.000800000020109961,0.000800001067152349,0.00163350558035518,-3.35055401352556e-05,0,
1.44612928970471,,,,,,0.00080000106672587
1.4472,0.000800000020034015,0.000800001068392274,0.00163350558027923,-3.35055402112018e-05,0,
1.44692737430168,,,,,,0.000800001067983177
1.448,0.000800000019963558,0.000800001069571931,0.00163350558020877,-3.35055402816586e-05,0,
1.44772545889864,,,,,,0.000800001069180766
1.4488,0.000800000019898429,0.000800001070690557,0.00163350558014365,-3.35055403467876e-05,0,
1.44852354349561,,,,,,0.000800001070317875
1.4496,0.000800000019838465,0.000800001071747383,0.00163350558008368,-3.35055404067509e-05,0,
1.44932162809258,,,,,,0.000800001071393745
1.4504,0.000800000019783506,0.000800001072741646,0.00163350558002872,-3.35055404617099e-05,0,
1.45011971268955,,,,,,0.000800001072407616
1.4512,0.000800000019733389,0.000800001073672578,0.00163350557997861,-3.3505540511827e-05,0,
1.45091779728651,,,,,,0.000800001073358726
1.452,0.000800000019687952,0.000800001074539415,0.00163350557993317,-3.35055405572642e-05,0,
1.45171588188348,,,,,,0.000800001074246317
1.4528,0.000800000019647034,0.00080000107534139,0.00163350557989225,-3.35055405981826e-05,0,
1.45251396648045,,,,,,0.000800001075069626
1.4536,0.000800000019610471,0.000800001076077738,0.00163350557985569,-3.35055406347448e-05,0,
1.45331205107741,,,,,,0.000800001075827895
1.4544,0.000800000019578104,0.000800001076747692,0.00163350557982332,-3.35055406671122e-05,0,
1.45411013567438,,,,,,0.000800001076520363
1.4552,0.000800000019549769,0.000800001077350488,0.00163350557979499,-3.35055406954472e-05,0,
1.45490822027135,,,,,,0.000800001077146269
1.456,0.000800000019525305,0.000800001077885358,0.00163350557977052,-3.3505540719911e-05,0,
1.45570630486832,,,,,,0.000800001077704854
1.4568,0.000800000019504551,0.000800001078351539,0.00163350557974977,-3.35055407406658e-05,0,
1.45650438946528,,,,,,0.000800001078195356
1.4576,0.000800000019487343,0.000800001078748262,0.00163350557973256,-3.35055407578737e-05,0,
1.45730247406225,,,,,,0.000800001078617016
1.4584,0.00080000001947352,0.000800001079074764,0.00163350557971874,-3.35055407716959e-05,0,
1.45810055865922,,,,,,0.000800001078969072
1.4592,0.000800000019462922,0.000800001079330278,0.00163350557970814,-3.35055407822946e-05,0,
1.45889864325619,,,,,,0.000800001079250766
1.46,0.000800000019455384,0.000800001079514038,0.0016335055797006,-3.35055407898325e-05,0,
1.45969672785315,,,,,,0.000800001079461337
1.4608,0.000800000019450746,0.000800001079625279,0.00163350557969596,-3.35055407944699e-05,0,
1.46049481245012,,,,,,0.000800001079600024
1.4616,0.000800000019448846,0.000800001079663234,0.00163350557969406,-3.35055407963698e-05,0,
1.46129289704709,,,,,,0.000800001079666067
1.4624,0.000800000019449523,0.000800001079627138,0.00163350557969474,-3.35055407956938e-05,0,
1.46209098164405,,,,,,0.000800001079658705
1.4632,0.000800000019452613,0.000800001079516225,0.00163350557969783,-3.35055407926036e-05,0,
1.46288906624102,,,,,,0.000800001079577179
1.464,0.000800000019457955,0.00080000107932973,0.00163350557970317,-3.35055407872614e-05,0,
1.46368715083799,,,,,,0.000800001079420728
1.4648,0.000800000019465388,0.000800001079066887,0.0016335055797106,-3.35055407798287e-05,0,
1.46448523543496,,,,,,0.000800001079188591
1.4656,0.000800000019474749,0.000800001078726929,0.00163350557971997,-3.35055407704672e-05,0,
1.46528332003192,,,,,,0.000800001078880009
1.4664,0.000800000019485877,0.000800001078309091,0.00163350557973109,-3.35055407593396e-05,0,
1.46608140462889,,,,,,0.000800001078494221
1.4672,0.000800000019498609,0.000800001077812607,0.00163350557974383,-3.35055407466069e-05,0,
1.46687948922586,,,,,,0.000800001078030467
1.468,0.000800000019512785,0.000800001077236712,0.001633505579758,-3.35055407324315e-05,0,
1.46767757382283,,,,,,0.000800001077487987
1.4688,0.000800000019528241,0.000800001076580639,0.00163350557977346,-3.35055407169747e-05,0,
1.46847565841979,,,,,,0.000800001076866019
1.4696,0.000800000019544817,0.000800001075843623,0.00163350557979003,-3.35055407003992e-05,0,
1.46927374301676,,,,,,0.000800001076163804
1.4704,0.00080000001956235,0.000800001075024898,0.00163350557980757,-3.35055406828661e-05,0,
1.47007182761373,,,,,,0.000800001075380582
1.4712,0.000800000019580679,0.000800001074123699,0.0016335055798259,-3.35055406645374e-05,0,
1.47086991221069,,,,,,0.000800001074515592
1.472,0.000800000019599641,0.000800001073139259,0.00163350557984486,-3.35055406455755e-05,0,
1.47166799680766,,,,,,0.000800001073568074
1.4728,0.000800000019619074,0.000800001072070813,0.00163350557986429,-3.35055406261421e-05,0,
1.47246608140463,,,,,,0.000800001072537268
1.4736,0.000800000019638818,0.000800001070917594,0.00163350557988403,-3.35055406063985e-05,0,
1.4732641660016,,,,,,0.000800001071422413
1.4744,0.000800000019658709,0.000800001069678838,0.00163350557990393,-3.3505540586507e-05,0,
1.47406225059856,,,,,,0.000800001070222749
1.4752,0.000800000019678587,0.000800001068353778,0.0016335055799238,-3.35055405666294e-05,0,
1.47486033519553,,,,,,0.000800001068937515
1.476,0.000800000019698289,0.000800001066941648,0.00163350557994351,-3.35055405469276e-05,0,
1.4756584197925,,,,,,0.000800001067565952
1.4768,0.000800000019717653,0.000800001065441683,0.00163350557996287,-3.35055405275633e-05,0,
1.47645650438947,,,,,,0.000800001066107299
1.4776,0.000800000019736518,0.000800001063853118,0.00163350557998173,-3.35055405086986e-05,0,
1.47725458898643,,,,,,0.000800001064560795
1.4784,0.000800000019754721,0.000800001062175185,0.00163350557999994,-3.35055404904952e-05,0,
1.4780526735834,,,,,,0.000800001062925681
1.4792,0.000800000019772101,0.00080000106040712,0.00163350558001732,-3.35055404731153e-05,0,
1.47885075818037,,,,,,0.000800001061201196
1.48,0.000800000019788496,0.000800001058548156,0.00163350558003371,-3.35055404567204e-05,0,
1.47964884277733,,,,,,0.00080000105938658
1.4808,0.000800000019803744,0.000800001056597528,0.00163350558004896,-3.3505540441472e-05,0,
1.4804469273743,,,,,,0.000800001057481072
1.4816,0.000800000019817684,0.00080000105455447,0.0016335055800629,-3.35055404275328e-05,0,
1.48124501197127,,,,,,0.000800001055483912
1.4824,0.000800000019830152,0.000800001052418217,0.00163350558007537,-3.35055404150644e-05,0,
1.48204309656824,,,,,,0.00080000105339434
1.4832,0.000800000019840988,0.000800001050188002,0.0016335055800862,-3.35055404042284e-05,0,
1.4828411811652,,,,,,0.000800001051211596
1.484,0.00080000001985003,0.000800001047863059,0.00163350558009525,-3.35055403951869e-05,0,
1.48363926576217,,,,,,0.000800001048934918
1.4848,0.000800000019857115,0.000800001045442623,0.00163350558010233,-3.35055403881016e-05,0,
1.48443735035914,,,,,,0.000800001046563548
1.4856,0.000800000019862082,0.000800001042925929,0.0016335055801073,-3.35055403831345e-05,0,
1.48523543495611,,,,,,0.000800001044096724
1.4864,0.000800000019864769,0.000800001040312209,0.00163350558010999,-3.35055403804472e-05,0,
1.48603351955307,,,,,,0.000800001041533687
1.4872,0.000800000019865015,0.0008000010376007,0.00163350558011023,-3.35055403802017e-05,0,
1.48683160415004,,,,,,0.000800001038873675
1.488,0.000800000019862656,0.000800001034790634,0.00163350558010787,-3.35055403825605e-05,0,
1.48762968874701,,,,,,0.000800001036115929
1.4888,0.000800000019857532,0.000800001031881245,0.00163350558010275,-3.35055403876847e-05,0,
1.48842777334397,,,,,,0.000800001033259689
1.4896,0.00080000001984948,0.000800001028871769,0.0016335055800947,-3.35055403957362e-05,0,
1.48922585794094,,,,,,0.000800001030304193
1.4904,0.000800000019838339,0.00080000102576144,0.00163350558008356,-3.35055404068772e-05,0,
1.49002394253791,,,,,,0.000800001027248682
1.4912,0.000800000019823947,0.000800001022549491,0.00163350558006916,-3.35055404212693e-05,0,
1.49082202713488,,,,,,0.000800001024092395
1.492,0.000800000019806142,0.000800001019235156,0.00163350558005136,-3.35055404390746e-05,0,
1.49162011173184,,,,,,0.000800001020834573
1.4928,0.000800000019784762,0.000800001015817671,0.00163350558002998,-3.35055404604546e-05,0,
1.49241819632881,,,,,,0.000800001017474454
1.4936,0.000800000019759645,0.000800001012296269,0.00163350558000486,-3.35055404855717e-05,0,
1.49321628092578,,,,,,0.000800001014011279
1.4944,0.000800000019730629,0.000800001008670184,0.00163350557997585,-3.35055405145875e-05,0,
1.49401436552275,,,,,,0.000800001010444286
1.4952,0.000800000019697553,0.000800001004938651,0.00163350557994277,-3.35055405476637e-05,0,
1.49481245011971,,,,,,0.000800001006772717
1.496,0.000800000019660254,0.000800001001100903,0.00163350557990547,-3.35055405849623e-05,0,
1.49561053471668,,,,,,0.00080000100299581
1.4968,0.000800000019618571,0.000800000997156176,0.00163350557986379,-3.35055406266455e-05,0,
1.49640861931365,,,,,,0.000800000999112805
1.4976,0.000800000019572342,0.000800000993103703,0.00163350557981756,-3.35055406728746e-05,0,
1.49720670391061,,,,,,0.000800000995122942
1.4984,0.000800000019521405,0.000800000988942718,0.00163350557976662,-3.35055407238114e-05,0,
1.49800478850758,,,,,,0.00080000099102546
1.4992,0.000800000019465598,0.000800000984672457,0.00163350557971081,-3.35055407796186e-05,0,
1.49880287310455,,,,,,0.0008000009868196
1.5,0.000800000019404759,0.000800000980305935,0.00705129268214506,-0.00545129168243436,,
1.49960095770152,,,,,,0.000800000982504601
1.5,0.000800000019404759,0.000800000980305935,0.00705129268214506,-0.00545129168243436,,
1.5008,0.000800008780960322,0.000800016400505739,0.00163351433409472,-3.34967721740805e-05,0,
1.50000000030002,,,,,,0.000800000980305935
1.50000000030002,,,,,,0.000800000980305935
1.50039904229848,,,,,,0.000800002205560731
1.5016,0.00080006289831796,0.000800077483408743,0.00163356874108681,-3.34427058485033e-05,0,
1.50119712689545,,,,,,0.000800030459830253
1.5024,0.000800200152843238,0.000800219789449495,0.0016337066619121,-3.33056899256114e-05,0,
1.50199521149242,,,,,,0.000800123612719497
1.5032,0.000800451684190699,0.000800473164071735,0.00163395952273608,-3.30548248781628e-05,0,
1.50279329608939,,,,,,0.000800313235609871
1.504,0.000800841451141286,0.000800863385663628,0.0016343514802158,-3.26663874040908e-05,0,
1.50359138068635,,,,,,0.000800627066971456
1.5048,0.00080138733054598,0.000801410572506072,0.00163490055937702,-3.21226985285377e-05,0,
1.50438946528332,,,,,,0.000801088626917104
1.5056,0.000802102415901853,0.000802127978900729,0.00163561994079327,-3.14108129291879e-05,0,
1.50518754988029,,,,,,0.000801714493147602
1.5064,0.000802995620053867,0.000803023516250863,0.00163651856465071,-3.05219048375543e-05,0,
1.50598563447725,,,,,,0.000802514581679194
1.5072,0.000804072285455772,0.000804101440289894,0.0016376017444028,-2.94506591410664e-05,0,
1.50678371907422,,,,,,0.000803494810052979
1.508,0.000805334663732507,0.000805363931706438,0.00163887165421723,-2.81947952145252e-05,0,
1.50758180367119,,,,,,0.000804657828145223
1.5088,0.000806782359096108,0.000806811060198093,0.00164032778362108,-2.67546313886195e-05,0,
1.50837988826816,,,,,,0.000806005354025404
1.5096,0.000808412767472236,0.00080844035836386,0.00164196739050725,-2.51326570527361e-05,0,
1.50917797286512,,,,,,0.000807535950858021
1.5104,0.000810221530843802,0.000810247864851036,0.0016437859687297,-2.33330921912149e-05,0,
1.50997605746209,,,,,,0.000809246252495388
1.5112,0.000812202976259011,0.000812228084346541,0.00164577766446113,-2.13614616268845e-05,0,
1.51077414205906,,,,,,0.000811131817923943
1.512,0.00081434999141092,0.000814373975266889,0.00164793521248014,-1.92246967911962e-05,0,
1.51157222665603,,,,,,0.00081318629023016
1.5128,0.00081665478489692,0.000816677772311003,0.0016502506459713,-1.69304361722992e-05,0,
1.51237031125299,,,,,,0.000815402120522565
1.5136,0.000819108684981634,0.000819130852951226,0.00165271514880469,-1.44871760927453e-05,0,
1.51316839584996,,,,,,0.000817771458911194
1.5144,0.000821702659290544,0.000821723998111086,0.00165531953229541,-1.19038045325083e-05,0,
1.51396648044693,,,,,,0.000820285131322494
1.5152,0.000824427155564795,0.000824447408241261,0.00165805411985344,-9.18971744006575e-06,0,
1.51476456504389,,,,,,0.000822934002435513
1.516,0.000827272478951738,0.000827291464112122,0.00166090909919875,-6.35448533690534e-06,0,
1.51556264964086,,,,,,0.000825707840056018
1.5168,0.000830228798671753,0.000830246324208813,0.00166387454248327,-3.40782157526146e-06,0,
1.51636073423783,,,,,,0.000828597664975915
1.5176,0.000833286295787808,0.000833302230135132,0.00166694055134005,-3.59448023709689e-07,0,
1.5171588188348,,,,,,0.000831593048756615
1.5184,0.000836435256509559,0.000836449547103657,0.00167009734720429,2.7810009573132e-06,0,
1.51795690343176,,,,,,0.000834684910874047
1.5192,0.000839666123277531,0.000839678745131694,0.00167333532716257,6.00403258280538e-06,0,
1.51875498802873,,,,,,0.000837863290250145
1.52,0.000842969591434577,0.000842980587429626,0.00167664514959308,9.30038754954264e-06,0,
1.5195530726257,,,,,,0.000841119127555648
1.5208,0.000846336591946587,0.000846346029286167,0.00168001773069892,1.26610337880851e-05,0,
1.52035115722267,,,,,,0.000844443163044895
1.5216,0.00084975841690821,0.000849766362898954,0.00168344434791252,1.60772781558739e-05,0,
1.52114924181963,,,,,,0.000847826637869347
1.5224,0.000853226630251261,0.000853233148971389,0.00168691657453772,1.95406992469562e-05,0,
1.5219473264166,,,,,,0.000851260995216385
1.5232,0.000856733219732055,0.000856738348973742,0.00169042640330358,2.30432754455948e-05,0,
1.52274541101357,,,,,,0.000854737994079228
1.524,0.000860270480672041,0.000860274278129515,0.00169396615530562,2.65772971005124e-05,0,
1.52354349561053,,,,,,0.000858249853093473
1.5248,0.000863831148828681,0.000863833592935135,0.00169752858771636,3.01354741951046e-05,0,
1.5243415802075,,,,,,0.000861789057701938
1.5256,0.000867408302156033,0.000867409381342912,0.00170110681488922,3.37108632683529e-05,0,
1.52513966480447,,,,,,0.000865348485336333
1.5264,0.00087099545241127,0.000870995175331233,0.00170469438095837,3.72969396780794e-05,0,
1.52593774940144,,,,,,0.000868921467317225
1.5272,0.000874586466200688,0.000874584894047914,0.00170828519578101,4.08875376535853e-05,0,
1.5267358339984,,,,,,0.000872501764302737
1.528,0.000878175631809349,0.000878172691819915,0.00171187358559779,4.44769022290209e-05,0,
1.52753391859537,,,,,,0.000876083486698157
1.5288,0.000881757582067751,0.000881753245951274,0.00171545422986677,4.80596282793104e-05,0,
1.52833200319234,,,,,,0.000879660892728565
1.5296,0.000885327352881847,0.000885321741888148,0.00171902220480819,5.16307050828284e-05,0,
1.52913008778931,,,,,,0.000883229025782298
1.5304,0.000888880307532789,0.000888873717777467,0.00172257292026234,5.51854556064482e-05,0,
1.52992817238627,,,,,,0.000886783231125113
1.5312,0.000892412182729483,0.000892404598123576,0.00172610215386775,5.8719569999936e-05,0,
1.53072625698324,,,,,,0.000890319236964683
1.532,0.000895919027561097,0.000895910460905255,0.00172960599875691,6.22290564228346e-05,0,
1.53152434158021,,,,,,0.000893832311693275
1.5328,0.000899397228141638,0.000899387976019576,0.00173308088092443,6.5710256945822e-05,0,
1.53232242617717,,,,,,0.000897319139230154
1.5336,0.00090284346642453,0.00090283388793709,0.00173652352268871,6.91598136417412e-05,0,
1.53312051077414,,,,,,0.000900776419961139
1.5344,0.000906254725740146,0.000906244724697215,0.00173993094433461,7.25746694759629e-05,0,
1.53391859537111,,,,,,0.000904200967191417
1.5352,0.000909628260920174,0.000909617750416961,0.00174330043700795,7.59520423257102e-05,0,
1.53471667996808,,,,,,0.000907589159342939
1.536,0.000912961596926256,0.000912950764513857,0.00174662955933096,7.92894208384797e-05,0,
1.53551476456504,,,,,,0.00091093888040308
1.5368,0.000916252509142178,0.000916241489880568,0.00174991611837967,8.2584546737472e-05,0,
1.53631284916201,,,,,,0.000914247900322121
1.5376,0.000919499011304137,0.000919487642701776,0.00175315815770886,8.58354020666449e-05,0,
1.53711093375898,,,,,,0.000917513938261909
1.5384,0.000922699345190244,0.000922687531757062,0.00175635394603049,8.90401987855183e-05,0,
1.53790901835595,,,,,,0.000920734735324353
1.5392,0.00092585196024709,0.000925839837080291,0.00175950195795298,9.21973594068453e-05,0,
1.53870710295291,,,,,,0.000923908981801447
1.54,0.000928955504771226,0.000928943068233267,0.00176260086454247,9.53055070653394e-05,0,
1.53950518754988,,,,,,0.000927035366644134
1.5408,0.000932008810575977,0.000931995862253294,0.00176564951692467,9.83634508047342e-05,0,
1.54030327214685,,,,,,0.000930112304691122
1.5416,0.000935010865351394,0.000934997372433058,0.00176864692250713,0.000101370159002696,0,
1.54110135674381,,,,,,0.000933138586121345
1.5424,0.000937960826913639,0.000937947000541826,0.00177159225487805,0.000104324769757903,0,
1.54189944134078,,,,,,0.000936113596223318
1.5432,0.000940857989182438,0.000940843789236541,0.00177448482216415,0.000107226561218025,0,
1.54269752593775,,,,,,0.000939036753618898
1.544,0.000943701773333383,0.000943687086220941,0.00177732406693707,0.00011007494035167,0,
1.54349561053472,,,,,,0.000941906886429638
1.5448,0.000946491823034575,0.000946476678636828,0.00178010963475385,0.000112869529430889,0,
1.54429369513168,,,,,,0.000944723658251319
1.5456,0.000949227783969545,0.000949212466440002,0.00178284118336025,0.000115609972250269,0,
1.54509177972865,,,,,,0.000947486931242347
1.5464,0.0009519094303596,0.000951893861771198,0.00178551849506753,0.000118296030968897,0,
1.54588986432562,,,,,,0.000950196628474846
1.5472,0.000954536625088068,0.000954520781091087,0.00178814145088532,0.000120927560380142,0,
1.54668794892259,,,,,,0.000952851874558001
1.548,0.000957109457245632,0.000957093442085426,0.00179071013572139,0.00012350463144838,0,
1.54748603351955,,,,,,0.000955453038107075
1.5488,0.00095962796629304,0.000959612010116941,0.00179322459464008,0.000126027287817285,0,
1.54828411811652,,,,,,0.000958000249253582
1.5496,0.000962092270104294,0.000962076444762193,0.00179568495013856,0.000128495641757259,0,
1.54908220271349,,,,,,0.000960493691183283
1.5504,0.000964502558444004,0.000964486974036155,0.00179809140411926,0.000130909878409741,0,
1.54988028731045,,,,,,0.000962933200398619
1.5512,0.00096685920584668,0.000966843956160676,0.00180044432718294,0.000133270360171423,0,
1.55067837190742,,,,,,0.000965319216426776
1.552,0.000969162556045802,0.00096914773219391,0.00180274406274835,0.000135577434709542,0,
1.55147645650439,,,,,,0.000967652049556977
1.5528,0.000971412972512179,0.000971398679703877,0.00180499097672229,0.000137831465809628,0,
1.55227454110136,,,,,,0.000969932053576692
1.5536,0.000973610881911689,0.000973597210907575,0.00180718550129893,0.000140032877701583,0,
1.55307262569832,,,,,,0.000972159614523206
1.5544,0.00097575682810764,0.000975743761065214,0.00180932817813753,0.000142182208720395,0,
1.55387071029529,,,,,,0.000974335153845798
1.5552,0.000977851360331905,0.000977838889158267,0.00181141955285525,0.000144280010302014,0,
1.55466879489226,,,,,,0.000976459109242988
1.556,0.00097989501027203,0.000979883261565503,0.00181346015755378,0.000146326817748685,0,
1.55546687948923,,,,,,0.000978532095894548
1.5568,0.000981888357237774,0.000981877474802896,0.00181545057316387,0.000148323209956028,0,
1.55626496408619,,,,,,0.000980554798994781
1.5576,0.000983832053303834,0.000983822150726104,0.00181739145006149,0.000150269837377739,0,
1.55706304868316,,,,,,0.000982527764102351
1.5584,0.000985726771892875,0.000985717966227639,0.00181928345641911,0.000152167375135221,0,
1.55786113328013,,,,,,0.000984451644339796
1.5592,0.000987573145188586,0.000987565624271835,0.00182112722352763,0.00015401646066235,0,
1.5586592178771,,,,,,0.000986327121069422
1.56,0.000989371839781507,0.000989365850252106,0.00182292341762845,0.000155817761442461,0,
1.55945730247406,,,,,,0.000988154900293762
1.5608,0.00099112357002831,0.000991119388348209,0.00182467275174572,0.000157571992181366,0,
1.56025538707103,,,,,,0.000989935709056032
1.5616,0.00099282908323056,0.000992826618080214,0.209001022254317,0.000159279901513147,0,
1.561053471668,,,,,,0.000991670291840582
1.5624,0.000994489062307391,0.000994488213002619,0.209828451774604,0.000160942178669117,0,
1.56185155626496,,,,,,0.000993358852354063
1.5632,0.000996104219449929,0.000996104911387149,0.20982989509395,0.000162559537219534,0,
1.56264964086193,,,,,,0.000995002275882229
1.564,0.000997675294446724,0.000997677344514437,0.209831338413297,0.000164132718524035,0,
1.5634477254589,,,,,,0.000996601225280314
1.5648,0.000999203069729582,0.000999206107059313,0.209832781732643,0.00016566250599404,0,
1.56424581005587,,,,,,0.000998156310878757
1.5656,0.209000688251225,0.00100069176058814,0.209834225051989,0.000167190281276899,0,
1.56504389465283,,,,,,0.000999668114134166
1.5664,0.209002131570571,0.00100213522127752,0.209835666616629,0.000168718056559757,0,
1.5658419792498,,,,,,0.00100113718194985
1.5672,0.209003533769523,0.00100353792233935,0.209837067143502,0.000170245831842616,0,
1.56664006384677,,,,,,0.00100256458373428
1.568,0.209004895629672,0.00100490038468143,0.209838427408653,0.000171773607125474,0,
1.56743814844373,,,,,,0.0010039518964553
1.5688,0.209006217864314,0.00100622315708253,0.209839748123509,0.00099886906663015,0,
1.5682362330407,,,,,,0.00100529918086742
1.5696,0.209007501204247,0.00100750699677471,0.209841030016266,0.208173970945052,0.207166463948277,
1.56903431763767,,,,,,0.00100660718796695
1.5704,0.20900874637902,0.00100875266127877,0.209842273814972,0.208175217567001,0.207166464905722,
1.56983240223464,,,,,,0.00100787666991921
1.5712,0.209009954145973,0.00100996090713573,0.209843480272601,0.208176426710021,0.207166465802885,
1.5706304868316,,,,,,0.00100910837880499
1.572,0.209011125210655,0.00101113233565707,0.209844650092634,0.208177599084026,0.207166466748369,
1.57142857142857,,,,,,0.00101030306536712
1.5728,0.209012260286312,0.00101226764210773,0.20984578398577,0.208178735404332,0.207166467762225,
1.57222665602554,,,,,,0.0010114612640961
1.5736,0.209013360078989,0.00101336756406656,0.20984688265644,0.208179836379531,0.207166468815465,
1.57302474062251,,,,,,0.00101258372792075
1.5744,0.209014425314362,0.00101443279346334,0.209847946826734,0.208180902736912,0.207166469943448,
1.57382282521947,,,,,,0.00101367118095322
1.5752,0.209015456675152,0.00101546399555579,0.209848977177352,0.208181935162781,0.207166471167225,
1.57462090981644,,,,,,0.00101472429559664
1.576,0.209016454846042,0.00101646181760026,0.209849974390627,0.208182934343842,0.207166472526242,
1.57541899441341,,,,,,0.00101574372773439
1.5768,0.209017420501152,0.00101742697161445,0.209850939139209,0.208183900956568,0.207166473984953,
1.57621707901038,,,,,,0.00101673011491278
1.5776,0.209018354332567,0.00101836041352099,0.209851872112082,0.208184835694511,0.20716647528099,
1.57701516360734,,,,,,0.00101768419035319
1.5784,0.209019256991029,0.00101926272947695,0.20985277395817,0.208185739211514,0.207166476482037,
1.57781324820431,,,,,,0.00101860698397737
1.5792,0.209020129127538,0.00102013451910178,0.209853645326412,0.208186612160397,0.207166477641295,
1.57861133280128,,,,,,0.00101949891202359
1.58,0.209020971382261,0.00102097644057819,0.209854486855484,0.208187455183387,0.207166478742809,
1.57940941739824,,,,,,0.00102036063528578
1.5808,0.209021784404844,0.00102178914151804,0.209855299192645,0.208188268931621,0.207166479790103,
1.58020750199521,,,,,,0.00102119280459984
1.5816,0.209022568816047,0.00102257325825745,0.209856082956904,0.208189054028246,0.207166480769988,
1.58100558659218,,,,,,0.00102199606014699
1.5824,0.209023325229945,0.00102332940221342,0.209856838760593,0.208189811089088,0.207166481686875,
1.58180367118915,,,,,,0.00102277103075717
1.5832,0.209024054251553,0.0010240581771998,0.209857567207244,0.208190540720906,0.207166482543706,
1.58260175578611,,,,,,0.00102351831589669
1.584,0.209024756486422,0.00102476018088812,0.209858268900592,0.208191243530731,0.207166483349842,
1.58339984038308,,,,,,0.00102423851507374
1.5848,0.209025432522388,0.00102543599321631,0.209858944426878,0.208191920108218,0.207166484115002,
1.58419792498005,,,,,,0.00102493221961413
1.5856,0.209026082936639,0.0010260861769936,0.209859594361805,0.208192571032149,0.207166484855155,
1.58499600957702,,,,,,0.00102560000010482
1.5864,0.209026708298043,0.00102671127860219,0.209860219272862,0.208193196872877,0.207166485594275,
1.58579409417398,,,,,,0.00102624241142721
1.5872,0.209027309170236,0.00102731184584904,0.209860819722242,0.208193798195417,0.207166486349568,
1.58659217877095,,,,,,0.00102685999200543
1.588,0.209027886105072,0.00102788856989044,0.209861396260418,0.208194375553066,0.207166486983176,
1.58739026336792,,,,,,0.00102745328749337
1.5888,0.209028439642993,0.00102844194392587,0.209861949426562,0.208194929487647,0.207166487543721,
1.58818834796488,,,,,,0.00102802302885079
1.5896,0.209028970315992,0.00102897246943009,0.209862479751481,0.208195460532423,0.207166488062993,
1.58898643256185,,,,,,0.00102856962994041
1.5904,0.209029478650124,0.00102948066636987,0.209862987760033,0.208195969214635,0.207166488548265,
1.58978451715882,,,,,,0.00102909361470847
1.5912,0.209029965161834,0.00102996704456373,0.209863473967481,0.208196456051925,0.207166489007361,
1.59058260175579,,,,,,0.0010295954970495
1.592,0.209030430355614,0.00103043210368194,0.209863938877249,0.208196921549967,0.207166489446285,
1.59138068635275,,,,,,0.00103007578080626
1.5928,0.209030874728317,0.00103087633324651,0.209864382985142,0.208197366206682,0.207166489873436,
1.59217877094972,,,,,,0.00103053495976976
1.5936,0.209031298767767,0.00103130021263121,0.209864806777985,0.208197790510942,0.20716649029831,
1.59297685554669,,,,,,0.00103097351767925
1.5944,0.209031702952796,0.00103170421106156,0.20986521073365,0.208198194942578,0.207166490731516,
1.59377494014366,,,,,,0.00103139192822223
1.5952,0.209032087753271,0.00103208878761482,0.209865595321087,0.208198579972416,0.207166491184801,
1.59457302474062,,,,,,0.00103179065503445
1.596,0.209032453630125,0.00103245457478191,0.209865961000364,0.208198946062309,0.207166491487527,
1.59537110933759,,,,,,0.00103217015169989
1.5968,0.209032801036677,0.00103280197322938,0.209866308223965,0.208199293666438,0.207166491693209,
1.59616919393456,,,,,,0.00103253109469738
1.5976,0.209033130417993,0.00103313138655204,0.209866637436129,0.208199623230705,0.207166491844153,
1.59696727853152,,,,,,0.0010328738053907
1.5984,0.209033442207791,0.00103344324834237,0.20986694906982,0.208199935189655,0.207166491941312,
1.59776536312849,,,,,,0.00103319870594738
1.5992,0.20903373683237,0.00103373798743981,0.209867243550609,0.20820022997034,0.2071664919829,
1.59856344772546,,,,,,0.00103350622907991
1.6,0.209034014709382,0.00103401602383763,0.20986752129545,0.208200507991142,0.207166491967305,
1.59936153232243,,,,,,0.00103379679873876
1.6008,0.209034276247872,0.00103427776868295,0.209867782712724,0.208200769661804,0.207166491893121,
1.60015961691939,,,,,,0.00103407083011235
1.6016,0.209034521848319,0.00103452362427673,0.209868028202275,0.208201015383468,0.207166491759191,
1.60095770151636,,,,,,0.00103432872962706
1.6024,0.209034751902673,0.00103475398407376,0.209868258155521,0.208201245548717,0.207166491564643,
1.60175578611333,,,,,,0.00103457089494723
1.6032,0.209034966805227,0.0010349692326827,0.209868472966352,0.208201460552378,0.207166491319696,
1.6025538707103,,,,,,0.00103479771497515
1.604,0.209035166972628,0.00103516977249292,0.209868673050476,0.208201660811502,0.207166491039009,
1.60335195530726,,,,,,0.00103500956985108
1.6048,0.209035352752108,0.00103535597399902,0.209868858754777,0.20820184667426,0.207166490700261,
1.60415003990423,,,,,,0.00103520686374497
1.6056,0.209035524510676,0.00103552818694589,0.209869030445767,0.208202018508007,0.207166490321062,
1.6049481245012,,,,,,0.00103538995590368
1.6064,0.209035682608267,0.00103568676121437,0.209869188482907,0.208202176673176,0.207166489911962,
1.60574620909816,,,,,,0.00103555919077416
1.6072,0.209035827397861,0.00103583204031086,0.20986933321873,0.20820232152322,0.207166489482909,
1.60654429369513,,,,,,0.00103571491640919
1.608,0.209035959225602,0.00103596435907561,0.209869464998952,0.208202453404733,0.207166489045657,
1.6073423782921,,,,,,0.00103585747227782
1.6088,0.209036078430917,0.00103608404368274,0.209869584162591,0.208202572657567,0.207166488613884,
1.60814046288907,,,,,,0.00103598718926542
1.6096,0.209036185346725,0.00103619141164028,0.20986969104219,0.20820267961505,0.20716648820341,
1.60893854748603,,,,,,0.0010361043896736
1.6104,0.209036280302246,0.0010362867717901,0.209869785966587,0.20820277460678,0.20716648783499,
1.609736632083,,,,,,0.00103620938722027
1.6112,0.20903636361606,0.00103637042430798,0.209869869254019,0.208202857951718,0.20716648752741,
1.61053471667997,,,,,,0.00103630248703961
1.612,0.209036435602291,0.00103644280435637,0.209869941218279,0.208202929964331,0.207166487159975,
1.61133280127694,,,,,,0.00103638398568209
1.6128,0.209036496568985,0.00103650432072815,0.209870002167097,0.208202990952997,0.207166486632269,
1.6121308858739,,,,,,0.00103645434294797
1.6136,0.209036546818233,0.00103655515049637,0.209870052402267,0.208203041220121,0.207166486069624,
1.61292897047087,,,,,,0.0010365139538499
1.6144,0.209036586646289,0.00103659555468457,0.209870092219761,0.208203081062255,0.20716648550757,
1.61372705506784,,,,,,0.00103656295081288
1.6152,0.209036616343694,0.00103662581293984,0.209870121895097,0.20820311079229,0.20716648497935,
1.6145251396648,,,,,,0.00103660161764363
1.616,0.209036636195392,0.00103664619750316,0.209870141752578,0.208203130638206,0.207166484440703,
1.61532322426177,,,,,,0.00103663023081323
1.6168,0.209036646470955,0.00103665697320941,0.20987015203105,0.20820314091086,0.207166483937651,
1.61612130885874,,,,,,0.00103664905945702
1.6176,0.209036647447088,0.00103665839748735,0.209870153007452,0.208203141886725,0.207166483489238,
1.61691939345571,,,,,,0.00103665836537469
1.6184,0.20903663939258,0.00103665072035964,0.209870144950793,0.208203133834367,0.207166483114007,
1.61771747805267,,,,,,0.00103665840303024
1.6192,0.209036622569538,0.00103663418444283,0.209870128123391,0.208203117015684,0.207166482831241,
1.61851556264964,,,,,,0.00103664941955198
1.62,0.209036597234879,0.00103660910401626,0.209870102782361,0.208203091687398,0.207166482583382,
1.61931364724661,,,,,,0.00103663165473254
1.6208,0.209036563640441,0.00103657594055266,0.209870069217611,0.208203058054233,0.207166482113681,
1.62011173184358,,,,,,0.00103660543296943
1.6216,0.209036522033086,0.001036534778204,0.209870027619293,0.208203016436275,0.207166481658071,
1.62090981644054,,,,,,0.00103657123489803
1.6224,0.209036472654817,0.00103648582092203,0.209869978251628,0.208202967045977,0.207166481225055,
1.62170790103751,,,,,,0.00103652907868385
1.6232,0.209036415730864,0.00103642929736118,0.209869921339704,0.208202910108732,0.20716648081137,
1.62250598563448,,,,,,0.00103647919657843
1.624,0.20903635149165,0.00103636543005825,0.209869857113783,0.208202845855114,0.207166480425056,
1.62330407023144,,,,,,0.00103642181477387
1.6248,0.20903628016777,0.00103629443543234,0.209869785804306,0.208202774515844,0.207166480080412,
1.62410215482841,,,,,,0.00103635715340274
1.6256,0.209036201980206,0.00103621652378493,0.209869707632131,0.208202696312028,0.207166479788243,
1.62490023942538,,,,,,0.00103628542653815
1.6264,0.2090361171453,0.00103613189929984,0.209869622813477,0.208202611460126,0.207166479560826,
1.62569832402235,,,,,,0.0010362068421937
1.6272,0.20903602587485,0.0010360407600432,0.209869531560024,0.208202520172045,0.207166479412002,
1.62649640861931,,,,,,0.00103612160232352
1.628,0.209035928376203,0.001035943308096,0.209869434079008,0.208202422655233,0.207166479347137,
1.62729449321628,,,,,,0.00103602990282225
1.6288,0.209035824852343,0.00103584000481376,0.209869330573313,0.208202319112763,0.207166479107949,
1.62809257781325,,,,,,0.00103593194498713
1.6296,0.209035715498994,0.00103573088461291,0.209869221238575,0.208202209740445,0.207166478855832,
1.62889066241022,,,,,,0.00103582822186736
1.6304,0.20903560050774,0.001035616112886,0.209869106266289,0.208202094729964,0.207166478617078,
1.62968874700718,,,,,,0.00103571870650457
1.6312,0.209035480070866,0.00103549587559656,0.209868985848642,0.208201974273673,0.207166478398077,
1.63048683160415,,,,,,0.00103560358799181
1.632,0.209035354373885,0.0010353703536342,0.209868860171078,0.208201848557159,0.207166478203525,
1.63128491620112,,,,,,0.00103548305039641
1.6328,0.209035223598297,0.00103523972281456,0.209868729415023,0.208201717761987,0.207166478039172,
1.63208300079808,,,,,,0.00103535727276001
1.6336,0.209035087921673,0.00103510415387934,0.209868593757983,0.20820158206579,0.207166477911911,
1.63288108539505,,,,,,0.00103522642909855
1.6344,0.209034947517743,0.00103496381249631,0.209868453373626,0.208201441642356,0.20716647782986,
1.63367916999202,,,,,,0.00103509068840227
1.6352,0.209034802556483,0.00103481885925925,0.20986830843187,0.208201296661713,0.207166477802453,
1.63447725458899,,,,,,0.0010349502146357
1.636,0.209034653203539,0.00103466944968802,0.20986815909831,0.208201147289547,0.207166477839859,
1.63527533918595,,,,,,0.00103480516673767
1.6368,0.209034499619698,0.0010345158639975,0.20986800553369,0.208200993686706,0.207166477822709,
1.63607342378292,,,,,,0.00103465569862132
1.6376,0.209034341965229,0.00103435821803548,0.209867847898221,0.208200836013494,0.207166477795458,
1.63687150837989,,,,,,0.00103450210171466
1.6384,0.209034180395585,0.00103419663801236,0.20986768634732,0.208200674425401,0.207166477787388,
1.63766959297686,,,,,,0.00103434447279356
1.6392,0.20903401506285,0.00103403127259796,0.209867521033034,0.208200509074547,0.207166477801949,
1.63846767757382,,,,,,0.00103418294003438
1.64,0.209033846115826,0.0010338622691907,0.209867352104129,0.208200340109765,0.207166477840575,
1.63926576217079,,,,,,0.0010340176529415
1.6408,0.209033673700115,0.00103368977175886,0.209867179706175,0.208200167676687,0.207166477904928,
1.64006384676776,,,,,,0.00103384875756019
1.6416,0.209033497958202,0.00103351392090874,0.20986700398163,0.20819999191782,0.207166477996911,
1.64086193136472,,,,,,0.00103367639654401
1.6424,0.209033319028647,0.00103333485395278,0.20986682506903,0.208199812971681,0.207166478117729,
1.64166001596169,,,,,,0.00103350070922213
1.6432,0.209033137035389,0.00103315270497777,0.209866643092354,0.208199630962335,0.207166478257357,
1.64245810055866,,,,,,0.00103332183166674
1.644,0.209032952118356,0.00103296760491303,0.20986645819141,0.208199446029685,0.207166478424772,
1.64325618515563,,,,,,0.00103313989676036
1.6448,0.209032764406672,0.00103277970767328,0.209866270495343,0.208199258302871,0.207166478595197,
1.64405426975259,,,,,,0.00103295503426322
1.6456,0.209032574026543,0.0010325891452605,0.209866080130345,0.208199067908112,0.207166478762851,
1.64485235434956,,,,,,0.00103276739878597
1.6464,0.20903238110133,0.00103239602971132,0.209865887219762,0.208198874968781,0.20716647893907,
1.64565043894653,,,,,,0.00103257711961702
1.6472,0.209032185751622,0.00103220048330193,0.209865691884172,0.208198679605478,0.207166479122176,
1.6464485235435,,,,,,0.00103238430668506
1.648,0.209031988095306,0.00103200262689,0.20986549424145,0.208198481936099,0.207166479309209,
1.64724660814046,,,,,,0.0010321890821915
1.6488,0.209031788247641,0.00103180257903653,0.209865294406849,0.208198282075909,0.207166479496873,
1.64804469273743,,,,,,0.00103199156598228
1.6496,0.20903158632133,0.00103160045609292,0.209865092493062,0.208198080137618,0.207166479681525,
1.6488427773344,,,,,,0.00103179187563386
1.6504,0.20903138242659,0.00103139637228795,0.209864888610302,0.208197876231447,0.207166479859159,
1.64964086193136,,,,,,0.00103159012653928
1.6512,0.209031176671228,0.00103119043981491,0.20986468286637,0.208197670465169,0.207166480025354,
1.65043894652833,,,,,,0.00103138643199415
1.652,0.209030969154639,0.0010309827689186,0.209864475360697,0.208197462938135,0.207166480169216,
1.6512370311253,,,,,,0.0010311809032827
1.6528,0.209030759966656,0.00103077343164361,0.20986426618316,0.208197253740324,0.20716648030868,
1.65203511572227,,,,,,0.00103097364976377
1.6536,0.209030549218026,0.00103056248494781,0.209864055444358,0.208197042982409,0.207166480497462,
1.65283320031923,,,,,,0.00103076474104073
1.6544,0.209030337005723,0.00103035006992431,0.20986384324134,0.208196830761366,0.207166480691441,
1.6536312849162,,,,,,0.00103055423303394
1.6552,0.20903012342447,0.00103013628268211,0.209863629668828,0.208196617171911,0.207166480889229,
1.65442936951317,,,,,,0.00103034226967261
1.656,0.209029908566795,0.0010299212148688,0.209863414819354,0.208196402306572,0.207166481091703,
1.65522745411014,,,,,,0.00103012894428891
1.6568,0.209029692523097,0.00102970495571767,0.209863198783321,0.208196186255743,0.207166481300025,
1.6560255387071,,,,,,0.00102991434778053
1.6576,0.209029475381709,0.00102948759209309,0.209862981649064,0.208195969107753,0.20716648151566,
1.65682362330407,,,,,,0.00102969856865557
1.6584,0.20902925722896,0.00102926920853595,0.209862763502917,0.208195750948925,0.207166481740389,
1.65762170790104,,,,,,0.00102948169307736
1.6592,0.209029038149235,0.00102904988730908,0.20986254442927,0.20819553186364,0.207166481976331,
1.658419792498,,,,,,0.00102926380490939
1.66,0.209028818225044,0.0010288297084426,0.209862324510638,0.208195311934402,0.207166482225959,
1.65921787709497,,,,,,0.00102904498576013
1.6608,0.209028597537077,0.0010286087538129,0.209862103827718,0.208195091241751,0.207166482487938,
1.66001596169194,,,,,,0.00102882531502795
1.6616,0.209028376142603,0.00102838712024236,0.209861882437929,0.208194869843027,0.207166482722784,
1.66081404628891,,,,,,0.00102860487405171
1.6624,0.209028154108898,0.00102816486817734,0.209861660408474,0.208194647805653,0.207166482937476,
1.66161213088587,,,,,,0.0010283837592981
1.6632,0.209027931525055,0.00102794207118803,0.2098614378283,0.208194425218607,0.207166483147419,
1.66241021548284,,,,,,0.00102816203004287
1.664,0.209027708461929,0.00102771880135573,0.209861214768377,0.208194202152733,0.207166483351378,
1.66320830007981,,,,,,0.00102793975957516
1.6648,0.209027484988565,0.0010274951290505,0.20986099129776,0.208193978677069,0.207166483548019,
1.66400638467678,,,,,,0.00102771701943461
1.6656,0.209027261172249,0.00102727112298711,0.209860767483745,0.208193754858891,0.207166483735903,
1.66480446927374,,,,,,0.00102749387946668
1.6664,0.209027037078557,0.00102704667129173,0.209860543391916,0.208193530763763,0.207166484092471,
1.66560255387071,,,,,,0.00102727040787802
1.6672,0.209026812771404,0.00102682237628629,0.209860319086198,0.208193306455592,0.207166484079306,
1.66640063846768,,,,,,0.00102704667129173
1.66719872306464,,,,,,0.00102682273480272
1.668,0.209026588313095,0.00102659776544564,0.209860094628906,0.208193081996674,0.207166484231229,
1.66799680766161,,,,,,0.00102659866203302
1.6688,0.209026363764375,0.00102637308018028,0.209859870080795,0.208192857447744,0.207166484367564,
1.66879489225858,,,,,,0.00102637451518711
1.6696,0.209026139184478,0.00102614832240058,0.209859645501108,0.208192632868027,0.207166484545626,
1.66959297685555,,,,,,0.00102615029537096
1.6704,0.209025914631179,0.00102592358396738,0.20985942094763,0.208192408315119,0.207166484731152,
1.67039106145251,,,,,,0.00102592609419126
1.6712,0.209025690136088,0.00102569892063751,0.209859196452147,0.20819218382083,0.207166484900192,
1.67118914604948,,,,,,0.00102570196705915
1.672,0.209025465759992,0.00102547438424829,0.20985897207525,0.208191959445929,0.20716648506168,
1.67198723064645,,,,,,0.00102547796546831
1.6728,0.209025241561538,0.00102525002492603,0.209858747875602,0.208191735249006,0.20716648522408,
1.67278531524342,,,,,,0.00102525413921713
1.6736,0.209025017590829,0.00102502589111807,0.209858523903362,0.208191511280153,0.207166485389034,
1.67358339984038,,,,,,0.0010250305364403
1.6744,0.209024793896546,0.00102480202962473,0.209858300207223,0.20819128758804,0.207166485558415,
1.67438148443735,,,,,,0.00102480720364049
1.6752,0.209024570525991,0.00102457848563135,0.209858076834497,0.208191064219959,0.207166485734328,
1.67517956903432,,,,,,0.00102458418571988
1.676,0.209024347525128,0.0010243553027403,0.209857853831159,0.208190841221865,0.207166485919125,
1.67597765363128,,,,,,0.00102436152601187
1.6768,0.209024124938625,0.00102413252300292,0.209857631241888,0.208190618638416,0.207166486115413,
1.67677573822825,,,,,,0.00102413926631267
1.6776,0.209023902809897,0.0010239101869516,0.209857409110106,0.208190396513014,0.207166486326063,
1.67757382282522,,,,,,0.0010239174469129
1.6784,0.209023681181144,0.00102368833363174,0.209857187478026,0.208190174887853,0.207166486554221,
1.67837190742219,,,,,,0.00102369610662926
1.6792,0.209023460093396,0.00102346700063375,0.209856966386686,0.208189953803953,0.207166486803319,
1.67916999201915,,,,,,0.0010234752828361
1.68,0.209023239586554,0.00102324622412508,0.209856745875997,0.208189733301052,0.207166487076927,
1.67996807661612,,,,,,0.00102325501149709
1.6808,0.209023019676387,0.00102302603888218,0.209856525961889,0.208189513395155,0.207166487356273,
1.68076616121309,,,,,,0.00102303532719682
1.6816,0.209022800414608,0.00102280647832255,0.209856306695839,0.208189294137869,0.207166487659547,
1.68156424581006,,,,,,0.00102281626317241
1.6824,0.20902258183718,0.00102258757453669,0.209856088113918,0.208189075565145,0.207166487990608,
1.68236233040702,,,,,,0.00102259785134516
1.6832,0.209022363978311,0.00102236935832017,0.209855870250346,0.208188857711179,0.207166488352859,
1.68316041500399,,,,,,0.00102238012235217
1.684,0.209022146871145,0.00102215185920556,0.209855653138276,0.208188640609108,0.207166488749902,
1.68395849960096,,,,,,0.00102216310557794
1.6848,0.209021930547805,0.00102193510972693,0.209855436809842,0.208188424291046,0.207166489181319,
1.68475658419793,,,,,,0.001021946829186
1.6856,0.209021715039426,0.00102171921218997,0.209855221296185,0.20818820878812,0.20716648957593,
1.68555466879489,,,,,,0.00102173139795308
1.6864,0.209021500376193,0.00102150421015822,0.2098550066275,0.208187994130505,0.207166489920347,
1.68635275339186,,,,,,0.00102151685987018
1.6872,0.209021286587375,0.00102129007456535,0.209854792833063,0.208187780347464,0.207166490272898,
1.68715083798883,,,,,,0.00102130318230325
1.688,0.209021073701364,0.00102107683467641,0.209854579941276,0.208187567467381,0.207166490632704,
1.68794892258579,,,,,,0.00102109039435038
1.6888,0.209020861745711,0.00102086451908795,0.209854367979695,0.208187355517771,0.207166490998683,
1.68874700718276,,,,,,0.00102087852444463
1.6896,0.20902065074291,0.00102065315577291,0.209854156970849,0.208187144521031,0.207166491365258,
1.68954509177973,,,,,,0.00102066760039833
1.6904,0.209020440699927,0.00102044277212559,0.209853946921806,0.208186934484326,0.2071664917122,
1.6903431763767,,,,,,0.00102045764944755
1.6912,0.209020231655812,0.00102023339500656,0.209853737871413,0.208186725446601,0.207166492051595,
1.69114126097366,,,,,,0.00102024869829647
1.692,0.209020023633502,0.00102002505078761,0.209853529842713,0.20818651743079,0.207166492380002,
1.69193934557063,,,,,,0.0010200407731618
1.6928,0.209019816655133,0.00101981776539666,0.209853322857846,0.208186310459017,0.20716649269362,
1.6927374301676,,,,,,0.00101983389981715
1.6936,0.209019610742062,0.00101961156436273,0.209853116938179,0.208186104552635,0.207166492988272,
1.69353551476456,,,,,,0.00101962810363745
1.6944,0.209019405914906,0.00101940647286082,0.209852912104333,0.208185899732254,0.207166493259393,
1.69433359936153,,,,,,0.00101942340964335
1.6952,0.209019202193565,0.00101920251575691,0.209852708376217,0.208185696017769,0.207166493502012,
1.6951316839585,,,,,,0.00101921984254563
1.696,0.209018999597261,0.00101899971765282,0.209852505773057,0.208185493428394,0.207166493710741,
1.69592976855547,,,,,,0.00101901742678956
1.6968,0.20901879814456,0.00101879810293121,0.209852304313427,0.208185291982692,0.20716649387976,
1.69672785315243,,,,,,0.00101881618659936
1.6976,0.209018597853412,0.00101859769580046,0.209852104015281,0.208185091698605,0.207166494002804,
1.6975259377494,,,,,,0.00101861614602253
1.6984,0.209018398741173,0.00101839852033963,0.20985190489598,0.20818489259342,0.20716649407308,
1.69832402234637,,,,,,0.00101841732897433
1.6992,0.209018200813633,0.00101820058653196,0.209851706961386,0.208184694672918,0.207166494086386,
1.69912210694334,,,,,,0.0010182197592821
1.7,0.209018004075302,0.00101800378148752,0.209851510216017,0.208184497941744,0.207166494160257,
1.6999201915403,,,,,,0.00101802331717
1.7008,0.209017808553491,0.00101780808264305,0.209851314687049,0.208184302427123,0.20716649434448,
1.70071827613727,,,,,,0.00101782796034517
1.7016,0.209017614261623,0.00101761362990972,0.209851120387991,0.208184108142474,0.207166494512564,
1.70151636073424,,,,,,0.00101763384216041
1.7024,0.209017421212518,0.00101742043789932,0.209850927331667,0.208183915100612,0.207166494662713,
1.70231444533121,,,,,,0.00101744097717286
1.7032,0.209017229418414,0.00101722852075454,0.20985073553032,0.208183723313771,0.207166494793017,
1.70311252992817,,,,,,0.00101724937947198
1.704,0.209017038890995,0.00101703789217659,0.209850544995638,0.20818353279363,0.207166494901454,
1.70391061452514,,,,,,0.00101705906270699
1.7048,0.209016849641412,0.00101684856545295,0.209850355738777,0.208183343551335,0.207166494985882,
1.70470869912211,,,,,,0.00101687004011415
1.7056,0.209016661680306,0.00101666055348503,0.209850167770382,0.208183155597526,0.20716649504404,
1.70550678371907,,,,,,0.0010166823245442
1.7064,0.209016475017837,0.00101647386881582,0.209849981100618,0.208182968942356,0.207166495073541,
1.70630486831604,,,,,,0.00101649592848963
1.7072,0.209016289663707,0.00101628852365765,0.209849795739188,0.208182783595525,0.207166495071867,
1.70710295291301,,,,,,0.00101631086411208
1.708,0.209016105627179,0.00101610452991979,0.209849611695361,0.208182599566212,0.207166495036292,
1.70790103750998,,,,,,0.00101612714326972
1.7088,0.209015922902374,0.0010159218992362,0.209849428963341,0.208182416848612,0.207166494949376,
1.70869912210694,,,,,,0.00101594477754454
1.7096,0.209015741497019,0.00101574064299318,0.209849247550781,0.208182235450485,0.207166494807492,
1.70949720670391,,,,,,0.00101576377826976
1.7104,0.209015561424964,0.00101556077235704,0.209849067471497,0.208182055385637,0.20716649461328,
1.71029529130088,,,,,,0.00101558415655716
1.7112,0.209015382692372,0.00101538229830183,0.209848888731698,0.20818187666023,0.207166494361928,
1.71109337589785,,,,,,0.00101540592332447
1.712,0.209015205304951,0.00101520523163699,0.209848711337093,0.208181699279967,0.20716649404833,
1.71189146049481,,,,,,0.00101522908932266
1.7128,0.209015029267973,0.00101502958303505,0.209848535292957,0.208181523250117,0.207166493667082,
1.71268954509178,,,,,,0.00101505366516335
1.7136,0.20901485458629,0.00101485534521004,0.209848360604146,0.208181348575531,0.207166493230321,
1.71348762968875,,,,,,0.00101487966134616
1.7144,0.209014681264356,0.00101468240666111,0.209848187275115,0.208181175260658,0.207166492853997,
1.71428571428571,,,,,,0.00101470696151572
1.7152,0.209014509306243,0.00101451072302592,0.20984801530994,0.208181003309571,0.207166492586545,
1.71508379888268,,,,,,0.00101453548906731
1.716,0.209014338715663,0.0010143404222821,0.209847844712335,0.208180832725977,0.207166492303695,
1.71588188347965,,,,,,0.0010143653926292
1.7168,0.209014169495984,0.00101417150623604,0.20984767548567,0.208180663513243,0.207166492007007,
1.71667996807662,,,,,,0.00101419667406773
1.7176,0.209014001650251,0.00101400397620356,0.209847507632991,0.208180495674346,0.207166491698142,
1.71747805267358,,,,,,0.00101402933476126
1.7184,0.209013835167899,0.00101383783302392,0.209847341143803,0.208180329198815,0.207166491365791,
1.71827613727055,,,,,,0.00101386337561399
1.7192,0.209013670057235,0.00101367307707382,0.209847176026319,0.208180164094932,0.207166491017858,
1.71907422186752,,,,,,0.00101369879706977
1.72,0.209013506321409,0.00101350970828139,0.209847012283712,0.208180000365833,0.207166490657552,
1.71987230646449,,,,,,0.00101353559912597
1.7208,0.209013343961302,0.00101334772614017,0.209846849916878,0.2081798380124,0.20716649028626,
1.72067039106145,,,,,,0.00101337378134732
1.7216,0.209013182977477,0.00101318712972315,0.209846688926379,0.208179677035194,0.207166489905471,
1.72146847565842,,,,,,0.00101321334287967
1.7224,0.209013023370189,0.00101302791769674,0.209846529312473,0.208179517434467,0.20716648951677,
1.72226656025539,,,,,,0.00101305428246391
1.7232,0.209012865139401,0.00101287008833474,0.209846371075124,0.208179359210182,0.207166489121847,
1.72306464485235,,,,,,0.00101289659844973
1.724,0.209012708284801,0.00101271363953242,0.20984621421402,0.208179202362025,0.207166488722492,
1.72386272944932,,,,,,0.00101274028880949
1.7248,0.209012552805813,0.00101255856882041,0.209846058728589,0.20817904688942,0.2071664883206,
1.72466081404629,,,,,,0.00101258535115206
1.7256,0.20901239870162,0.00101240487337879,0.209845904618013,0.208178892791548,0.207166487918169,
1.72545889864326,,,,,,0.00101243178273662
1.7264,0.209012245971171,0.00101225255005105,0.209845751881243,0.208178740067355,0.207166487517304,
1.72625698324022,,,,,,0.00101227958048649
1.7272,0.209012094612444,0.00101210159535806,0.20984560051626,0.208178588714772,0.207166487119414,
1.72705506783719,,,,,,0.001012128741003
1.728,0.209011944613282,0.00101195200435507,0.209845450510954,0.208178438721724,0.207166486717369,
1.72785315243416,,,,,,0.0010119792605793
1.7288,0.209011795979218,0.00101180376665892,0.209845301870776,0.208178290093706,0.207166486327047,
1.72865123703113,,,,,,0.00101183112892591
1.7296,0.2090116487077,0.00101165687446572,0.209845154593212,0.208178142828168,0.207166485953702,
1.72944932162809,,,,,,0.00101168433564808
1.7304,0.20901150279596,0.00101151132980903,0.209845008675493,0.208177996922338,0.207166485592529,
1.73024740622506,,,,,,0.00101153888447033
1.7312,0.209011358241019,0.00101136712733977,0.209844864114641,0.208177852373238,0.207166485245898,
1.73104549082203,,,,,,0.001011394770133
1.732,0.209011215039704,0.00101122426144253,0.209844720907485,0.208177709177695,0.207166484916253,
1.73184357541899,,,,,,0.00101125198711011
1.7328,0.209011073188661,0.00101108272624885,0.209844579050669,0.208177567332355,0.207166484606106,
1.73264166001596,,,,,,0.00101111052962244
1.7336,0.209010932684365,0.00101094251565057,0.209844438540671,0.208177426833692,0.207166484318041,
1.73343974461293,,,,,,0.00101097039165073
1.7344,0.209010793523136,0.00101080362331303,0.209844299373809,0.208177287678026,0.207166484054713,
1.7342378292099,,,,,,0.00101083156694875
1.7352,0.209010655701149,0.00101066604268842,0.209844161546258,0.208177149861532,0.207166483818843,
1.73503591380686,,,,,,0.00101069404905645
1.736,0.209010519214447,0.00101052976702905,0.209844025054064,0.20817701338024,0.207166483613211,
1.73583399840383,,,,,,0.00101055783131312
1.7368,0.209010384055736,0.00101039478940062,0.209843889889943,0.208176878226842,0.207166483437441,
1.7366320830008,,,,,,0.00101042290687047
1.7376,0.209010250213803,0.00101026110269553,0.209843756042698,0.208176744390175,0.207166483287479,
1.73743016759777,,,,,,0.00101028926870578
1.7384,0.209010117690072,0.00101012869964618,0.209843623513701,0.208176611871637,0.207166483171991,
1.73822825219473,,,,,,0.00101015690963506
1.7392,0.20900998647942,0.00100999757283822,0.209843492297855,0.208176480666106,0.207166483093268,
1.7390263367917,,,,,,0.00101002582232614
1.74,0.209009856576587,0.00100986771472386,0.209843362389901,0.208176350768322,0.207166483053598,
1.73982442138867,,,,,,0.00100989599931181
1.7408,0.209009727976187,0.00100973911763516,0.209843233784451,0.208176222172899,0.207166483055264,
1.74062250598563,,,,,,0.00100976743300296
1.7416,0.209009600672716,0.00100961177379731,0.209843106476003,0.208176094874334,0.207166483100536,
1.7414205905826,,,,,,0.00100964011570171
1.7424,0.209009474660564,0.00100948568206849,0.209842980458946,0.208175968867016,0.207166483184948,
1.74221867517957,,,,,,0.00100951403961453
1.7432,0.209009349934024,0.00100936086660461,0.209842855727572,0.20817584414524,0.207166483278635,
1.74301675977654,,,,,,0.00100938922647175
1.744,0.209009226487303,0.00100923733911476,0.209842732276088,0.208175720703211,0.207166483364097,
1.7438148443735,,,,,,0.00100926570788663
1.7448,0.209009104314531,0.00100911505566196,0.209842610098623,0.208175598535062,0.2071664834794,
1.74461292897047,,,,,,0.00100914342869754
1.7456,0.209008983409771,0.00100899401065343,0.20984248918924,0.208175477634835,0.207166483624181,
1.74541101356744,,,,,,0.00100902238332388
1.7464,0.209008863761552,0.00100887419862003,0.209842369536488,0.208175357991071,0.207166483792451,
1.74620909816441,,,,,,0.00100890256630342
1.7472,0.209008745361286,0.00100875561423339,0.209842251131767,0.208175239595204,0.207166483980971,
1.74700718276137,,,,,,0.00100878397230933
1.748,0.209008628206502,0.0010086382523231,0.209842133972583,0.20817512244475,0.207166484192427,
1.74780526735834,,,,,,0.00100866659616717
1.7488,0.209008512290363,0.00100852210789398,0.209842018052115,0.208175006532871,0.207166484424977,
1.74860335195531,,,,,,0.00100855043287183
1.7496,0.209008397605951,0.00100840717614319,0.209841903363443,0.208174891852649,0.207166484676506,
1.74940143655227,,,,,,0.00100843547760459
1.7504,0.209008284146272,0.00100829345247746,0.209841789899573,0.208174778397091,0.207166484944614,
1.75019952114924,,,,,,0.00100832172575007
1.7512,0.209008171904266,0.0010081809325303,0.209841677653446,0.208174666159139,0.207166485226609,
1.75099760574621,,,,,,0.00100820917291323
1.752,0.209008060872814,0.00100806961217916,0.20984156661794,0.208174555131673,0.207166485519494,
1.75179569034318,,,,,,0.00100809781493636
1.7528,0.209007951044745,0.00100795947265084,0.209841456785886,0.208174445307523,0.207166485834872,
1.75259377494014,,,,,,0.00100798764791606
1.7536,0.209007842412844,0.00100785062080291,0.209841348150066,0.208174336679475,0.207166486058672,
1.75331413764084,,,,,,0.00100788922917799
1.75331413764084,,,,,,0.00100788922917799
1.75339185953711,,,,,,0.00100787868615055
1.7544,0.209007734969861,0.00100774305912133,0.20984124070323,0.208174229240278,0.207166486181157,
1.75418994413408,,,,,,0.00100777107362125
1.7552,0.209007628708513,0.00100763667571052,0.209841134438095,0.208174122982634,0.207166486306924,
1.75498802873105,,,,,,0.00100766463555162
1.756,0.209007523615667,0.00100753146038926,0.209841029341545,0.208174017893432,0.207166486433043,
1.75578611332801,,,,,,0.00100755936506552
1.7568,0.209007419685316,0.00100742739943855,0.20984092540755,0.208173913966666,0.207166486567227,
1.75658419792498,,,,,,0.00100745524313918
1.7576,0.209007316911373,0.00100732449399958,0.209840822630023,0.208173811196244,0.207166486702244,
1.75738228252195,,,,,,0.00100735227087353
1.7584,0.209007215285979,0.00100722273132568,0.209840721001108,0.208173709574308,0.207166486842982,
1.75818036711891,,,,,,0.00100725044948808
1.7592,0.209007114801237,0.00100712207509056,0.209840620512908,0.20817360909296,0.207166487017869,
1.75897845171588,,,,,,0.00100714972942122
1.76,0.209007015449214,0.00100702252896992,0.209840521157491,0.20817350974427,0.2071664872153,
1.75977653631285,,,,,,0.00100705011007445
1.7608,0.209006917221953,0.00100692410360522,0.209840422926897,0.20817341152028,0.207166487416675,
1.76057462090982,,,,,,0.00100695160612969
1.7616,0.209006820111473,0.00100682679899646,0.209840325813145,0.208173314413011,0.207166487614015,
1.76137270550678,,,,,,0.00100685421758694
1.7624,0.209006724109778,0.00100673061514363,0.20984022980824,0.208173218414468,0.207166487799325,
1.76217079010375,,,,,,0.0010067579444462
1.7632,0.209006629208863,0.00100663554060929,0.209840134904173,0.208173123516646,0.207166487976036,
1.76296887470072,,,,,,0.00100666278670746
1.764,0.209006535400716,0.00100654152870193,0.209840041092934,0.208173029711534,0.207166488182832,
1.76376695929769,,,,,,0.00100656870487676
1.7648,0.209006442677329,0.00100644855421847,0.209839948366512,0.208172936991109,0.207166488436891,
1.76456504389465,,,,,,0.00100647563578488
1.7656,0.209006351025444,0.00100635666499488,0.209839856711664,0.208172845342139,0.207166488677144,
1.76536312849162,,,,,,0.00100638364676853
1.7664,0.209006260440209,0.00100626586103118,0.209839766123514,0.208172754759763,0.207166488898732,
1.76616121308859,,,,,,0.00100629273782769
1.7672,0.209006170913499,0.00100617614232736,0.209839676593945,0.208172665235857,0.207166489093529,
1.76695929768555,,,,,,0.00100620290896237
1.768,0.209006082437001,0.00100608750888343,0.209839588114643,0.208172576762107,0.207166489253224,
1.76775738228252,,,,,,0.00100611416017257
1.7688,0.2090059950024,0.00100599990743309,0.209839500677294,0.208172489330201,0.207166489422768,
1.76855546687949,,,,,,0.00100602649145829
1.7696,0.209005908601385,0.00100591325244148,0.209839414273585,0.208172402931828,0.207166489679386,
1.76935355147646,,,,,,0.00100593972897398
1.7704,0.209005823225651,0.00100582762719792,0.209839328895209,0.208172317558682,0.207166489931484,
1.77015163607342,,,,,,0.00100585398890761
1.7712,0.209005738866903,0.00100574303710168,0.209839244533873,0.208172233202471,0.20716649016537,
1.77094972067039,,,,,,0.00100576927904358
1.772,0.209005655516866,0.00100565948215276,0.209839161181298,0.20817214985492,0.207166490372767,
1.77174780526736,,,,,,0.0010056855993819
1.7728,0.209005573167282,0.00100557696235115,0.209839078829228,0.208172067507772,0.207166490545421,
1.77254588986433,,,,,,0.00100560294992257
1.7736,0.20900549180992,0.00100549544475221,0.20983899746943,0.208171986152794,0.207166490708042,
1.77334397446129,,,,,,0.00100552133066559
1.7744,0.209005411435817,0.00100541485393004,0.209838917092943,0.20817190578102,0.20716649092709,
1.77414205905826,,,,,,0.00100544063891566
1.7752,0.20900533203324,0.00100533520068837,0.209838837688037,0.20817182638073,0.207166491180041,
1.77494014365523,,,,,,0.00100536085863838
1.776,0.209005253596637,0.00100525653036166,0.209838759249147,0.208171747946365,0.207166491416004,
1.77573822825219,,,,,,0.00100528205658061
1.7768,0.209005176117624,0.0010051788429499,0.209838681767895,0.208171670469545,0.207166491626595,
1.77653631284916,,,,,,0.00100520423274234
1.7776,0.209005099587839,0.0010051021384531,0.209838605235918,0.208171593941906,0.207166491803453,
1.77733439744613,,,,,,0.00100512738712357
1.7784,0.209005023998944,0.0010050264102081,0.209838529644876,0.208171518355112,0.207166491944904,
1.7781324820431,,,,,,0.00100505151972431
1.7792,0.209004949342628,0.00100495161197034,0.209838454986459,0.208171443700853,0.207166492088883,
1.77893056664006,,,,,,0.0010049766106664
1.78,0.209004875610612,0.00100487769920125,0.209838381252386,0.208171369970851,0.207166492271649,
1.77972865123703,,,,,,0.0010049025623961
1.7808,0.209004802794652,0.0010048047095023,0.209838308434413,0.208171297156861,0.207166492447359,
1.780526735834,,,,,,0.00100482943535243
1.7816,0.209004730886541,0.00100473263528894,0.209838236524332,0.208171225250678,0.20716649261539,
1.78132482043097,,,,,,0.00100475722200508
1.7824,0.209004659878115,0.00100466146897663,0.209838165513978,0.20817115424414,0.207166492775163,
1.78212290502793,,,,,,0.00100468591482371
1.7832,0.209004589761255,0.00100459120298084,0.20983809539523,0.208171084129122,0.207166492926141,
1.7829209896249,,,,,,0.00100461550627799
1.784,0.209004520526199,0.00100452182971702,0.209838026158332,0.208171014895865,0.207166493066148,
1.78371907422187,,,,,,0.00100454598883762
1.7848,0.209004452163046,0.00100445334160062,0.209837957793379,0.208170946534476,0.207166493192875,
1.78451715881883,,,,,,0.00100447735497226
1.7856,0.209004384665654,0.0010043857310471,0.209837890294223,0.208170879038809,0.207166493307762,
1.7853152434158,,,,,,0.00100440959715159
1.7864,0.209004318025826,0.00100431899047193,0.209837823652671,0.208170812400669,0.207166493410197,
1.78611332801277,,,,,,0.00100434270784529
1.7872,0.209004252235401,0.00100425311229056,0.209837757860558,0.208170746611893,0.207166493499602,
1.78691141260974,,,,,,0.00100427667952303
1.788,0.209004187286256,0.00100418808891845,0.209837692909764,0.208170681664361,0.207166493575442,
1.7877094972067,,,,,,0.00100421150465448
1.7888,0.20900412317031,0.00100412390849105,0.209837628792206,0.208170617549992,0.207166493641501,
1.78850758180367,,,,,,0.00100414717570933
1.7896,0.209004059879526,0.00100406055246605,0.209837565499845,0.208170554260748,0.207166493708282,
1.78930566640064,,,,,,0.00100408367347603
1.7904,0.209003997405911,0.00100399801219827,0.209837503024689,0.20817049178864,0.207166493776442,
1.79010375099761,,,,,,0.00100402098093271
1.7912,0.209003935741523,0.00100393628835596,0.209837441358794,0.208170430125725,0.207166493837369,
1.79090183559457,,,,,,0.00100395910395415
1.792,0.20900387487847,0.00100387537270581,0.209837380494268,0.208170369264111,0.207166493891405,
1.79169992019154,,,,,,0.00100389803436586
1.7928,0.209003814808913,0.00100381525701448,0.209837320423272,0.208170309195956,0.207166493938942,
1.79249800478851,,,,,,0.00100383776399338
1.7936,0.20900375552294,0.00100375593304864,0.209837261135896,0.208170249911353,0.207166493978305,
1.79329608938547,,,,,,0.00100377828466224
1.7944,0.209003697012678,0.00100369739257496,0.209837202624264,0.208170191402432,0.207166494009857,
1.79409417398244,,,,,,0.00100371958819795
1.7952,0.209003639271321,0.0010036396273601,0.209837144881567,0.208170133662385,0.207166494035024,
1.79489225857941,,,,,,0.00100366166642604
1.796,0.209003582291035,0.00100358262917075,0.209837087899971,0.208170076683377,0.207166494054207,
1.79569034317638,,,,,,0.00100360451117204
1.7968,0.209003526064031,0.00100352638977355,0.209837031671688,0.208170020457622,0.207166494067848,
1.79648842777334,,,,,,0.00100354811426148
1.7976,0.209003470582565,0.0010034709009352,0.209836976188974,0.208169964977376,0.207166494076441,
1.79728651237031,,,,,,0.00100349246751987
1.7984,0.209003415838945,0.00100341615442235,0.209836921444134,0.208169910234947,0.207166494080524,
1.79808459696728,,,,,,0.00100343756277275
1.7992,0.209003361825525,0.00100336214365162,0.209836867429523,0.20816985622269,0.207166494079038,
1.79888268156425,,,,,,0.00100338339184563
1.8,0.209003308534714,0.0010033088625991,0.209836814137549,0.208169802933014,0.207166494070415,
1.79968076616121,,,,,,0.0010033299507138
1.8008,0.209003255958972,0.00100325630183021,0.209836761560672,0.20816975035838,0.20716649405655,
1.80047885075818,,,,,,0.00100327723042705
1.8016,0.209003204090815,0.00100320445205928,0.209836709691407,0.208169698491306,0.207166494039246,
1.80127693535515,,,,,,0.00100322522099156
1.8024,0.209003152922817,0.00100315330516156,0.209836658522326,0.20816964732436,0.207166494019199,
1.80207501995211,,,,,,0.00100317391434067
1.8032,0.209003102445689,0.00100310285301229,0.209836608044146,0.208169596848262,0.20716649399525,
1.80287310454908,,,,,,0.00100312330240769
1.804,0.209003052652948,0.00100305308748673,0.209836558250375,0.208169547056525,0.207166493969039,
1.80367118914605,,,,,,0.00100307337712596
1.8048,0.209003003537497,0.00100300400046012,0.20983650913392,0.208169497942055,0.207166493941595,
1.80446927374302,,,,,,0.00100302413042881
1.8056,0.209002955092001,0.00100295558380771,0.209836460687444,0.208169449497515,0.207166493913707,
1.80526735833998,,,,,,0.00100297555424955
1.8064,0.209002907309174,0.00100290782940474,0.20983641290366,0.208169401715621,0.207166493886216,
1.80606544293695,,,,,,0.00100292764052152
1.8072,0.209002860181784,0.00100286072912646,0.209836365775337,0.208169354589141,0.207166493860015,
1.80686352753392,,,,,,0.00100288038117805
1.808,0.209002813702653,0.00100281427484813,0.209836319295296,0.208169308110897,0.207166493836049,
1.80766161213089,,,,,,0.00100283376815246
1.8088,0.209002767864657,0.00100276845844497,0.209836273456413,0.208169262273767,0.207166493815322,
1.80845969672785,,,,,,0.00100278779337808
1.8096,0.20900272266073,0.00100272327179225,0.20983622825162,0.208169217070685,0.207166493798892,
1.80925778132482,,,,,,0.00100274244878824
1.8104,0.209002678083862,0.00100267870676521,0.209836183673908,0.20816917249464,0.207166493787875,
1.81005586592179,,,,,,0.00100269772631625
1.8112,0.209002634127103,0.00100263475523909,0.209836139716326,0.208169128538684,0.207166493783445,
1.81085395051876,,,,,,0.00100265361789546
1.812,0.209002590783417,0.00100259140908915,0.209836096371836,0.208169085195777,0.207166493786688,
1.81165203511572,,,,,,0.00100261011545919
1.8128,0.209002548043713,0.00100254866644959,0.209836053631353,0.208169042456836,0.207166493790386,
1.81245011971269,,,,,,0.00100256721094075
1.8136,0.209002505902737,0.00100250655984622,0.209836011489614,0.208169000316602,0.207166493756755,
1.81324820430966,,,,,,0.00100252491055032
1.8144,0.209002464353628,0.00100246509158448,0.209835969939763,0.208168958768218,0.207166493676633,
1.81404628890662,,,,,,0.00100248328009636
1.8152,0.209002423389581,0.00100242421442097,0.209835928974992,0.208168917804876,0.207166493590455,
1.81484437350359,,,,,,0.00100244224103526
1.816,0.209002383003839,0.00100238392127334,0.209835888588544,0.208168877419821,0.207166493498548,
1.81564245810056,,,,,,0.00100240178633532
1.8168,0.209002343189697,0.0010023442050593,0.209835848773715,0.208168837606349,0.20716649340129,
1.81644054269753,,,,,,0.00100236190896484
1.8176,0.209002303940502,0.00100230505869651,0.20983580952385,0.208168798357806,0.20716649329911,
1.81723862729449,,,,,,0.00100232260189214
1.8184,0.209002265249655,0.00100226647510265,0.20983577083235,0.208168759667595,0.207166493192492,
1.81803671189146,,,,,,0.00100228385808553
1.8192,0.209002227110609,0.00100222844719541,0.209835732692669,0.208168721529169,0.207166493081973,
1.81883479648843,,,,,,0.00100224567051331
1.82,0.209002189516873,0.00100219096789247,0.209835695098313,0.208168683936036,0.207166492968144,
1.8196328810854,,,,,,0.00100220803214378
1.8208,0.20900215246201,0.00100215403011149,0.209835658042847,0.208168646881761,0.207166492851649,
1.82043096568236,,,,,,0.00100217093594527
1.8216,0.209002115939638,0.00100211762677018,0.209835621519887,0.208168610359961,0.207166492733191,
1.82122905027933,,,,,,0.00100213437488607
1.8224,0.209002079943431,0.00100208175078619,0.209835585523108,0.208168574364311,0.207166492613525,
1.8220271348763,,,,,,0.00100209834193449
1.8232,0.209002044467119,0.00100204639507722,0.209835550046239,0.208168538888542,0.207166492493465,
1.82282521947326,,,,,,0.00100206283005885
1.824,0.209002009504492,0.00100201155256094,0.209835515083069,0.208168503926443,0.207166492373882,
1.82362330407023,,,,,,0.00100202783222744
1.8248,0.209001975049395,0.00100197721615504,0.209835480627444,0.20816846947186,0.207166492255705,
1.8244213886672,,,,,,0.00100199334140859
1.8256,0.209001941095732,0.00100194337877719,0.209835446673266,0.208168435518698,0.207166492139921,
1.82521947326417,,,,,,0.00100195935057059
1.8264,0.209001907637466,0.00100191003334507,0.2098354132145,0.20816840206092,0.207166492027575,
1.82601755786113,,,,,,0.00100192585268175
1.8272,0.209001874668621,0.00100187718949148,0.209835380212805,0.208168369124438,0.207166491934946,
1.8268156424581,,,,,,0.00100189284071038
1.828,0.209001842183281,0.00100184485410739,0.209835347727933,0.208168336638629,0.207166491784522,
1.82761372705507,,,,,,0.00100186034233227
1.8288,0.20900181017559,0.00100181300753514,0.209835315720697,0.208168304630482,0.207166491622947,
1.82841181165204,,,,,,0.00100182834186764
1.8296,0.209001778639753,0.00100178163433156,0.209835284185304,0.208168273094201,0.20716649145987,
1.829209896249,,,,,,0.00100179681569063
1.8304,0.209001747570038,0.00100175072791204,0.209835253116021,0.208168242024056,0.207166491296144,
1.83000798084597,,,,,,0.00100176575726372
1.8312,0.209001716959885,0.00100172028169197,0.209835222506287,0.208168211413484,0.207166491131792,
1.83080606544294,,,,,,0.00100173516004938
1.832,0.209001686803434,0.00100169028908677,0.209835192350244,0.208168181256624,0.207166490967537,
1.8316041500399,,,,,,0.00100170501751006
1.8328,0.209001657095861,0.00100166074351183,0.209835162643068,0.208168151548654,0.207166490805142,
1.83240223463687,,,,,,0.00100167532310826
1.8336,0.209001627831642,0.00100163163838254,0.209835133379236,0.208168122284048,0.207166490645665,
1.83320031923384,,,,,,0.00100164607030643
1.8344,0.209001599005314,0.00100160296711432,0.209835104553284,0.208168093457343,0.207166490490229,
1.83399840383081,,,,,,0.00100161725256704
1.8352,0.209001570611476,0.00100157472312256,0.209835076159812,0.208168065063139,0.207166490340017,
1.83479648842777,,,,,,0.00100158886335257
1.836,0.209001542644791,0.00100154689982266,0.209835048193484,0.208168037096099,0.207166490196276,
1.83559457302474,,,,,,0.00100156089612549
1.8368,0.209001515099987,0.00100151949063003,0.209835020649026,0.208168009550948,0.207166490060318,
1.83639265762171,,,,,,0.00100153334434827
1.8376,0.209001487971854,0.00100149248896005,0.20983499352123,0.208167982422478,0.207166489933518,
1.83719074221868,,,,,,0.00100150620148337
1.8384,0.209001461255247,0.00100146588822814,0.209834966804951,0.208167955705544,0.207166489817316,
1.83798882681564,,,,,,0.00100147946099327
1.8392,0.20900143494509,0.00100143968184969,0.209834940495112,0.208167929395067,0.207166489713217,
1.83878691141261,,,,,,0.00100145311634045
1.84,0.209001409036367,0.0010014138632401,0.2098349145867,0.208167903486035,0.207166489622795,
1.83958499600958,,,,,,0.00100142716098736
1.8408,0.209001383524134,0.00100138843419619,0.209834889074768,0.2081678779735,0.207166489539304,
1.84038308060654,,,,,,0.00100140158839648
1.8416,0.209001358403511,0.0010013634416181,0.209834863954438,0.208167852852584,0.207166489410966,
1.84118116520351,,,,,,0.00100137640807433
1.8424,0.209001333669686,0.00100133887666069,0.209834839220898,0.208167828118473,0.207166489241812,
1.84197924980048,,,,,,0.00100135170065011
1.8432,0.209001309317914,0.00100131469334326,0.209834814869404,0.208167803766425,0.207166489073081,
1.84277733439745,,,,,,0.00100132737593573
1.844,0.209001285343522,0.00100129088613752,0.209834790895282,0.208167779791763,0.207166488905625,
1.84357541899441,,,,,,0.0010013034284424
1.8448,0.209001261741902,0.00100126744951517,0.209834767293924,0.208167756189881,0.207166488740366,
1.84437350359138,,,,,,0.00100127985268135
1.8456,0.209001238508519,0.0010012443779479,0.209834744060796,0.208167732956242,0.207166488578294,
1.84517158818835,,,,,,0.0010012566431638
1.8464,0.209001215638905,0.00100122166590743,0.20983472119143,0.20816771008638,0.207166488420473,
1.84596967278532,,,,,,0.00100123379440096
1.8472,0.209001193128665,0.00100119930786544,0.209834698681431,0.208167687575899,0.207166488268034,
1.84676775738228,,,,,,0.00100121130090406
1.848,0.209001170973475,0.00100117729829364,0.209834676526475,0.208167665420474,0.207166488122181,
1.84756584197925,,,,,,0.00100118915718431
1.8488,0.209001149169081,0.00100115563166373,0.20983465472231,0.208167643615853,0.207166487984189,
1.84836392657622,,,,,,0.00100116735775294
1.8496,0.209001127711304,0.00100113430244741,0.209834633264747,0.208167622157861,0.207166487855414,
1.84916201117318,,,,,,0.00100114589712116
1.8504,0.209001106572831,0.00100111330511638,0.20983461212648,0.208167601019181,0.207166487714065,
1.84996009577015,,,,,,0.00100112476980019
1.8512,0.209001085767193,0.00100109263414233,0.209834591321049,0.208167580213337,0.207166487579194,
1.85075818036712,,,,,,0.00100110397030126
1.852,0.20900106529099,0.00100107228399697,0.209834570845048,0.208167559736933,0.207166487452936,
1.85155626496409,,,,,,0.00100108349313557
1.8528,0.209001045139862,0.00100105224915201,0.209834550694115,0.20816753958561,0.207166487336458,
1.85235434956105,,,,,,0.00100106333281436
1.8536,0.209001025309497,0.00100103252407913,0.209834530863939,0.208167519755055,0.207166487230976,
1.85315243415802,,,,,,0.00100104348384883
1.8544,0.209001005795633,0.00100101310325003,0.209834511350259,0.208167500241007,0.207166487137757,
1.85395051875499,,,,,,0.00100102394075021
1.8552,0.209000986594059,0.00100099401167,0.209834492148864,0.208167481039255,0.207166487027585,
1.85474860335196,,,,,,0.00100100469802972
1.856,0.209000967700615,0.00100097526036969,0.209834473255593,0.208167462145637,0.207166486885267,
1.85554668794892,,,,,,0.00100098580418298
1.8568,0.209000949111187,0.00100095682318944,0.209834454666333,0.208167443556041,0.207166486732851,
1.85634477254589,,,,,,0.00100096724113142
1.8576,0.209000930821715,0.00100093868352145,0.209834436377025,0.208167425266405,0.207166486582884,
1.85714285714286,,,,,,0.00100094897685726
1.8584,0.209000912828187,0.00100092083661936,0.209834418383656,0.208167407272719,0.2071664864361,
1.85794094173982,,,,,,0.00100093100664809
1.8592,0.209000895126642,0.00100090327773682,0.209834400682264,0.208167389571019,0.207166486293282,
1.85873902633679,,,,,,0.00100091332579147
1.86,0.209000877713165,0.00100088600212749,0.209834383268937,0.208167372157393,0.207166486155266,
1.85953711093376,,,,,,0.00100089592957498
1.8608,0.209000860583896,0.001000869005045,0.209834366139813,0.208167355027979,0.207166486022934,
1.86033519553073,,,,,,0.0010008788132862
1.8616,0.20900084373502,0.001000852281743,0.209834349291078,0.208167338178962,0.207166485897219,
1.86113328012769,,,,,,0.00100086197221271
1.8624,0.209000827162775,0.00100083582747514,0.209834332718969,0.20816732160658,0.207166485779105,
1.86193136472466,,,,,,0.00100084540164207
1.8632,0.209000810863446,0.00100081963749506,0.209834316419772,0.208167305307119,0.207166485669624,
1.86272944932163,,,,,,0.00100082909686187
1.864,0.209000794833368,0.00100080370705641,0.209834300389824,0.208167289276913,0.207166485569857,
1.8635275339186,,,,,,0.00100081305315968
1.8648,0.209000779068928,0.00100078803141284,0.209834284625508,0.208167273512348,0.207166485480935,
1.86432561851556,,,,,,0.00100079726582308
1.8656,0.209000763566559,0.001000772605818,0.20983426912326,0.208167258009858,0.20716648540404,
1.86512370311253,,,,,,0.00100078173013964
1.8664,0.209000748322745,0.00100075742552552,0.209834253879563,0.208167242765926,0.2071664853404,
1.8659217877095,,,,,,0.00100076644139694
1.8672,0.209000733334018,0.00100074248578906,0.209834238890951,0.208167227777085,0.207166485291296,
1.86671987230646,,,,,,0.00100075139488255
1.868,0.209000718596961,0.00100072778186226,0.209834224154003,0.208167213039919,0.207166485258057,
1.86751795690343,,,,,,0.00100073658588406
1.8688,0.209000704103919,0.00100071331361643,0.209834209661066,0.208167198546772,0.207166485233156,
1.8683160415004,,,,,,0.00100072200968903
1.8696,0.209000689847975,0.00100069910677533,0.209834195405224,0.208167184290727,0.207166485183951,
1.86911412609737,,,,,,0.00100070766919991
1.8704,0.209000675831621,0.0010006851497572,0.209834181388969,0.208167170274272,0.207166485124515,
1.86991221069433,,,,,,0.00100069360477058
1.8712,0.209000662051446,0.00100067142259693,0.209834167608891,0.208167156494,0.207166485071403,
1.8707102952913,,,,,,0.00100067977130628
1.872,0.209000648504081,0.00100065792168169,0.20983415406162,0.208167142946541,0.20716648502486,
1.87150837988827,,,,,,0.00100066616519587
1.8728,0.209000635186195,0.00100064464343852,0.209834140743826,0.208167129628565,0.207166484985126,
1.87230646448524,,,,,,0.00100065278286766
1.8736,0.209000622094499,0.0010006315843343,0.209834127652218,0.208167116536781,0.207166484952446,
1.8731045490822,,,,,,0.00100063962078949
1.8744,0.209000609225741,0.00100061874087578,0.209834114783545,0.208167103667936,0.207166484927061,
1.87390263367917,,,,,,0.00100062667546864
1.8752,0.209000596576707,0.00100060610960956,0.209834102134594,0.20816709101882,0.20716648490921,
1.87470071827614,,,,,,0.00100061394345187
1.876,0.209000584144224,0.0010005936871221,0.209834089702191,0.208167078586257,0.207166484899135,
1.8754988028731,,,,,,0.00100060142132542
1.8768,0.209000571925157,0.00100058147003971,0.209834077483202,0.208167066367112,0.207166484897073,
1.87629688747007,,,,,,0.00100058910571504
1.8776,0.209000559916408,0.00100056945502856,0.209834065474528,0.208167054358289,0.20716648490326,
1.87709497206704,,,,,,0.0010005769932859
1.8784,0.209000548114919,0.00100055763879467,0.209834053673112,0.208167042556726,0.207166484917932,
1.87789305666401,,,,,,0.00100056508074269
1.8792,0.209000536517667,0.00100054601808394,0.20983404207593,0.208167030959404,0.20716648494132,
1.87869114126097,,,,,,0.00100055336482956
1.88,0.209000525121668,0.0010005345896821,0.20983403068,0.208167019563337,0.207166484973655,
1.87948922585794,,,,,,0.00100054184233016
1.8808,0.209000513923977,0.00100052335041475,0.209834019482374,0.208167008365579,0.207166485015164,
1.88028731045491,,,,,,0.00100053051006757
1.8816,0.209000502921682,0.00100051229714735,0.209834008480143,0.20816699736322,0.207166485066073,
1.88108539505188,,,,,,0.0010005193649044
1.8824,0.209000492111911,0.00100050142678519,0.209833997670434,0.208166986553387,0.207166485126602,
1.88188347964884,,,,,,0.00100050840374271
1.8832,0.209000481491827,0.0010004907476058,0.209833987050411,0.208166975933244,0.207166485185638,
1.88268156424581,,,,,,0.00100049762352404
1.884,0.209000471058631,0.00100048026091872,0.209833976617273,0.208166965499989,0.207166485239071,
1.88347964884278,,,,,,0.00100048703867453
1.8848,0.209000460809558,0.00100046995725865,0.209833966368256,0.20816695525086,0.207166485293601,
1.88427773343974,,,,,,0.00100047664334353
1.8856,0.209000450741879,0.00100045983111323,0.209833956300631,0.208166945183127,0.207166485352014,
1.88507581803671,,,,,,0.00100046642622116
1.8864,0.209000440852903,0.00100044988014508,0.209833946411707,0.208166935294098,0.207166485413953,
1.88587390263368,,,,,,0.00100045638494843
1.8872,0.209000431139971,0.00100044010207592,0.209833936698826,0.208166925581115,0.207166485479039,
1.88667198723065,,,,,,0.00100044651722489
1.888,0.209000421598056,0.0010004304946866,0.20983392715696,0.208166916039152,0.207166485544466,
1.88747007182761,,,,,,0.00100043682080866
1.8888,0.209000412226052,0.00100042105581709,0.209833917785004,0.208166906667101,0.207166485611283,
1.88826815642458,,,,,,0.0010004272935164
1.8896,0.209000403021778,0.00100041178336644,0.209833908580776,0.208166897462781,0.207166485679414,
1.88906624102155,,,,,,0.00100041793322331
1.8904,0.20900039398267,0.00100040267529286,0.209833899541712,0.208166888423628,0.207166485748335,
1.88986432561852,,,,,,0.00100040873786316
1.8912,0.209000385106194,0.00100039372961362,0.209833890665279,0.208166879547109,0.207166485817495,
1.89066241021548,,,,,,0.00100039970542826
1.892,0.209000376389847,0.00100038494440515,0.209833881948974,0.208166870830721,0.207166485886316,
1.89146049481245,,,,,,0.00100039083396948
1.8928,0.209000367831161,0.00100037631780297,0.209833873390328,0.208166862271995,0.207166485954192,
1.89225857940942,,,,,,0.00100038212159622
1.8936,0.209000359427696,0.00100036784800171,0.209833864986901,0.20816685386849,0.207166486020489,
1.89305666400638,,,,,,0.00100037356647645
1.8944,0.209000351177043,0.00100035953325512,0.209833856736286,0.2081668456178,0.207166486084545,
1.89385474860335,,,,,,0.0010003651668367
1.8952,0.209000343076824,0.00100035137187606,0.209833848636104,0.208166837517545,0.207166486145669,
1.89465283320032,,,,,,0.00100035692096202
1.896,0.209000335124693,0.00100034336223651,0.209833840684007,0.208166829565379,0.207166486203142,
1.89545091779729,,,,,,0.00100034882719603
1.8968,0.209000327318331,0.00100033549909368,0.209833832877679,0.208166821758983,0.207166486259889,
1.89624900239425,,,,,,0.00100034088394091
1.8976,0.209000319655451,0.00100032775613916,0.209833825214832,0.20816681409607,0.207166486339931,
1.89704708699122,,,,,,0.001000333084336
1.8984,0.209000312133795,0.0010003201421662,0.209833817693207,0.208166806574382,0.207166486432216,
1.89784517158819,,,,,,0.0010003253935207
1.8992,0.209000304751132,0.0010003126644218,0.209833810310575,0.208166799191689,0.207166486527267,
1.89864325618516,,,,,,0.00100031783978868
1.9,0.209000297505263,0.00100030532074265,0.209833803064735,0.20816679194579,0.207166486625048,
1.89944134078212,,,,,,0.00100031042097147
1.9008,0.209000290394015,0.00100029810899544,0.209833795953516,0.208166784834514,0.207166486725519,
1.90023942537909,,,,,,0.0010003031349303
1.9016,0.209000283415246,0.00100029102707683,0.209833788974774,0.208166777855718,0.207166486828641,
1.90103750997606,,,,,,0.00100029597955607
1.9024,0.209000276566839,0.00100028407291345,0.209833782126394,0.208166771007284,0.207166486934371,
1.90183559457302,,,,,,0.0010002889527694
1.9032,0.209000269846707,0.00100027724446192,0.209833775406288,0.208166764287126,0.207166487042665,
1.90263367916999,,,,,,0.0010002820525206
1.904,0.209000263252789,0.00100027053970883,0.209833768812395,0.208166757693184,0.207166487153475,
1.90343176376696,,,,,,0.00100027527678965
1.9048,0.209000256783052,0.00100026395667077,0.209833762342682,0.208166751223423,0.207166487266752,
1.90422984836393,,,,,,0.00100026862358626
1.9056,0.20900025043549,0.00100025749339427,0.209833755995142,0.208166744875837,0.207166487382443,
1.90502793296089,,,,,,0.00100026209094979
1.9064,0.209000244208494,0.00100025114795587,0.209833749768169,0.208166738648819,0.207166487500864,
1.90582601755786,,,,,,0.00100025567694934
1.9072,0.209000238100833,0.00100024491846208,0.20983374366053,0.208166732541137,0.207166487622675,
1.90662410215483,,,,,,0.00100024937968367
1.908,0.209000232109739,0.00100023880304938,0.209833737669457,0.208166726550022,0.207166487746973,
1.9074221867518,,,,,,0.00100024319728124
1.9088,0.209000226233333,0.00100023279988424,0.20983373179307,0.208166720673595,0.207166487873711,
1.90822027134876,,,,,,0.00100023712790021
1.9096,0.20900022046976,0.0010002269071631,0.209833726029516,0.208166714910003,0.20716648800284,
1.90901835594573,,,,,,0.00100023116972844
1.9104,0.209000214817193,0.00100022112311239,0.209833720376969,0.208166709257418,0.207166488134306,
1.9098164405427,,,,,,0.00100022532098346
1.9112,0.209000209273833,0.00100021545273871,0.209833714833626,0.208166703714039,0.207166488261301,
1.91061452513966,,,,,,0.00100021957991252
1.912,0.209000203837902,0.00100020989582375,0.209833709397713,0.208166698278091,0.207166488382267,
1.91141260973663,,,,,,0.00100021395399402
1.9128,0.209000198507651,0.00100020444696771,0.209833704067479,0.208166692947824,0.207166488500856,
1.9122106943336,,,,,,0.00100020844017572
1.9136,0.209000193281356,0.00100019910352171,0.209833698841199,0.208166687721512,0.20716648861799,
1.91300877893057,,,,,,0.00100020303225587
1.9144,0.209000188157315,0.00100019386416026,0.209833693717174,0.208166682597456,0.207166488733296,
1.91380686352753,,,,,,0.00100019772888902
1.9152,0.209000183133854,0.00100018872759808,0.209833688693728,0.20816667757398,0.207166488846382,
1.9146049481245,,,,,,0.00100019252876959
1.916,0.209000178209322,0.00100018369259013,0.209833683769211,0.208166672649433,0.207166488956843,
1.91540303272147,,,,,,0.00100018743063183
1.9168,0.209000173382092,0.00100017875793164,0.209833678941994,0.208166667822189,0.207166489064257,
1.91620111731844,,,,,,0.00100018243324988
1.9176,0.20900016865056,0.00100017392245804,0.209833674210476,0.208166663090644,0.207166489168186,
1.9169992019154,,,,,,0.00100017753543772
1.9184,0.209000164013148,0.00100016918504503,0.209833669573077,0.208166658453219,0.207166489268173,
1.91779728651237,,,,,,0.0010001727360492
1.9192,0.209000159468299,0.00100016454460855,0.20983366502824,0.208166653908357,0.207166489363748,
1.91859537110934,,,,,,0.00100016803397801
1.92,0.20900015501448,0.00100016000010475,0.209833660574433,0.208166649454526,0.207166489454421,
1.9193934557063,,,,,,0.00100016342815771
1.9208,0.209000150650181,0.00100015555053006,0.209833656210146,0.208166645090215,0.207166489539685,
1.92019154030327,,,,,,0.00100015891756171
1.9216,0.209000146373914,0.00100015119492113,0.20983365193389,0.208166640813937,0.207166489619016,
1.92098962490024,,,,,,0.0010001545012033
1.9224,0.209000142184213,0.00100014693235484,0.209833647744201,0.208166636624226,0.207166489691871,
1.92178770949721,,,,,,0.0010001501781356
1.9232,0.209000138079636,0.00100014276194834,0.209833643639634,0.208166632519639,0.20716648975769,
1.92258579409417,,,,,,0.00100014594745161
1.924,0.209000134058761,0.001000138682859,0.209833639618769,0.208166628498753,0.207166489815894,
1.92338387869114,,,,,,0.00100014180828416
1.9248,0.209000130120187,0.00100013469025616,0.209833635680204,0.208166624560169,0.207166489869913,
1.92418196328811,,,,,,0.00100013775980597
1.9256,0.209000126262249,0.00100013075526342,0.209833631822276,0.208166620702223,0.207166489946959,
1.92498004788508,,,,,,0.0010001337960278
1.9264,0.209000122483708,0.0010001268931409,0.209833628043743,0.208166616923672,0.207166490030532,
1.92577813248204,,,,,,0.00100012988155254
1.9272,0.209000118783318,0.00100012310947705,0.209833624343362,0.208166613223274,0.207166490113797,
1.92657621707901,,,,,,0.001000126046322
1.928,0.209000115159756,0.00100011940277683,0.209833620719808,0.208166609599703,0.207166490196926,
1.92737430167598,,,,,,0.00100012228884382
1.9288,0.209000111611718,0.00100011577155561,0.209833617171778,0.208166606051657,0.207166490280102,
1.92817238627294,,,,,,0.00100011860763593
1.9296,0.20900010813792,0.00100011221433912,0.209833613697988,0.208166602577852,0.207166490363513,
1.92897047086991,,,,,,0.00100011500122657
1.9304,0.209000104737098,0.0010001087296635,0.209833610297174,0.208166599177023,0.20716649044736,
1.92976855546688,,,,,,0.00100011146815424
1.9312,0.209000101408007,0.00100010531607526,0.20983360696809,0.208166595847925,0.207166490531849,
1.93056664006385,,,,,,0.00100010800696776
1.932,0.209000098149419,0.00100010197213133,0.209833603709509,0.20816659258933,0.207166490617199,
1.93136472466081,,,,,,0.00100010461622621
1.9328,0.209000094960127,0.00100009869639899,0.209833600520223,0.208166589400031,0.207166490703632,
1.93216280925778,,,,,,0.00100010129449897
1.9336,0.209000091838941,0.00100009548745593,0.209833597399043,0.208166586278838,0.207166490791382,
1.93296089385475,,,,,,0.00100009804036573
1.9344,0.209000088784687,0.00100009234389023,0.209833594344796,0.208166583224579,0.207166490880689,
1.93375897845172,,,,,,0.00100009485241643
1.9352,0.209000085796214,0.00100008926430034,0.209833591356328,0.2081665802361,0.207166490971799,
1.93455706304868,,,,,,0.00100009172925134
1.936,0.209000082872383,0.00100008624729512,0.209833588432503,0.208166577312263,0.207166491064968,
1.93535514764565,,,,,,0.00100008866948098
1.9368,0.209000080012075,0.0010000832914938,0.2098335855722,0.20816657445195,0.207166491160456,
1.93615323224262,,,,,,0.0010000856717262
1.9376,0.209000077214188,0.00100008039552602,0.209833582774318,0.208166571654057,0.207166491258531,
1.93695131683959,,,,,,0.00100008273461811
1.9384,0.209000074477635,0.00100007755803177,0.20983358003777,0.2081665689175,0.207166491359468,
1.93774940143655,,,,,,0.00100007985679811
1.9392,0.209000071801347,0.00100007477766148,0.209833577361487,0.208166566241207,0.207166491463545,
1.93854748603352,,,,,,0.00100007703691791
1.94,0.209000069184271,0.00100007205307592,0.209833574744415,0.208166563624126,0.20716649157105,
1.93934557063049,,,,,,0.0010000742736395
1.9408,0.209000066625368,0.00100006938294628,0.209833572185517,0.208166561065218,0.207166491682272,
1.94014365522745,,,,,,0.00100007156563514
1.9416,0.209000064123616,0.00100006676595413,0.20983356968377,0.208166558563463,0.207166491797509,
1.94094173982442,,,,,,0.00100006891158741
1.9424,0.20900006167801,0.00100006420079141,0.209833567238168,0.208166556117852,0.207166491917061,
1.94173982442139,,,,,,0.00100006631018915
1.9432,0.209000059287557,0.00100006168616048,0.209833564847718,0.208166553727395,0.207166492041235,
1.94253790901836,,,,,,0.00100006376014353
1.944,0.209000056951191,0.00100005922077406,0.209833562511356,0.208166551391026,0.207166492170252,
1.94333599361532,,,,,,0.00100006126016396
1.9448,0.209000054667552,0.00100005680335528,0.209833560227721,0.208166549107383,0.207166492304028,
1.94413407821229,,,,,,0.00100005880897418
1.9456,0.209000052436077,0.00100005443263764,0.20983355799625,0.208166546875905,0.207166492443267,
1.94493216280926,,,,,,0.00100005640530819
1.9464,0.209000050255825,0.00100005210736504,0.209833555816,0.208166544695649,0.207166492588284,
1.94573024740623,,,,,,0.0010000540479103
1.9472,0.209000048125864,0.00100004982629176,0.209833553686043,0.208166542565685,0.207166492739394,
1.94652833200319,,,,,,0.0010000517355351
1.948,0.209000046045279,0.00100004758818247,0.209833551605461,0.208166540485097,0.207166492896915,
1.94732641660016,,,,,,0.00100004946694748
1.9488,0.209000044013165,0.00100004539181224,0.20983354957335,0.20816653845298,0.207166493061168,
1.94812450119713,,,,,,0.00100004724092259
1.9496,0.20900004202863,0.00100004323596652,0.209833547588818,0.208166536468443,0.207166493232476,
1.94892258579409,,,,,,0.00100004505624591
1.9504,0.209000040090796,0.00100004111944114,0.209833545650987,0.208166534530606,0.207166493411165,
1.94972067039106,,,,,,0.00100004291171317
1.9512,0.209000038198795,0.00100003904104233,0.209833543758988,0.208166532638602,0.20716649359756,
1.95051875498803,,,,,,0.00100004080613043
1.952,0.20900003635177,0.00100003699958669,0.209833541911966,0.208166530791575,0.207166493791988,
1.951316839585,,,,,,0.001000038738314
1.9528,0.209000034548878,0.00100003501067511,0.209833540109076,0.208166528988681,0.207166493978005,
1.95211492418196,,,,,,0.00100003670709051
1.9536,0.209000032789285,0.00100003318531964,0.209833538349485,0.208166527229085,0.207166494043765,
1.95291300877893,,,,,,0.00100003473083771
1.9544,0.209000031072167,0.00100003142603877,0.209833536632369,0.208166525511965,0.207166494085927,
1.9537110933759,,,,,,0.00100003293539386
1.9552,0.209000029396714,0.00100002971312501,0.209833534956918,0.20816652383651,0.207166494123385,
1.95450917797287,,,,,,0.00100003118683606
1.956,0.209000027762122,0.00100002804571268,0.209833533322328,0.208166522201916,0.207166494156204,
1.95530726256983,,,,,,0.00100002948430481
1.9568,0.209000026167601,0.00100002642293605,0.209833531727809,0.208166520607393,0.207166494184457,
1.9561053471668,,,,,,0.0010000278269406
1.9576,0.209000024612367,0.00100002484392945,0.209833530172577,0.208166519052157,0.207166494208227,
1.95690343176377,,,,,,0.00100002621388391
1.9584,0.209000023095647,0.00100002330782715,0.209833528655859,0.208166517535436,0.207166494227609,
1.95770151636073,,,,,,0.00100002464427522
1.9592,0.209000021616679,0.00100002181376347,0.209833527176892,0.208166516056466,0.207166494242702,
1.9584996009577,,,,,,0.00100002311725504
1.96,0.209000020174707,0.0010000203608727,0.209833525734922,0.208166514614492,0.207166494253619,
1.95929768555467,,,,,,0.00100002163196383
1.9608,0.209000018768984,0.00100001894828913,0.2098335243292,0.208166513208768,0.207166494260479,
1.96009577015164,,,,,,0.00100002018754209
1.9616,0.209000017398773,0.00100001757514707,0.20983352295899,0.208166511838555,0.207166494263408,
1.9608938547486,,,,,,0.00100001878313031
1.9624,0.209000016063343,0.00100001624058081,0.209833521623562,0.208166510503124,0.207166494262543,
1.96169193934557,,,,,,0.00100001741786896
1.9632,0.209000014763597,0.00100001494372466,0.209833520323817,0.208166509203376,0.207166494259651,
1.96249002394254,,,,,,0.00100001609089855
1.964,0.209000013498605,0.00100001368371291,0.209833519058827,0.208166507938383,0.20716649425467,
1.96328810853951,,,,,,0.00100001480135955
1.9648,0.209000012266761,0.00100001245967985,0.209833517826984,0.208166506706538,0.207166494246858,
1.96408619313647,,,,,,0.00100001354839246
1.9656,0.209000011067408,0.00100001127075979,0.209833516627632,0.208166505507183,0.207166494236424,
1.96488427773344,,,,,,0.00100001233113775
1.9664,0.209000009899897,0.00100001011608703,0.209833515460122,0.208166504339672,0.207166494223585,
1.96568236233041,,,,,,0.00100001114873592
1.9672,0.209000008763589,0.00100000899479585,0.209833514323815,0.208166503203363,0.207166494208567,
1.96648044692737,,,,,,0.00100001000032745
1.968,0.209000007657852,0.00100000790602058,0.209833513218079,0.208166502097624,0.207166494191604,
1.96727853152434,,,,,,0.00100000888505283
1.9688,0.209000006582062,0.00100000684889549,0.20983351214229,0.208166501021834,0.207166494172938,
1.96807661612131,,,,,,0.00100000780205255
1.9696,0.209000005535603,0.00100000582255488,0.209833511095832,0.208166499975374,0.207166494152819,
1.96887470071828,,,,,,0.00100000675046709
1.9704,0.209000004517867,0.00100000482613307,0.209833510078097,0.000999665833738755,0,
1.96967278531524,,,,,,0.00100000572943693
1.9712,0.209000003528252,0.00100000385876434,0.209833509088483,0.000166497710126554,0,
1.97047086991221,,,,,,0.00100000473810258
1.972,0.209000002566165,0.00100000291958299,0.209833508126397,0.000166496852336257,0,
1.97126895450918,,,,,,0.0010000037756045
1.9728,0.209000001631017,0.00100000200772332,0.209833507191249,0.000166495994545961,0,
1.97206703910615,,,,,,0.0010000028410832
1.9736,0.209000000722227,0.00100000112231963,0.209833506282485,0.000166495136755664,0,
1.97286512370311,,,,,,0.00100000193367915
1.9744,0.000999999839221619,0.00100000026250622,0.209833505373695,0.000166494278965367,0,
1.97366320830008,,,,,,0.00100000105253284
1.9752,0.000999998981431322,0.000999999427417382,0.209833504464906,0.000166493421196823,0,
1.97446129289705,,,,,,0.00100000019678477
1.976,0.000999998148293538,0.000999998616187419,0.209833503556116,0.00016649258805843,0,
1.97525937749401,,,,,,0.000999999365575405
1.9768,0.000999997339251073,0.000999997827950629,0.209833502647327,0.000166491779015387,0,
1.97605746209098,,,,,,0.000999998558045248
1.9776,0.00099999655375209,0.000999997061841308,0.209000334727689,0.000166490993515856,0,
1.97685554668795,,,,,,0.00099999777333478
1.9784,0.000999995791249869,0.000999996316993757,0.00183350135148662,0.000166490231013116,0,
1.97765363128492,,,,,,0.000999997010584489
1.9792,0.000999995051202576,0.000999995592542272,0.00183350061143982,0.00016648949096533,0,
1.97845171588188,,,,,,0.000999996268934861
1.98,0.000999994333073018,0.000999994887621152,0.00183349989331073,0.000166488772835306,0,
1.97924980047885,,,,,,0.000999995547526383
1.9808,0.000999993636328417,0.000999994188348865,0.00183349919656657,0.000166488076090261,0,
1.98004788507582,,,,,,0.000999994845499541
1.9816,0.00099999296067519,0.000999993409641746,0.00183349852091381,0.00016648740043657,0,
1.98084596967279,,,,,,0.000999994148183459
1.9824,0.000999992309757107,0.000999992646010138,0.00183349786999617,0.000166486749518044,0,
1.98164405426975,,,,,,0.000999993366492399
1.9832,0.000999991679466828,0.000999991903526336,0.00183349723970628,0.000166486119227378,0,
1.98244213886672,,,,,,0.00099999260584812
1.984,0.000999991069358359,0.000999991182190339,0.00183349662959817,0.000166485509118544,0,
1.98324022346369,,,,,,0.000999991866250622
1.9848,0.000999990478992299,0.000999990482002147,0.00183349603923246,0.000166484918752138,0,
1.98403830806065,,,,,,0.000999991147699905
1.9856,0.00099998990793567,0.000999989802961761,0.00183349546817616,0.000166484347695182,0,
1.98483639265762,,,,,,0.000999990450195968
1.9864,0.000999989355761749,0.000999989145069181,0.00183349491600255,0.000166483795520953,0,
1.98563447725459,,,,,,0.000999989773738812
1.9872,0.000999988822049903,0.000999988508324406,0.00183349438229099,0.000166483261808814,0,
1.98643256185156,,,,,,0.000999989118328438
1.988,0.000999988306385417,0.000999987892727436,0.00183349386662678,0.000166482746144052,0,
1.98723064644852,,,,,,0.000999988483964844
1.9888,0.000999987808359328,0.000999987298278271,0.00183349336860095,0.000166482248117703,0,
1.98802873104549,,,,,,0.000999987870648031
1.9896,0.000999987327568258,0.000999986724976912,0.00183349288781013,0.000166481767326387,0,
1.98882681564246,,,,,,0.000999987278377998
1.9904,0.000999986863614245,0.000999986172823359,0.00183349242385635,0.000166481303372143,0,
1.98962490023943,,,,,,0.000999986707154747
1.9912,0.000999986416104577,0.000999985641817611,0.0018334919763469,0.000166480855862256,0,
1.99042298483639,,,,,,0.000999986156978277
1.992,0.000999985984651622,0.000999985131959668,0.00183349154489415,0.000166480424409095,0,
1.99122106943336,,,,,,0.000999985627848587
1.9928,0.000999985568872659,0.00099998464324953,0.00183349112911538,0.00016648000862994,0,
1.99201915403033,,,,,,0.000999985119765678
1.9936,0.000999985168389715,0.000999984175687198,0.00183349072863262,0.000166479608146815,0,
1.99281723862729,,,,,,0.00099998463272955
1.9944,0.000999984782829394,0.000999983729272672,0.00183349034307246,0.000166479222586322,0,
1.99361532322426,,,,,,0.000999984166740203
1.9952,0.000999984411822706,0.000999983304005951,0.00183348997206594,0.000166478851579475,0,
1.99441340782123,,,,,,0.000999983721797637
1.996,0.000999984055004907,0.000999982899887035,0.00183348961524829,0.000166478494761526,0,
1.9952114924182,,,,,,0.000999983297901852
1.9968,0.000999983712015325,0.000999982516915925,0.00183348927225885,0.000166478151771804,0,
1.99600957701516,,,,,,0.000999982895052847
1.9976,0.000999983382497194,0.00099998215509262,0.00183348894274085,0.000166477822253541,0,
1.99680766161213,,,,,,0.000999982513250624
1.9984,0.000999983066097485,0.00099998181441712,0.00183348862634126,0.000166477505853709,0,
1.9976057462091,,,,,,0.000999982152495181
1.9992,0.00099998276246674,0.000999981494889426,0.00183348832271063,0.00016647720222285,0,
1.99840383080607,,,,,,0.000999981812786519
2,0.000999982471258904,0.000999981196509538,0.00183348803150291,0.0001664769110149,0,
1.99920191540303,,,,,,0.000999981494124638
2.0008,0.000999982193640664,0.000999980919327967,0.00183348775388478,0.000166476633396546,0,
2,,,,,,0.000999981196509538
2.00079808459697,,,,,,0.000999980919941218
2.0016,0.000999981929688298,0.000999980663294201,0.00183348748993252,0.000166476369444079,0,
2.00159616919393,,,,,,0.00099998066441968
2.0024,0.00099998167772319,0.000999980428408241,0.0018334872379675,0.000166476117478882,0,
2.0023942537909,,,,,,0.000999980429944922
2.0032,0.00099998143746144,0.000999980214670086,0.00183348699770583,0.000166475877217048,0,
2.00319233838787,,,,,,0.000999980216516946
2.004,0.00099998120862405,0.000999980022079737,0.00183348676886852,0.000166475648379581,0,
2.00399042298484,,,,,,0.00099998002413575
2.0048,0.000999980990936793,0.000999979850637193,0.00183348655118133,0.000166475430692252,0,
2.0047885075818,,,,,,0.000999979852801335
2.0056,0.000999980784130105,0.000999979701505163,0.00183348634437471,0.000166475223885497,0,
2.00558659217877,,,,,,0.0009999797025137
2.0064,0.000999980587938952,0.000999979642251311,0.00183348614818362,0.000166475027694282,0,
2.00638467677574,,,,,,0.000999979642481681
2.0072,0.000999980402102717,0.000999979630224033,0.00183348596234744,0.00016647484185799,0,
2.00718276137271,,,,,,0.0009999796304832
2.008,0.000999980226365075,0.000999979618196756,0.00183348578660985,0.000166474666120297,0,
2.00798084596967,,,,,,0.000999979618484719
2.0088,0.000999980060473877,0.000999979606169478,0.0018334856207187,0.00016647450022905,0,
2.00877893056664,,,,,,0.000999979606486238
2.0096,0.000999979904181024,0.000999979594142201,0.0018334854644259,0.000166474343936152,0,
2.00957701516361,,,,,,0.000999979594487757
2.0104,0.000999979757242348,0.000999979582114923,0.00183348531748726,0.000166474196997435,0,
2.01037509976057,,,,,,0.000999979582489276
2.0112,0.000999979619417493,0.000999979570087646,0.00183348517966244,0.000166474059172543,0,
2.01117318435754,,,,,,0.000999979570490795
2.012,0.000999979490469791,0.000999979558060368,0.00183348505071477,0.000166473930224808,0,
2.01197126895451,,,,,,0.000999979558492314
2.0128,0.000999979370166147,0.000999979546033091,0.00183348493041116,0.000166473809921132,0,
2.01276935355148,,,,,,0.000999979546493832
2.0136,0.000999979258276909,0.000999979534005813,0.00183348481852195,0.000166473698031867,0,
2.01356743814844,,,,,,0.000999979534495351
2.0144,0.000999979154575757,0.000999979521978536,0.00183348471482082,0.000166473594330689,0,
2.01436552274541,,,,,,0.00099997952249687
2.0152,0.000999979058839575,0.000999979509951259,0.00183348461908466,0.000166473498594484,0,
2.01516360734238,,,,,,0.000999979510498389
2.016,0.000999978970848333,0.000999979497923981,0.00183348453109344,0.000166473410603223,0,
2.01596169193935,,,,,,0.000999979498499908
2.0168,0.000999978890384968,0.000999979485896704,0.0018334844506301,0.00016647333013984,0,
2.01675977653631,,,,,,0.000999979486501427
2.0176,0.00099997881723526,0.000999979473869426,0.0018334843774804,0.000166473256990116,0,
2.01755786113328,,,,,,0.000999979474502946
2.0184,0.000999978751187714,0.000999979461842149,0.00183348431143287,0.000166473190942556,0,
2.01835594573025,,,,,,0.000999979462504465
2.0192,0.000999978692033434,0.000999979449814871,0.00183348425227861,0.000166473131788263,0,
2.01915403032721,,,,,,0.000999979450505984
2.02,0.000999978640855711,0.000999979437787594,0.00183348420110089,0.000166473080610528,0,
2.01995211492418,,,,,,0.000999979438507503
2.0208,0.000999978596476508,0.000999979425760316,0.0018334841567217,0.000166473036231317,0,
2.02075019952115,,,,,,0.000999979426509021
2.0216,0.000999978558642015,0.000999979413733039,0.00183348411888721,0.000166472998396816,0,
2.02154828411812,,,,,,0.00099997941451054
2.0224,0.000999978527174853,0.000999979401705761,0.00183348408742006,0.000166472966929649,0,
2.02234636871508,,,,,,0.000999979402512059
2.0232,0.000999978501900671,0.000999979389678484,0.00183348406214588,0.000166472941655462,0,
2.02314445331205,,,,,,0.000999979390513578
2.024,0.000999978482648041,0.000999979377651207,0.00183348404289325,0.000166472922402829,0,
2.02394253790902,,,,,,0.000999979378515097
2.0248,0.000999978469248359,0.000999979365623929,0.00183348402949357,0.000166472909003144,0,
2.02474062250599,,,,,,0.000999979366516616
2.0256,0.000999978461535743,0.000999979353596652,0.00183348402178096,0.000166472901290527,0,
2.02553870710295,,,,,,0.000999979354518135
2.0264,0.000999978459346935,0.000999979341569374,0.00183348401959215,0.000166472899101719,0,
2.02633679169992,,,,,,0.000999979342519654
2.0272,0.000999978462521201,0.000999979329542097,0.00183348402276642,0.000166472902275985,0,
2.02713487629689,,,,,,0.000999979330521173
2.028,0.000999978470900227,0.000999979317514819,0.00183348403114544,0.000166472910655013,0,
2.02793296089385,,,,,,0.000999979318522692
2.0288,0.000999978484328023,0.000999979305487542,0.00183348404457324,0.00016647292408281,0,
2.02873104549082,,,,,,0.000999979306524211
2.0296,0.000999978502650821,0.000999979293460264,0.00183348406289603,0.000166472942405611,0,
2.02952913008779,,,,,,0.00099997929452573
2.0304,0.000999978525716972,0.000999979282220507,0.00183348408596218,0.000166472965471765,0,
2.03032721468476,,,,,,0.000999979282527248
2.0312,0.000999978553376852,0.00099997928565934,0.00183348411362206,0.000166472993131649,0,
2.03112529928172,,,,,,0.000999979279163859
2.032,0.000999978585482755,0.00099997935522205,0.00183348414572795,0.000166473025237557,0,
2.03192338387869,,,,,,0.000999979348560019
2.0328,0.000999978621888798,0.000999979424784761,0.00183348418213399,0.000166473061643604,0,
2.03272146847566,,,,,,0.000999979417956179
2.0336,0.000999978662450816,0.000999979494347471,0.00183348422269601,0.000166473102205627,0,
2.03351955307263,,,,,,0.000999979487352338
2.0344,0.000999978707026266,0.000999979563910182,0.00183348426727145,0.000166473146781082,0,
2.03431763766959,,,,,,0.000999979556748498
2.0352,0.000999978755474123,0.000999979633472892,0.0018334843157193,0.000166473195228945,0,
2.03511572226656,,,,,,0.000999979626144658
2.036,0.000999978807654784,0.000999979703035602,0.00183348436789996,0.000166473247409611,0,
2.03591380686353,,,,,,0.000999979695540817
2.0368,0.000999978863429963,0.000999979772598313,0.00183348442367513,0.000166473303184796,0,
2.03671189146049,,,,,,0.000999979764936977
2.0376,0.000999978922662594,0.000999979842161023,0.00183348448290775,0.000166473362417433,0,
2.03750997605746,,,,,,0.000999979834333137
2.0384,0.000999978985680445,0.000999979911723734,0.0018334845459256,0.000166473425435292,0,
2.03830806065443,,,,,,0.000999979903729296
2.0392,0.000999979052777163,0.000999979981286444,0.00183348461302231,0.000166473492532017,0,
2.0391061452514,,,,,,0.000999979973125456
2.04,0.000999979123158987,0.000999980050849155,0.00183348468340413,0.000166473562913848,0,
2.03990422984836,,,,,,0.000999980042521616
2.0408,0.000999979196712817,0.000999980120411866,0.00183348475695795,0.000166473636467686,0,
2.04070231444533,,,,,,0.000999980111917776
2.0416,0.00099997927332721,0.000999980189974576,0.00183348483357233,0.000166473713082085,0,
2.0415003990423,,,,,,0.000999980181313935
2.0424,0.00099997935289229,0.000999980259537287,0.00183348491313741,0.000166473792647172,0,
2.04229848363927,,,,,,0.000999980250710095
2.0432,0.000999979435299678,0.000999980329099997,0.00183348499554479,0.000166473875054567,0,
2.04309656823623,,,,,,0.000999980320106255
2.044,0.000999979520442401,0.000999980398662708,0.00183348508068751,0.000166473960197297,0,
2.0438946528332,,,,,,0.000999980389502414
2.0448,0.000999979608214818,0.000999980468225418,0.00183348516845992,0.000166474047969721,0,
2.04469273743017,,,,,,0.000999980458898574
2.0456,0.000999979698512533,0.000999980537788128,0.00183348525875762,0.000166474138267443,0,
2.04549082202713,,,,,,0.000999980528294734
2.0464,0.000999979791232316,0.000999980607350839,0.0018334853514774,0.000166474230987232,0,
2.0462889066241,,,,,,0.000999980597690894
2.0472,0.000999979886272023,0.000999980676913549,0.0018334854465171,0.000166474326026945,0,
2.04708699122107,,,,,,0.000999980667087053
2.048,0.000999979983530511,0.00099998074647626,0.00183348554377558,0.000166474423285439,0,
2.04788507581804,,,,,,0.000999980736483213
2.0488,0.00099998008290756,0.00099998081603897,0.00183348564315263,0.000166474522662495,0,
2.048683160415,,,,,,0.000999980805879373
2.0496,0.00099998018430379,0.000999980885601681,0.00183348574454885,0.000166474624058731,0,
2.04948124501197,,,,,,0.000999980875275533
2.0504,0.000999980287620582,0.000999980955164392,0.00183348584786564,0.000166474727375528,0,
2.05027932960894,,,,,,0.000999980944671692
2.0512,0.00099998039275999,0.000999981024727102,0.00183348595300504,0.000166474832514942,0,
2.05107741420591,,,,,,0.000999981014067852
2.052,0.000999980499624669,0.000999981094289813,0.00183348605986971,0.000166474939379627,0,
2.05187549880287,,,,,,0.000999981083464012
2.0528,0.000999980608117787,0.000999981163852523,0.00183348616836282,0.00016647504787275,0,
2.05267358339984,,,,,,0.000999981152860171
2.0536,0.000999980718142945,0.000999981233415233,0.00183348627838798,0.000166475157897912,0,
2.05347166799681,,,,,,0.000999981222256331
2.0544,0.000999980829604096,0.000999981302977944,0.00183348638984912,0.000166475269359068,0,
2.05426975259377,,,,,,0.000999981291652491
2.0552,0.000999980942405465,0.000999981372540654,0.00183348650265049,0.000166475382160442,0,
2.05506783719074,,,,,,0.00099998136104865
2.056,0.000999981056451467,0.000999981444605505,0.00183348661669649,0.000166475496206447,0,
2.05586592178771,,,,,,0.00099998143044481
2.0568,0.000999981171646621,0.000999981530785692,0.00183348673189163,0.000166475611401608,0,
2.05666400638468,,,,,,0.000999981514734664
2.0576,0.000999981289112544,0.000999981625207939,0.00183348684935755,0.000166475728867537,0,
2.05746209098164,,,,,,0.00099998160893084
2.0584,0.000999981408029094,0.000999981719630186,0.0018334869682741,0.000166475847784092,0,
2.05826017557861,,,,,,0.000999981703127016
2.0592,0.000999981528091427,0.000999981814052432,0.00183348708833642,0.000166475967846429,0,
2.05905826017558,,,,,,0.000999981797323192
2.06,0.000999981649227748,0.000999981908474679,0.00183348720947274,0.000166476088982754,0,
2.05985634477255,,,,,,0.000999981891519368
2.0608,0.000999981771367077,0.000999982002896926,0.00183348733161207,0.000166476211122086,0,
2.06065442936951,,,,,,0.000999981985715544
2.0616,0.000999981894439182,0.000999982097319173,0.00183348745468417,0.000166476334194194,0,
2.06145251396648,,,,,,0.00099998207991172
2.0624,0.000999982018374523,0.00099998219174142,0.00183348757861951,0.000166476458129539,0,
2.06225059856345,,,,,,0.000999982174107896
2.0632,0.000999982143104195,0.000999982286163667,0.00183348770334918,0.000166476582859213,0,
2.06304868316042,,,,,,0.000999982268304072
2.064,0.000999982268559864,0.000999982380585914,0.00183348782880484,0.000166476708314884,0,
2.06384676775738,,,,,,0.000999982362500248
2.0648,0.000999982394673711,0.000999982475008161,0.00183348795491869,0.000166476834428735,0,
2.06464485235435,,,,,,0.000999982456696424
2.0656,0.000999982521378376,0.000999982569430407,0.00183348808162335,0.000166476961133401,0,
2.06544293695132,,,,,,0.0009999825508926
2.0664,0.00099998264860689,0.000999982663852654,0.00183348820885186,0.000166477088361917,0,
2.06624102154828,,,,,,0.000999982645088776
2.0672,0.000999982776292623,0.000999982758274901,0.00183348833653759,0.000166477216047652,0,
2.06703910614525,,,,,,0.000999982739284952
2.068,0.000999982904369225,0.000999982852697148,0.209000345541945,0.000166477344124255,0,
2.06783719074222,,,,,,0.000999982833481128
2.0688,0.000999983032770562,0.000999982947119395,0.209833150182123,0.000166477472525593,0,
2.06863527533919,,,,,,0.000999982927677304
2.0696,0.000999983161430659,0.000999983041541642,0.209833241942335,0.000166477601185692,0,
2.06943335993615,,,,,,0.00099998302187348
2.0704,0.000999983290283645,0.000999983135963889,0.209833333702546,0.000166477730038678,0,
2.07023144453312,,,,,,0.000999983116069656
2.0707963267949,0.000999983354169674,0.000999983182741514,0.0072512750560088,-0.00525130834766945,,
2.0707963267949,0.000999983354169674,0.000999983182741514,0.0072512750560088,-0.00525130851909761,,
2.0712,0.000999984693034568,0.000999987684564324,0.209833425462758,0.000166479132683769,0,
2.07079632715198,,,,,,0.000999983182741514
2.07079632715198,,,,,,0.000999983182741514
2.07102952913009,,,,,,0.000999983454359137
2.072,0.209000011536451,0.00100002005556162,0.209833517222969,0.000166481786047682,0,
2.07182761372706,,,,,,0.00100000325869054
2.0728,0.209000103296663,0.00100011783495027,0.20983360940778,0.000166484439411596,0,
2.07262569832402,,,,,,0.0010000810219826
2.0736,0.2090002949537,0.00100031276608403,0.209833802037856,0.000166487092775509,0,
2.07342378292099,,,,,,0.0010002495795269
2.0744,0.209000613725004,0.00100063124430639,0.209834122553463,0.000166489746139423,0,
2.07422186751796,,,,,,0.00100053575052839
2.0752,0.209001080550819,0.00100109636185102,0.209834592063633,0.000999650687636305,0,
2.07501995211492,,,,,,0.00100096359003557
2.076,0.209001710567739,0.00100172599314372,0.209835225827529,0.208168199054926,0.207166473061782,
2.07581803671189,,,,,,0.00100155211758633
2.0768,0.209002514790163,0.001002532095817,0.209836034913839,0.208168999530374,0.207166467434557,
2.07661612130886,,,,,,0.00100231472968016
2.0776,0.209003500236527,0.00100352048505122,0.20983702633981,0.208169980112851,0.2071664596278,
2.07741420590583,,,,,,0.0010032581590935
2.0784,0.209004670636368,0.00100469315324388,0.209838203779941,0.208171144533084,0.207166451379841,
2.07821229050279,,,,,,0.00100438498880878
2.0792,0.209006026843946,0.00100604993217496,0.209839567992037,0.208172493700373,0.207166443768199,
2.07901037509976,,,,,,0.00100569521174712
2.08,0.209007567319196,0.00100758986619205,0.209841117305959,0.208174026171106,0.207166436304914,
2.07980845969673,,,,,,0.00100718814284072
2.0808,0.209009288498712,0.00100931025193664,0.209842848013416,0.208175738511949,0.207166428260012,
2.08060654429369,,,,,,0.00100886199013789
2.0816,0.209011185291726,0.00101120552505109,0.209844754867889,0.208177625777022,0.207166420251971,
2.08140462889066,,,,,,0.00101071125498421
2.0824,0.209013251392829,0.00101326990331627,0.209846831377426,0.208179681816666,0.20716641191335,
2.08220271348763,,,,,,0.00101273033205481
2.0832,0.209015479142911,0.0010154965509151,0.209849069740268,0.208181899158315,0.207166402607399,
2.0830007980846,,,,,,0.00101491306369503
2.084,0.209017860445426,0.00101787666049225,0.209851461676911,0.208184269848069,0.207166393187577,
2.08379888268156,,,,,,0.00101725075287798
2.0848,0.209020386265488,0.00102040132921693,0.209853998027022,0.208186785034003,0.207166383704786,
2.08459696727853,,,,,,0.00101973451325208
2.0856,0.209023047468276,0.00102306140640694,0.20985666948763,0.208189435706743,0.207166374300336,
2.0853950518755,,,,,,0.00102235564518936
2.0864,0.209025834238391,0.00102584678975672,0.209859466149525,0.208192212219037,0.20716636542928,
2.08619313647247,,,,,,0.00102510393653507
2.0872,0.209028736956443,0.00102874793258068,0.209862378261221,0.208195105045309,0.207166357112728,
2.08699122106943,,,,,,0.00102796988260625
2.088,0.209031745650984,0.00103175527383565,0.209865395785274,0.208198104346207,0.207166349072371,
2.0877893056664,,,,,,0.00103094407975621
2.0888,0.209034850662684,0.00103485904598216,0.209868508969771,0.208201200528394,0.207166341482412,
2.08858739026337,,,,,,0.00103401678460255
2.0896,0.209038042239192,0.00103804967230248,0.209871708026922,0.208204383932105,0.207166334259803,
2.08938547486034,,,,,,0.00103717842641791
2.0904,0.20904131104124,0.00104131777958072,0.209874983558682,0.20820764525351,0.20716632747393,
2.0901835594573,,,,,,0.00104041966854802
2.0912,0.209044647790428,0.00104465411189799,0.209878326276613,0.208210975272986,0.207166321161088,
2.09098164405427,,,,,,0.00104373128740014
2.092,0.209048043666562,0.00104804967942156,0.209881727333908,0.208214365180377,0.207166315500956,
2.09177972865124,,,,,,0.0010471041839566
2.0928,0.209051490045759,0.00105149596432542,0.209885178112775,0.208217806378414,0.207166310414088,
2.0925778132482,,,,,,0.00105052989216297
2.0936,0.209054978736773,0.00105498458016341,0.209888670424103,0.208221290669757,0.207166306089594,
2.09337589784517,,,,,,0.00105399997895337
2.0944,0.209058501863587,0.0010585075762355,0.20989219641013,0.208224810176257,0.207166302600021,
2.09417398244214,,,,,,0.00105750639351904
2.0952,0.209062051950774,0.00106205743206937,0.209895748618118,0.208228357404231,0.207166299972162,
2.09497206703911,,,,,,0.00106104164322403
2.096,0.209065621904171,0.00106562681945644,0.209899319983019,0.208231925236826,0.20716629841737,
2.09577015163607,,,,,,0.00106459832685616
2.0968,0.209069205018546,0.00106920903909274,0.209902903834694,0.208235506939698,0.207166297900605,
2.09656823623304,,,,,,0.00106816948171823
2.0976,0.209072794988386,0.00107279807115127,0.209906493904599,0.208239096172239,0.207166298101087,
2.09736632083001,,,,,,0.00107174922474341
2.0984,0.20907638588763,0.0010763878511255,0.209910084308828,0.208242686971418,0.207166299120292,
2.09816440542698,,,,,,0.00107533135045332
2.0992,0.209079972186828,0.00107997291284968,0.209913669558604,0.20824627376563,0.20716630085278,
2.09896249002394,,,,,,0.00107891028226966
2.1,0.209083548714456,0.00108354824416393,0.209917244527934,0.20824985134268,0.207166303098516,
2.09976057462091,,,,,,0.00108248094954123
2.1008,0.209087110682734,0.00108710918931471,0.209920804470584,0.208253414869257,0.207166305679942,
2.10055865921788,,,,,,0.00108603859828357
2.1016,0.209090653635958,0.00109065115366965,0.209924345852956,0.208256959848109,0.207166308694439,
2.10135674381484,,,,,,0.00108957891254
2.10186614411177,0.209091827376987,0.0010918242817563,0.215364582198296,0.202819072555677,,
2.10186614411177,0.209091827376987,0.0010918242817563,0.215364582198296,-0.0051809305395533,,
2.1024,0.20909417179631,0.00109416639166249,0.209927858254916,0.208260481157646,0.207166314765983,
2.10215482841181,,,,,,0.00109309676401522
2.1032,0.209097645078923,0.0010976378863273,0.209931324341544,0.208263958620318,0.20716632073399,
2.10295291300878,,,,,,0.00109657862484616
2.104,0.209101048571038,0.00110104054839797,0.209934718583557,0.208267369308417,0.207166328760019,
2.10375099760575,,,,,,0.00110000001205914
2.1048,0.209104360191876,0.00110434999332494,0.20993801923205,0.208270690179357,0.207166340186032,
2.10454908220271,,,,,,0.00110333506442719
2.1056,0.209107559418685,0.00110754675693778,0.20994120634597,0.208273900378511,0.207166353621573,
2.10534716679968,,,,,,0.00110656320977628
2.1064,0.209110629795938,0.00111061511915693,0.209944263937271,0.208276982868653,0.207166367749496,
2.10614525139665,,,,,,0.00110966784096788
2.1072,0.209113558021588,0.00111354241987366,0.209947179103989,0.208279923880255,0.207166381460381,
2.10694333599362,,,,,,0.00111263550446739
2.108,0.209116333558034,0.00111631840794339,0.209949941667894,0.208282712475633,0.207166394067689,
2.10774142059058,,,,,,0.00111545551505902
2.1088,0.209118948605752,0.00111893470309014,0.209952544144487,0.208285340495892,0.207166405792802,
2.10853950518755,,,,,,0.00111811876470214
2.1096,0.209121398121945,0.00112138528362102,0.209954981663823,0.20828780258321,0.207166417299589,
2.10933758978452,,,,,,0.00112061857593988
2.1104,0.209123678493234,0.00112366659015265,0.209957250808326,0.208290094951356,0.207166428361203,
2.11013567438148,,,,,,0.00112295041195308
2.1112,0.209125788332358,0.00112577739995794,0.209959350304881,0.208292216017266,0.207166438617308,
2.11093375897845,,,,,,0.00112511278574404
2.112,0.20912772784854,0.00112771751139014,0.209961280435484,0.208294165876017,0.207166448364627,
2.11173184357542,,,,,,0.00112710503458666
2.1128,0.209129498681585,0.00112948834594609,0.209963042884444,0.208295946094641,0.207166457748695,
2.11252992817239,,,,,,0.00112892788221606
2.1136,0.209131103912524,0.00113109288988521,0.209964640737566,0.208297559709666,0.207166466819781,
2.11332801276935,,,,,,0.00113058409891238
2.1144,0.209132547792587,0.00113253505608656,0.209966078218628,0.208299010967545,0.207166475911459,
2.11412609736632,,,,,,0.00113207703017068
2.1152,0.209133835459882,0.00113382027011339,0.209967360426941,0.208300305033841,0.207166484763728,
2.11492418196329,,,,,,0.00113341160451763
2.116,0.209134973031877,0.00113495530386342,0.209968493414333,0.208301448064818,0.207166492760954,
2.11572226656026,,,,,,0.00113459408598683
2.1168,0.209135967195041,0.00113594754772401,0.209969483796432,0.208302446812585,0.207166499264861,
2.11652035115722,,,,,,0.00113563206839081
2.1176,0.209136825235463,0.00113680362222421,0.209970338778765,0.208303308634073,0.207166505011848,
2.11731843575419,,,,,,0.00113653240895359
2.1184,0.209137554835558,0.00113753093007745,0.209971065958973,0.208304041292257,0.207166510362179,
2.11811652035116,,,,,,0.00113730115405172
2.1192,0.209138163897015,0.00113813849024741,0.209971673154129,0.2083046527736,0.207166514283353,
2.11891460494812,,,,,,0.00113794804601606
2.12,0.209138660394121,0.00113863381873651,0.209972168263085,0.208305151137008,0.207166517318271,
2.11971268954509,,,,,,0.00113848060818426
2.1208,0.209139052754389,0.00113902514753647,0.209972559631942,0.208305544885426,0.207166519737889,
2.12051077414206,,,,,,0.00113890619305164
2.1216,0.209139349130401,0.00113932136303592,0.209972855341498,0.208305842252848,0.207166520889812,
2.12130885873903,,,,,,0.00113923443390383
2.1224,0.209139557454833,0.00113952996558809,0.209973063263008,0.208306051243737,0.207166521278148,
2.12210694333599,,,,,,0.00113947272648083
2.1232,0.209139686032046,0.00113965902189631,0.209973191640302,0.208306180223871,0.207166521201975,
2.12290502793296,,,,,,0.00113962860640255
2.124,0.20913974261267,0.00113971672865722,0.209973248179676,0.208306237045663,0.207166520317006,
2.12370311252993,,,,,,0.00113971089940513
2.1248,0.209139734644553,0.00113971020617576,0.20997324020575,0.208306229021268,0.207166518815092,
2.1245011971269,,,,,,0.00113972656943762
2.1256,0.209139669809956,0.00113964690390876,0.209973175433242,0.208306164051917,0.207166517148008,
2.12529928172386,,,,,,0.00113968286414418
2.1264,0.209139554966584,0.00113953405087713,0.209973060724623,0.20830604903128,0.207166514980403,
2.12609736632083,,,,,,0.00113958742827523
2.1272,0.209139396823977,0.00113937807662159,0.209972902759281,0.208305890693562,0.20716651261694,
2.1268954509178,,,,,,0.00113944666509459
2.128,0.209139201838785,0.00113918527643075,0.2099727079692,0.208305695512532,0.207166510236101,
2.12769353551476,,,,,,0.00113926692590958
2.1288,0.209138975834897,0.00113896161612822,0.20997248216115,0.208305469326931,0.207166507710803,
2.12849162011173,,,,,,0.00113905429705846
2.1296,0.209138724449758,0.00113871259095074,0.209972230957724,0.208305217782959,0.207166505192009,
2.1292897047087,,,,,,0.00113881443957855
2.1304,0.209138452814873,0.00113844317385125,0.209971959481672,0.208304946017067,0.207166502843216,
2.13008778930567,,,,,,0.00113855248323131
2.1312,0.209138165549912,0.00113815808045774,0.209971672347718,0.208304658654654,0.207166500574196,
2.13088587390263,,,,,,0.00113827306252562
2.132,0.209137867188841,0.00113786175164395,0.209971374084099,0.208304360227675,0.207166498476031,
2.1316839584996,,,,,,0.00113798093328811
2.1328,0.209137561551609,0.00113755795916429,0.209971068512775,0.208304054556074,0.207166496596909,
2.13248204309657,,,,,,0.00113767996954023
2.1336,0.209137252187985,0.00113725027545472,0.20997075918352,0.208303745188654,0.207166494913199,
2.13328012769354,,,,,,0.00113737371859661
2.1344,0.209136942415547,0.001136941988208,0.209970449414878,0.208303435438064,0.207166493449856,
2.1340782122905,,,,,,0.00113706572672561
2.1352,0.209136635003584,0.00113663585931809,0.209970141981067,0.208303128070903,0.207166492211585,
2.13487629688747,,,,,,0.00113675883556089
2.136,0.209136332489687,0.00113633442157504,0.209969839422368,0.208302825620686,0.207166491199111,
2.13567438148444,,,,,,0.00113645563969599
2.1368,0.2091360370773,0.00113603990883818,0.209969543946301,0.208302530286415,0.207166490377577,
2.1364724660814,,,,,,0.00113615853645838
2.1376,0.209135750616752,0.00113575418543602,0.209969257407636,0.208302243914914,0.207166489729478,
2.13727055067837,,,,,,0.00113586948280293
2.1384,0.209135474714728,0.00113547885832706,0.209968981416566,0.208301968108816,0.207166489250489,
2.13806863527534,,,,,,0.00113559017716604
2.1392,0.209135210658642,0.00113521525929818,0.209968717264555,0.208301704152305,0.207166488893007,
2.13886671987231,,,,,,0.00113532206820894
2.14,0.20913495948959,0.0011349644415509,0.209968465995927,0.208301453083786,0.207166488642235,
2.13966480446927,,,,,,0.00113506629974447
2.1408,0.209134722040156,0.00113472724093755,0.209968228445959,0.208301215733054,0.207166488492116,
2.14046288906624,,,,,,0.00113482378023598
2.1416,0.209134498879323,0.0011345042705049,0.209968005186425,0.208300992667317,0.207166488396812,
2.14126097366321,,,,,,0.00113459523076054
2.1424,0.209134290409329,0.00113429591656957,0.209967796621336,0.208300784287281,0.207166488370711,
2.14205905826018,,,,,,0.00113438110586497
2.1432,0.209134096860072,0.00113410241473225,0.209967602982121,0.208300590821576,0.207166488406844,
2.14285714285714,,,,,,0.0011341816927203
2.144,0.209133918282309,0.00113392383872299,0.209967424320805,0.208300412320259,0.207166488481536,
2.14365522745411,,,,,,0.00113399715364197
2.1448,0.209133754598114,0.00113376009527586,0.209967260560164,0.208300248704969,0.207166488609693,
2.14445331205108,,,,,,0.00113382744318135
2.1456,0.209133605608438,0.00113361098489763,0.209967111501583,0.208300099776475,0.207166488791577,
2.14525139664804,,,,,,0.00113367240656649
2.1464,0.20913347100431,0.00113347620384548,0.209966976836273,0.208299965225724,0.207166489021878,
2.14604948124501,,,,,,0.00113353178919273
2.1472,0.209133350343272,0.00113335534885009,0.209966856121858,0.208299844610694,0.207166489261844,
2.14684756584198,,,,,,0.00113340522874817
2.148,0.209133243146306,0.00113324793102569,0.209966748878883,0.208299737452741,0.207166489521716,
2.14764565043895,,,,,,0.00113329227608041
2.1488,0.209133148860627,0.00113315340664959,0.209966654554191,0.208299643199578,0.207166489792929,
2.14844373503591,,,,,,0.00113319239983103
2.1496,0.209133066875324,0.00113307118586938,0.209966572536372,0.208299561240838,0.207166490054969,
2.14924181963288,,,,,,0.00113310504951417
2.1504,0.209132996516425,0.00113300061202974,0.20996650215091,0.208299490903287,0.207166490291257,
2.15003990422985,,,,,,0.00113302959576019
2.1512,0.209132937128686,0.00113294101166718,0.209966442741824,0.208299431532299,0.207166490520632,
2.15083798882682,,,,,,0.00113296535876896
2.152,0.209132888037581,0.00113289168772478,0.209966393633968,0.208299382453911,0.207166490766186,
2.15163607342378,,,,,,0.00113291168350049
2.1528,0.209132848515534,0.00113285188712397,0.209966354099204,0.208299342941106,0.207166491053982,
2.15243415802075,,,,,,0.00113286783311516
2.1536,0.209132817763875,0.00113282086286251,0.209966323313684,0.208299312214066,0.207166491351204,
2.15323224261772,,,,,,0.00113283304692147
2.1544,0.209132795133521,0.00113279788466343,0.209966300688613,0.208299289578428,0.207166491693765,
2.15403032721468,,,,,,0.00113280660582131
2.1552,0.209132779950802,0.00113278222205301,0.209966285509121,0.208299274392484,0.207166492170431,
2.15482841181165,,,,,,0.00113278777776026
2.156,0.209132771488072,0.00113277316381378,0.209966277047999,0.208299265928144,0.20716649276433,
2.15562649640862,,,,,,0.00113277584539932
2.1568,0.209132768987743,0.0011327700290681,0.209966274548097,0.20829926342739,0.207166493398322,
2.15642458100559,,,,,,0.00113277011551569
2.1576,0.20913277186971,0.00113277217594003,0.209966277429624,0.208299266309796,0.207166494133856,
2.15722266560255,,,,,,0.00113276993174105
2.1584,0.209132779539033,0.00113277900917874,0.20996628509792,0.208299273980146,0.207166494970968,
2.15802075019952,,,,,,0.0011327746783548
2.1592,0.209132791347934,0.00113278999137115,0.209966296905467,0.208299285790402,0.207166495799031,
2.15881883479649,,,,,,0.00113278379204153
2.16,0.209132806665627,0.00113280465268159,0.209966312221656,0.208299301109597,0.207166496456916,
2.15961691939346,,,,,,0.00113279677221243
2.1608,0.209132825018357,0.00113282260009442,0.209966330572846,0.208299319463868,0.207166496863773,
2.16041500399042,,,,,,0.00113281318985651
2.1616,0.209132845931089,0.0011328430107513,0.209966351484136,0.208299340378041,0.20716649736729,
2.16121308858739,,,,,,0.00113283269698318
2.1624,0.20913286888036,0.0011328651876854,0.209966374432168,0.208299363328552,0.207166498140866,
2.16201117318436,,,,,,0.00113285397125737
2.1632,0.20913289339457,0.00113288895926279,0.209966398945357,0.208299387843783,0.20716649888452,
2.16280925778132,,,,,,0.0011328769934824
2.164,0.209132919121071,0.00113291399488386,0.209966424671055,0.208299413571086,0.207166499576203,
2.16360734237829,,,,,,0.00113290143339332
2.1648,0.209132945716746,0.00113293999431281,0.20996645126619,0.208299440167302,0.20716650017299,
2.16440542697526,,,,,,0.00113292696487817
2.1656,0.209132972798334,0.001132966694594,0.209966478347511,0.208299467249158,0.207166500554564,
2.16520351157223,,,,,,0.00113295331891263
2.1664,0.209133000052359,0.00113299357735231,0.20996650560149,0.208299494503228,0.207166500925876,
2.16600159616919,,,,,,0.00113298024258689
2.1672,0.209133027244495,0.00113302029435343,0.209966532793765,0.208299521695224,0.207166501400871,
2.16679968076616,,,,,,0.00113300695485736
2.168,0.209133054156494,0.00113304680283095,0.209966559706093,0.208299548606896,0.207166501804065,
2.16759776536313,,,,,,0.00113303354874904
2.1688,0.209133080537055,0.00113307294663651,0.209966586087144,0.208299574986966,0.207166502040329,
2.1683958499601,,,,,,0.00113305984653061
2.1696,0.209133106207519,0.00113309861598118,0.209966611758206,0.208299600656832,0.207166502040851,
2.16919393455706,,,,,,0.00113308571561809
2.1704,0.209133131036047,0.00113312368034919,0.209966636587404,0.20829962548469,0.207166501804341,
2.16999201915403,,,,,,0.0011331110701053
2.1712,0.209133154907466,0.00113314777275698,0.209966660459557,0.208299649355375,0.207166501582618,
2.170790103751,,,,,,0.00113313573803154
2.172,0.209133177684356,0.00113317072986709,0.209966683237221,0.208299672131491,0.207166501401624,
2.17158818834797,,,,,,0.00113315917012936
2.1728,0.209133199290536,0.00113319261943698,0.209966704844177,0.208299693736895,0.207166501117458,
2.17238627294493,,,,,,0.00113318157272187
2.1736,0.209133219672583,0.00113321338950838,0.209966725226985,0.208299714118182,0.207166500728674,
2.1731843575419,,,,,,0.00113320288197171
2.1744,0.209133238791243,0.00113323301169298,0.209966744346381,0.208299733236104,0.207166500224411,
2.17398244213887,,,,,,0.00113322305773338
2.1752,0.209133256601123,0.00113325143708825,0.209966762156963,0.208299751045283,0.207166499608194,
2.17478052673583,,,,,,0.00113324208288552
2.176,0.209133273094109,0.00113326855919671,0.2099667786506,0.208299767537618,0.207166498978421,
2.1755786113328,,,,,,0.00113325988007487
2.1768,0.209133288271763,0.00113328435873314,0.20996679382885,0.208299782714675,0.207166498355942,
2.17637669592977,,,,,,0.00113327631780562
2.1776,0.209133302145816,0.00113329887569629,0.209966807703441,0.208299796588191,0.207166497712495,
2.17717478052674,,,,,,0.00113329147792538
2.1784,0.209133314737691,0.0011333121168934,0.209966820295795,0.208299809179588,0.207166497062694,
2.1779728651237,,,,,,0.00113330536263054
2.1792,0.209133326077822,0.00113332409701727,0.209966831636345,0.208299820519299,0.207166496422281,
2.17877094972067,,,,,,0.00113331798270315
2.18,0.20913333620338,0.0011333348493255,0.209966841762265,0.208299830644494,0.207166495795169,
2.17956903431764,,,,,,0.0011333293560553
2.1808,0.209133345157511,0.00113334442147381,0.209966850716701,0.20829983959832,0.207166495176846,
2.1803671189146,,,,,,0.0011333395287779
2.1816,0.209133353011823,0.00113335285103957,0.209966858571267,0.208299847452379,0.20716649460134,
2.18116520351157,,,,,,0.00113334854923496
2.1824,0.209133359816178,0.00113336017523352,0.20996686537583,0.208299854256526,0.207166494081293,
2.18196328810854,,,,,,0.00113335644535208
2.1832,0.209133365632533,0.00113336643997333,0.209966871192351,0.208299860072714,0.207166493632741,
2.18276137270551,,,,,,0.00113336326165588
2.184,0.209133370524898,0.00113337169242081,0.209966876084847,0.208299864964949,0.207166493272528,
2.18355945730247,,,,,,0.00113336904462067
2.1848,0.209133374558045,0.00113337601204695,0.209966880118095,0.208299868997996,0.207166492985949,
2.18435754189944,,,,,,0.00113337384136005
2.1856,0.209133377796212,0.00113337948204889,0.209966883356336,0.208299872236089,0.20716649275404,
2.18515562649641,,,,,,0.00113337775674047
2.1864,0.209133380301809,0.00113338215603427,0.209966885861985,0.208299874741632,0.207166492585598,
2.18595371109338,,,,,,0.00113338085535474
2.1872,0.209133382139062,0.00113338408825847,0.209966887699273,0.208299876578852,0.207166492490593,
2.18675179569034,,,,,,0.00113338318131956
2.188,0.209133383391117,0.00113338533974636,0.209966888951349,0.208299877830885,0.207166492491139,
2.18754988028731,,,,,,0.00113338479623927
2.1888,0.209133384098187,0.00113338596911132,0.20996688965843,0.208299878537944,0.207166492568832,
2.18834796488428,,,,,,0.00113338575990431
2.1896,0.209133384310339,0.00113338605785282,0.209966889870585,0.208299878750093,0.20716649269224,
2.18914604948124,,,,,,0.00113338612926697
2.1904,0.209133384070738,0.00113338567623772,0.20996688963098,0.208299878510495,0.207166492834257,
2.18994413407821,,,,,,0.00113338600371467
2.1912,0.20913338341445,0.0011333848732141,0.209966888974685,0.208299877854216,0.207166492981001,
2.19074221867518,,,,,,0.00113338543040068
2.192,0.209133382367264,0.00113338369971186,0.209966887927487,0.20829987680704,0.207166493107329,
2.19154030327215,,,,,,0.00113338445901542
2.1928,0.209133380979086,0.00113338220419715,0.2099668865393,0.208299875418872,0.207166493214674,
2.19233838786911,,,,,,0.00113338314078006
2.1936,0.20913337948078,0.00113338042919081,0.209966885040987,0.208299873920573,0.207166493491382,
2.19313647246608,,,,,,0.001133381521515
2.1944,0.20913337777708,0.00113337845280981,0.209966883337277,0.208299872216883,0.207166493764073,
2.19393455706305,,,,,,0.00113337964079153
2.1952,0.209133375896395,0.0011333763218475,0.209966881456582,0.208299870336207,0.207166494014359,
2.19473264166002,,,,,,0.00113337760378584
2.196,0.209133373860003,0.00113337405746668,0.209966879420182,0.208299868299824,0.207166494242358,
2.19553072625698,,,,,,0.00113337541468349
2.1968,0.209133371681413,0.0011333716891854,0.209966877241582,0.208299866121243,0.207166494432058,
2.19632881085395,,,,,,0.00113337310649163
2.1976,0.209133369365717,0.00113336923961638,0.209966874925878,0.208299863805556,0.20716649456594,
2.19712689545092,,,,,,0.00113337070590519
2.1984,0.209133366934554,0.00113336673124049,0.209966872494714,0.208299861374395,0.207166494643155,
2.19792498004789,,,,,,0.00113336823240854
2.1992,0.209133364581653,0.00113336423597941,0.209966870141814,0.208299859021491,0.207166494785512,
2.19872306464485,,,,,,0.00113336571028481
2.2,0.209133362214246,0.00113336177620308,0.209966867774408,0.208299856654085,0.207166494877882,
2.19952114924182,,,,,,0.00113336324324096
2.2008,0.209133359849501,0.00113335934618979,0.209966865409663,0.208299854289339,0.207166494943149,
2.20031923383879,,,,,,0.00113336079817782
2.2016,0.209133357501806,0.0011333569554691,0.209966863061969,0.208299851941642,0.207166494986173,
2.20111731843575,,,,,,0.00113335838783913
2.2024,0.209133355182773,0.00113335460788594,0.209966860742939,0.208299849622608,0.207166495014722,
2.20191540303272,,,,,,0.00113335601950245
2.2032,0.20913335290124,0.001133352316753,0.20996685846141,0.208299847341069,0.207166495024316,
2.20271348762969,,,,,,0.00113335369470582
2.204,0.209133350715134,0.00113335013109693,0.20996685627531,0.208299845154957,0.20716649502386,
2.20351157222666,,,,,,0.00113335143428452
2.2048,0.209133348619369,0.00113334805493461,0.209966854179551,0.208299843059187,0.207166495004252,
2.20430965682362,,,,,,0.00113334930489303
2.2056,0.209133346613765,0.00113334607602288,0.209966852173953,0.208299841053577,0.207166494977554,
2.20510774142059,,,,,,0.00113334727045551
2.2064,0.209133344704798,0.0011333441958137,0.209966850264991,0.208299839144604,0.207166494948791,
2.20590582601756,,,,,,0.00113334533395643
2.2072,0.209133342896876,0.00113334241325957,0.209966848457075,0.208299837336677,0.207166494923418,
2.20670391061453,,,,,,0.00113334349587062
2.208,0.209133341192342,0.00113334073524859,0.209966846752546,0.208299835632137,0.207166494896888,
2.20750199521149,,,,,,0.00113334175421836
2.2088,0.209133339607337,0.00113333917745369,0.209966845167547,0.208299834047126,0.207166494869672,
2.20830007980846,,,,,,0.00113334012125399
2.2096,0.209133338154222,0.00113333773795586,0.209966843714438,0.208299832594005,0.20716649485605,
2.20909816440543,,,,,,0.00113333861454853
2.2104,0.209133336821691,0.00113333641179459,0.209966842381912,0.20829983126147,0.207166494849675,
2.20989624900239,,,,,,0.00113333722047621
2.2112,0.209133335608744,0.00113333519906685,0.209966841168969,0.208299830048519,0.207166494849452,
2.21069433359936,,,,,,0.00113333593929494
2.212,0.209133334512737,0.0011333340997316,0.209966840072966,0.208299828952508,0.207166494852776,
2.21149241819633,,,,,,0.00113333477100565
2.2128,0.209133333529381,0.00113333311940222,0.209966839089613,0.208299827969149,0.207166494849746,
2.2122905027933,,,,,,0.00113333371554331
2.2136,0.209133332656357,0.00113333226138105,0.209966838216592,0.208299827096122,0.20716649483474,
2.21308858739026,,,,,,0.00113333278173835
2.2144,0.209133331906499,0.00113333152141585,0.209966837466737,0.208299826346261,0.207166494824845,
2.21388667198723,,,,,,0.00113333196969513
2.2152,0.209133331261374,0.00113333089556778,0.209966836821614,0.208299825701134,0.207166494805566,
2.2146847565842,,,,,,0.00113333127274351
2.216,0.209133330713519,0.00113333038101369,0.209966836273761,0.208299825153278,0.207166494772264,
2.21548284118117,,,,,,0.00113333068851841
2.2168,0.209133330254133,0.00113332997424321,0.209966835814376,0.208299824693891,0.207166494719648,
2.21628092577813,,,,,,0.00113333021397409
2.2176,0.209133329873075,0.0011333296710588,0.209966835433318,0.208299824312832,0.207166494641773,
2.2170790103751,,,,,,0.00113332984538417
2.2184,0.209133329558864,0.00113332946657575,0.209966835119108,0.20829982399862,0.207166494532044,
2.21787709497207,,,,,,0.00113332957834163
2.2192,0.209133329340406,0.00113332935522217,0.209966834900651,0.208299823780161,0.207166494424939,
2.21867517956903,,,,,,0.00113332940775879
2.22,0.209133329194516,0.00113332933073897,0.209966834754761,0.208299823634271,0.207166494303532,
2.219473264166,,,,,,0.00113332932786734
2.2208,0.209133329107057,0.0011333293861799,0.209966834667302,0.208299823546812,0.207166494160632,
2.22027134876297,,,,,,0.0011333293322183
2.2216,0.209133329068385,0.00113332951391152,0.209966834628631,0.20829982350814,0.207166493994229,
2.22106943335994,,,,,,0.00113332941368207
2.2224,0.209133329068128,0.00113332964086379,0.209966834628373,0.208299823507882,0.207166493867019,
2.2218675179569,,,,,,0.00113332956444839
2.2232,0.209133329095178,0.00113332977371794,0.209966834655423,0.208299823534933,0.207166493761215,
2.22266560255387,,,,,,0.00113332967897987
2.224,0.209133329163638,0.0011333299356929,0.209966834723883,0.208299823603393,0.2071664936677,
2.22346368715084,,,,,,0.00113332982046444
2.2248,0.209133329279268,0.00113333012317353,0.209966834839513,0.208299823719023,0.207166493595849,
2.22426177174781,,,,,,0.00113332999193536
2.2256,0.209133329418971,0.0011333303292531,0.209966834979216,0.208299823858727,0.207166493529473,
2.22505985634477,,,,,,0.00113333018653526
2.2264,0.209133329576285,0.00113333054702485,0.20996683513653,0.20829982401604,0.207166493469015,
2.22585794094174,,,,,,0.00113333039740677
2.2272,0.209133329744671,0.00113333076958204,0.209966835304916,0.208299824184426,0.207166493414844,
2.22665602553871,,,,,,0.00113333061769252
2.228,0.209133329917517,0.00113333099001793,0.209966835477762,0.208299824357273,0.207166493367255,
2.22745411013567,,,,,,0.00113333084053513
2.2288,0.209133330094197,0.00113333120142578,0.209966835654442,0.208299824533952,0.207166493332526,
2.22825219473264,,,,,,0.00113333105907724
2.2296,0.209133330294163,0.00113333139689883,0.209966835854408,0.208299824733919,0.20716649333702,
2.22905027932961,,,,,,0.00113333126646147
2.2304,0.209133330498648,0.00113333156953035,0.209966836058893,0.208299824938404,0.207166493368873,
2.22984836392658,,,,,,0.00113333145583046
2.2312,0.209133330705391,0.00113333173377896,0.209966836265636,0.208299825145147,0.207166493411368,
2.23064644852354,,,,,,0.00113333162032683
2.232,0.209133330912474,0.00113333197179208,0.209966836472718,0.208299825352229,0.207166493380437,
2.23144453312051,,,,,,0.00113333178389679
2.2328,0.209133331118318,0.00113333223992906,0.209966836678562,0.208299825558073,0.207166493318144,
2.23224261771748,,,,,,0.00113333205386129
2.2336,0.209133331321685,0.00113333250197509,0.20996683688193,0.208299825761441,0.207166493259466,
2.23304070231445,,,,,,0.00113333232028135
2.2344,0.20913333152168,0.00113333275429474,0.209966837081925,0.208299825961436,0.207166493207141,
2.23383878691141,,,,,,0.00113333257954753
2.2352,0.209133331717747,0.00113333299325256,0.209966837277992,0.208299826157503,0.20716649316425,
2.23463687150838,,,,,,0.00113333282805038
2.236,0.209133331909671,0.00113333321521311,0.209966837469916,0.208299826349427,0.207166493134213,
2.23543495610535,,,,,,0.00113333306218045
2.2368,0.209133332097578,0.00113333341654096,0.209966837657823,0.208299826537333,0.207166493120792,
2.23623304070231,,,,,,0.00113333327832828
2.2376,0.209133332282074,0.00113333359360067,0.209966837842319,0.208299826721829,0.207166493128229,
2.23703112529928,,,,,,0.00113333347288442
2.2384,0.209133332458286,0.0011333337427568,0.209966838018531,0.208299826898041,0.207166493155284,
2.23782920989625,,,,,,0.00113333364223943
2.2392,0.20913333262405,0.00113333386037391,0.209966838184294,0.208299827063805,0.207166493203431,
2.23862729449322,,,,,,0.00113333378278385
2.24,0.209133332777835,0.00113333394281656,0.20996683833808,0.20829982721759,0.207166493274773,
2.23942537909018,,,,,,0.00113333389090823
2.2408,0.209133332918111,0.00113333403002115,0.209966838478356,0.208299827357866,0.207166493327845,
2.24022346368715,,,,,,0.00113333396300313
2.2416,0.209133333043347,0.00113333415117371,0.209966838603592,0.208299827483102,0.207166493331929,
2.24102154828412,,,,,,0.00113333405577448
2.2424,0.209133333152014,0.00113333427264587,0.209966838712259,0.208299827591769,0.207166493319123,
2.24181963288109,,,,,,0.00113333418739593
2.2432,0.209133333242579,0.00113333437881861,0.209966838802824,0.208299827682334,0.207166493303515,
2.24261771747805,,,,,,0.00113333430462632
2.244,0.209133333313514,0.0011333344685333,0.209966838873759,0.208299827753268,0.207166493284735,
2.24341580207502,,,,,,0.00113333440631531
2.2448,0.209133333363286,0.00113333454063132,0.209966838923531,0.208299827803041,0.20716649326241,
2.24421388667199,,,,,,0.00113333449131256
2.2456,0.209133333405444,0.00113333459395407,0.209966838965689,0.208299827845199,0.207166493251245,
2.24501197126895,,,,,,0.00113333455846774
2.2464,0.209133333470361,0.00113333462734291,0.209966839030606,0.208299827910116,0.207166493282773,
2.24581005586592,,,,,,0.00113333460663051
2.2472,0.209133333525697,0.00113333463963924,0.209966839085942,0.208299827965452,0.207166493325812,
2.24660814046289,,,,,,0.00113333463465053
2.248,0.209133333571296,0.00113333462968443,0.209966839131541,0.208299828011051,0.207166493381366,
2.24740622505986,,,,,,0.00113333464137748
2.2488,0.209133333607004,0.00113333459631988,0.209966839167249,0.208299828046759,0.207166493450439,
2.24820430965682,,,,,,0.00113333462566102
2.2496,0.209133333632667,0.00113333453838695,0.209966839192912,0.208299828072422,0.207166493534035,
2.24900239425379,,,,,,0.00113333458635081
2.2504,0.20913333364813,0.00113333450081084,0.209966839208375,0.208299828087884,0.207166493587074,
2.24980047885076,,,,,,0.00113333452229651
2.2512,0.209133333653238,0.00113333447574922,0.209966839213483,0.208299828092992,0.207166493617243,
2.25059856344773,,,,,,0.00113333449369472
2.252,0.209133333647837,0.00113333444595861,0.209966839208082,0.208299828087591,0.207166493641633,
2.25139664804469,,,,,,0.00113333446988169
2.2528,0.209133333631772,0.00113333440857037,0.209966839192017,0.208299828071526,0.207166493662956,
2.25219473264166,,,,,,0.00113333443823741
2.2536,0.209133333604889,0.00113333436394465,0.209966839165134,0.208299828044643,0.207166493680699,
2.25299281723863,,,,,,0.00113333439911948
2.2544,0.209133333588929,0.00113333431244161,0.209966839149175,0.208299828028684,0.207166493716242,
2.25379090183559,,,,,,0.00113333435288548
2.2552,0.209133333573252,0.0011333342544214,0.209966839133498,0.208299828013007,0.207166493758586,
2.25458898643256,,,,,,0.00113333429989299
2.256,0.209133333554276,0.0011333341902442,0.209966839114521,0.208299827994031,0.207166493803787,
2.25538707102953,,,,,,0.00113333424049959
2.2568,0.209133333532495,0.00113333412027016,0.20996683909274,0.20829982797225,0.20716649385198,
2.2561851556265,,,,,,0.00113333417506288
2.2576,0.209133333508405,0.00113333404485943,0.209966839068651,0.20829982794816,0.207166493903301,
2.25698324022346,,,,,,0.00113333410394044
2.2584,0.209133333482501,0.00113333396437219,0.209966839042746,0.208299827922256,0.207166493957884,
2.25778132482043,,,,,,0.00113333402748986
2.2592,0.209133333455278,0.00113333387970221,0.209966839015523,0.208299827895033,0.20716649401533,
2.2585794094174,,,,,,0.00113333394606871
2.26,0.20913333342723,0.00113333379594297,0.209966838987476,0.208299827866985,0.207166494071042,
2.25937749401437,,,,,,0.00113333386072084
2.2608,0.209133333398854,0.00113333371101542,0.209966838959099,0.208299827838609,0.207166494127593,
2.26017557861133,,,,,,0.00113333377767229
2.2616,0.209133333370644,0.00113333362431867,0.209966838930889,0.208299827810398,0.20716649418608,
2.2609736632083,,,,,,0.0011333336924769
2.2624,0.209133333342244,0.00113333353635059,0.209966838902489,0.208299827781998,0.207166494245648,
2.26177174780527,,,,,,0.001133333605629
2.2632,0.209133333313019,0.00113333344760905,0.209966838873264,0.208299827752774,0.207166494305165,
2.26256983240223,,,,,,0.00113333351762289
2.264,0.209133333284717,0.00113333335859192,0.209966838844962,0.208299827724472,0.20716649436588,
2.2633679169992,,,,,,0.00113333342895288
2.2648,0.20913333325777,0.00113333326979707,0.209966838818015,0.208299827697524,0.207166494427727,
2.26416600159617,,,,,,0.00113333334011328
2.2656,0.209133333232611,0.00113333318172237,0.209966838792856,0.208299827672366,0.207166494490644,
2.26496408619314,,,,,,0.00113333325159841
2.2664,0.209133333209675,0.00113333309486568,0.20996683876992,0.20829982764943,0.207166494554564,
2.2657621707901,,,,,,0.00113333316390257
2.2672,0.209133333189394,0.00113333300972489,0.209966838749639,0.208299827629149,0.207166494619424,
2.26656025538707,,,,,,0.00113333307752008
2.268,0.209133333172202,0.00113333292679785,0.209966838732447,0.208299827611957,0.207166494685159,
2.26735833998404,,,,,,0.00113333299294524
2.2688,0.209133333158532,0.00113333284658243,0.209966838718777,0.208299827598287,0.207166494751704,
2.26815642458101,,,,,,0.00113333291067236
2.2696,0.209133333148818,0.00113333276957651,0.209966838709063,0.208299827588573,0.207166494818996,
2.26895450917797,,,,,,0.00113333283119576
2.2704,0.209133333143492,0.00113333269627796,0.209966838703738,0.208299827583247,0.207166494886969,
2.26975259377494,,,,,,0.00113333275500974
2.2712,0.209133333128435,0.00113333262718463,0.20996683868868,0.20829982756819,0.207166494941005,
2.27055067837191,,,,,,0.00113333268260862
2.272,0.209133333112668,0.00113333256279441,0.209966838672914,0.208299827552423,0.207166494989629,
2.27134876296887,,,,,,0.00113333261448671
2.2728,0.209133333097724,0.00113333250360517,0.209966838657969,0.208299827537479,0.207166495033874,
2.27214684756584,,,,,,0.00113333255113831
2.2736,0.209133333083642,0.00113333245011476,0.209966838643887,0.208299827523396,0.207166495073282,
2.27294493216281,,,,,,0.00113333249305774
2.2744,0.209133333070461,0.00113333240282107,0.209966838630706,0.208299827510215,0.207166495107394,
2.27374301675978,,,,,,0.0011333324407393
2.2752,0.209133333058221,0.00113333236222196,0.209966838618466,0.208299827497976,0.207166495135754,
2.27454110135674,,,,,,0.00113333239467731
2.276,0.209133333046962,0.00113333232881529,0.209966838607207,0.208299827486717,0.207166495157902,
2.27533918595371,,,,,,0.00113333235536608
2.2768,0.209133333036724,0.00113333230309895,0.209966838596969,0.208299827476478,0.207166495173379,
2.27613727055068,,,,,,0.00113333232329991
2.2776,0.209133333027545,0.00113333228557079,0.20996683858779,0.2082998274673,0.207166495181729,
2.27693535514765,,,,,,0.00113333229897312
2.2784,0.209133333019466,0.00113333224983585,0.209966838579712,0.208299827459221,0.207166495209385,
2.27773343974461,,,,,,0.00113333228288002
2.2792,0.209133333012527,0.00113333220244147,0.209966838572772,0.208299827452282,0.20716649524984,
2.27853152434158,,,,,,0.00113333224331564
2.28,0.209133333006766,0.00113333215609072,0.209966838567011,0.208299827446521,0.20716649529043,
2.27932960893855,,,,,,0.00113333219451649
2.2808,0.209133333002224,0.00113333211296061,0.209966838562469,0.208299827441978,0.207166495329018,
2.28012769353551,,,,,,0.00113333214877153
2.2816,0.209133332998939,0.00113333207323261,0.209966838559184,0.208299827438694,0.207166495365461,
2.28092577813248,,,,,,0.00113333210626094
2.2824,0.209133332996952,0.00113333203708821,0.209966838557198,0.208299827436707,0.207166495399619,
2.28172386272945,,,,,,0.00113333206716491
2.2832,0.209133332996303,0.00113333200470888,0.209966838556548,0.208299827436058,0.207166495431349,
2.28252194732642,,,,,,0.00113333203166361
2.284,0.20913333299703,0.0011333319762761,0.209966838557275,0.208299827436785,0.207166495460509,
2.28332003192338,,,,,,0.00113333199993723
2.2848,0.209133332999174,0.00113333195197135,0.209966838559419,0.208299827438929,0.207166495486957,
2.28411811652035,,,,,,0.00113333197216595
2.2856,0.209133333002774,0.00113333193197611,0.209966838563019,0.208299827442529,0.207166495510553,
2.28491620111732,,,,,,0.00113333194852995
2.2864,0.209133333007869,0.00113333191647185,0.209966838568115,0.208299827447624,0.207166495531152,
2.28571428571429,,,,,,0.0011333319292094
2.2872,0.2091333330145,0.00113333190564005,0.209966838574745,0.208299827454255,0.207166495548615,
2.28651237031125,,,,,,0.0011333319143845
2.288,0.209133333018563,0.0011333318996622,0.209966838578808,0.208299827458318,0.207166495558655,
2.28731045490822,,,,,,0.00113333190423542
2.2888,0.209133333023434,0.00113333189871976,0.20996683858368,0.208299827463189,0.207166495564469,
2.28810853950519,,,,,,0.00113333189894234
2.2896,0.209133333029255,0.00113333190299423,0.2099668385895,0.20829982746901,0.207166495566015,
2.28890662410215,,,,,,0.00113333189868544
2.2904,0.209133333036028,0.00113333191266706,0.209966838596273,0.208299827475782,0.207166495563115,
2.28970470869912,,,,,,0.00113333190364491
2.2912,0.209133333043756,0.00113333192791976,0.209966838604001,0.20829982748351,0.207166495555591,
2.29050279329609,,,,,,0.00113333191400092
2.292,0.209133333052442,0.00113333194893378,0.209966838612688,0.208299827492197,0.207166495543263,
2.29130087789306,,,,,,0.00113333192993366
2.2928,0.209133333062091,0.00113333197589062,0.209966838622336,0.208299827501846,0.207166495525955,
2.29209896249002,,,,,,0.0011333319516233
2.2936,0.209133333072705,0.00113333200897174,0.20996683863295,0.20829982751246,0.207166495503488,
2.29289704708699,,,,,,0.00113333197925003
2.2944,0.209133333084288,0.00113333204835864,0.209966838644533,0.208299827524042,0.207166495475684,
2.29369513168396,,,,,,0.00113333201299403
2.2952,0.209133333096842,0.00113333209423277,0.209966838657087,0.208299827536597,0.207166495442364,
2.29449321628093,,,,,,0.00113333205303548
2.296,0.209133333110371,0.00113333214677563,0.209966838670616,0.208299827550126,0.20716649540335,
2.29529130087789,,,,,,0.00113333209955456
2.2968,0.209133333124879,0.00113333219483694,0.209966838685124,0.208299827564633,0.207166495369796,
2.29608938547486,,,,,,0.00113333215273145
2.2976,0.209133333140368,0.0011333322209143,0.209966838700613,0.208299827580122,0.207166495359208,
2.29688747007183,,,,,,0.00113333220001974
2.2984,0.209133333156842,0.00113333224603806,0.209966838717087,0.208299827596596,0.207166495350558,
2.29768555466879,,,,,,0.00113333222342315
2.2992,0.209133333174304,0.00113333227299753,0.209966838734549,0.208299827614058,0.207166495341061,
2.29848363926576,,,,,,0.00113333224868556
2.3,0.209133333192757,0.00113333230175659,0.209966838753002,0.208299827632512,0.207166495330755,
2.29928172386273,,,,,,0.00113333227577109
2.3008,0.209133333212205,0.00113333233227909,0.20996683877245,0.20829982765196,0.207166495319681,
2.3000798084597,,,,,,0.00113333230464387
2.3016,0.209133333232651,0.00113333236452891,0.209966838792896,0.208299827672406,0.207166495307877,
2.30087789305666,,,,,,0.00113333233526801
2.3024,0.209133333254098,0.00113333239846989,0.209966838814343,0.208299827693853,0.207166495295383,
2.30167597765363,,,,,,0.00113333236760764
2.3032,0.209133333276549,0.00113333243406592,0.209966838836794,0.208299827716304,0.207166495282238,
2.3024740622506,,,,,,0.00113333240162688
2.304,0.209133333299689,0.00113333247128084,0.209966838859934,0.208299827739444,0.207166495268163,
2.30327214684757,,,,,,0.00113333243728985
2.3048,0.209133333314741,0.00113333251007853,0.209966838874987,0.208299827754496,0.207166495244418,
2.30407023144453,,,,,,0.00113333247456067
2.3056,0.209133333329494,0.00113333255042284,0.209966838889739,0.208299827769249,0.207166495218826,
2.3048683160415,,,,,,0.00113333251340347
2.3064,0.20913333334389,0.00113333259227765,0.209966838904135,0.208299827783645,0.207166495191367,
2.30566640063847,,,,,,0.00113333255378237
2.3072,0.209133333357873,0.0011333326356068,0.209966838918118,0.208299827797628,0.207166495162021,
2.30646448523544,,,,,,0.00113333259566148
2.308,0.209133333371387,0.00113333268037418,0.209966838931632,0.208299827811142,0.207166495130767,
2.3072625698324,,,,,,0.00113333263900493
2.3088,0.209133333384374,0.00113333272654363,0.209966838944619,0.208299827824129,0.207166495097585,
2.30806065442937,,,,,,0.00113333268377684
2.3096,0.209133333396779,0.00113333277407903,0.209966838957024,0.208299827836534,0.207166495062455,
2.30885873902634,,,,,,0.00113333272994134
2.3104,0.209133333408545,0.00113333282294423,0.20996683896879,0.208299827848299,0.207166495025355,
2.3096568236233,,,,,,0.00113333277746254
2.3112,0.209133333419614,0.00113333287310311,0.20996683897986,0.208299827859369,0.207166494986266,
2.31045490822027,,,,,,0.00113333282630456
2.312,0.209133333429932,0.00113333292451951,0.209966838990177,0.208299827869687,0.207166494945167,
2.31125299281724,,,,,,0.00113333287643154
2.3128,0.209133333439441,0.00113333297715732,0.209966838999686,0.208299827879195,0.207166494902038,
2.31205107741421,,,,,,0.00113333292780758
2.3136,0.209133333448084,0.00113333303098038,0.209966839008329,0.208299827887838,0.207166494856858,
2.31284916201117,,,,,,0.00113333298039682
2.3144,0.209133333455805,0.00113333308595257,0.20996683901605,0.20829982789556,0.207166494809607,
2.31364724660814,,,,,,0.00113333303416336
2.3152,0.209133333462547,0.00113333314203775,0.209966839022793,0.208299827902302,0.207166494760264,
2.31444533120511,,,,,,0.00113333308907135
2.316,0.209133333468255,0.00113333319195414,0.2099668390285,0.20829982790801,0.207166494716056,
2.31524341580208,,,,,,0.00113333314508489
2.3168,0.209133333472871,0.00113333324091247,0.209966839033116,0.208299827912625,0.207166494671713,
2.31604150039904,,,,,,0.00113333319452503
2.3176,0.209133333476338,0.00113333328975277,0.209966839036583,0.208299827916093,0.20716649462634,
2.31683958499601,,,,,,0.00113333324333336
2.3184,0.209133333478601,0.00113333333842796,0.209966839038846,0.208299827918356,0.207166494579928,
2.31763766959298,,,,,,0.0011333332920523
2.3192,0.209133333479602,0.00113333338685864,0.209966839039848,0.208299827919357,0.207166494532499,
2.31843575418994,,,,,,0.00113333334060303
2.32,0.209133333479286,0.00113333343496541,0.209966839039531,0.208299827919041,0.207166494484075,
2.31923383878691,,,,,,0.00113333338890671
2.3208,0.209133333478252,0.00113333348266889,0.209966839038497,0.208299827918007,0.207166494435338,
2.32003192338388,,,,,,0.00113333343688452
2.3216,0.209133333481741,0.00113333352988968,0.209966839041986,0.208299827921496,0.207166494391606,
2.32083000798085,,,,,,0.00113333348445764
2.3224,0.209133333484659,0.00113333357654838,0.209966839044904,0.208299827924414,0.207166494347866,
2.32162809257781,,,,,,0.00113333353154723
2.3232,0.209133333486991,0.00113333362256559,0.209966839047236,0.208299827926746,0.20716649430418,
2.32242617717478,,,,,,0.00113333357807447
2.324,0.209133333488722,0.00113333366786194,0.209966839048968,0.208299827928477,0.207166494260615,
2.32322426177175,,,,,,0.00113333362396053
2.3248,0.209133333489837,0.001133333712358,0.209966839050083,0.208299827929592,0.207166494217234,
2.32402234636872,,,,,,0.00113333366912658
2.3256,0.209133333490322,0.00113333375597441,0.209966839050567,0.208299827930077,0.207166494174102,
2.32482043096568,,,,,,0.00113333371349381
2.3264,0.20913333349016,0.00113333379863175,0.209966839050405,0.208299827929915,0.207166494131283,
2.32561851556265,,,,,,0.00113333375698337
2.3272,0.209133333489338,0.00113333384025064,0.209966839049583,0.208299827929092,0.207166494088842,
2.32641660015962,,,,,,0.00113333379951644
2.328,0.209133333487839,0.00113333388075167,0.209966839048085,0.208299827927594,0.207166494046843,
2.32721468475658,,,,,,0.0011333338410142
2.3288,0.209133333485651,0.00113333392005547,0.209966839045896,0.208299827925405,0.20716649400535,
2.32801276935355,,,,,,0.00113333388139781
2.3296,0.209133333482756,0.00113333395808262,0.209966839043001,0.208299827922511,0.207166493964428,
2.32881085395052,,,,,,0.00113333392058846
2.3304,0.20913333347914,0.00113333399475373,0.209966839039386,0.208299827918895,0.207166493924141,
2.32960893854749,,,,,,0.00113333395850731
2.3312,0.209133333474789,0.00113333402998942,0.209966839035035,0.208299827914544,0.207166493884555,
2.33040702314445,,,,,,0.00113333399507553
2.332,0.209133333469688,0.00113333406371028,0.209966839029933,0.208299827909443,0.207166493845732,
2.33120510774142,,,,,,0.00113333403021431
2.3328,0.209133333463821,0.00113333409583693,0.209966839024066,0.208299827903575,0.207166493807738,
2.33200319233839,,,,,,0.00113333406384481
2.3336,0.209133333457173,0.00113333412626566,0.209966839017418,0.208299827896928,0.207166493770662,
2.33280127693535,,,,,,0.0011333340958882
2.33359936153232,,,,,,0.00113333412626566
2.3344,0.20913333344973,0.00113333415498415,0.209966839009975,0.208299827889484,0.2071664937345,
2.33439744612929,,,,,,0.00113333415489836
2.3352,0.209133333441476,0.00113333418184695,0.209966839001721,0.208299827881231,0.207166493699384,
2.33519553072626,,,,,,0.00113333418170747
2.336,0.209133333432397,0.00113333420679758,0.209966838992642,0.208299827872151,0.207166493665354,
2.33599361532322,,,,,,0.00113333420661417
2.3368,0.209133333422477,0.00113333422975663,0.209966838982722,0.208299827862232,0.207166493632475,
2.33679169992019,,,,,,0.00113333422953963
2.3376,0.209133333412656,0.00113333425064472,0.209966838972901,0.20829982785241,0.207166493601766,
2.33758978451716,,,,,,0.00113333425040502
2.3384,0.209133333406813,0.00113333426938245,0.209966838967058,0.208299827846567,0.207166493577185,
2.33838786911413,,,,,,0.00113333426913152
2.3392,0.209133333400883,0.00113333428589043,0.209966838961129,0.208299827840638,0.207166493554748,
2.33918595371109,,,,,,0.00113333428564029
2.34,0.20913333339489,0.00113333430008925,0.209966838955135,0.208299827834644,0.207166493534555,
2.33998403830806,,,,,,0.00113333429985251
2.3408,0.209133333388852,0.00113333431189953,0.209966838949097,0.208299827828607,0.207166493516707,
2.34078212290503,,,,,,0.00113333431168936
2.3416,0.209133333382792,0.00113333432124187,0.209966838943037,0.208299827822547,0.207166493501305,
2.341580207502,,,,,,0.001133334321072
2.3424,0.209133333376731,0.00113333432803688,0.209966838936976,0.208299827816486,0.207166493488449,
2.34237829209896,,,,,,0.00113333432792161
2.3432,0.20913333337069,0.00113333433220516,0.209966838930935,0.208299827810445,0.207166493478239,
2.34317637669593,,,,,,0.00113333433215936
2.344,0.20913333336469,0.00113333433366731,0.209966838924935,0.208299827804445,0.207166493470777,
2.3439744612929,,,,,,0.00113333433370643
2.3448,0.209133333358752,0.00113333433234395,0.209966838918997,0.208299827798507,0.207166493466163,
2.34477254588986,,,,,,0.00113333433248398
2.3456,0.209133333352898,0.00113333432815567,0.209966838913143,0.208299827792653,0.207166493464497,
2.34557063048683,,,,,,0.00113333432841319
2.3464,0.209133333347149,0.00113333432102309,0.209966838907394,0.208299827786903,0.20716649346588,
2.3463687150838,,,,,,0.00113333432141524
2.3472,0.209133333341525,0.0011333343108668,0.20996683890177,0.20829982778128,0.207166493470413,
2.34716679968077,,,,,,0.00113333431141129
2.348,0.209133333336049,0.00113333429760742,0.209966838896294,0.208299827775803,0.207166493478196,
2.34796488427773,,,,,,0.00113333429832252
2.3488,0.20913333333074,0.00113333428116554,0.209966838890986,0.208299827770495,0.20716649348933,
2.3487629688747,,,,,,0.0011333342820701
2.3496,0.209133333325622,0.00113333426146178,0.209966838885867,0.208299827765377,0.207166493503915,
2.34956105347167,,,,,,0.00113333426257521
2.3504,0.209133333320714,0.00113333423841673,0.209966838880959,0.208299827760469,0.207166493522052,
2.35035913806864,,,,,,0.00113333423975901
2.3512,0.209133333316038,0.00113333421195101,0.209966838876283,0.208299827755793,0.207166493543842,
2.3511572226656,,,,,,0.00113333421354268
2.352,0.209133333311615,0.00113333418228229,0.20996683887186,0.20829982775137,0.207166493569087,
2.35195530726257,,,,,,0.00113333418384739
2.3528,0.209133333307466,0.00113333415625952,0.209966838867711,0.208299827747221,0.207166493590961,
2.35275339185954,,,,,,0.00113333415589919
2.3536,0.209133333303613,0.00113333416240197,0.209966838863858,0.208299827743367,0.207166493580966,
2.3535514764565,,,,,,0.00113333416206913
2.3544,0.209133333299773,0.00113333416784515,0.209966838860019,0.208299827739528,0.207166493571683,
2.35434956105347,,,,,,0.00113333416754337
2.3552,0.209133333295226,0.00113333417258548,0.209966838855471,0.208299827734981,0.207166493562395,
2.35514764565044,,,,,,0.00113333417231835
2.356,0.209133333290809,0.00113333417661937,0.209966838851054,0.208299827730563,0.207166493553944,
2.35594573024741,,,,,,0.00113333417639049
2.3568,0.209133333286526,0.00113333417994322,0.209966838846771,0.20829982772628,0.207166493546337,
2.35674381484437,,,,,,0.00113333417975626
2.3576,0.20913333328238,0.00113333418255346,0.209966838842625,0.208299827722135,0.207166493539582,
2.35754189944134,,,,,,0.00113333418241206
2.3584,0.209133333278376,0.0011333341844465,0.209966838838621,0.20829982771813,0.207166493533684,
2.35833998403831,,,,,,0.00113333418435436
2.3592,0.209133333274514,0.00113333418561874,0.209966838834759,0.208299827714269,0.20716649352865,
2.35913806863528,,,,,,0.00113333418557958
2.36,0.209133333270798,0.00113333418606659,0.209966838831043,0.208299827710552,0.207166493524486,
2.35993615323224,,,,,,0.00113333418608416
2.3608,0.209133333267228,0.00113333418578648,0.209966838827473,0.208299827706983,0.207166493521196,
2.36073423782921,,,,,,0.00113333418586454
2.3616,0.209133333263805,0.0011333341847748,0.209966838824051,0.20829982770356,0.207166493518785,
2.36153232242618,,,,,,0.00113333418491716
2.3624,0.209133333260531,0.00113333418302798,0.209966838820776,0.208299827700286,0.207166493517258,
2.36233040702314,,,,,,0.00113333418323845
2.3632,0.209133333257404,0.00113333418054242,0.209966838817649,0.208299827697159,0.207166493516617,
2.36312849162011,,,,,,0.00113333418082485
2.364,0.209133333254424,0.00113333417731454,0.20996683881467,0.208299827694179,0.207166493516865,
2.36392657621708,,,,,,0.00113333417767279
2.3648,0.209133333251591,0.00113333417334075,0.209966838811836,0.208299827691345,0.207166493518005,
2.36472466081405,,,,,,0.00113333417377873
2.3656,0.209133333248901,0.00113333416861745,0.209966838809146,0.208299827688656,0.207166493520038,
2.36552274541101,,,,,,0.00113333416913909
2.3664,0.209133333246354,0.00113333416314107,0.209966838806599,0.208299827686108,0.207166493522967,
2.36632083000798,,,,,,0.0011333341637503
2.3672,0.209133333243945,0.00113333415690801,0.209966838804191,0.2082998276837,0.207166493526792,
2.36711891460495,,,,,,0.00113333415760882
2.368,0.209133333241673,0.00113333414991468,0.209966838801918,0.208299827681428,0.207166493531513,
2.36791699920192,,,,,,0.00113333415071107
2.3688,0.209133333239533,0.0011333341421575,0.209966838799779,0.208299827679288,0.207166493537131,
2.36871508379888,,,,,,0.00113333414305349
2.3696,0.209133333237522,0.00113333413363288,0.209966838797767,0.208299827677276,0.207166493543643,
2.36951316839585,,,,,,0.00113333413463253
2.3704,0.209133333235633,0.00113333412433723,0.209966838795878,0.208299827675388,0.207166493551051,
2.37031125299282,,,,,,0.00113333412544461
2.3712,0.209133333233863,0.00113333411426697,0.209966838794108,0.208299827673617,0.20716649355935,
2.37110933758978,,,,,,0.00113333411548618
2.372,0.209133333232204,0.00113333410341849,0.209966838792449,0.208299827671959,0.20716649356854,
2.37190742218675,,,,,,0.00113333410475367
2.3728,0.209133333230652,0.00113333409178822,0.209966838790897,0.208299827670406,0.207166493578618,
2.37270550678372,,,,,,0.00113333409324352
2.3736,0.209133333229198,0.00113333407937257,0.209966838789443,0.208299827668953,0.20716649358958,
2.37350359138069,,,,,,0.00113333408095216
2.3744,0.209133333227836,0.00113333406616795,0.209966838788081,0.208299827667591,0.207166493601423,
2.37430167597765,,,,,,0.00113333406787605
2.3752,0.209133333226557,0.00113333405217076,0.209966838786803,0.208299827666312,0.207166493614141,
2.37509976057462,,,,,,0.0011333340540116
2.376,0.209133333225354,0.00113333403737743,0.209966838785599,0.208299827665109,0.207166493627731,
2.37589784517159,,,,,,0.00113333403935526
2.3768,0.209133333224217,0.00113333402178437,0.209966838784462,0.208299827663972,0.207166493642188,
2.37669592976856,,,,,,0.00113333402390347
2.3776,0.209133333223137,0.00113333400538798,0.209966838783382,0.208299827662892,0.207166493657504,
2.37749401436552,,,,,,0.00113333400765267
2.3784,0.209133333222104,0.00113333398818468,0.209966838782349,0.208299827661859,0.207166493673674,
2.37829209896249,,,,,,0.00113333399059929
2.3792,0.209133333221107,0.00113333397017088,0.209966838781352,0.208299827660862,0.207166493690691,
2.37909018355946,,,,,,0.00113333397273976
2.38,0.209133333220136,0.00113333395134299,0.209966838780381,0.20829982765989,0.207166493708547,
2.37988826815642,,,,,,0.00113333395407054
2.3808,0.209133333219178,0.00113333393169742,0.209966838779423,0.208299827658933,0.207166493727235,
2.38068635275339,,,,,,0.00113333393458804
2.3816,0.209133333218222,0.00113333391123059,0.209966838778467,0.208299827657977,0.207166493746746,
2.38148443735036,,,,,,0.00113333391428872
2.3824,0.209133333217256,0.0011333338899389,0.209966838777501,0.20829982765701,0.207166493767072,
2.38228252194733,,,,,,0.00113333389316901
2.3832,0.209133333216265,0.00113333386781878,0.209966838776511,0.20829982765602,0.207166493788201,
2.38308060654429,,,,,,0.00113333387122534
2.384,0.209133333215238,0.00113333384486662,0.209966838775483,0.208299827654992,0.207166493810126,
2.38387869114126,,,,,,0.00113333384845416
2.3848,0.209133333214158,0.00113333382107884,0.209966838774404,0.208299827653913,0.207166493832834,
2.38467677573823,,,,,,0.0011333338248519
2.3856,0.209133333213013,0.00113333379645186,0.209966838773258,0.208299827652768,0.207166493856316,
2.3854748603352,,,,,,0.001133333800415
2.3864,0.209133333211786,0.00113333377098209,0.209966838772031,0.208299827651541,0.207166493880559,
2.38627294493216,,,,,,0.00113333377513989
2.3872,0.209133333210462,0.00113333374466593,0.209966838770707,0.208299827650217,0.207166493905551,
2.38707102952913,,,,,,0.00113333374902302
2.388,0.209133333209815,0.0011333337174998,0.20996683877006,0.20829982764957,0.20716649393207,
2.3878691141261,,,,,,0.00113333372206082
2.3888,0.209133333210462,0.00113333368948011,0.209966838770707,0.208299827650217,0.207166493960736,
2.38866719872306,,,,,,0.00113333369424973
2.3896,0.209133333211257,0.00113333366138159,0.209966838771503,0.208299827651012,0.20716649398963,
2.38946528332003,,,,,,0.00113333366558618
2.3904,0.209133333212203,0.00113333363792636,0.209966838772448,0.208299827651957,0.207166494014031,
2.390263367917,,,,,,0.0011333336406775
2.3912,0.209133333213299,0.00113333362182364,0.209966838773544,0.208299827653054,0.20716649403123,
2.39106145251397,,,,,,0.00113333362460779
2.392,0.209133333214548,0.00113333360575573,0.209966838774793,0.208299827654302,0.207166494048547,
2.39185953711093,,,,,,0.00113333360857009
2.3928,0.20913333321595,0.00113333358973779,0.209966838776195,0.208299827655705,0.207166494065967,
2.3926576217079,,,,,,0.00113333359257944
2.3936,0.209133333217507,0.00113333357378495,0.209966838777752,0.208299827657262,0.207166494083477,
2.39345570630487,,,,,,0.00113333357665089
2.3944,0.209133333219221,0.00113333355791237,0.209966838779466,0.208299827658975,0.207166494101063,
2.39425379090184,,,,,,0.00113333356079947
2.3952,0.209133333221091,0.00113333354213518,0.209966838781337,0.208299827660846,0.207166494118711,
2.3950518754988,,,,,,0.0011333335450402
2.396,0.209133333223121,0.00113333352646854,0.209966838783366,0.208299827662876,0.207166494136407,
2.39584996009577,,,,,,0.00113333352938814
2.3968,0.209133333225311,0.00113333351092758,0.209966838785556,0.208299827665065,0.207166494154138,
2.39664804469274,,,,,,0.00113333351385832
2.3976,0.209133333227662,0.00113333349552746,0.209966838787907,0.208299827667416,0.207166494171889,
2.3974461292897,,,,,,0.00113333349846577
2.3984,0.209133333230175,0.00113333348028331,0.20996683879042,0.20829982766993,0.207166494189647,
2.39824421388667,,,,,,0.00113333348322554
2.3992,0.209133333232852,0.00113333346521029,0.209966838793098,0.208299827672607,0.207166494207397,
2.39904229848364,,,,,,0.00113333346815265
2.4,0.209133333235695,0.00113333345032354,0.20996683879594,0.20829982767545,0.207166494225126,
2.39984038308061,,,,,,0.00113333345326215
2.4008,0.209133333238704,0.0011333334356382,0.209966838798949,0.208299827678458,0.20716649424282,
2.40063846767757,,,,,,0.00113333343856907
2.4016,0.20913333324188,0.00113333342116941,0.209966838802125,0.208299827681635,0.207166494260466,
2.40143655227454,,,,,,0.00113333342408845
2.4024,0.209133333245226,0.00113333340693234,0.209966838805471,0.208299827684981,0.207166494278048,
2.40223463687151,,,,,,0.00113333340983533
2.4032,0.209133333248742,0.00113333339294211,0.209966838808987,0.208299827688496,0.207166494295554,
2.40303272146848,,,,,,0.00113333339582474
2.404,0.209133333252429,0.00113333337921387,0.209966838812674,0.208299827692184,0.20716649431297,
2.40383080606544,,,,,,0.00113333338207172
2.4048,0.209133333256289,0.00113333336576278,0.209966838816534,0.208299827696044,0.207166494330281,
2.40462889066241,,,,,,0.00113333336859131
2.4056,0.209133333260323,0.00113333335260397,0.209966838820568,0.208299827700078,0.207166494347474,
2.40542697525938,,,,,,0.00113333335539854
2.4064,0.209133333264533,0.00113333333975259,0.209966838824778,0.208299827704288,0.207166494364535,
2.40622505985634,,,,,,0.00113333334250845
2.4072,0.209133333268919,0.00113333332722378,0.209966838829164,0.208299827708674,0.20716649438145,
2.40702314445331,,,,,,0.00113333332993608
2.408,0.209133333273483,0.0011333333150327,0.209966838833728,0.208299827713238,0.207166494398205,
2.40782122905028,,,,,,0.00113333331769647
2.4088,0.209133333278226,0.00113333330319448,0.209966838838472,0.208299827717981,0.207166494414787,
2.40861931364725,,,,,,0.00113333330580464
2.4096,0.20913333328315,0.00113333329172427,0.209966838843395,0.208299827722905,0.207166494431181,
2.40941739824421,,,,,,0.00113333329427565
2.4104,0.209133333288256,0.00113333328063721,0.209966838848501,0.20829982772801,0.207166494447373,
2.41021548284118,,,,,,0.00113333328312452
2.4112,0.209133333293544,0.00113333326994846,0.209966838853789,0.208299827733299,0.207166494463351,
2.41101356743815,,,,,,0.00113333327236629
2.412,0.209133333299017,0.00113333325967315,0.209966838859262,0.208299827738772,0.207166494479099,
2.41181165203512,,,,,,0.001133333262016
2.4128,0.209133333304676,0.00113333324982644,0.209966838864921,0.20829982774443,0.207166494494604,
2.41260973663208,,,,,,0.00113333325208868
2.4136,0.209133333310521,0.00113333324042345,0.209966838870766,0.208299827750276,0.207166494509852,
2.41340782122905,,,,,,0.00113333324259938
2.4144,0.209133333316554,0.00113333323147936,0.2099668388768,0.208299827756309,0.20716649452483,
2.41420590582602,,,,,,0.00113333323356313
2.4152,0.209133333322777,0.00113333322300928,0.209966838883023,0.208299827762532,0.207166494539523,
2.41500399042298,,,,,,0.00113333322499497
2.416,0.209133333329191,0.00113333321502838,0.209966838889436,0.208299827768946,0.207166494553917,
2.41580207501995,,,,,,0.00113333321690993
2.4168,0.209133333335797,0.0011333332075518,0.209966838896042,0.208299827775551,0.207166494568,
2.41660015961692,,,,,,0.00113333320932305
2.4176,0.209133333342596,0.00113333320059467,0.209966838902841,0.20829982778235,0.207166494581756,
2.41739824421389,,,,,,0.00113333320224936
2.4184,0.209133333349589,0.00113333319417216,0.209966838909834,0.208299827789344,0.207166494595172,
2.41819632881085,,,,,,0.00113333319570391
2.4192,0.209133333356778,0.0011333331882994,0.209966838917023,0.208299827796533,0.207166494608234,
2.41899441340782,,,,,,0.00113333318970174
2.42,0.209133333364165,0.00113333318299153,0.20996683892441,0.208299827803919,0.207166494620928,
2.41979249800479,,,,,,0.00113333318425787
2.4208,0.209133333371749,0.00113333317826371,0.209966838931995,0.208299827811504,0.20716649463324,
2.42059058260176,,,,,,0.00113333317938734
2.4216,0.20913333337736,0.00113333317413107,0.209966838937605,0.208299827817114,0.207166494642983,
2.42138866719872,,,,,,0.0011333331751052
2.4224,0.209133333381043,0.00113333317060877,0.209966838941288,0.208299827820798,0.207166494650189,
2.42218675179569,,,,,,0.00113333317142647
2.4232,0.209133333384631,0.00113333316771194,0.209966838944876,0.208299827824386,0.207166494656674,
2.42298483639266,,,,,,0.0011333331683662
2.424,0.209133333388118,0.00113333316545574,0.209966838948363,0.208299827827873,0.207166494662417,
2.42378292098963,,,,,,0.00113333316593943
2.4248,0.209133333391499,0.00113333316385531,0.209966838951745,0.208299827831254,0.207166494667399,
2.42458100558659,,,,,,0.00113333316416118
2.4256,0.209133333394769,0.00113333316292579,0.209966838955014,0.208299827834523,0.207166494671598,
2.42537909018356,,,,,,0.0011333331630465
2.4264,0.20913333339792,0.00113333316268233,0.209966838958166,0.208299827837675,0.207166494674993,
2.42617717478053,,,,,,0.00113333316261042
2.4272,0.209133333400949,0.00113333316163939,0.209966838961195,0.208299827840704,0.207166494679065,
2.42697525937749,,,,,,0.00113333316286798
2.428,0.20913333340385,0.00113333315606507,0.209966838964095,0.208299827843604,0.207166494687539,
2.42777334397446,,,,,,0.00113333315850508
2.4288,0.209133333406616,0.00113333314748178,0.209966838966861,0.208299827846371,0.207166494698889,
2.42857142857143,,,,,,0.00113333314991348
2.4296,0.209133333409242,0.00113333313900051,0.209966838969488,0.208299827848997,0.207166494709997,
2.4293695131684,,,,,,0.00113333314142289
2.4304,0.209133333411724,0.00113333313062313,0.209966838971969,0.208299827851478,0.207166494720855,
2.43016759776536,,,,,,0.00113333313303515
2.4312,0.209133333414054,0.00113333312235149,0.209966838974299,0.208299827853809,0.207166494731457,
2.43096568236233,,,,,,0.00113333312475211
2.432,0.209133333416228,0.00113333311418745,0.209966838976473,0.208299827855983,0.207166494741795,
2.4317637669593,,,,,,0.00113333311657561
2.4328,0.20913333341824,0.00113333310613286,0.209966838978485,0.208299827857995,0.207166494751862,
2.43256185155626,,,,,,0.0011333331085075
2.4336,0.209133333420085,0.00113333309818958,0.20996683898033,0.208299827859839,0.20716649476165,
2.43335993615323,,,,,,0.00113333310054961
2.4344,0.209133333421756,0.00113333309035947,0.209966838982001,0.208299827861511,0.207166494771151,
2.4341580207502,,,,,,0.00113333309270379
2.4352,0.209133333423248,0.00113333308264438,0.209966838983494,0.208299827863003,0.207166494780359,
2.43495610534717,,,,,,0.00113333308497188
2.436,0.209133333424557,0.00113333307504617,0.209966838984802,0.208299827864312,0.207166494789265,
2.43575418994413,,,,,,0.00113333307735573
2.4368,0.209133333425675,0.0011333330675667,0.20996683898592,0.20829982786543,0.207166494797863,
2.4365522745411,,,,,,0.00113333306985717
2.4376,0.209133333426598,0.00113333306020781,0.209966838986843,0.208299827866353,0.207166494806145,
2.43735035913807,,,,,,0.00113333306247806
2.4384,0.20913333342732,0.00113333305297138,0.209966838987565,0.208299827867075,0.207166494814104,
2.43814844373504,,,,,,0.00113333305522023
2.4392,0.209133333427836,0.00113333304585924,0.209966838988081,0.20829982786759,0.207166494821731,
2.438946528332,,,,,,0.00113333304808553
2.44,0.209133333428139,0.00113333303887327,0.209966838988384,0.208299827867894,0.20716649482902,
2.43974461292897,,,,,,0.0011333330410758
2.4408,0.209133333428224,0.00113333303201532,0.20996683898847,0.208299827867979,0.207166494835964,
2.44054269752594,,,,,,0.00113333303419289
2.4416,0.209133333428087,0.00113333302528723,0.209966838988332,0.208299827867841,0.207166494842554,
2.4413407821229,,,,,,0.00113333302743863
2.4424,0.20913333342772,0.00113333301869088,0.209966838987965,0.208299827867475,0.207166494848784,
2.44213886671987,,,,,,0.00113333302081487
2.4432,0.209133333427119,0.00113333301222811,0.209966838987364,0.208299827866874,0.207166494854646,
2.44293695131684,,,,,,0.00113333301432346
2.444,0.209133333426278,0.00113333300590079,0.209966838986523,0.208299827866033,0.207166494860132,
2.44373503591381,,,,,,0.00113333300796623
2.4448,0.209133333425191,0.00113333299971076,0.209966838985436,0.208299827864946,0.207166494865235,
2.44453312051077,,,,,,0.00113333300174503
2.4456,0.209133333423853,0.00113333299365989,0.209966838984099,0.208299827863608,0.207166494869948,
2.44533120510774,,,,,,0.0011333329956617
2.4464,0.209133333422259,0.00113333298775002,0.209966838982504,0.208299827862014,0.207166494874264,
2.44612928970471,,,,,,0.00113333298971808
2.4472,0.209133333420402,0.00113333298198303,0.209966838980647,0.208299827860157,0.207166494878174,
2.44692737430168,,,,,,0.00113333298391603
2.448,0.209133333418277,0.00113333297636076,0.209966838978522,0.208299827858032,0.207166494881671,
2.44772545889864,,,,,,0.00113333297825737
2.4488,0.209133333415879,0.00113333297088506,0.209966838976124,0.208299827855634,0.207166494884749,
2.44852354349561,,,,,,0.00113333297274396
2.4496,0.209133333413202,0.00113333296555781,0.209966838973447,0.208299827852956,0.207166494887399,
2.44932162809258,,,,,,0.00113333296737763
2.4504,0.20913333341024,0.00113333296038084,0.209966838970485,0.208299827849995,0.207166494889614,
2.45011971268955,,,,,,0.00113333296216024
2.4512,0.209133333406988,0.00113333295535603,0.209966838967233,0.208299827846742,0.207166494891386,
2.45091779728651,,,,,,0.00113333295709362
2.452,0.20913333340344,0.00113333295048522,0.209966838963685,0.208299827843195,0.207166494892709,
2.45171588188348,,,,,,0.00113333295217961
2.4528,0.209133333399591,0.00113333294577027,0.209966838959836,0.208299827839345,0.207166494893575,
2.45251396648045,,,,,,0.00113333294742007
2.4536,0.209133333395435,0.00113333294121303,0.20996683895568,0.208299827835189,0.207166494893976,
2.45331205107741,,,,,,0.00113333294281682
2.4544,0.209133333390966,0.00113333293681537,0.209966838951211,0.208299827830721,0.207166494893906,
2.45411013567438,,,,,,0.00113333293837172
2.4552,0.209133333388809,0.00113333293257914,0.209966838949055,0.208299827828564,0.207166494895985,
2.45490822027135,,,,,,0.00113333293408661
2.456,0.209133333387828,0.0011333329285062,0.209966838948073,0.208299827827583,0.207166494899077,
2.45570630486832,,,,,,0.00113333292996333
2.4568,0.209133333386801,0.0011333329245984,0.209966838947046,0.208299827826556,0.207166494901958,
2.45650438946528,,,,,,0.00113333292600373
2.4576,0.20913333338573,0.0011333329208576,0.209966838945975,0.208299827825484,0.207166494904627,
2.45730247406225,,,,,,0.00113333292220964
2.4584,0.209133333384614,0.00113333291728565,0.209966838944859,0.208299827824369,0.207166494907083,
2.45810055865922,,,,,,0.00113333291858291
2.4592,0.209133333383456,0.00113333291388442,0.209966838943701,0.208299827823211,0.207166494909326,
2.45889864325619,,,,,,0.00113333291512539
2.46,0.209133333382256,0.00113333291065575,0.209966838942501,0.208299827822011,0.207166494911355,
2.45969672785315,,,,,,0.00113333291183891
2.4608,0.209133333381015,0.00113333290760151,0.20996683894126,0.20829982782077,0.207166494913168,
2.46049481245012,,,,,,0.00113333290872532
2.4616,0.209133333379734,0.00113333290472354,0.209966838939979,0.208299827819488,0.207166494914765,
2.46129289704709,,,,,,0.00113333290578647
2.4624,0.209133333378413,0.00113333290202372,0.209966838938659,0.208299827818168,0.207166494916145,
2.46209098164405,,,,,,0.00113333290302419
2.4632,0.209133333377055,0.00113333289950388,0.2099668389373,0.20829982781681,0.207166494917306,
2.46288906624102,,,,,,0.00113333290044033
2.464,0.20913333337566,0.0011333328971659,0.209966838935905,0.208299827815414,0.207166494918248,
2.46368715083799,,,,,,0.00113333289803672
2.4648,0.209133333374228,0.00113333289501162,0.209966838934473,0.208299827813983,0.207166494918971,
2.46448523543496,,,,,,0.00113333289581523
2.4656,0.209133333372761,0.0011333328930429,0.209966838933006,0.208299827812515,0.207166494919473,
2.46528332003192,,,,,,0.00113333289377768
2.4664,0.209133333371259,0.0011333328912616,0.209966838931504,0.208299827811014,0.207166494919752,
2.46608140462889,,,,,,0.00113333289192592
2.4672,0.209133333369724,0.00113333288966958,0.209966838929969,0.208299827809479,0.207166494919809,
2.46687948922586,,,,,,0.0011333328902618
2.468,0.209133333368157,0.00113333288826868,0.209966838928402,0.208299827807912,0.207166494919643,
2.46767757382283,,,,,,0.00113333288878715
2.4688,0.209133333366558,0.00113333288706078,0.209966838926803,0.208299827806313,0.207166494919252,
2.46847565841979,,,,,,0.00113333288750382
2.4696,0.209133333364928,0.00113333288604771,0.209966838925173,0.208299827804683,0.207166494918635,
2.46927374301676,,,,,,0.00113333288641366
2.4704,0.209133333363269,0.00113333288523135,0.209966838923514,0.208299827803024,0.207166494917792,
2.47007182761373,,,,,,0.0011333328855185
2.4712,0.209133333361581,0.00113333288461354,0.209966838921826,0.208299827801336,0.207166494916722,
2.47086991221069,,,,,,0.00113333288482018
2.472,0.209133333359865,0.00113333288419615,0.20996683892011,0.20829982779962,0.207166494915424,
2.47166799680766,,,,,,0.00113333288432056
2.4728,0.209133333358122,0.00113333288398102,0.209966838918367,0.208299827797877,0.207166494913896,
2.47246608140463,,,,,,0.00113333288402148
2.4736,0.209133333356354,0.00113333288397002,0.209966838916599,0.208299827796108,0.207166494912138,
2.4732641660016,,,,,,0.00113333288392477
2.4744,0.20913333335456,0.00113333288416499,0.209966838914805,0.208299827794315,0.20716649491015,
2.47406225059856,,,,,,0.00113333288403229
2.4752,0.209133333352742,0.00113333288456781,0.209966838912987,0.208299827792497,0.207166494907929,
2.47486033519553,,,,,,0.00113333288434587
2.476,0.209133333350901,0.00113333288518032,0.209966838911147,0.208299827790656,0.207166494905476,
2.4756584197925,,,,,,0.00113333288486735
2.4768,0.209133333349038,0.00113333288600438,0.209966838909284,0.208299827788793,0.207166494902789,
2.47645650438947,,,,,,0.00113333288559858
2.4776,0.209133333347154,0.00113333288704184,0.209966838907399,0.208299827786909,0.207166494899867,
2.47725458898643,,,,,,0.00113333288654141
2.4784,0.20913333334525,0.00113333288829457,0.209966838905495,0.208299827785005,0.20716649489671,
2.4780526735834,,,,,,0.00113333288769768
2.4792,0.209133333343326,0.00113333288976442,0.209966838903571,0.208299827783081,0.207166494893316,
2.47885075818037,,,,,,0.00113333288906922
2.48,0.209133333341384,0.00113333289145324,0.209966838901629,0.208299827781139,0.207166494889685,
2.47964884277733,,,,,,0.00113333289065788
2.4808,0.209133333339424,0.00113333289336289,0.209966838899669,0.208299827779179,0.207166494885816,
2.4804469273743,,,,,,0.00113333289246551
2.4816,0.209133333337448,0.00113333289549523,0.209966838897693,0.208299827777203,0.207166494881707,
2.48124501197127,,,,,,0.00113333289449395
2.4824,0.209133333335456,0.00113333289785212,0.209966838895701,0.208299827775211,0.207166494877359,
2.48204309656824,,,,,,0.00113333289674504
2.4832,0.20913333333345,0.0011333329004354,0.209966838893695,0.208299827773204,0.207166494872769,
2.4828411811652,,,,,,0.00113333289922062
2.484,0.209133333331429,0.00113333290324695,0.209966838891675,0.208299827771184,0.207166494867937,
2.48363926576217,,,,,,0.00113333290192254
2.4848,0.209133333329396,0.0011333329062886,0.209966838889642,0.208299827769151,0.207166494862863,
2.48443735035914,,,,,,0.00113333290485264
2.4856,0.209133333327352,0.00113333290956222,0.209966838887597,0.208299827767106,0.207166494857544,
2.48523543495611,,,,,,0.00113333290801276
2.4864,0.209133333325296,0.00113333291306967,0.209966838885541,0.208299827765051,0.207166494851981,
2.48603351955307,,,,,,0.00113333291140475
2.4872,0.20913333332323,0.0011333329168128,0.209966838883476,0.208299827762985,0.207166494846172,
2.48683160415004,,,,,,0.00113333291503045
2.488,0.209133333321156,0.00113333292079347,0.209966838881401,0.20829982776091,0.207166494840117,
2.48762968874701,,,,,,0.0011333329188917
2.4888,0.209133333319573,0.00113333292501354,0.209966838879818,0.208299827759328,0.207166494834314,
2.48842777334397,,,,,,0.00113333292299035
2.4896,0.209133333318135,0.00113333292947485,0.20996683887838,0.20829982775789,0.207166494828415,
2.48922585794094,,,,,,0.00113333292732823
2.4904,0.209133333316735,0.00113333293417927,0.20996683887698,0.20829982775649,0.20716649482231,
2.49002394253791,,,,,,0.0011333329319072
2.4912,0.209133333315375,0.00113333293912866,0.20996683887562,0.20829982775513,0.207166494816001,
2.49082202713488,,,,,,0.00113333293672909
2.492,0.209133333314058,0.00113333294432486,0.209966838874303,0.208299827753812,0.207166494809487,
2.49162011173184,,,,,,0.00113333294179575
2.4928,0.209133333312784,0.00113333294976974,0.209966838873029,0.208299827752539,0.207166494802769,
2.49241819632881,,,,,,0.00113333294710901
2.4936,0.209133333311557,0.00113333295546515,0.209966838871802,0.208299827751312,0.207166494795847,
2.49321628092578,,,,,,0.00113333295267073
2.4944,0.209133333310378,0.00113333296141295,0.209966838870623,0.208299827750132,0.207166494788719,
2.49401436552275,,,,,,0.00113333295848275
2.4952,0.209133333309248,0.001133332967615,0.209966838869494,0.208299827749003,0.207166494781388,
2.49481245011971,,,,,,0.00113333296454691
2.496,0.209133333308171,0.00113333297407315,0.209966838868416,0.208299827747926,0.207166494773853,
2.49561053471668,,,,,,0.00113333297086505
2.4968,0.209133333307148,0.00113333298078925,0.209966838867393,0.208299827746903,0.207166494766113,
2.49640861931365,,,,,,0.00113333297743902
2.4976,0.209133333306181,0.00113333298776517,0.209966838866426,0.208299827745935,0.20716649475817,
2.49720670391061,,,,,,0.00113333298427065
2.4984,0.209133333305271,0.00113333299500275,0.209966838865516,0.208299827745026,0.207166494750023,
2.49800478850758,,,,,,0.0011333329913618
2.4992,0.209133333304421,0.00113333300250387,0.209966838864666,0.208299827744176,0.207166494741672,
2.49880287310455,,,,,,0.0011333329987143
2.5,0.209133333303633,0.00113333301027036,0.209966838863879,0.208299827743388,0.207166494733118,
2.49960095770152,,,,,,0.00113333300632999
2.5008,0.209133333302909,0.0011333330183041,0.209966838863154,0.208299827742664,0.20716649472436,
2.50039904229848,,,,,,0.00113333301421073
2.5016,0.20913333330225,0.00113333302660693,0.209966838862496,0.208299827742005,0.207166494715398,
2.50119712689545,,,,,,0.00113333302235835
2.5024,0.20913333330166,0.00113333303213911,0.209966838861905,0.208299827741414,0.207166494709275,
2.50199521149242,,,,,,0.0011333330307747
2.5032,0.209133333301138,0.00113333303473529,0.209966838861383,0.208299827740893,0.207166494706158,
2.50279329608939,,,,,,0.00113333303346478
2.504,0.209133333300688,0.00113333303725999,0.209966838860934,0.208299827740443,0.207166494703183,
2.50359138068635,,,,,,0.00113333303595793
2.5048,0.209133333300312,0.00113333303983436,0.209966838860557,0.208299827740067,0.207166494700232,
2.50438946528332,,,,,,0.00113333303850101
2.5056,0.209133333300011,0.00113333304245744,0.209966838860256,0.208299827739766,0.207166494697309,
2.50518754988029,,,,,,0.00113333304109306
2.5064,0.209133333299788,0.00113333304512824,0.209966838860033,0.208299827739543,0.207166494694414,
2.50598563447725,,,,,,0.00113333304373311
2.5072,0.209133333299644,0.00113333304784581,0.209966838859889,0.208299827739399,0.207166494691553,
2.50678371907422,,,,,,0.0011333330464202
2.508,0.209133333299581,0.00113333305060918,0.209966838859826,0.208299827739336,0.207166494688727,
2.50758180367119,,,,,,0.00113333304915336
2.5088,0.209133333299602,0.00113333305341737,0.209966838859847,0.208299827739357,0.207166494685939,
2.50837988826816,,,,,,0.00113333305193164
2.5096,0.209133333299708,0.00113333305626941,0.209966838859953,0.208299827739463,0.207166494683193,
2.50917797286512,,,,,,0.00113333305475407
2.5104,0.209133333299901,0.00113333305916434,0.209966838860146,0.208299827739656,0.207166494680491,
2.50997605746209,,,,,,0.00113333305761969
2.5112,0.209133333300183,0.00113333306210118,0.209966838860428,0.208299827739938,0.207166494677837,
2.51077414205906,,,,,,0.00113333306052754
2.512,0.209133333300557,0.00113333306507896,0.209966838860802,0.208299827740311,0.207166494675232,
2.51157222665603,,,,,,0.00113333306347664
2.5128,0.209133333301023,0.00113333306809672,0.209966838861268,0.208299827740778,0.207166494672681,
2.51237031125299,,,,,,0.00113333306646605
2.5136,0.209133333301585,0.00113333307115349,0.20996683886183,0.208299827741339,0.207166494670186,
2.51316839584996,,,,,,0.00113333306949479
2.5144,0.209133333302243,0.00113333307424829,0.209966838862488,0.208299827741998,0.20716649466775,
2.51396648044693,,,,,,0.00113333307256191
2.5152,0.209133333303001,0.00113333307738015,0.209966838863246,0.208299827742755,0.207166494665375,
2.51476456504389,,,,,,0.00113333307566644
2.516,0.209133333303859,0.00113333308054811,0.209966838864104,0.208299827743614,0.207166494663066,
2.51556264964086,,,,,,0.00113333307880741
2.5168,0.20913333330482,0.0011333330837512,0.209966838865066,0.208299827744575,0.207166494660824,
2.51636073423783,,,,,,0.00113333308198387
2.5176,0.209133333305887,0.00113333308698844,0.209966838866132,0.208299827745641,0.207166494658653,
2.5171588188348,,,,,,0.00113333308519485
2.5184,0.209133333307059,0.00113333309025886,0.209966838867305,0.208299827746814,0.207166494656555,
2.51795690343176,,,,,,0.0011333330884394
2.5192,0.209133333308341,0.0011333330935615,0.209966838868586,0.208299827748096,0.207166494654534,
2.51875498802873,,,,,,0.00113333309171653
2.52,0.209133333309734,0.00113333309689539,0.209966838869979,0.208299827749488,0.207166494652593,
2.5195530726257,,,,,,0.0011333330950253
2.5208,0.209133333311239,0.00113333310025955,0.209966838871484,0.208299827750993,0.207166494650734,
2.52035115722267,,,,,,0.00113333309836474
2.5216,0.209133333312858,0.00113333310365302,0.209966838873104,0.208299827752613,0.20716649464896,
2.52114924181963,,,,,,0.00113333310173389
2.5224,0.209133333313171,0.00113333310707482,0.209966838873416,0.208299827752926,0.207166494645851,
2.5219473264166,,,,,,0.00113333310513178
2.5232,0.209133333313438,0.00113333311052399,0.209966838873683,0.208299827753193,0.207166494642669,
2.52274541101357,,,,,,0.00113333310855745
2.524,0.209133333313718,0.00113333311399956,0.209966838873963,0.208299827753473,0.207166494639473,
2.52354349561053,,,,,,0.00113333311200995
2.5248,0.20913333331401,0.00113333311750055,0.209966838874255,0.208299827753765,0.207166494636264,
2.5243415802075,,,,,,0.00113333311548829
2.5256,0.209133333314314,0.001133333121026,0.209966838874559,0.208299827754069,0.207166494633043,
2.52513966480447,,,,,,0.00113333311899153
2.5264,0.20913333331463,0.00113333312457494,0.209966838874875,0.208299827754384,0.207166494629809,
2.52593774940144,,,,,,0.0011333331225187
2.5272,0.209133333314956,0.00113333312814639,0.209966838875201,0.20829982775471,0.207166494626564,
2.5267358339984,,,,,,0.00113333312606884
2.528,0.209133333315292,0.00113333313173939,0.209966838875537,0.208299827755047,0.207166494623308,
2.52753391859537,,,,,,0.00113333312964098
2.5288,0.209133333315639,0.00113333313535297,0.209966838875884,0.208299827755393,0.20716649462004,
2.52833200319234,,,,,,0.00113333313323416
2.5296,0.209133333315994,0.00113333313898616,0.209966838876239,0.208299827755749,0.207166494616763,
2.52913008778931,,,,,,0.00113333313684741
2.5304,0.209133333316359,0.00113333314263798,0.209966838876604,0.208299827756114,0.207166494613476,
2.52992817238627,,,,,,0.00113333314047979
2.5312,0.209133333316732,0.00113333314630747,0.209966838876977,0.208299827756486,0.207166494610179,
2.53072625698324,,,,,,0.00113333314413031
2.532,0.209133333317112,0.00113333314999365,0.209966838877358,0.208299827756867,0.207166494606873,
2.53152434158021,,,,,,0.00113333314779803
2.5328,0.2091333333175,0.00113333315369557,0.209966838877746,0.208299827757255,0.20716649460356,
2.53232242617717,,,,,,0.00113333315148197
2.5336,0.209133333317895,0.00113333315741224,0.20996683887814,0.20829982775765,0.207166494600238,
2.53312051077414,,,,,,0.00113333315518117
2.5344,0.209133333318296,0.0011333331611427,0.209966838878542,0.208299827758051,0.207166494596908,
2.53391859537111,,,,,,0.00113333315889467
2.5352,0.209133333318703,0.00113333316488598,0.209966838878949,0.208299827758458,0.207166494593572,
2.53471667996808,,,,,,0.00113333316262151
2.536,0.209133333319116,0.00113333316864111,0.209966838879361,0.208299827758871,0.20716649459023,
2.53551476456504,,,,,,0.00113333316636073
2.5368,0.209133333319533,0.00113333317240711,0.209966838879778,0.208299827759288,0.207166494586881,
2.53631284916201,,,,,,0.00113333317011135
2.5376,0.209133333319955,0.00113333317618303,0.2099668388802,0.208299827759709,0.207166494583526,
2.53711093375898,,,,,,0.00113333317387243
2.5384,0.20913333332038,0.00113333317996788,0.209966838880625,0.208299827760135,0.207166494580167,
2.53790901835595,,,,,,0.00113333317764299
2.5392,0.209133333320809,0.0011333331837607,0.209966838881054,0.208299827760564,0.207166494576803,
2.53870710295291,,,,,,0.00113333318142207
2.54,0.20913333332124,0.00113333318756052,0.209966838881486,0.208299827760995,0.207166494573435,
2.53950518754988,,,,,,0.00113333318520871
2.5408,0.209133333321674,0.00113333319136637,0.20996683888192,0.208299827761429,0.207166494570063,
2.54030327214685,,,,,,0.00113333318900195
2.5416,0.20913333332211,0.00113333319517728,0.209966838882355,0.208299827761865,0.207166494566688,
2.54110135674381,,,,,,0.00113333319280083
2.5424,0.209133333322547,0.00113333319899228,0.209966838882793,0.208299827762302,0.20716649456331,
2.54189944134078,,,,,,0.00113333319660437
2.5432,0.209133333322985,0.0011333332028104,0.209966838883231,0.20829982776274,0.20716649455993,
2.54269752593775,,,,,,0.00113333320041162
2.544,0.209133333323424,0.00113333320663066,0.209966838883669,0.208299827763178,0.207166494556548,
2.54349561053472,,,,,,0.00113333320422162
2.5448,0.209133333323862,0.00113333321045211,0.209966838884107,0.208299827763617,0.207166494553164,
2.54429369513168,,,,,,0.0011333332080334
2.5456,0.209133333324299,0.00113333321427377,0.209966838884545,0.208299827764054,0.20716649454978,
2.54509177972865,,,,,,0.001133333211846
2.5464,0.209133333324736,0.00113333321809466,0.209966838884981,0.208299827764491,0.207166494546396,
2.54588986432562,,,,,,0.00113333321565845
2.5472,0.20913333332517,0.00113333322191383,0.209966838885416,0.208299827764925,0.207166494543011,
2.54668794892259,,,,,,0.0011333332194698
2.548,0.209133333325603,0.0011333332257303,0.209966838885848,0.208299827765358,0.207166494539628,
2.54748603351955,,,,,,0.00113333322327908
2.5488,0.209133333326033,0.00113333322954309,0.209966838886278,0.208299827765788,0.207166494536245,
2.54828411811652,,,,,,0.00113333322708532
2.5496,0.20913333332646,0.00113333323335125,0.209966838886705,0.208299827766215,0.207166494532863,
2.54908220271349,,,,,,0.00113333323088757
2.5504,0.209133333326883,0.0011333332371538,0.209966838887128,0.208299827766638,0.207166494529484,
2.54988028731045,,,,,,0.00113333323468486
2.5512,0.209133333327302,0.00113333324094977,0.209966838887547,0.208299827767057,0.207166494526107,
2.55067837190742,,,,,,0.00113333323847623
2.552,0.209133333327716,0.00113333324473819,0.209966838887961,0.208299827767471,0.207166494522733,
2.55147645650439,,,,,,0.00113333324226072
2.5528,0.209133333328125,0.00113333324851809,0.209966838888371,0.20829982776788,0.207166494519362,
2.55227454110136,,,,,,0.00113333324603735
2.5536,0.209133333328529,0.0011333332522885,0.209966838888774,0.208299827768284,0.207166494515995,
2.55307262569832,,,,,,0.00113333324980518
2.5544,0.209133333328926,0.00113333325604846,0.209966838889172,0.208299827768681,0.207166494512633,
2.55387071029529,,,,,,0.00113333325356324
2.5552,0.209133333329317,0.00113333325979698,0.209966838889562,0.208299827769072,0.207166494509275,
2.55466879489226,,,,,,0.00113333325731055
2.556,0.209133333329701,0.00113333326353311,0.209966838889946,0.208299827769456,0.207166494505922,
2.55546687948923,,,,,,0.00113333326104617
2.5568,0.209133333330077,0.00113333326725587,0.209966838890322,0.208299827769831,0.207166494502576,
2.55626496408619,,,,,,0.00113333326476913
2.5576,0.209133333330445,0.00113333327096429,0.20996683889069,0.208299827770199,0.207166494499235,
2.55706304868316,,,,,,0.00113333326847846
2.5584,0.209133333330804,0.0011333332746574,0.209966838891049,0.208299827770558,0.207166494495901,
2.55786113328013,,,,,,0.00113333327217321
2.5592,0.209133333331154,0.00113333327833423,0.209966838891399,0.208299827770909,0.207166494492574,
2.5586592178771,,,,,,0.0011333332758524
2.56,0.209133333331494,0.00113333328199382,0.209966838891739,0.208299827771249,0.207166494489255,
2.55945730247406,,,,,,0.00113333327951508
2.5608,0.209133333331824,0.00113333328563519,0.20996683889207,0.208299827771579,0.207166494485944,
2.56025538707103,,,,,,0.00113333328316028
2.5616,0.209133333332144,0.00113333328925737,0.209966838892389,0.208299827771899,0.207166494482641,
2.561053471668,,,,,,0.00113333328678705
2.5624,0.209133333332453,0.00113333329285939,0.209966838892698,0.208299827772207,0.207166494479348,
2.56185155626496,,,,,,0.00113333329039441
2.5632,0.209133333332749,0.00113333329644029,0.209966838892995,0.208299827772504,0.207166494476064,
2.56264964086193,,,,,,0.0011333332939814
2.564,0.209133333333034,0.00113333329999909,0.209966838893279,0.208299827772789,0.20716649447279,
2.5634477254589,,,,,,0.00113333329754707
2.5648,0.209133333333306,0.00113333330353482,0.209966838893551,0.208299827773061,0.207166494469526,
2.56424581005587,,,,,,0.00113333330109045
2.5656,0.209133333333565,0.00113333330704651,0.20996683889381,0.20829982777332,0.207166494466273,
2.56504389465283,,,,,,0.00113333330461057
2.5664,0.20913333333381,0.0011333333105332,0.209966838894056,0.208299827773565,0.207166494463032,
2.5658419792498,,,,,,0.00113333330810647
2.5672,0.209133333334042,0.00113333331399392,0.209966838894287,0.208299827773796,0.207166494459802,
2.56664006384677,,,,,,0.0011333333115772
2.568,0.209133333334258,0.00113333331742768,0.209966838894503,0.208299827774013,0.207166494456585,
2.56743814844374,,,,,,0.00113333331502178
2.5688,0.209133333334459,0.00113333332083353,0.209966838894705,0.208299827774214,0.207166494453381,
2.5682362330407,,,,,,0.00113333331843925
2.5696,0.209133333334645,0.00113333332421049,0.20996683889489,0.2082998277744,0.20716649445019,
2.56903431763767,,,,,,0.00113333332182866
2.5704,0.209133333334815,0.0011333333275576,0.20996683889506,0.20829982777457,0.207166494447012,
2.56983240223464,,,,,,0.00113333332518903
2.5712,0.209133333334968,0.00113333333087388,0.209966838895213,0.208299827774723,0.207166494443849,
2.5706304868316,,,,,,0.00113333332851941
2.572,0.209133333335104,0.00113333333415836,0.209966838895349,0.208299827774859,0.2071664944407,
2.57142857142857,,,,,,0.00113333333181883
2.5728,0.209133333335222,0.00113333333741008,0.209966838895467,0.208299827774977,0.207166494437567,
2.57222665602554,,,,,,0.00113333333508633
2.5736,0.209133333335322,0.00113333334062807,0.209966838895567,0.208299827775077,0.207166494434449,
2.57302474062251,,,,,,0.00113333333832095
2.5744,0.209133333335404,0.00113333334381134,0.209966838895649,0.208299827775158,0.207166494431347,
2.57382282521947,,,,,,0.00113333334152172
2.5752,0.209133333335466,0.00113333334695895,0.209966838895711,0.208299827775221,0.207166494428262,
2.57462090981644,,,,,,0.00113333334468768
2.576,0.209133333335509,0.0011333333500699,0.209966838895754,0.208299827775263,0.207166494425193,
2.57541899441341,,,,,,0.00113333334781787
2.5768,0.209133333335531,0.00113333335316762,0.209966838895776,0.208299827775286,0.207166494422118,
2.57621707901037,,,,,,0.00113333335091132
2.5776,0.209133333335533,0.00113333335627796,0.209966838895778,0.208299827775288,0.20716649441901,
2.57701516360734,,,,,,0.00113333335400045
2.5784,0.209133333335514,0.00113333335936636,0.209966838895759,0.208299827775269,0.207166494415902,
2.57781324820431,,,,,,0.00113333335710841
2.5792,0.209133333335473,0.00113333336241715,0.209966838895718,0.208299827775228,0.207166494412811,
2.57861133280128,,,,,,0.00113333336017962
2.58,0.20913333333541,0.00113333336542938,0.209966838895655,0.208299827775165,0.207166494409736,
2.57940941739824,,,,,,0.00113333336321315
2.5808,0.209133333335325,0.00113333336840213,0.20996683889557,0.208299827775079,0.207166494406677,
2.58020750199521,,,,,,0.00113333336620806
2.5816,0.209133333335216,0.00113333337133443,0.209966838895461,0.208299827774971,0.207166494403636,
2.58100558659218,,,,,,0.00113333336916343
2.5824,0.209133333335084,0.00113333337422537,0.209966838895329,0.208299827774838,0.207166494400613,
2.58180367118915,,,,,,0.00113333337207831
2.5832,0.209133333334927,0.001133333377074,0.209966838895172,0.208299827774682,0.207166494397608,
2.58260175578611,,,,,,0.00113333337495179
2.584,0.209133333334746,0.00113333337987937,0.209966838894991,0.208299827774501,0.207166494394622,
2.58339984038308,,,,,,0.00113333337778291
2.5848,0.20913333333454,0.00113333338264056,0.209966838894785,0.208299827774295,0.207166494391654,
2.58419792498005,,,,,,0.00113333338057076
2.5856,0.209133333334308,0.00113333338535662,0.209966838894553,0.208299827774063,0.207166494388706,
2.58499600957702,,,,,,0.0011333333833144
2.5864,0.20913333333405,0.00113333338802661,0.209966838894296,0.208299827773805,0.207166494385778,
2.58579409417398,,,,,,0.00113333338601289
2.5872,0.209133333333766,0.00113333339064959,0.209966838894011,0.208299827773521,0.207166494382871,
2.58659217877095,,,,,,0.00113333338866531
2.588,0.209133333333454,0.00113333339322462,0.209966838893699,0.208299827773209,0.207166494379984,
2.58739026336792,,,,,,0.00113333339127072
2.5888,0.209133333333277,0.00113333339575077,0.209966838893522,0.208299827773032,0.207166494377281,
2.58818834796488,,,,,,0.00113333339382818
2.5896,0.209133333333595,0.00113333339822709,0.20996683889384,0.20829982777335,0.207166494375123,
2.58898643256185,,,,,,0.00113333339633678
2.5904,0.209133333333912,0.00113333340065265,0.209966838894157,0.208299827773667,0.207166494373014,
2.58978451715882,,,,,,0.00113333339879556
2.5912,0.209133333334227,0.0011333334030265,0.209966838894472,0.208299827773981,0.207166494370955,
2.59058260175579,,,,,,0.00113333340120361
2.592,0.20913333333454,0.00113333340534771,0.209966838894785,0.208299827774294,0.207166494368947,
2.59138068635275,,,,,,0.00113333340355998
2.5928,0.209133333334851,0.00113333340761533,0.209966838895096,0.208299827774605,0.20716649436699,
2.59217877094972,,,,,,0.00113333340586375
2.5936,0.209133333335159,0.00113333340982844,0.209966838895405,0.208299827774914,0.207166494365086,
2.59297685554669,,,,,,0.00113333340811399
2.5944,0.209133333335466,0.00113333341198608,0.209966838895711,0.208299827775221,0.207166494363235,
2.59377494014366,,,,,,0.00113333341030975
2.5952,0.20913333333577,0.00113333341408731,0.209966838896016,0.208299827775525,0.207166494361438,
2.59457302474062,,,,,,0.00113333341245011
2.596,0.209133333336072,0.00113333341613121,0.209966838896317,0.208299827775827,0.207166494359696,
2.59537110933759,,,,,,0.00113333341453413
2.5968,0.209133333336371,0.00113333341811683,0.209966838896616,0.208299827776126,0.207166494358009,
2.59616919393456,,,,,,0.00113333341656088
2.5976,0.209133333336668,0.00113333342004323,0.209966838896913,0.208299827776423,0.207166494356379,
2.59696727853152,,,,,,0.00113333341852944
2.5984,0.209133333336961,0.00113333342190946,0.209966838897207,0.208299827776716,0.207166494354807,
2.59776536312849,,,,,,0.00113333342043886
2.5992,0.209133333337252,0.0011333334237146,0.209966838897497,0.208299827777007,0.207166494353292,
2.59856344772546,,,,,,0.00113333342228821
2.6,0.20913333333754,0.00113333342545771,0.209966838897785,0.208299827777294,0.207166494351837,
2.59936153232243,,,,,,0.00113333342407657
2.6008,0.209133333337824,0.00113333342713783,0.209966838898069,0.208299827777579,0.207166494350441,
2.60015961691939,,,,,,0.00113333342580299
2.6016,0.209133333338105,0.00113333342875404,0.209966838898351,0.20829982777786,0.207166494349106,
2.60095770151636,,,,,,0.00113333342746655
2.6024,0.209133333338383,0.00113333343030539,0.209966838898628,0.208299827778138,0.207166494347832,
2.60175578611333,,,,,,0.00113333342906631
2.6032,0.209133333338657,0.00113333343179095,0.209966838898902,0.208299827778412,0.207166494346621,
2.6025538707103,,,,,,0.00113333343060135
2.604,0.209133333338928,0.00113333343320977,0.209966838899173,0.208299827778682,0.207166494345473,
2.60335195530726,,,,,,0.00113333343207072
2.6048,0.209133333339194,0.00113333343456092,0.20996683889944,0.208299827778949,0.207166494344388,
2.60415003990423,,,,,,0.00113333343347349
2.6056,0.209133333339457,0.00113333343584345,0.209966838899702,0.208299827779212,0.207166494343369,
2.6049481245012,,,,,,0.00113333343480874
2.6064,0.209133333339716,0.00113333343705643,0.209966838899961,0.208299827779471,0.207166494342414,
2.60574620909816,,,,,,0.00113333343607553
2.6072,0.209133333339971,0.00113333343819892,0.209966838900216,0.208299827779725,0.207166494341526,
2.60654429369513,,,,,,0.00113333343727292
2.608,0.209133333340221,0.00113333343926998,0.209966838900466,0.208299827779976,0.207166494340706,
2.6073423782921,,,,,,0.00113333343839999
2.6088,0.209133333340467,0.00113333344026867,0.209966838900712,0.208299827780222,0.207166494339953,
2.60814046288907,,,,,,0.00113333343945581
2.6096,0.209133333340708,0.00113333344119405,0.209966838900954,0.208299827780463,0.207166494339269,
2.60893854748603,,,,,,0.00113333344043943
2.6104,0.209133333340945,0.00113333344204517,0.209966838901191,0.2082998277807,0.207166494338655,
2.609736632083,,,,,,0.00113333344134992
2.6112,0.209133333341178,0.00113333344282111,0.209966838901423,0.208299827780932,0.207166494338111,
2.61053471667997,,,,,,0.00113333344218636
2.612,0.209133333341405,0.00113333344352092,0.20996683890165,0.20829982778116,0.207166494337639,
2.61133280127694,,,,,,0.00113333344294782
2.6128,0.209133333341627,0.00113333344414366,0.209966838901872,0.208299827781382,0.207166494337238,
2.6121308858739,,,,,,0.00113333344363335
2.6136,0.209133333341844,0.0011333334446884,0.20996683890209,0.208299827781599,0.207166494336911,
2.61292897047087,,,,,,0.00113333344424202
2.6144,0.209133333342056,0.00113333344515418,0.209966838902301,0.208299827781811,0.207166494336657,
2.61372705506784,,,,,,0.00113333344477291
2.6152,0.209133333342263,0.00113333344554008,0.209966838902508,0.208299827782018,0.207166494336478,
2.6145251396648,,,,,,0.00113333344522508
2.616,0.209133333342464,0.00113333344584516,0.209966838902709,0.208299827782219,0.207166494336374,
2.61532322426177,,,,,,0.0011333334455976
2.6168,0.20913333334266,0.00113333344606847,0.209966838902905,0.208299827782414,0.207166494336346,
2.61612130885874,,,,,,0.00113333344588953
2.6176,0.20913333334285,0.00113333344620908,0.209966838903095,0.208299827782604,0.207166494336395,
2.61691939345571,,,,,,0.00113333344609995
2.6184,0.209133333343034,0.00113333344626604,0.209966838903279,0.208299827782788,0.207166494336522,
2.61771747805267,,,,,,0.00113333344622792
2.6192,0.209133333343212,0.00113333344623842,0.209966838903457,0.208299827782967,0.207166494336728,
2.61851556264964,,,,,,0.0011333334462725
2.62,0.209133333343384,0.00113333344612528,0.209966838903629,0.208299827783139,0.207166494337013,
2.61931364724661,,,,,,0.00113333344623276
2.6208,0.20913333334355,0.00113333344592568,0.209966838903795,0.208299827783305,0.207166494337379,
2.62011173184358,,,,,,0.00113333344610778
2.6216,0.20913333334371,0.00113333344563867,0.209966838903955,0.208299827783464,0.207166494337826,
2.62090981644054,,,,,,0.00113333344589662
2.6224,0.209133333343863,0.00113333344526333,0.209966838904108,0.208299827783618,0.207166494338354,
2.62170790103751,,,,,,0.00113333344559835
2.6232,0.209133333344009,0.0011333334447987,0.209966838904255,0.208299827783764,0.207166494338966,
2.62250598563448,,,,,,0.00113333344521202
2.624,0.20913333334415,0.00113333344424386,0.209966838904395,0.208299827783904,0.20716649433966,
2.62330407023144,,,,,,0.00113333344473672
2.6248,0.209133333344283,0.00113333344359786,0.209966838904528,0.208299827784038,0.20716649434044,
2.62410215482841,,,,,,0.00113333344417151
2.6256,0.209133333344409,0.00113333344285976,0.209966838904654,0.208299827784164,0.207166494341304,
2.62490023942538,,,,,,0.00113333344351546
2.6264,0.209133333344529,0.00113333344202862,0.209966838904774,0.208299827784283,0.207166494342255,
2.62569832402235,,,,,,0.00113333344276762
2.6272,0.209133333344641,0.0011333334411035,0.209966838904886,0.208299827784396,0.207166494343292,
2.62649640861931,,,,,,0.00113333344192708
2.628,0.209133333344746,0.00113333344008347,0.209966838904991,0.208299827784501,0.207166494344417,
2.62729449321628,,,,,,0.0011333334409929
2.6288,0.209133333344843,0.00113333343896759,0.209966838905089,0.208299827784598,0.207166494345631,
2.62809257781325,,,,,,0.00113333343996414
2.6296,0.209133333344934,0.00113333343775491,0.209966838905179,0.208299827784688,0.207166494346934,
2.62889066241022,,,,,,0.00113333343883987
2.6304,0.209133333345016,0.00113333343644449,0.209966838905261,0.208299827784771,0.207166494348326,
2.62968874700718,,,,,,0.00113333343761916
2.6312,0.209133333345091,0.0011333334350354,0.209966838905336,0.208299827784846,0.20716649434981,
2.63048683160415,,,,,,0.00113333343630108
2.632,0.209133333345158,0.0011333334335267,0.209966838905403,0.208299827784913,0.207166494351386,
2.63128491620112,,,,,,0.0011333334348847
2.6328,0.209133333345217,0.00113333343191745,0.209966838905462,0.208299827784972,0.207166494353054,
2.63208300079808,,,,,,0.00113333343336908
2.6336,0.209133333345268,0.0011333334302067,0.209966838905513,0.208299827785023,0.207166494354816,
2.63288108539505,,,,,,0.00113333343175328
2.6344,0.209133333345311,0.00113333342839352,0.209966838905556,0.208299827785065,0.207166494356672,
2.63367916999202,,,,,,0.00113333343003638
2.6352,0.209133333345345,0.00113333342647698,0.20996683890559,0.2082998277851,0.207166494358623,
2.63447725458899,,,,,,0.00113333342821745
2.636,0.209133333345371,0.00113333342445612,0.209966838905616,0.208299827785126,0.20716649436067,
2.63527533918595,,,,,,0.00113333342629555
2.6368,0.209133333345388,0.00113333342233001,0.209966838905634,0.208299827785143,0.207166494362813,
2.63607342378292,,,,,,0.00113333342426974
2.6376,0.209133333345397,0.00113333342009772,0.209966838905642,0.208299827785152,0.207166494365054,
2.63687150837989,,,,,,0.00113333342213911
2.6384,0.209133333345397,0.00113333341775829,0.209966838905642,0.208299827785152,0.207166494367394,
2.63766959297686,,,,,,0.0011333334199027
2.6392,0.209133333345388,0.0011333334153108,0.209966838905633,0.208299827785143,0.207166494369832,
2.63846767757382,,,,,,0.0011333334175596
2.64,0.20913333334537,0.0011333334127543,0.209966838905615,0.208299827785125,0.207166494372371,
2.63926576217079,,,,,,0.00113333341510886
2.6408,0.209133333345343,0.00113333341008786,0.209966838905588,0.208299827785098,0.20716649437501,
2.64006384676776,,,,,,0.00113333341254956
2.6416,0.209133333345306,0.00113333340731053,0.209966838905552,0.208299827785061,0.207166494377751,
2.64086193136472,,,,,,0.00113333340988076
2.6424,0.20913333334526,0.00113333340442138,0.209966838905506,0.208299827785015,0.207166494380594,
2.64166001596169,,,,,,0.00113333340710153
2.6432,0.209133333345205,0.00113333340141946,0.20996683890545,0.20829982778496,0.20716649438354,
2.64245810055866,,,,,,0.00113333340421094
2.644,0.20913333334514,0.00113333339830383,0.209966838905385,0.208299827784895,0.207166494386591,
2.64325618515563,,,,,,0.00113333340120805
2.6448,0.209133333345065,0.00113333339507357,0.209966838905311,0.20829982778482,0.207166494389746,
2.64405426975259,,,,,,0.00113333339809194
2.6456,0.209133333344981,0.00113333339172772,0.209966838905226,0.208299827784735,0.207166494393008,
2.64485235434956,,,,,,0.00113333339486166
2.6464,0.209133333344886,0.00113333338826535,0.209966838905131,0.208299827784641,0.207166494396375,
2.64565043894653,,,,,,0.00113333339151629
2.6472,0.209133333344781,0.00113333338468552,0.209966838905026,0.208299827784536,0.20716649439985,
2.6464485235435,,,,,,0.0011333333880549
2.648,0.209133333344666,0.00113333338098729,0.209966838904911,0.208299827784421,0.207166494403434,
2.64724660814046,,,,,,0.00113333338447654
2.6488,0.209133333344541,0.00113333337716972,0.209966838904786,0.208299827784296,0.207166494407126,
2.64804469273743,,,,,,0.0011333333807803
2.6496,0.209133333344405,0.00113333337323187,0.20996683890465,0.20829982778416,0.207166494410928,
2.6488427773344,,,,,,0.00113333337696523
2.6504,0.209133333344259,0.0011333333691728,0.209966838904504,0.208299827784013,0.207166494414841,
2.64964086193136,,,,,,0.0011333333730304
2.6512,0.209133333344102,0.00113333336499157,0.209966838904347,0.208299827783856,0.207166494418865,
2.65043894652833,,,,,,0.00113333336897489
2.652,0.209133333343934,0.00113333336337886,0.209966838904179,0.208299827783688,0.207166494420309,
2.6512370311253,,,,,,0.00113333336479775
2.6528,0.209133333343755,0.00113333336258294,0.209966838904,0.208299827783509,0.207166494420927,
2.65203511572227,,,,,,0.00113333336331356
2.6536,0.209133333343565,0.00113333336180954,0.20996683890381,0.208299827783319,0.20716649442151,
2.65283320031923,,,,,,0.00113333336255122
2.6544,0.209133333343364,0.00113333336102676,0.209966838903609,0.208299827783118,0.207166494422092,
2.6536312849162,,,,,,0.00113333336177928
2.6552,0.209133333343151,0.00113333336023485,0.209966838903396,0.208299827782906,0.207166494422671,
2.65442936951317,,,,,,0.00113333336099801
2.656,0.209133333343076,0.00113333335943411,0.209966838903322,0.208299827782831,0.207166494423397,
2.65522745411014,,,,,,0.00113333336020767
2.6568,0.209133333343132,0.00113333335862479,0.209966838903377,0.208299827782887,0.207166494424262,
2.6560255387071,,,,,,0.00113333335940853
2.6576,0.209133333343186,0.00113333335780717,0.209966838903432,0.208299827782941,0.207166494425134,
2.65682362330407,,,,,,0.00113333335860088
2.6584,0.209133333343239,0.00113333335698153,0.209966838903484,0.208299827782994,0.207166494426012,
2.65762170790104,,,,,,0.00113333335778498
2.6592,0.209133333343291,0.00113333335614813,0.209966838903536,0.208299827783045,0.207166494426897,
2.658419792498,,,,,,0.00113333335696109
2.66,0.209133333343341,0.00113333335530726,0.209966838903586,0.208299827783095,0.207166494427788,
2.65921787709497,,,,,,0.0011333333561295
2.6608,0.209133333343389,0.00113333335445918,0.209966838903634,0.208299827783144,0.207166494428685,
2.66001596169194,,,,,,0.00113333335529048
2.6616,0.209133333343436,0.00113333335360416,0.209966838903682,0.208299827783191,0.207166494429587,
2.66081404628891,,,,,,0.00113333335444428
2.6624,0.209133333343482,0.00113333335274249,0.209966838903727,0.208299827783237,0.207166494430494,
2.66161213088587,,,,,,0.0011333333535912
2.6632,0.209133333343526,0.00113333335187443,0.209966838903772,0.208299827783281,0.207166494431407,
2.66241021548284,,,,,,0.00113333335273149
2.664,0.209133333343569,0.00113333335100026,0.209966838903815,0.208299827783324,0.207166494432324,
2.66320830007981,,,,,,0.00113333335186542
2.6648,0.209133333343611,0.00113333335012024,0.209966838903856,0.208299827783366,0.207166494433245,
2.66400638467678,,,,,,0.00113333335099328
2.6656,0.209133333343651,0.00113333334923466,0.209966838903896,0.208299827783406,0.207166494434171,
2.66480446927374,,,,,,0.00113333335011533
2.6664,0.20913333334369,0.00113333334834308,0.209966838903935,0.208299827783444,0.207166494435101,
2.66560255387071,,,,,,0.00113333334923183
2.6672,0.209133333343727,0.00113333334744788,0.209966838903972,0.208299827783482,0.207166494436034,
2.66640063846768,,,,,,0.00113333334834308
2.66719872306465,,,,,,0.00113333334744932
2.668,0.209133333343763,0.00113333334654723,0.209966838904008,0.208299827783518,0.20716649443697,
2.66799680766161,,,,,,0.00113333334655084
2.6688,0.209133333343797,0.0011333333456421,0.209966838904042,0.208299827783552,0.20716649443791,
2.66879489225858,,,,,,0.0011333333456479
2.6696,0.20913333334383,0.00113333334473277,0.209966838904075,0.208299827783585,0.207166494438852,
2.66959297685555,,,,,,0.00113333334474078
2.6704,0.209133333343862,0.00113333334381951,0.209966838904107,0.208299827783617,0.207166494439797,
2.67039106145251,,,,,,0.00113333334382975
2.6712,0.209133333343892,0.0011333333429026,0.209966838904137,0.208299827783647,0.207166494440744,
2.67118914604948,,,,,,0.00113333334291508
2.672,0.209133333343921,0.00113333334198231,0.209966838904166,0.208299827783676,0.207166494441693,
2.67198723064645,,,,,,0.00113333334199704
2.6728,0.209133333343948,0.0011333333410589,0.209966838904194,0.208299827783703,0.207166494442644,
2.67278531524342,,,,,,0.00113333334107591
2.6736,0.209133333343974,0.00113333334013267,0.20996683890422,0.208299827783729,0.207166494443596,
2.67358339984038,,,,,,0.00113333334015194
2.6744,0.209133333343999,0.00113333333920387,0.209966838904244,0.208299827783754,0.20716649444455,
2.67438148443735,,,,,,0.00113333333922542
2.6752,0.209133333344022,0.00113333333827278,0.209966838904267,0.208299827783777,0.207166494445504,
2.67517956903432,,,,,,0.00113333333829661
2.676,0.209133333344044,0.00113333333733968,0.209966838904289,0.208299827783799,0.207166494446459,
2.67597765363128,,,,,,0.00113333333736579
2.6768,0.209133333344064,0.00113333333640483,0.209966838904309,0.208299827783819,0.207166494447414,
2.67677573822825,,,,,,0.00113333333643323
2.6776,0.209133333344083,0.00113333333546852,0.209966838904328,0.208299827783838,0.207166494448369,
2.67757382282522,,,,,,0.00113333333549919
2.6784,0.209133333344101,0.00113333333453101,0.209966838904346,0.208299827783856,0.207166494449325,
2.67837190742219,,,,,,0.00113333333456396
2.6792,0.209133333344117,0.00113333333359257,0.209966838904362,0.208299827783872,0.207166494450279,
2.67916999201915,,,,,,0.0011333333336278
2.68,0.209133333344132,0.00113333333265349,0.209966838904377,0.208299827783887,0.207166494451233,
2.67996807661612,,,,,,0.00113333333269097
2.6808,0.209133333344145,0.00113333333171402,0.20996683890439,0.2082998277839,0.207166494452186,
2.68076616121309,,,,,,0.00113333333175377
2.6816,0.209133333344157,0.00113333333077446,0.209966838904402,0.208299827783912,0.207166494453137,
2.68156424581006,,,,,,0.00113333333081644
2.6824,0.209133333344168,0.00113333332983506,0.209966838904413,0.208299827783922,0.207166494454087,
2.68236233040702,,,,,,0.00113333332987927
2.6832,0.209133333344177,0.0011333333288961,0.209966838904422,0.208299827783932,0.207166494455036,
2.68316041500399,,,,,,0.00113333332894253
2.684,0.209133333344185,0.00113333332795786,0.20996683890443,0.208299827783939,0.207166494455982,
2.68395849960096,,,,,,0.00113333332800649
2.6848,0.209133333344191,0.00113333332702061,0.209966838904436,0.208299827783946,0.207166494456925,
2.68475658419792,,,,,,0.00113333332707141
2.6856,0.209133333344196,0.00113333332608462,0.209966838904441,0.208299827783951,0.207166494457866,
2.68555466879489,,,,,,0.00113333332613757
2.6864,0.2091333333442,0.00113333332515016,0.209966838904445,0.208299827783954,0.207166494458804,
2.68635275339186,,,,,,0.00113333332520525
2.6872,0.209133333344202,0.00113333332421751,0.209966838904447,0.208299827783957,0.207166494459739,
2.68715083798883,,,,,,0.00113333332427471
2.688,0.209133333344203,0.00113333332328695,0.209966838904448,0.208299827783957,0.20716649446067,
2.68794892258579,,,,,,0.00113333332334622
2.6888,0.209133333344202,0.00113333332235873,0.209966838904447,0.208299827783957,0.207166494461598,
2.68874700718276,,,,,,0.00113333332242006
2.6896,0.2091333333442,0.00113333332143314,0.209966838904445,0.208299827783955,0.207166494462522,
2.68954509177973,,,,,,0.00113333332149649
2.6904,0.209133333344197,0.00113333332051046,0.209966838904442,0.208299827783951,0.207166494463441,
2.6903431763767,,,,,,0.00113333332057579
2.6912,0.209133333344192,0.00113333331959094,0.209966838904437,0.208299827783947,0.207166494464356,
2.69114126097366,,,,,,0.00113333331965822
2.692,0.209133333344186,0.00113333331867487,0.209966838904431,0.208299827783941,0.207166494465266,
2.69193934557063,,,,,,0.00113333331874407
2.6928,0.209133333344178,0.00113333331776253,0.209966838904423,0.208299827783933,0.20716649446617,
2.6927374301676,,,,,,0.0011333333178336
2.6936,0.209133333344169,0.00113333331685417,0.209966838904415,0.208299827783924,0.20716649446707,
2.69353551476456,,,,,,0.00113333331692708
2.6944,0.209133333344159,0.00113333331595008,0.209966838904404,0.208299827783914,0.207166494467964,
2.69433359936153,,,,,,0.00113333331602478
2.6952,0.209133333344147,0.00113333331505053,0.209966838904393,0.208299827783902,0.207166494468852,
2.6951316839585,,,,,,0.00113333331512697
2.696,0.209133333344134,0.00113333331415579,0.20996683890438,0.208299827783889,0.207166494469733,
2.69592976855547,,,,,,0.00113333331423393
2.6968,0.20913333334412,0.00113333331326613,0.209966838904365,0.208299827783875,0.207166494470608,
2.69672785315243,,,,,,0.00113333331334593
2.6976,0.209133333344104,0.00113333331238183,0.209966838904349,0.208299827783859,0.207166494471477,
2.6975259377494,,,,,,0.00113333331246323
2.6984,0.209133333344087,0.00113333331150317,0.209966838904332,0.208299827783842,0.207166494472338,
2.69832402234637,,,,,,0.00113333331158611
2.6992,0.209133333344068,0.0011333333106304,0.209966838904313,0.208299827783823,0.207166494473193,
2.69912210694334,,,,,,0.00113333331071484
2.7,0.209133333344048,0.00113333330976382,0.209966838904293,0.208299827783803,0.207166494474039,
2.6999201915403,,,,,,0.0011333333098497
2.7008,0.209133333344027,0.00113333330890368,0.209966838904272,0.208299827783782,0.207166494474878,
2.70071827613727,,,,,,0.00113333330899094
2.7016,0.209133333344004,0.00113333330805027,0.209966838904249,0.208299827783759,0.207166494475709,
2.70151636073424,,,,,,0.00113333330813885
2.7024,0.20913333334398,0.00113333330720386,0.209966838904225,0.208299827783735,0.207166494476531,
2.70231444533121,,,,,,0.00113333330729369
2.7032,0.209133333343954,0.00113333330636471,0.2099668389042,0.208299827783709,0.207166494477344,
2.70311252992817,,,,,,0.00113333330645573
2.704,0.209133333343928,0.00113333330553311,0.209966838904173,0.208299827783682,0.207166494478149,
2.70391061452514,,,,,,0.00113333330562526
2.7048,0.209133333343899,0.00113333330470932,0.209966838904144,0.208299827783654,0.207166494478945,
2.70470869912211,,,,,,0.00113333330480253
2.7056,0.20913333334387,0.00113333330389363,0.209966838904115,0.208299827783624,0.207166494479731,
2.70550678371907,,,,,,0.00113333330398782
2.7064,0.209133333343839,0.00113333330308629,0.209966838904084,0.208299827783593,0.207166494480507,
2.70630486831604,,,,,,0.0011333333031814
2.7072,0.209133333343806,0.00113333330228759,0.209966838904051,0.208299827783561,0.207166494481273,
2.70710295291301,,,,,,0.00113333330238354
2.708,0.209133333343772,0.0011333333014978,0.209966838904018,0.208299827783527,0.207166494482029,
2.70790103750998,,,,,,0.00113333330159451
2.7088,0.209133333343737,0.00113333330071719,0.209966838903983,0.208299827783492,0.207166494482775,
2.70869912210694,,,,,,0.00113333330081458
2.7096,0.209133333343701,0.00113333329994603,0.209966838903946,0.208299827783456,0.20716649448351,
2.70949720670391,,,,,,0.00113333330004404
2.7104,0.209133333343663,0.0011333332991846,0.209966838903908,0.208299827783418,0.207166494484233,
2.71029529130088,,,,,,0.00113333329928313
2.7112,0.209133333343624,0.00113333329843317,0.209966838903869,0.208299827783379,0.207166494484945,
2.71109337589785,,,,,,0.00113333329853214
2.712,0.209133333343583,0.00113333329769202,0.209966838903828,0.208299827783338,0.207166494485646,
2.71189146049481,,,,,,0.00113333329779135
2.7128,0.209133333343541,0.00113333329696141,0.209966838903786,0.208299827783296,0.207166494486335,
2.71268954509178,,,,,,0.00113333329706101
2.7136,0.209133333343498,0.00113333329624162,0.209966838903743,0.208299827783253,0.207166494487011,
2.71348762968875,,,,,,0.0011333332963414
2.7144,0.209133333343453,0.00113333329553293,0.209966838903698,0.208299827783208,0.207166494487675,
2.71428571428571,,,,,,0.00113333329563279
2.7152,0.209133333343407,0.0011333332948356,0.209966838903652,0.208299827783162,0.207166494488326,
2.71508379888268,,,,,,0.00113333329493545
2.716,0.20913333334336,0.00113333329414991,0.209966838903605,0.208299827783114,0.207166494488964,
2.71588188347965,,,,,,0.00113333329424966
2.7168,0.209133333343311,0.00113333329347613,0.209966838903556,0.208299827783066,0.207166494489589,
2.71667996807662,,,,,,0.00113333329357568
2.7176,0.209133333343261,0.00113333329281454,0.209966838903506,0.208299827783015,0.207166494490201,
2.71747805267358,,,,,,0.00113333329291379
2.7184,0.209133333343209,0.00113333329216541,0.209966838903454,0.208299827782964,0.207166494490798,
2.71827613727055,,,,,,0.00113333329226426
2.7192,0.209133333343156,0.00113333329152901,0.209966838903401,0.208299827782911,0.207166494491382,
2.71907422186752,,,,,,0.00113333329162735
2.72,0.209133333343102,0.00113333329090561,0.209966838903347,0.208299827782857,0.207166494491951,
2.71987230646449,,,,,,0.00113333329100335
2.7208,0.209133333343046,0.00113333329029549,0.209966838903291,0.208299827782801,0.207166494492506,
2.72067039106145,,,,,,0.00113333329039251
2.7216,0.209133333342989,0.00113333328969893,0.209966838903234,0.208299827782744,0.207166494493045,
2.72146847565842,,,,,,0.00113333328979512
2.7224,0.209133333342931,0.00113333328911618,0.209966838903176,0.208299827782686,0.207166494493569,
2.72226656025539,,,,,,0.00113333328921144
2.7232,0.209133333342871,0.00113333328854754,0.209966838903116,0.208299827782626,0.207166494494078,
2.72306464485235,,,,,,0.00113333328864174
2.724,0.20913333334281,0.00113333328799326,0.209966838903055,0.208299827782565,0.207166494494572,
2.72386272944932,,,,,,0.0011333332880863
2.7248,0.209133333342748,0.00113333328745363,0.209966838902993,0.208299827782503,0.207166494495049,
2.72466081404629,,,,,,0.00113333328754538
2.7256,0.209133333342684,0.00113333328692891,0.209966838902929,0.208299827782439,0.20716649449551,
2.72545889864326,,,,,,0.00113333328701926
2.7264,0.209133333342619,0.00113333328641938,0.209966838902864,0.208299827782374,0.207166494495954,
2.72625698324022,,,,,,0.00113333328650822
2.7272,0.209133333342552,0.00113333328592532,0.209966838902798,0.208299827782307,0.207166494496382,
2.72705506783719,,,,,,0.00113333328601251
2.728,0.209133333342484,0.00113333328544699,0.20996683890273,0.208299827782239,0.207166494496792,
2.72785315243416,,,,,,0.00113333328553241
2.7288,0.209133333342415,0.00113333328498467,0.20996683890266,0.20829982778217,0.207166494497185,
2.72865123703113,,,,,,0.00113333328506819
2.7296,0.209133333342345,0.00113333328453864,0.20996683890259,0.2082998277821,0.207166494497561,
2.72944932162809,,,,,,0.00113333328462013
2.7304,0.209133333342273,0.00113333328410915,0.209966838902518,0.208299827782028,0.207166494497918,
2.73024740622506,,,,,,0.00113333328418849
2.7312,0.2091333333422,0.0011333332836965,0.209966838902445,0.208299827781954,0.207166494498258,
2.73104549082203,,,,,,0.00113333328377355
2.732,0.209133333342125,0.00113333328330095,0.20996683890237,0.20829982778188,0.207166494498579,
2.73184357541899,,,,,,0.00113333328337557
2.7328,0.209133333342049,0.00113333328292277,0.209966838902294,0.208299827781804,0.207166494498881,
2.73264166001596,,,,,,0.00113333328299483
2.7336,0.209133333341972,0.00113333328256224,0.209966838902217,0.208299827781727,0.207166494499164,
2.73343974461293,,,,,,0.0011333332826316
2.7344,0.209133333341893,0.00113333328221963,0.209966838902138,0.208299827781648,0.207166494499428,
2.7342378292099,,,,,,0.00113333328228615
2.7352,0.209133333341813,0.00113333328189521,0.209966838902058,0.208299827781568,0.207166494499673,
2.73503591380686,,,,,,0.00113333328195876
2.736,0.209133333341732,0.00113333328158926,0.209966838901977,0.208299827781487,0.207166494499897,
2.73583399840383,,,,,,0.00113333328164968
2.7368,0.209133333341649,0.00113333328130205,0.209966838901894,0.208299827781404,0.207166494500102,
2.7366320830008,,,,,,0.0011333332813592
2.7376,0.209133333341565,0.00113333328103385,0.20996683890181,0.20829982778132,0.207166494500286,
2.73743016759777,,,,,,0.00113333328108758
2.7384,0.20913333334148,0.00113333328078494,0.209966838901725,0.208299827781234,0.207166494500449,
2.73822825219473,,,,,,0.0011333332808351
2.7392,0.209133333341393,0.00113333328055559,0.209966838901638,0.208299827781148,0.207166494500592,
2.7390263367917,,,,,,0.00113333328060203
2.74,0.209133333341305,0.00113333328034607,0.20996683890155,0.20829982778106,0.207166494500714,
2.73982442138867,,,,,,0.00113333328038863
2.7408,0.209133333341215,0.00113333328015666,0.209966838901461,0.20829982778097,0.207166494500814,
2.74062250598563,,,,,,0.00113333328019518
2.7416,0.209133333341125,0.00113333327998762,0.20996683890137,0.208299827780879,0.207166494500892,
2.7414205905826,,,,,,0.00113333328002196
2.7424,0.209133333341033,0.00113333327983924,0.209966838901278,0.208299827780787,0.207166494500948,
2.74221867517957,,,,,,0.00113333327986922
2.7432,0.209133333340939,0.00113333327971178,0.209966838901184,0.208299827780694,0.207166494500982,
2.74301675977654,,,,,,0.00113333327973725
2.744,0.209133333340844,0.00113333327960552,0.20996683890109,0.208299827780599,0.207166494500994,
2.7438148443735,,,,,,0.00113333327962631
2.7448,0.209133333340748,0.00113333327952073,0.209966838900994,0.208299827780503,0.207166494500982,
2.74461292897047,,,,,,0.00113333327953668
2.7456,0.209133333340651,0.00113333327945768,0.209966838900896,0.208299827780406,0.207166494500948,
2.74541101356744,,,,,,0.00113333327946863
2.7464,0.209133333340552,0.00113333327941665,0.209966838900797,0.208299827780307,0.20716649450089,
2.74620909816441,,,,,,0.00113333327942242
2.7472,0.209133333340452,0.00113333327939791,0.209966838900697,0.208299827780207,0.207166494500809,
2.74700718276137,,,,,,0.00113333327939833
2.748,0.209133333340351,0.00113333327940174,0.209966838900596,0.208299827780105,0.207166494500704,
2.74780526735834,,,,,,0.00113333327939663
2.7488,0.209133333340248,0.0011333332794284,0.209966838900493,0.208299827780003,0.207166494500574,
2.74860335195531,,,,,,0.00113333327941759
2.7496,0.209133333340144,0.00113333327947817,0.209966838900389,0.208299827779898,0.20716649450042,
2.74940143655227,,,,,,0.00113333327946148
2.7504,0.209133333340038,0.00113333327955132,0.209966838900283,0.208299827779793,0.207166494500242,
2.75019952114924,,,,,,0.00113333327952857
2.7512,0.209133333339931,0.00113333327964813,0.209966838900177,0.208299827779686,0.207166494500038,
2.75099760574621,,,,,,0.00113333327961914
2.752,0.209133333339823,0.00113333327976887,0.209966838900069,0.208299827779578,0.207166494499809,
2.75179569034318,,,,,,0.00113333327973346
2.7528,0.209133333339714,0.00113333327991381,0.209966838899959,0.208299827779469,0.207166494499555,
2.75259377494014,,,,,,0.00113333327987179
2.7536,0.209133333339603,0.00113333328008322,0.209966838899848,0.208299827779358,0.207166494499275,
2.75339185953711,,,,,,0.00113333328003441
2.7544,0.209133333339491,0.00113333328027739,0.209966838899736,0.208299827779246,0.207166494498968,
2.75418994413408,,,,,,0.00113333328022159
2.7552,0.209133333339378,0.00113333328049657,0.209966838899623,0.208299827779132,0.207166494498636,
2.75498802873105,,,,,,0.00113333328043359
2.756,0.209133333339263,0.00113333328074105,0.209966838899508,0.208299827779018,0.207166494498277,
2.75578611332801,,,,,,0.0011333332806707
2.7568,0.209133333339147,0.00113333328101109,0.209966838899392,0.208299827778902,0.20716649449789,
2.75658419792498,,,,,,0.00113333328093318
2.7576,0.209133333339029,0.00113333328130698,0.209966838899275,0.208299827778784,0.207166494497477,
2.75738228252195,,,,,,0.00113333328122131
2.7584,0.209133333338911,0.00113333328162898,0.209966838899156,0.208299827778665,0.207166494497036,
2.75818036711891,,,,,,0.00113333328153535
2.7592,0.209133333338791,0.00113333328197737,0.209966838899036,0.208299827778545,0.207166494496568,
2.75897845171588,,,,,,0.00113333328187557
2.76,0.209133333338669,0.00113333328235241,0.209966838898914,0.208299827778424,0.207166494496072,
2.75977653631285,,,,,,0.00113333328224226
2.7608,0.209133333338547,0.00113333328275439,0.209966838898792,0.208299827778301,0.207166494495547,
2.76057462090982,,,,,,0.00113333328263567
2.7616,0.209133333338423,0.00113333328318358,0.209966838898668,0.208299827778177,0.207166494494994,
2.76137270550678,,,,,,0.00113333328305608
2.7624,0.209133333338297,0.00113333328364024,0.209966838898542,0.208299827778052,0.207166494494412,
2.76217079010375,,,,,,0.00113333328350376
2.7632,0.20913333333817,0.00113333328412466,0.209966838898416,0.208299827777925,0.207166494493801,
2.76296887470072,,,,,,0.00113333328397898
2.764,0.209133333338043,0.0011333332846371,0.209966838898288,0.208299827777797,0.20716649449316,
2.76376695929769,,,,,,0.00113333328448201
2.7648,0.209133333337913,0.00113333328517784,0.209966838898158,0.208299827777668,0.20716649449249,
2.76456504389465,,,,,,0.00113333328501313
2.7656,0.209133333337783,0.00113333328574715,0.209966838898028,0.208299827777537,0.20716649449179,
2.76536312849162,,,,,,0.0011333332855726
2.7664,0.209133333337651,0.00113333328634531,0.209966838897896,0.208299827777405,0.20716649449106,
2.76616121308859,,,,,,0.0011333332861607
2.7672,0.209133333337517,0.00113333328697258,0.209966838897763,0.208299827777272,0.2071664944903,
2.76695929768555,,,,,,0.0011333332867777
2.768,0.209133333337383,0.00113333328762925,0.209966838897628,0.208299827777138,0.207166494489508,
2.76775738228252,,,,,,0.00113333328742386
2.7688,0.209133333337247,0.00113333328831558,0.209966838897492,0.208299827777002,0.207166494488686,
2.76855546687949,,,,,,0.00113333328809947
2.7696,0.20913333333711,0.00113333328903184,0.209966838897355,0.208299827776865,0.207166494487833,
2.76935355147646,,,,,,0.00113333328880478
2.7704,0.209133333336971,0.00113333328977832,0.209966838897216,0.208299827776726,0.207166494486948,
2.77015163607342,,,,,,0.00113333328954008
2.7712,0.209133333336831,0.00113333329055528,0.209966838897077,0.208299827776586,0.207166494486031,
2.77094972067039,,,,,,0.00113333329030563
2.772,0.20913333333669,0.001133333291363,0.209966838896936,0.208299827776445,0.207166494485082,
2.77174780526736,,,,,,0.0011333332911017
2.7728,0.209133333336548,0.00113333329220174,0.209966838896793,0.208299827776303,0.207166494484101,
2.77254588986433,,,,,,0.00113333329192857
2.7736,0.209133333336404,0.00113333329307179,0.209966838896649,0.208299827776159,0.207166494483087,
2.77334397446129,,,,,,0.00113333329278651
2.7744,0.209133333336259,0.00113333329397341,0.209966838896504,0.208299827776014,0.20716649448204,
2.77414205905826,,,,,,0.00113333329367578
2.7752,0.209133333336113,0.00113333329490689,0.209966838896358,0.208299827775867,0.207166494480961,
2.77494014365523,,,,,,0.00113333329459667
2.776,0.209133333335965,0.00113333329587248,0.20996683889621,0.20829982777572,0.207166494479847,
2.77573822825219,,,,,,0.00113333329554943
2.7768,0.209133333335816,0.00113333329687047,0.209966838896061,0.208299827775571,0.2071664944787,
2.77653631284916,,,,,,0.00113333329653434
2.7776,0.209133333335666,0.00113333329790113,0.209966838895911,0.20829982777542,0.207166494477519,
2.77733439744613,,,,,,0.00113333329755168
2.7784,0.209133333335514,0.00113333329896473,0.209966838895759,0.208299827775269,0.207166494476304,
2.7781324820431,,,,,,0.00113333329860171
2.7792,0.209133333335361,0.00113333330006154,0.209966838895606,0.208299827775116,0.207166494475054,
2.77893056664006,,,,,,0.0011333332996847
2.78,0.209133333335207,0.00113333330119184,0.209966838895452,0.208299827774962,0.20716649447377,
2.77972865123703,,,,,,0.00113333330080093
2.7808,0.209133333335051,0.0011333333023559,0.209966838895297,0.208299827774806,0.20716649447245,
2.780526735834,,,,,,0.00113333330195066
2.7816,0.209133333334895,0.00113333330355399,0.20996683889514,0.208299827774649,0.207166494471095,
2.78132482043097,,,,,,0.00113333330313418
2.7824,0.209133333334736,0.00113333330478639,0.209966838894982,0.208299827774491,0.207166494469705,
2.78212290502793,,,,,,0.00113333330435174
2.7832,0.209133333334577,0.00113333330605337,0.209966838894822,0.208299827774332,0.207166494468278,
2.7829209896249,,,,,,0.00113333330560362
2.784,0.209133333334416,0.00113333330735521,0.209966838894662,0.208299827774171,0.207166494466816,
2.78371907422187,,,,,,0.0011333333068901
2.7848,0.209133333334254,0.00113333330869217,0.2099668388945,0.208299827774009,0.207166494465317,
2.78451715881883,,,,,,0.00113333330821143
2.7856,0.209133333334091,0.00113333331006453,0.209966838894336,0.208299827773846,0.207166494463781,
2.7853152434158,,,,,,0.00113333330956791
2.7864,0.209133333333926,0.00113333331147256,0.209966838894172,0.208299827773681,0.207166494462209,
2.78611332801277,,,,,,0.00113333331095978
2.7872,0.20913333333376,0.00113333331291653,0.209966838894006,0.208299827773515,0.207166494460599,
2.78691141260974,,,,,,0.00113333331238733
2.788,0.209133333333593,0.00113333331439673,0.209966838893838,0.208299827773348,0.207166494458951,
2.7877094972067,,,,,,0.00113333331385083
2.7888,0.209133333333425,0.00113333331591341,0.20996683889367,0.20829982777318,0.207166494457266,
2.78850758180367,,,,,,0.00113333331535055
2.7896,0.209133333333262,0.00113333331746686,0.209966838893508,0.208299827773017,0.20716649445555,
2.78930566640064,,,,,,0.00113333331688675
2.7904,0.209133333333171,0.00113333331905735,0.209966838893416,0.208299827772926,0.207166494453868,
2.79010375099761,,,,,,0.00113333331845972
2.7912,0.20913333333308,0.00113333332068515,0.209966838893325,0.208299827772835,0.20716649445215,
2.79090183559457,,,,,,0.00113333332006972
2.792,0.209133333332989,0.00113333332235054,0.209966838893235,0.208299827772744,0.207166494450394,
2.79169992019154,,,,,,0.00113333332171702
2.7928,0.209133333332899,0.00113333332405378,0.209966838893144,0.208299827772654,0.2071664944486,
2.79249800478851,,,,,,0.0011333333234019
2.7936,0.209133333332809,0.00113333332579515,0.209966838893054,0.208299827772564,0.207166494446768,
2.79329608938547,,,,,,0.00113333332512462
2.7944,0.209133333332719,0.00113333332757492,0.209966838892964,0.208299827772474,0.207166494444899,
2.79409417398244,,,,,,0.00113333332688546
2.7952,0.20913333333263,0.00113333332939337,0.209966838892875,0.208299827772385,0.207166494442991,
2.79489225857941,,,,,,0.00113333332868468
2.796,0.209133333332541,0.00113333333125077,0.209966838892786,0.208299827772295,0.207166494441045,
2.79569034317638,,,,,,0.00113333333052256
2.7968,0.209133333332452,0.00113333333314739,0.209966838892697,0.208299827772207,0.207166494439059,
2.79648842777334,,,,,,0.00113333333239938
2.7976,0.209133333332364,0.00113333333508351,0.209966838892609,0.208299827772119,0.207166494437035,
2.79728651237031,,,,,,0.00113333333431539
2.7984,0.209133333332276,0.00113333333705939,0.209966838892521,0.208299827772031,0.207166494434971,
2.79808459696728,,,,,,0.00113333333627088
2.7992,0.209133333332189,0.00113333333907532,0.209966838892434,0.208299827771943,0.207166494432868,
2.79888268156425,,,,,,0.00113333333826611
2.8,0.209133333332101,0.00113333334113156,0.209966838892347,0.208299827771856,0.207166494430725,
2.79968076616121,,,,,,0.00113333334030135
2.8008,0.209133333332015,0.00113333334265483,0.20996683889226,0.20829982777177,0.207166494429115,
2.80047885075818,,,,,,0.00113333334237688
2.8016,0.209133333331929,0.00113333334300055,0.209966838892174,0.208299827771683,0.207166494428683,
2.80127693535515,,,,,,0.00113333334306762
2.8024,0.209133333331843,0.00113333334283451,0.209966838892088,0.208299827771598,0.207166494428763,
2.80207501995211,,,,,,0.00113333334290193
2.8032,0.209133333331758,0.0011333333426686,0.209966838892003,0.208299827771513,0.207166494428844,
2.80287310454908,,,,,,0.00113333334273636
2.804,0.209133333331673,0.00113333334250283,0.209966838891918,0.208299827771428,0.207166494428925,
2.80367118914605,,,,,,0.00113333334257093
2.8048,0.209133333331589,0.00113333334233722,0.209966838891834,0.208299827771344,0.207166494429006,
2.80446927374302,,,,,,0.00113333334240565
2.8056,0.209133333331505,0.00113333334217178,0.20996683889175,0.20829982777126,0.207166494429088,
2.80526735833998,,,,,,0.00113333334224053
2.8064,0.209133333331422,0.00113333334200651,0.209966838891667,0.208299827771177,0.20716649442917,
2.80606544293695,,,,,,0.00113333334207558
2.8072,0.209133333331339,0.00113333334184143,0.209966838891584,0.208299827771094,0.207166494429252,
2.80686352753392,,,,,,0.00113333334191082
2.808,0.209133333331257,0.00113333334167655,0.209966838891502,0.208299827771012,0.207166494429335,
2.80766161213089,,,,,,0.00113333334174624
2.8088,0.209133333331175,0.00113333334151188,0.209966838891421,0.20829982777093,0.207166494429418,
2.80845969672785,,,,,,0.00113333334158188
2.8096,0.209133333331094,0.00113333334134744,0.209966838891339,0.208299827770849,0.207166494429502,
2.80925778132482,,,,,,0.00113333334141773
2.8104,0.209133333331014,0.00113333334118322,0.209966838891259,0.208299827770769,0.207166494429585,
2.81005586592179,,,,,,0.0011333333412538
2.8112,0.209133333330934,0.00113333334101926,0.209966838891179,0.208299827770689,0.207166494429669,
2.81085395051876,,,,,,0.00113333334109012
2.812,0.209133333330855,0.00113333334085554,0.2099668388911,0.208299827770609,0.207166494429754,
2.81165203511572,,,,,,0.00113333334092669
2.8128,0.209133333330776,0.0011333333406921,0.209966838891021,0.208299827770531,0.207166494429839,
2.81245011971269,,,,,,0.00113333334076351
2.8136,0.209133333330698,0.00113333334052893,0.209966838890943,0.208299827770453,0.207166494429924,
2.81324820430966,,,,,,0.00113333334060061
2.8144,0.209133333330621,0.00113333334036605,0.209966838890866,0.208299827770375,0.207166494430009,
2.81404628890662,,,,,,0.00113333334043799
2.8152,0.209133333330544,0.00113333334020348,0.209966838890789,0.208299827770299,0.207166494430095,
2.81484437350359,,,,,,0.00113333334027567
2.816,0.209133333330468,0.00113333334004121,0.209966838890713,0.208299827770222,0.207166494430181,
2.81564245810056,,,,,,0.00113333334011365
2.8168,0.209133333330392,0.00113333333987927,0.209966838890637,0.208299827770147,0.207166494430268,
2.81644054269753,,,,,,0.00113333333995195
2.8176,0.209133333330318,0.00113333333971766,0.209966838890563,0.208299827770072,0.207166494430355,
2.81723862729449,,,,,,0.00113333333979058
2.8184,0.209133333330244,0.0011333333395564,0.209966838890489,0.208299827769998,0.207166494430442,
2.81803671189146,,,,,,0.00113333333962955
2.8192,0.20913333333017,0.0011333333393955,0.209966838890415,0.208299827769925,0.207166494430529,
2.81883479648843,,,,,,0.00113333333946886
2.82,0.209133333330098,0.00113333333923497,0.209966838890343,0.208299827769852,0.207166494430617,
2.8196328810854,,,,,,0.00113333333930854
2.8208,0.209133333330026,0.00113333333907481,0.209966838890271,0.208299827769781,0.207166494430706,
2.82043096568236,,,,,,0.00113333333914859
2.8216,0.209133333329955,0.00113333333891505,0.2099668388902,0.208299827769709,0.207166494430794,
2.82122905027933,,,,,,0.00113333333898903
2.8224,0.209133333329884,0.00113333333875568,0.209966838890129,0.208299827769639,0.207166494430883,
2.8220271348763,,,,,,0.00113333333882986
2.8232,0.209133333329815,0.00113333333859674,0.20996683889006,0.208299827769569,0.207166494430973,
2.82282521947326,,,,,,0.0011333333386711
2.824,0.209133333329746,0.00113333333843821,0.209966838889991,0.208299827769501,0.207166494431062,
2.82362330407023,,,,,,0.00113333333851275
2.8248,0.209133333329678,0.00113333333828012,0.209966838889923,0.208299827769433,0.207166494431153,
2.8244213886672,,,,,,0.00113333333835483
2.8256,0.209133333329611,0.00113333333812248,0.209966838889856,0.208299827769365,0.207166494431243,
2.82521947326417,,,,,,0.00113333333819735
2.8264,0.209133333329544,0.0011333333379653,0.209966838889789,0.208299827769299,0.207166494431334,
2.82601755786113,,,,,,0.00113333333804032
2.8272,0.209133333329479,0.00113333333780859,0.209966838889724,0.208299827769233,0.207166494431425,
2.8268156424581,,,,,,0.00113333333788376
2.828,0.209133333329414,0.00113333333765235,0.209966838889659,0.208299827769169,0.207166494431516,
2.82761372705507,,,,,,0.00113333333772767
2.8288,0.20913333332935,0.00113333333749661,0.209966838889595,0.208299827769105,0.207166494431608,
2.82841181165203,,,,,,0.00113333333757206
2.8296,0.209133333329287,0.00113333333734138,0.209966838889532,0.208299827769042,0.207166494431701,
2.829209896249,,,,,,0.00113333333741695
2.8304,0.209133333329225,0.00113333333718665,0.20996683888947,0.20829982776898,0.207166494431793,
2.83000798084597,,,,,,0.00113333333726234
2.8312,0.209133333329164,0.00113333333703246,0.209966838889409,0.208299827768919,0.207166494431886,
2.83080606544294,,,,,,0.00113333333710825
2.832,0.209133333329103,0.0011333333368788,0.209966838889349,0.208299827768858,0.207166494431979,
2.8316041500399,,,,,,0.0011333333369547
2.8328,0.209133333329044,0.00113333333672569,0.209966838889289,0.208299827768799,0.207166494432073,
2.83240223463687,,,,,,0.00113333333680168
2.8336,0.209133333328986,0.00113333333657314,0.209966838889231,0.20829982776874,0.207166494432167,
2.83320031923384,,,,,,0.00113333333664921
2.8344,0.209133333328928,0.00113333333642116,0.209966838889173,0.208299827768683,0.207166494432262,
2.83399840383081,,,,,,0.00113333333649731
2.8352,0.209133333328871,0.00113333333626976,0.209966838889117,0.208299827768626,0.207166494432356,
2.83479648842777,,,,,,0.00113333333634598
2.836,0.209133333328816,0.00113333333611895,0.209966838889061,0.208299827768571,0.207166494432452,
2.83559457302474,,,,,,0.00113333333619523
2.8368,0.209133333328761,0.00113333333596875,0.209966838889006,0.208299827768516,0.207166494432547,
2.83639265762171,,,,,,0.00113333333604508
2.8376,0.209133333328707,0.00113333333581917,0.209966838888953,0.208299827768462,0.207166494432643,
2.83719074221868,,,,,,0.00113333333589554
2.8384,0.209133333328655,0.00113333333567021,0.2099668388889,0.208299827768409,0.207166494432739,
2.83798882681564,,,,,,0.00113333333574661
2.8392,0.209133333328603,0.00113333333552189,0.209966838888848,0.208299827768358,0.207166494432836,
2.83878691141261,,,,,,0.00113333333559832
2.84,0.209133333328552,0.00113333333537422,0.209966838888798,0.208299827768307,0.207166494432933,
2.83958499600958,,,,,,0.00113333333545066
2.8408,0.209133333328503,0.00113333333522722,0.209966838888748,0.208299827768258,0.20716649443303,
2.84038308060654,,,,,,0.00113333333530366
2.8416,0.209133333328454,0.00113333333508088,0.209966838888699,0.208299827768209,0.207166494433128,
2.84118116520351,,,,,,0.00113333333515732
2.8424,0.209133333328407,0.00113333333493523,0.209966838888652,0.208299827768161,0.207166494433226,
2.84197924980048,,,,,,0.00113333333501166
2.8432,0.20913333332836,0.00113333333479027,0.209966838888605,0.208299827768115,0.207166494433325,
2.84277733439745,,,,,,0.00113333333486668
2.844,0.209133333328315,0.00113333333464602,0.20996683888856,0.20829982776807,0.207166494433424,
2.84357541899441,,,,,,0.0011333333347224
2.8448,0.209133333328271,0.00113333333450248,0.209966838888516,0.208299827768025,0.207166494433523,
2.84437350359138,,,,,,0.00113333333457882
2.8456,0.209133333328228,0.00113333333435967,0.209966838888473,0.208299827767982,0.207166494433623,
2.84517158818835,,,,,,0.00113333333443597
2.8464,0.209133333328185,0.00113333333421761,0.209966838888431,0.20829982776794,0.207166494433723,
2.84596967278532,,,,,,0.00113333333429384
2.8472,0.209133333328145,0.00113333333407629,0.20996683888839,0.208299827767899,0.207166494433823,
2.84676775738228,,,,,,0.00113333333415246
2.848,0.209133333328105,0.00113333333393573,0.20996683888835,0.20829982776786,0.207166494433924,
2.84756584197925,,,,,,0.00113333333401182
2.8488,0.209133333328066,0.00113333333379595,0.209966838888311,0.208299827767821,0.207166494434025,
2.84836392657622,,,,,,0.00113333333387195
2.8496,0.209133333328029,0.00113333333365696,0.209966838888274,0.208299827767784,0.207166494434127,
2.84916201117318,,,,,,0.00113333333373286
2.8504,0.209133333327992,0.00113333333351876,0.209966838888238,0.208299827767747,0.207166494434228,
2.84996009577015,,,,,,0.00113333333359455
2.8512,0.209133333327957,0.00113333333338136,0.209966838888203,0.208299827767712,0.207166494434331,
2.85075818036712,,,,,,0.00113333333345704
2.852,0.209133333327924,0.00113333333324479,0.209966838888169,0.208299827767678,0.207166494434434,
2.85155626496409,,,,,,0.00113333333332034
2.8528,0.209133333327891,0.00113333333310904,0.209966838888136,0.208299827767646,0.207166494434537,
2.85235434956105,,,,,,0.00113333333318446
2.8536,0.209133333327859,0.00113333333297414,0.209966838888105,0.208299827767614,0.20716649443464,
2.85315243415802,,,,,,0.0011333333330494
2.8544,0.209133333327829,0.00113333333284008,0.209966838888074,0.208299827767584,0.207166494434744,
2.85395051875499,,,,,,0.00113333333291519
2.8552,0.2091333333278,0.00113333333270689,0.209966838888046,0.208299827767555,0.207166494434848,
2.85474860335196,,,,,,0.00113333333278183
2.856,0.209133333327773,0.00113333333257458,0.209966838888018,0.208299827767527,0.207166494434953,
2.85554668794892,,,,,,0.00113333333264934
2.8568,0.209133333327746,0.00113333333244315,0.209966838887991,0.208299827767501,0.207166494435058,
2.85634477254589,,,,,,0.00113333333251772
2.8576,0.209133333327721,0.00113333333231262,0.209966838887966,0.208299827767476,0.207166494435163,
2.85714285714286,,,,,,0.00113333333238699
2.8584,0.209133333327697,0.001133333332183,0.209966838887943,0.208299827767452,0.207166494435269,
2.85794094173982,,,,,,0.00113333333225715
2.8592,0.209133333327675,0.00113333333205429,0.20996683888792,0.20829982776743,0.207166494435375,
2.85873902633679,,,,,,0.00113333333212823
2.86,0.209133333327654,0.00113333333192652,0.209966838887899,0.208299827767408,0.207166494435482,
2.85953711093376,,,,,,0.00113333333200022
2.8608,0.209133333327634,0.00113333333179969,0.209966838887879,0.208299827767389,0.207166494435589,
2.86033519553073,,,,,,0.00113333333187315
2.8616,0.209133333327615,0.00113333333167381,0.209966838887861,0.20829982776737,0.207166494435696,
2.86113328012769,,,,,,0.00113333333174702
2.8624,0.209133333327598,0.0011333333315489,0.209966838887843,0.208299827767353,0.207166494435804,
2.86193136472466,,,,,,0.00113333333162184
2.8632,0.209133333327582,0.00113333333142496,0.209966838887828,0.208299827767337,0.207166494435912,
2.86272944932163,,,,,,0.00113333333149762
2.864,0.209133333327568,0.00113333333130201,0.209966838887813,0.208299827767323,0.207166494436021,
2.8635275339186,,,,,,0.00113333333137438
2.8648,0.209133333327555,0.00113333333118006,0.2099668388878,0.20829982776731,0.20716649443613,
2.86432561851556,,,,,,0.00113333333125213
2.8656,0.209133333327543,0.00113333333105912,0.209966838887789,0.208299827767298,0.207166494436239,
2.86512370311253,,,,,,0.00113333333113088
2.8664,0.209133333327533,0.00113333333093919,0.209966838887779,0.208299827767288,0.207166494436349,
2.8659217877095,,,,,,0.00113333333101063
2.8672,0.209133333327525,0.0011333333308203,0.20996683888777,0.208299827767279,0.207166494436459,
2.86671987230646,,,,,,0.00113333333089141
2.868,0.209133333327517,0.00113333333070246,0.209966838887762,0.208299827767272,0.20716649443657,
2.86751795690343,,,,,,0.00113333333077322
2.8688,0.209133333327511,0.00113333333058567,0.209966838887757,0.208299827767266,0.207166494436681,
2.8683160415004,,,,,,0.00113333333065607
2.8696,0.209133333327507,0.00113333333046994,0.209966838887752,0.208299827767262,0.207166494436792,
2.86911412609737,,,,,,0.00113333333053997
2.8704,0.209133333327504,0.00113333333035529,0.209966838887749,0.208299827767259,0.207166494436904,
2.86991221069433,,,,,,0.00113333333042494
2.8712,0.209133333327503,0.00113333333024173,0.209966838887748,0.208299827767258,0.207166494437016,
2.8707102952913,,,,,,0.00113333333031099
2.872,0.209133333327503,0.00113333333012927,0.209966838887748,0.208299827767258,0.207166494437128,
2.87150837988827,,,,,,0.00113333333019812
2.8728,0.209133333327505,0.00113333333001792,0.20996683888775,0.208299827767259,0.207166494437241,
2.87230646448524,,,,,,0.00113333333008635
2.8736,0.209133333327508,0.00113333332990769,0.209966838887753,0.208299827767262,0.207166494437355,
2.8731045490822,,,,,,0.0011333333299757
2.8744,0.209133333327512,0.0011333333297986,0.209966838887758,0.208299827767267,0.207166494437469,
2.87390263367917,,,,,,0.00113333332986616
2.8752,0.209133333327519,0.00113333332969065,0.209966838887764,0.208299827767273,0.207166494437583,
2.87470071827614,,,,,,0.00113333332975775
2.876,0.209133333327526,0.00113333332958386,0.209966838887772,0.208299827767281,0.207166494437697,
2.8754988028731,,,,,,0.00113333332965049
2.8768,0.209133333327536,0.00113333332947823,0.209966838887781,0.208299827767291,0.207166494437812,
2.87629688747007,,,,,,0.00113333332954438
2.8776,0.209133333327547,0.00113333332937378,0.209966838887792,0.208299827767301,0.207166494437928,
2.87709497206704,,,,,,0.00113333332943944
2.8784,0.209133333327559,0.00113333332927052,0.209966838887804,0.208299827767314,0.207166494438044,
2.87789305666401,,,,,,0.00113333332933568
2.8792,0.209133333327573,0.00113333332916846,0.209966838887819,0.208299827767328,0.20716649443816,
2.87869114126097,,,,,,0.0011333333292331
2.88,0.209133333327589,0.00113333332906762,0.209966838887834,0.208299827767344,0.207166494438276,
2.87948922585794,,,,,,0.00113333332913172
2.8808,0.209133333327607,0.00113333332896799,0.209966838887852,0.208299827767361,0.207166494438393,
2.88028731045491,,,,,,0.00113333332903156
2.8816,0.209133333327626,0.0011333333288696,0.209966838887871,0.208299827767381,0.207166494438511,
2.88108539505188,,,,,,0.00113333332893261
2.8824,0.209133333327646,0.00113333332877246,0.209966838887892,0.208299827767401,0.207166494438629,
2.88188347964884,,,,,,0.0011333333288349
2.8832,0.209133333327669,0.00113333332867658,0.209966838887914,0.208299827767424,0.207166494438747,
2.88268156424581,,,,,,0.00113333332873843
2.884,0.209133333327693,0.00113333332858196,0.209966838887938,0.208299827767448,0.207166494438866,
2.88347964884278,,,,,,0.00113333332864321
2.8848,0.209133333327719,0.00113333332848862,0.209966838887964,0.208299827767474,0.207166494438985,
2.88427773343974,,,,,,0.00113333332854926
2.8856,0.209133333327746,0.00113333332839657,0.209966838887992,0.208299827767501,0.207166494439105,
2.88507581803671,,,,,,0.00113333332845659
2.8864,0.209133333327776,0.00113333332830583,0.209966838888021,0.20829982776753,0.207166494439224,
2.88587390263368,,,,,,0.00113333332836521
2.8872,0.209133333327806,0.0011333333282164,0.209966838888052,0.208299827767561,0.207166494439345,
2.88667198723065,,,,,,0.00113333332827513
2.888,0.209133333327839,0.00113333332812829,0.209966838888084,0.208299827767594,0.207166494439466,
2.88747007182761,,,,,,0.00113333332818636
2.8888,0.209133333327874,0.00113333332804152,0.209966838888119,0.208299827767628,0.207166494439587,
2.88826815642458,,,,,,0.00113333332809891
2.8896,0.20913333332791,0.0011333333279561,0.209966838888155,0.208299827767665,0.207166494439709,
2.88906624102155,,,,,,0.00113333332801279
2.8904,0.209133333327948,0.00113333332787203,0.209966838888193,0.208299827767703,0.207166494439831,
2.88986432561852,,,,,,0.00113333332792802
2.8912,0.209133333327988,0.00113333332778933,0.209966838888233,0.208299827767742,0.207166494439953,
2.89066241021548,,,,,,0.0011333333278446
2.892,0.209133333328029,0.00113333332770802,0.209966838888274,0.208299827767784,0.207166494440076,
2.89146049481245,,,,,,0.00113333332776255
2.8928,0.209133333328073,0.00113333332762809,0.209966838888318,0.208299827767827,0.207166494440199,
2.89225857940942,,,,,,0.00113333332768188
2.8936,0.209133333328118,0.00113333332754957,0.209966838888363,0.208299827767873,0.207166494440323,
2.89305666400638,,,,,,0.0011333333276026
2.8944,0.209133333328165,0.00113333332747247,0.20996683888841,0.20829982776792,0.207166494440447,
2.89385474860335,,,,,,0.00113333332752471
2.8952,0.209133333328214,0.00113333332739679,0.209966838888459,0.208299827767969,0.207166494440572,
2.89465283320032,,,,,,0.00113333332744824
2.896,0.209133333328265,0.00113333332732254,0.20996683888851,0.208299827768019,0.207166494440697,
2.89545091779729,,,,,,0.00113333332737319
2.8968,0.209133333328317,0.00113333332724975,0.209966838888563,0.208299827768072,0.207166494440822,
2.89624900239425,,,,,,0.00113333332729958
2.8976,0.209133333328372,0.00113333332717842,0.209966838888617,0.208299827768127,0.207166494440948,
2.89704708699122,,,,,,0.00113333332722741
2.8984,0.209133333328428,0.00113333332710855,0.209966838888674,0.208299827768183,0.207166494441075,
2.89784517158819,,,,,,0.00113333332715669
2.8992,0.209133333328487,0.00113333332704017,0.209966838888732,0.208299827768242,0.207166494441201,
2.89864325618516,,,,,,0.00113333332708744
2.9,0.209133333328547,0.00113333332697328,0.209966838888792,0.208299827768302,0.207166494441329,
2.89944134078212,,,,,,0.00113333332701968
2.9008,0.209133333328609,0.00113333332690789,0.209966838888854,0.208299827768364,0.207166494441456,
2.90023942537909,,,,,,0.0011333333269534
2.9016,0.209133333328673,0.00113333332684403,0.209966838888919,0.208299827768428,0.207166494441584,
2.90103750997606,,,,,,0.00113333332688862
2.9024,0.20913333332874,0.00113333332678168,0.209966838888985,0.208299827768494,0.207166494441713,
2.90183559457302,,,,,,0.00113333332682535
2.9032,0.209133333328808,0.00113333332672088,0.209966838889053,0.208299827768562,0.207166494441842,
2.90263367916999,,,,,,0.00113333332676361
2.904,0.209133333328878,0.00113333332666163,0.209966838889123,0.208299827768633,0.207166494441971,
2.90343176376696,,,,,,0.0011333333267034
2.9048,0.20913333332895,0.00113333332660393,0.209966838889195,0.208299827768705,0.207166494442101,
2.90422984836393,,,,,,0.00113333332664473
2.9056,0.209133333329024,0.00113333332654781,0.209966838889269,0.208299827768779,0.207166494442231,
2.90502793296089,,,,,,0.00113333332658762
2.9064,0.2091333333291,0.00113333332649327,0.209966838889345,0.208299827768855,0.207166494442362,
2.90582601755786,,,,,,0.00113333332653208
2.9072,0.209133333329178,0.00113333332644033,0.209966838889423,0.208299827768933,0.207166494442493,
2.90662410215483,,,,,,0.00113333332647812
2.908,0.209133333329258,0.00113333332638899,0.209966838889504,0.208299827769013,0.207166494442624,
2.9074221867518,,,,,,0.00113333332642575
2.9088,0.209133333329341,0.00113333332633927,0.209966838889586,0.208299827769095,0.207166494442756,
2.90822027134876,,,,,,0.00113333332637498
2.9096,0.209133333329425,0.00113333332629118,0.20996683888967,0.20829982776918,0.207166494442889,
2.90901835594573,,,,,,0.00113333332632582
2.9104,0.209133333329511,0.00113333332624473,0.209966838889757,0.208299827769266,0.207166494443021,
2.9098164405427,,,,,,0.00113333332627829
2.9112,0.2091333333296,0.00113333332619993,0.209966838889845,0.208299827769355,0.207166494443155,
2.91061452513966,,,,,,0.00113333332623239
2.912,0.20913333332969,0.00113333332615679,0.209966838889936,0.208299827769445,0.207166494443288,
2.91141260973663,,,,,,0.00113333332618814
2.9128,0.209133333329783,0.00113333332611532,0.209966838890028,0.208299827769538,0.207166494443423,
2.9122106943336,,,,,,0.00113333332614554
2.9136,0.209133333329878,0.00113333332607554,0.209966838890123,0.208299827769633,0.207166494443557,
2.91300877893057,,,,,,0.00113333332610461
2.9144,0.209133333329975,0.00113333332603745,0.20996683889022,0.20829982776973,0.207166494443692,
2.91380686352753,,,,,,0.00113333332606536
2.9152,0.209133333330074,0.00113333332600107,0.209966838890319,0.208299827769829,0.207166494443828,
2.9146049481245,,,,,,0.00113333332602781
2.916,0.209133333330175,0.00113333332596641,0.209966838890421,0.20829982776993,0.207166494443964,
2.91540303272147,,,,,,0.00113333332599195
2.9168,0.209133333330279,0.00113333332593348,0.209966838890524,0.208299827770034,0.2071664944441,
2.91620111731844,,,,,,0.00113333332595781
2.9176,0.209133333330385,0.00113333332590229,0.20996683889063,0.208299827770139,0.207166494444237,
2.9169992019154,,,,,,0.00113333332592539
2.9184,0.209133333330492,0.00113333332587285,0.209966838890738,0.208299827770247,0.207166494444374,
2.91779728651237,,,,,,0.0011333333258947
2.9192,0.209133333330603,0.00113333332584517,0.209966838890848,0.208299827770357,0.207166494444512,
2.91859537110934,,,,,,0.00113333332586577
2.92,0.209133333330715,0.00113333332581927,0.20996683889096,0.20829982777047,0.20716649444465,
2.91939345570631,,,,,,0.00113333332583859
2.9208,0.209133333330829,0.00113333332579516,0.209966838891075,0.208299827770584,0.207166494444789,
2.92019154030327,,,,,,0.00113333332581317
2.9216,0.209133333330946,0.00113333332577284,0.209966838891191,0.208299827770701,0.207166494444928,
2.92098962490024,,,,,,0.00113333332578954
2.9224,0.209133333331065,0.00113333332575233,0.20996683889131,0.20829982777082,0.207166494445068,
2.92178770949721,,,,,,0.0011333333257677
2.9232,0.209133333331187,0.00113333332573364,0.209966838891432,0.208299827770941,0.207166494445208,
2.92258579409417,,,,,,0.00113333332574766
2.924,0.209133333331231,0.00113333332571678,0.209966838891476,0.208299827770986,0.207166494445269,
2.92338387869114,,,,,,0.00113333332572944
2.9248,0.209133333331236,0.00113333332570176,0.209966838891481,0.20829982777099,0.207166494445289,
2.92418196328811,,,,,,0.00113333332571304
2.9256,0.20913333333124,0.0011333333256886,0.209966838891485,0.208299827770995,0.207166494445306,
2.92498004788508,,,,,,0.00113333332569847
2.9264,0.209133333331245,0.00113333332567729,0.20996683889149,0.208299827771,0.207166494445322,
2.92577813248204,,,,,,0.00113333332568576
2.9272,0.20913333333125,0.00113333332566787,0.209966838891495,0.208299827771005,0.207166494445337,
2.92657621707901,,,,,,0.0011333333256749
2.928,0.209133333331255,0.00113333332566033,0.2099668388915,0.20829982777101,0.207166494445349,
2.92737430167598,,,,,,0.00113333332566591
2.9288,0.20913333333126,0.00113333332565469,0.209966838891505,0.208299827771015,0.20716649444536,
2.92817238627294,,,,,,0.0011333333256588
2.9296,0.209133333331266,0.00113333332565096,0.209966838891511,0.20829982777102,0.207166494445369,
2.92897047086991,,,,,,0.00113333332565358
2.9304,0.209133333331271,0.00113333332564915,0.209966838891516,0.208299827771026,0.207166494445377,
2.92976855546688,,,,,,0.00113333332565026
2.9312,0.209133333331277,0.00113333332564928,0.209966838891522,0.208299827771032,0.207166494445382,
2.93056664006385,,,,,,0.00113333332564886
2.932,0.209133333331283,0.00113333332565134,0.209966838891528,0.208299827771038,0.207166494445386,
2.93136472466081,,,,,,0.00113333332564939
2.9328,0.209133333331289,0.00113333332565536,0.209966838891534,0.208299827771044,0.207166494445388,
2.93216280925778,,,,,,0.00113333332565185
2.9336,0.209133333331295,0.00113333332566135,0.20996683889154,0.20829982777105,0.207166494445388,
2.93296089385475,,,,,,0.00113333332565625
2.9344,0.209133333331301,0.00113333332566931,0.209966838891547,0.208299827771056,0.207166494445387,
2.93375897845172,,,,,,0.00113333332566262
2.9352,0.209133333331308,0.00113333332567927,0.209966838891553,0.208299827771063,0.207166494445383,
2.93455706304868,,,,,,0.00113333332567096
2.936,0.209133333331314,0.00113333332569122,0.20996683889156,0.208299827771069,0.207166494445378,
2.93535514764565,,,,,,0.00113333332568127
2.9368,0.209133333331321,0.00113333332570518,0.209966838891566,0.208299827771076,0.207166494445371,
2.93615323224262,,,,,,0.00113333332569358
2.9376,0.209133333331328,0.00113333332572116,0.209966838891573,0.208299827771083,0.207166494445362,
2.93695131683958,,,,,,0.00113333332570789
2.9384,0.209133333331335,0.00113333332573918,0.20996683889158,0.20829982777109,0.207166494445351,
2.93774940143655,,,,,,0.00113333332572422
2.9392,0.209133333331342,0.00113333332575924,0.209966838891588,0.208299827771097,0.207166494445338,
2.93854748603352,,,,,,0.00113333332574257
2.94,0.20913333333135,0.00113333332578136,0.209966838891595,0.208299827771105,0.207166494445323,
2.93934557063049,,,,,,0.00113333332576296
2.9408,0.209133333331357,0.00113333332580554,0.209966838891602,0.208299827771112,0.207166494445306,
2.94014365522745,,,,,,0.0011333333257854
2.9416,0.209133333331365,0.00113333332583181,0.20996683889161,0.20829982777112,0.207166494445288,
2.94094173982442,,,,,,0.00113333332580989
2.9424,0.209133333331373,0.00113333332586016,0.209966838891618,0.208299827771127,0.207166494445267,
2.94173982442139,,,,,,0.00113333332583646
2.9432,0.209133333331381,0.00113333332589061,0.209966838891626,0.208299827771135,0.207166494445245,
2.94253790901836,,,,,,0.00113333332586511
2.944,0.209133333331389,0.00113333332592317,0.209966838891634,0.208299827771143,0.20716649444522,
2.94333599361532,,,,,,0.00113333332589585
2.9448,0.209133333331397,0.00113333332595786,0.209966838891642,0.208299827771152,0.207166494445194,
2.94413407821229,,,,,,0.00113333332592869
2.9456,0.209133333331405,0.00113333332599468,0.20996683889165,0.20829982777116,0.207166494445165,
2.94493216280926,,,,,,0.00113333332596365
2.9464,0.209133333331414,0.00113333332603365,0.209966838891659,0.208299827771168,0.207166494445135,
2.94573024740623,,,,,,0.00113333332600074
2.9472,0.209133333331422,0.00113333332607478,0.209966838891667,0.208299827771177,0.207166494445102,
2.94652833200319,,,,,,0.00113333332603996
2.948,0.209133333331431,0.00113333332611807,0.209966838891676,0.208299827771186,0.207166494445068,
2.94732641660016,,,,,,0.00113333332608133
2.9488,0.20913333333144,0.00113333332616354,0.209966838891685,0.208299827771195,0.207166494445031,
2.94812450119713,,,,,,0.00113333332612486
2.9496,0.209133333331449,0.00113333332621121,0.209966838891694,0.208299827771204,0.207166494444992,
2.94892258579409,,,,,,0.00113333332617056
2.9504,0.209133333331458,0.00113333332621658,0.209966838891703,0.208299827771213,0.207166494444996,
2.94972067039106,,,,,,0.00113333332621845
2.9512,0.209133333331467,0.00113333332616146,0.209966838891712,0.208299827771222,0.207166494445061,
2.95051875498803,,,,,,0.00113333332621625
2.952,0.209133333331477,0.00113333332609743,0.209966838891722,0.208299827771231,0.207166494445134,
2.951316839585,,,,,,0.00113333332615206
2.9528,0.209133333331486,0.00113333332603376,0.209966838891731,0.208299827771241,0.207166494445207,
2.95211492418196,,,,,,0.00113333332608824
2.9536,0.209133333331496,0.00113333332597046,0.209966838891741,0.208299827771251,0.20716649444528,
2.95291300877893,,,,,,0.00113333332602477
2.9544,0.209133333331506,0.00113333332590752,0.209966838891751,0.20829982777126,0.207166494445353,
2.9537110933759,,,,,,0.00113333332596167
2.9552,0.209133333331516,0.00113333332584496,0.209966838891761,0.20829982777127,0.207166494445425,
2.95450917797287,,,,,,0.00113333332589894
2.956,0.209133333331526,0.00113333332578276,0.209966838891771,0.20829982777128,0.207166494445498,
2.95530726256983,,,,,,0.00113333332583657
2.9568,0.209133333331536,0.00113333332572094,0.209966838891781,0.208299827771291,0.20716649444557,
2.9561053471668,,,,,,0.00113333332577458
2.9576,0.209133333331546,0.00113333332565949,0.209966838891791,0.208299827771301,0.207166494445642,
2.95690343176377,,,,,,0.00113333332571295
2.9584,0.209133333331557,0.00113333332559842,0.209966838891802,0.208299827771311,0.207166494445713,
2.95770151636073,,,,,,0.0011333333256517
2.9592,0.209133333331567,0.00113333332553772,0.209966838891813,0.208299827771322,0.207166494445784,
2.9584996009577,,,,,,0.00113333332559082
2.96,0.209133333331578,0.0011333333254774,0.209966838891823,0.208299827771333,0.207166494445855,
2.95929768555467,,,,,,0.00113333332553032
2.9608,0.209133333331589,0.00113333332541746,0.209966838891834,0.208299827771344,0.207166494445926,
2.96009577015164,,,,,,0.00113333332547019
2.9616,0.2091333333316,0.0011333333253579,0.209966838891845,0.208299827771355,0.207166494445997,
2.9608938547486,,,,,,0.00113333332541044
2.9624,0.209133333331611,0.00113333332529873,0.209966838891856,0.208299827771366,0.207166494446067,
2.96169193934557,,,,,,0.00113333332535106
2.9632,0.209133333331622,0.00113333332523993,0.209966838891867,0.208299827771377,0.207166494446137,
2.96249002394254,,,,,,0.00113333332529207
2.964,0.209133333331633,0.00113333332518152,0.209966838891879,0.208299827771388,0.207166494446207,
2.96328810853951,,,,,,0.00113333332523346
2.9648,0.209133333331645,0.00113333332512349,0.20996683889189,0.2082998277714,0.207166494446276,
2.96408619313647,,,,,,0.00113333332517523
2.9656,0.209133333331656,0.00113333332506586,0.209966838891902,0.208299827771411,0.207166494446345,
2.96488427773344,,,,,,0.00113333332511739
2.9664,0.209133333331668,0.00113333332500861,0.209966838891913,0.208299827771423,0.207166494446414,
2.96568236233041,,,,,,0.00113333332505993
2.9672,0.20913333333168,0.00113333332495175,0.209966838891925,0.208299827771435,0.207166494446483,
2.96648044692737,,,,,,0.00113333332500285
2.968,0.209133333331692,0.00113333332489528,0.209966838891937,0.208299827771447,0.207166494446551,
2.96727853152434,,,,,,0.00113333332494617
2.9688,0.209133333331704,0.0011333333248392,0.209966838891949,0.208299827771459,0.20716649444662,
2.96807661612131,,,,,,0.00113333332488987
2.9696,0.209133333331716,0.00113333332478352,0.209966838891961,0.208299827771471,0.207166494446687,
2.96887470071828,,,,,,0.00113333332483397
2.9704,0.209133333331728,0.00113333332472823,0.209966838891974,0.208299827771483,0.207166494446755,
2.96967278531524,,,,,,0.00113333332477846
2.9712,0.209133333331741,0.00113333332467334,0.209966838891986,0.208299827771496,0.207166494446822,
2.97047086991221,,,,,,0.00113333332472334
2.972,0.209133333331753,0.00113333332461885,0.209966838891999,0.208299827771508,0.207166494446889,
2.97126895450918,,,,,,0.00113333332466862
2.9728,0.209133333331766,0.00113333332456476,0.209966838892011,0.208299827771521,0.207166494446956,
2.97206703910615,,,,,,0.00113333332461429
2.9736,0.209133333331779,0.00113333332451107,0.209966838892024,0.208299827771534,0.207166494447022,
2.97286512370311,,,,,,0.00113333332456036
2.9744,0.209133333331792,0.00113333332445778,0.209966838892037,0.208299827771546,0.207166494447089,
2.97366320830008,,,,,,0.00113333332450683
2.9752,0.209133333331805,0.00113333332440489,0.20996683889205,0.208299827771559,0.207166494447154,
2.97446129289705,,,,,,0.0011333333244537
2.976,0.209133333331818,0.00113333332435241,0.209966838892063,0.208299827771572,0.20716649444722,
2.97525937749401,,,,,,0.00113333332440097
2.9768,0.209133333331831,0.00113333332430033,0.209966838892076,0.208299827771586,0.207166494447285,
2.97605746209098,,,,,,0.00113333332434864
2.9776,0.209133333331844,0.00113333332424866,0.209966838892089,0.208299827771599,0.20716649444735,
2.97685554668795,,,,,,0.00113333332429672
2.9784,0.209133333331858,0.0011333333241974,0.209966838892103,0.208299827771612,0.207166494447415,
2.97765363128492,,,,,,0.0011333333242452
2.9792,0.209133333331871,0.00113333332414655,0.209966838892116,0.208299827771626,0.207166494447479,
2.97845171588188,,,,,,0.00113333332419409
2.98,0.209133333331885,0.00113333332409611,0.20996683889213,0.20829982777164,0.207166494447543,
2.97924980047885,,,,,,0.00113333332414339
2.9808,0.209133333331899,0.00113333332404609,0.209966838892144,0.208299827771653,0.207166494447607,
2.98004788507582,,,,,,0.0011333333240931
2.9816,0.209133333331912,0.00113333332399648,0.209966838892158,0.208299827771667,0.207166494447671,
2.98084596967279,,,,,,0.00113333332404322
2.9824,0.209133333331926,0.00113333332394728,0.209966838892172,0.208299827771681,0.207166494447734,
2.98164405426975,,,,,,0.00113333332399375
2.9832,0.20913333333194,0.0011333333238985,0.209966838892186,0.208299827771695,0.207166494447797,
2.98244213886672,,,,,,0.00113333332394469
2.984,0.209133333331955,0.00113333332385014,0.2099668388922,0.208299827771709,0.207166494447859,
2.98324022346369,,,,,,0.00113333332389605
2.9848,0.209133333331969,0.0011333333238022,0.209966838892214,0.208299827771724,0.207166494447921,
2.98403830806065,,,,,,0.00113333332384783
2.9856,0.209133333331983,0.00113333332375468,0.209966838892228,0.208299827771738,0.207166494447983,
2.98483639265762,,,,,,0.00113333332380002
2.9864,0.209133333331998,0.00113333332370758,0.209966838892243,0.208299827771753,0.207166494448045,
2.98563447725459,,,,,,0.00113333332375263
2.9872,0.209133333332012,0.00113333332366091,0.209966838892258,0.208299827771767,0.207166494448106,
2.98643256185156,,,,,,0.00113333332370567
2.988,0.209133333332027,0.00113333332361466,0.209966838892272,0.208299827771782,0.207166494448167,
2.98723064644852,,,,,,0.00113333332365912
2.9888,0.209133333332042,0.00113333332356884,0.209966838892287,0.208299827771797,0.207166494448228,
2.98802873104549,,,,,,0.001133333323613
2.9896,0.209133333332057,0.00113333332352344,0.209966838892302,0.208299827771811,0.207166494448288,
2.98882681564246,,,,,,0.0011333333235673
2.9904,0.209133333332072,0.00113333332347848,0.209966838892317,0.208299827771826,0.207166494448348,
2.98962490023943,,,,,,0.00113333332352203
2.9912,0.209133333332087,0.00113333332343394,0.209966838892332,0.208299827771842,0.207166494448408,
2.99042298483639,,,,,,0.00113333332347719
2.992,0.209133333332102,0.00113333332338984,0.209966838892347,0.208299827771857,0.207166494448467,
2.99122106943336,,,,,,0.00113333332343277
2.9928,0.209133333332117,0.00113333332334617,0.209966838892362,0.208299827771872,0.207166494448526,
2.99201915403033,,,,,,0.00113333332338879
2.9936,0.209133333332133,0.00113333332330294,0.209966838892378,0.208299827771887,0.207166494448584,
2.99281723862729,,,,,,0.00113333332334523
2.9944,0.209133333332148,0.00113333332326014,0.209966838892393,0.208299827771903,0.207166494448643,
2.99361532322426,,,,,,0.00113333332330211
2.9952,0.209133333332164,0.00113333332321777,0.209966838892409,0.208299827771918,0.207166494448701,
2.99441340782123,,,,,,0.00113333332325942
2.996,0.209133333332179,0.00113333332317585,0.209966838892425,0.208299827771934,0.207166494448758,
2.9952114924182,,,,,,0.00113333332321716
2.9968,0.209133333332195,0.00113333332313437,0.20996683889244,0.20829982777195,0.207166494448816,
2.99600957701516,,,,,,0.00113333332317535
2.9976,0.209133333332211,0.00113333332309332,0.209966838892456,0.208299827771966,0.207166494448872,
2.99680766161213,,,,,,0.00113333332313397
2.9984,0.209133333332227,0.00113333332305272,0.209966838892472,0.208299827771982,0.207166494448929,
2.9976057462091,,,,,,0.00113333332309303
2.9992,0.209133333332243,0.00113333332301257,0.209966838892488,0.208299827771998,0.207166494448985,
2.99840383080607,,,,,,0.00113333332305253
3,0.209133333332259,0.00113333332297286,0.209966838892504,0.208299827772014,0.207166494449041,
2.99920191540303,,,,,,0.00113333332301247
3.0008,0.209133333332275,0.00113333332293359,0.209966838892521,0.20829982777203,0.207166494449096,
3,,,,,,0.00113333332297286
3.00079808459697,,,,,,0.00113333332293369
3.0016,0.209133333332292,0.00113333332289478,0.209966838892537,0.208299827772046,0.207166494449152,
3.00159616919393,,,,,,0.00113333332289496
3.0024,0.209133333332308,0.00113333332285641,0.209966838892553,0.208299827772063,0.207166494449206,
3.0023942537909,,,,,,0.00113333332285669
3.0032,0.209133333332324,0.0011333333228185,0.20996683889257,0.208299827772079,0.207166494449261,
3.00319233838787,,,,,,0.00113333332281886
3.004,0.209133333332341,0.00113333332278104,0.209966838892586,0.208299827772096,0.207166494449315,
3.00399042298484,,,,,,0.00113333332278148
3.0048,0.209133333332358,0.00113333332274403,0.209966838892603,0.208299827772112,0.207166494449368,
3.0047885075818,,,,,,0.00113333332274455
3.0056,0.209133333332374,0.00113333332270747,0.20996683889262,0.208299827772129,0.207166494449422,
3.00558659217877,,,,,,0.00113333332270808
3.0064,0.209133333332391,0.00113333332267138,0.209966838892637,0.208299827772146,0.207166494449475,
3.00638467677574,,,,,,0.00113333332267206
3.0072,0.209133333332408,0.00113333332263574,0.209966838892653,0.208299827772163,0.207166494449527,
3.00718276137271,,,,,,0.00113333332263649
3.008,0.209133333332425,0.00113333332260055,0.20996683889267,0.20829982777218,0.207166494449579,
3.00798084596967,,,,,,0.00113333332260139
3.0088,0.209133333332442,0.00113333332256583,0.209966838892688,0.208299827772197,0.207166494449631,
3.00877893056664,,,,,,0.00113333332256674
3.0096,0.209133333332459,0.00113333332253157,0.209966838892705,0.208299827772214,0.207166494449683,
3.00957701516361,,,,,,0.00113333332253254
3.0104,0.209133333332477,0.00113333332249778,0.209966838892722,0.208299827772231,0.207166494449734,
3.01037509976057,,,,,,0.00113333332249881
3.0112,0.209133333332494,0.00113333332246444,0.209966838892739,0.208299827772249,0.207166494449784,
3.01117318435754,,,,,,0.00113333332246555
3.012,0.209133333332511,0.00113333332243158,0.209966838892757,0.208299827772266,0.207166494449835,
3.01197126895451,,,,,,0.00113333332243274
3.0128,0.209133333332529,0.00113333332239918,0.209966838892774,0.208299827772284,0.207166494449885,
3.01276935355148,,,,,,0.0011333333224004
3.0136,0.209133333332547,0.00113333332236725,0.209966838892792,0.208299827772301,0.207166494449934,
3.01356743814844,,,,,,0.00113333332236853
3.0144,0.209133333332564,0.00113333332233579,0.209966838892809,0.208299827772319,0.207166494449983,
3.01436552274541,,,,,,0.00113333332233712
3.0152,0.209133333332582,0.0011333333223048,0.209966838892827,0.208299827772337,0.207166494450032,
3.01516360734238,,,,,,0.00113333332230619
3.016,0.2091333333326,0.00113333332227428,0.209966838892845,0.208299827772354,0.20716649445008,
3.01596169193935,,,,,,0.00113333332227572
3.0168,0.209133333332618,0.00113333332224423,0.209966838892863,0.208299827772372,0.207166494450128,
3.01675977653631,,,,,,0.00113333332224572
3.0176,0.209133333332636,0.00113333332221467,0.209966838892881,0.20829982777239,0.207166494450176,
3.01755786113328,,,,,,0.0011333333222162
3.0184,0.209133333332654,0.00113333332218557,0.209966838892899,0.208299827772408,0.207166494450223,
3.01835594573025,,,,,,0.00113333332218715
3.0192,0.209133333332672,0.00113333332215696,0.209966838892917,0.208299827772426,0.207166494450269,
3.01915403032721,,,,,,0.00113333332215858
3.02,0.20913333333269,0.00113333332212882,0.209966838892935,0.208299827772445,0.207166494450316,
3.01995211492418,,,,,,0.00113333332213048
3.0208,0.209133333332708,0.00113333332210117,0.209966838892953,0.208299827772463,0.207166494450362,
3.02075019952115,,,,,,0.00113333332210286
3.0216,0.209133333332726,0.001133333322074,0.209966838892972,0.208299827772481,0.207166494450407,
3.02154828411812,,,,,,0.00113333332207572
3.0224,0.209133333332745,0.00113333332204731,0.20996683889299,0.2082998277725,0.207166494450452,
3.02234636871508,,,,,,0.00113333332204907
3.0232,0.209133333332763,0.0011333333220211,0.209966838893008,0.208299827772518,0.207166494450497,
3.02314445331205,,,,,,0.00113333332202289
3.024,0.209133333332782,0.00113333332199538,0.209966838893027,0.208299827772537,0.207166494450541,
3.02394253790902,,,,,,0.0011333333219972
3.0248,0.2091333333328,0.00113333332197015,0.209966838893046,0.208299827772555,0.207166494450585,
3.02474062250599,,,,,,0.00113333332197199
3.0256,0.209133333332819,0.00113333332194541,0.209966838893064,0.208299827772574,0.207166494450628,
3.02553870710295,,,,,,0.00113333332194727
3.0264,0.209133333332838,0.00113333332192116,0.209966838893083,0.208299827772593,0.207166494450671,
3.02633679169992,,,,,,0.00113333332192304
3.0272,0.209133333332857,0.0011333333218974,0.209966838893102,0.208299827772611,0.207166494450714,
3.02713487629689,,,,,,0.00113333332189929
3.028,0.209133333332875,0.00113333332187413,0.209966838893121,0.20829982777263,0.207166494450756,
3.02793296089385,,,,,,0.00113333332187604
3.0288,0.209133333332894,0.00113333332185135,0.20996683889314,0.208299827772649,0.207166494450798,
3.02873104549082,,,,,,0.00113333332185328
3.0296,0.209133333332913,0.00113333332182908,0.209966838893159,0.208299827772668,0.207166494450839,
3.02952913008779,,,,,,0.00113333332183101
3.0304,0.209133333332932,0.00113333332180729,0.209966838893178,0.208299827772687,0.20716649445088,
3.03032721468476,,,,,,0.00113333332180923
3.0312,0.209133333332952,0.00113333332178601,0.209966838893197,0.208299827772706,0.20716649445092,
3.03112529928172,,,,,,0.00113333332178796
3.032,0.209133333332971,0.00113333332176523,0.209966838893216,0.208299827772726,0.20716649445096,
3.03192338387869,,,,,,0.00113333332176717
3.0328,0.20913333333299,0.00113333332174494,0.209966838893235,0.208299827772745,0.207166494451,
3.03272146847566,,,,,,0.00113333332174689
3.0336,0.209133333333009,0.00113333332172516,0.209966838893255,0.208299827772764,0.207166494451039,
3.03351955307263,,,,,,0.00113333332172711
3.0344,0.209133333333029,0.00113333332170588,0.209966838893274,0.208299827772784,0.207166494451078,
3.03431763766959,,,,,,0.00113333332170782
3.0352,0.209133333333048,0.00113333332168711,0.209966838893293,0.208299827772803,0.207166494451116,
3.03511572226656,,,,,,0.00113333332168904
3.036,0.209133333333068,0.00113333332166885,0.209966838893313,0.208299827772822,0.207166494451154,
3.03591380686353,,,,,,0.00113333332167077
3.0368,0.209133333333087,0.00113333332165109,0.209966838893332,0.208299827772842,0.207166494451191,
3.03671189146049,,,,,,0.00113333332165299
3.0376,0.209133333333107,0.00113333332163384,0.209966838893352,0.208299827772862,0.207166494451228,
3.03750997605746,,,,,,0.00113333332163573
3.0384,0.209133333333127,0.0011333333216171,0.209966838893372,0.208299827772881,0.207166494451264,
3.03830806065443,,,,,,0.00113333332161897
3.0392,0.209133333333146,0.00113333332160087,0.209966838893391,0.208299827772901,0.2071664944513,
3.0391061452514,,,,,,0.00113333332160272
3.04,0.209133333333166,0.00113333332158516,0.209966838893411,0.208299827772921,0.207166494451336,
3.03990422984836,,,,,,0.00113333332158699
3.0408,0.209133333333186,0.00113333332156996,0.209966838893431,0.208299827772941,0.207166494451371,
3.04070231444533,,,,,,0.00113333332157176
3.0416,0.209133333333206,0.00113333332155528,0.209966838893451,0.208299827772961,0.207166494451405,
3.0415003990423,,,,,,0.00113333332155705
3.0424,0.209133333333226,0.00113333332154111,0.209966838893471,0.208299827772981,0.207166494451439,
3.04229848363927,,,,,,0.00113333332154285
3.0432,0.209133333333246,0.00113333332152746,0.209966838893491,0.208299827773001,0.207166494451473,
3.04309656823623,,,,,,0.00113333332152917
3.044,0.209133333333266,0.00113333332151433,0.209966838893511,0.208299827773021,0.207166494451506,
3.0438946528332,,,,,,0.001133333321516
3.0448,0.209133333333286,0.00113333332150173,0.209966838893531,0.208299827773041,0.207166494451539,
3.04469273743017,,,,,,0.00113333332150336
3.0456,0.209133333333306,0.00113333332148964,0.209966838893551,0.208299827773061,0.207166494451571,
3.04549082202713,,,,,,0.00113333332149123
3.0464,0.209133333333326,0.00113333332147808,0.209966838893571,0.208299827773081,0.207166494451603,
3.0462889066241,,,,,,0.00113333332147962
3.0472,0.209133333333347,0.00113333332146705,0.209966838893592,0.208299827773101,0.207166494451634,
3.04708699122107,,,,,,0.00113333332146854
3.048,0.209133333333367,0.00113333332145654,0.209966838893612,0.208299827773122,0.207166494451665,
3.04788507581804,,,,,,0.00113333332145798
3.0488,0.209133333333387,0.00113333332144656,0.209966838893632,0.208299827773142,0.207166494451695,
3.048683160415,,,,,,0.00113333332144795
3.0496,0.209133333333408,0.0011333333214371,0.209966838893653,0.208299827773162,0.207166494451725,
3.04948124501197,,,,,,0.00113333332143844
3.0504,0.209133333333428,0.00113333332142818,0.209966838893673,0.208299827773183,0.207166494451755,
3.05027932960894,,,,,,0.00113333332142946
3.0512,0.209133333333448,0.0011333333214198,0.209966838893694,0.208299827773203,0.207166494451783,
3.05107741420591,,,,,,0.00113333332142101
3.052,0.209133333333469,0.00113333332141194,0.209966838893714,0.208299827773224,0.207166494451812,
3.05187549880287,,,,,,0.00113333332141309
3.0528,0.20913333333349,0.00113333332140462,0.209966838893735,0.208299827773244,0.20716649445184,
3.05267358339984,,,,,,0.00113333332140571
3.0536,0.20913333333351,0.00113333332139784,0.209966838893755,0.208299827773265,0.207166494451867,
3.05347166799681,,,,,,0.00113333332139885
3.0544,0.209133333333531,0.00113333332139159,0.209966838893776,0.208299827773286,0.207166494451894,
3.05426975259377,,,,,,0.00113333332139253
3.0552,0.209133333333552,0.00113333332138588,0.209966838893797,0.208299827773306,0.207166494451921,
3.05506783719074,,,,,,0.00113333332138675
3.056,0.209133333333572,0.00113333332138071,0.209966838893818,0.208299827773327,0.207166494451946,
3.05586592178771,,,,,,0.00113333332138151
3.0568,0.209133333333593,0.00113333332137609,0.209966838893838,0.208299827773348,0.207166494451972,
3.05666400638468,,,,,,0.0011333333213768
3.0576,0.209133333333614,0.00113333332137201,0.209966838893859,0.208299827773369,0.207166494451997,
3.05746209098164,,,,,,0.00113333332137263
3.0584,0.209133333333635,0.00113333332136847,0.20996683889388,0.20829982777339,0.207166494452021,
3.05826017557861,,,,,,0.00113333332136901
3.0592,0.209133333333656,0.00113333332136547,0.209966838893901,0.208299827773411,0.207166494452045,
3.05905826017558,,,,,,0.00113333332136592
3.06,0.209133333333677,0.00113333332136303,0.209966838893922,0.208299827773432,0.207166494452068,
3.05985634477255,,,,,,0.00113333332136339
3.0608,0.209133333333698,0.00113333332136113,0.209966838893943,0.208299827773452,0.207166494452091,
3.06065442936951,,,,,,0.00113333332136139
3.0616,0.209133333333719,0.00113333332135978,0.209966838893964,0.208299827773474,0.207166494452114,
3.06145251396648,,,,,,0.00113333332135995
3.0624,0.20913333333374,0.00113333332135898,0.209966838893985,0.208299827773495,0.207166494452136,
3.06225059856345,,,,,,0.00113333332135905
3.0632,0.209133333333761,0.00113333332135874,0.209966838894006,0.208299827773516,0.207166494452157,
3.06304868316042,,,,,,0.0011333333213587
3.064,0.209133333333782,0.00113333332135905,0.209966838894027,0.208299827773537,0.207166494452178,
3.06384676775738,,,,,,0.0011333333213589
3.0648,0.209133333333803,0.00113333332135991,0.209966838894048,0.208299827773558,0.207166494452198,
3.06464485235435,,,,,,0.00113333332135966
3.0656,0.209133333333824,0.00113333332136133,0.20996683889407,0.208299827773579,0.207166494452218,
3.06544293695132,,,,,,0.00113333332136096
3.0664,0.209133333333846,0.00113333332136331,0.209966838894091,0.2082998277736,0.207166494452237,
3.06624102154828,,,,,,0.00113333332136283
3.0672,0.209133333333867,0.00113333332136585,0.209966838894112,0.208299827773622,0.207166494452256,
3.06703910614525,,,,,,0.00113333332136525
3.068,0.209133333333888,0.00113333332136894,0.209966838894133,0.208299827773643,0.207166494452274,
3.06783719074222,,,,,,0.00113333332136822
3.0688,0.20913333333391,0.0011333333213726,0.209966838894155,0.208299827773664,0.207166494452292,
3.06863527533919,,,,,,0.00113333332137176
3.0696,0.209133333333931,0.00113333332137683,0.209966838894176,0.208299827773686,0.207166494452309,
3.06943335993615,,,,,,0.00113333332137585
3.0704,0.209133333333952,0.0011333333213816,0.209966838894197,0.208299827773707,0.207166494452325,
3.07023144453312,,,,,,0.00113333332138051
3.0707963267949,0.209133333333963,0.00113333332138415,0.215407333333982,0.202859333333944,,
3.0707963267949,0.209133333333963,0.00113333332138415,0.215407333333982,-0.00514066667863474,,
3.0712,0.209133333333977,0.00113333332352925,0.209966838894222,0.208299827773731,0.207166494450202,
3.07079632725198,,,,,,0.00113333332138415
3.07079632725198,,,,,,0.00113333332138415
3.07102952913009,,,,,,0.00113333332265595
3.072,0.209133333333997,0.00113333332754095,0.209966838894243,0.208299827773752,0.207166494446211,
3.07182761372706,,,,,,0.00113333332674446
3.0728,0.20913333333401,0.0011333333311522,0.209966838894255,0.208299827773765,0.207166494442613,
3.07262569832402,,,,,,0.00113333333043191
3.0736,0.209133333334015,0.00113333333437516,0.20996683889426,0.20829982777377,0.207166494439395,
3.07342378292099,,,,,,0.00113333333372994
3.0744,0.209133333334013,0.00113333333722391,0.209966838894259,0.208299827773768,0.207166494436544,
3.07422186751796,,,,,,0.00113333333665212
3.0752,0.209133333334006,0.00113333333971453,0.209966838894251,0.20829982777376,0.207166494434046,
3.07501995211492,,,,,,0.00113333333921391
3.076,0.209133333333993,0.00113333334186515,0.209966838894238,0.208299827773748,0.207166494431882,
3.07581803671189,,,,,,0.00113333334143295
3.0768,0.209133333333975,0.00113333334369554,0.209966838894221,0.20829982777373,0.207166494430035,
3.07661612130886,,,,,,0.00113333334332859
3.0776,0.209133333333954,0.00113333334522585,0.209966838894199,0.208299827773709,0.207166494428483,
3.07741420590583,,,,,,0.00113333334492123
3.0784,0.209133333333929,0.00113333334647531,0.209966838894175,0.208299827773684,0.207166494427209,
3.07821229050279,,,,,,0.00113333334622972
3.0792,0.209133333333902,0.00113333334746418,0.209966838894147,0.208299827773657,0.207166494426193,
3.07901037509976,,,,,,0.00113333334727389
3.08,0.209133333333873,0.00113333334821328,0.209966838894118,0.208299827773628,0.207166494425414,
3.07980845969673,,,,,,0.00113333334807474
3.0808,0.209133333333842,0.00113333334874249,0.209966838894087,0.208299827773597,0.207166494424854,
3.08060654429369,,,,,,0.00113333334865197
3.0816,0.20913333333381,0.00113333334907173,0.209966838894055,0.208299827773565,0.207166494424493,
3.08140462889066,,,,,,0.00113333334902541
3.0824,0.209133333333777,0.0011333333492207,0.209966838894023,0.208299827773532,0.207166494424311,
3.08220271348763,,,,,,0.00113333334921464
3.0832,0.209133333333744,0.0011333333492086,0.20996683889399,0.208299827773499,0.207166494424291,
3.0830007980846,,,,,,0.00113333334923916
3.084,0.209133333333711,0.00113333334905337,0.209966838893957,0.208299827773466,0.207166494424413,
3.08379888268156,,,,,,0.00113333334911672
3.0848,0.209133333333679,0.0011333333487729,0.209966838893924,0.208299827773434,0.207166494424661,
3.08459696727853,,,,,,0.0011333333488653
3.0856,0.209133333333647,0.00113333334838414,0.209966838893892,0.208299827773401,0.207166494425017,
3.0853950518755,,,,,,0.00113333334850207
3.0864,0.209133333333615,0.00113333334790304,0.209966838893861,0.20829982777337,0.207166494425467,
3.08619313647247,,,,,,0.00113333334804287
3.0872,0.209133333333585,0.00113333334734522,0.20996683889383,0.20829982777334,0.207166494425995,
3.08699122106943,,,,,,0.00113333334750342
3.088,0.209133333333556,0.00113333334672479,0.209966838893801,0.208299827773311,0.207166494426586,
3.0877893056664,,,,,,0.00113333334689866
3.0888,0.209133333333528,0.00113333334605361,0.209966838893774,0.208299827773283,0.207166494427229,
3.08858739026337,,,,,,0.00113333334624004
3.0896,0.209133333333502,0.00113333334534405,0.209966838893747,0.208299827773257,0.207166494427913,
3.08938547486034,,,,,,0.0011333333455402
3.0904,0.209133333333477,0.00113333334460704,0.209966838893722,0.208299827773232,0.207166494428625,
3.0901835594573,,,,,,0.00113333334481049
3.0912,0.209133333333454,0.00113333334385187,0.209966838893699,0.208299827773208,0.207166494429357,
3.09098164405427,,,,,,0.00113333334406029
3.092,0.209133333333432,0.00113333334308728,0.209966838893677,0.208299827773187,0.207166494430099,
3.09177972865124,,,,,,0.00113333334329854
3.0928,0.209133333333411,0.00113333334232113,0.209966838893657,0.208299827773166,0.207166494430845,
3.0925778132482,,,,,,0.00113333334253312
3.0936,0.209133333333393,0.00113333334156068,0.209966838893638,0.208299827773148,0.207166494431587,
3.09337589784517,,,,,,0.00113333334177167
3.0944,0.209133333333376,0.00113333334081178,0.209966838893621,0.208299827773131,0.207166494432319,
3.09417398244214,,,,,,0.00113333334102028
3.0952,0.20913333333336,0.00113333334007972,0.209966838893605,0.208299827773115,0.207166494433035,
3.09497206703911,,,,,,0.00113333334028407
3.096,0.209133333333346,0.00113333333936962,0.209966838893591,0.208299827773101,0.207166494433731,
3.09577015163607,,,,,,0.00113333333956858
3.0968,0.209133333333334,0.0011333333386852,0.209966838893579,0.208299827773088,0.207166494434403,
3.09656823623304,,,,,,0.00113333333887777
3.0976,0.209133333333323,0.00113333333802959,0.209966838893568,0.208299827773077,0.207166494435048,
3.09736632083001,,,,,,0.00113333333821465
3.0984,0.209133333333313,0.00113333333740585,0.209966838893558,0.208299827773068,0.207166494435662,
3.09816440542698,,,,,,0.00113333333758262
3.0992,0.209133333333304,0.00113333333681586,0.20996683889355,0.208299827773059,0.207166494436243,
3.09896249002394,,,,,,0.0011333333369838
3.1,0.209133333333297,0.001133333336261,0.209966838893542,0.208299827773052,0.207166494436791,
3.09976057462091,,,,,,0.00113333333641949
3.1008,0.209133333333291,0.00113333333574252,0.209966838893536,0.208299827773046,0.207166494437303,
3.10055865921788,,,,,,0.00113333333589118
3.1016,0.209133333333286,0.00113333333526097,0.209966838893531,0.208299827773041,0.20716649443778,
3.10135674381484,,,,,,0.00113333333539958
3.1024,0.209133333333282,0.00113333333481644,0.209966838893527,0.208299827773037,0.20716649443822,
3.10215482841181,,,,,,0.00113333333494482
3.1032,0.209133333333279,0.0011333333344088,0.209966838893524,0.208299827773033,0.207166494438625,
3.10295291300878,,,,,,0.0011333333345269
3.104,0.209133333333276,0.0011333333340376,0.209966838893522,0.208299827773031,0.207166494438994,
3.10375099760575,,,,,,0.00113333333414545
3.1048,0.209133333333275,0.00113333333370206,0.20996683889352,0.20829982777303,0.207166494439328,
3.10454908220271,,,,,,0.00113333333379978
3.1056,0.209133333333274,0.0011333333334012,0.209966838893519,0.208299827773029,0.207166494439628,
3.10534716679968,,,,,,0.00113333333348896
3.1064,0.209133333333274,0.0011333333331339,0.209966838893519,0.208299827773029,0.207166494439895,
3.10614525139665,,,,,,0.00113333333321194
3.1072,0.209133333333274,0.00113333333289868,0.20996683889352,0.208299827773029,0.20716649444013,
3.10694333599362,,,,,,0.00113333333296747
3.108,0.209133333333275,0.00113333333269362,0.20996683889352,0.20829982777303,0.207166494440336,
3.10774142059058,,,,,,0.00113333333275358
3.1088,0.209133333333276,0.00113333333251705,0.209966838893522,0.208299827773031,0.207166494440514,
3.10853950518755,,,,,,0.00113333333256853
3.1096,0.209133333333278,0.00113333333236733,0.209966838893523,0.208299827773033,0.207166494440666,
3.10933758978452,,,,,,0.0011333333324108
3.1104,0.20913333333328,0.00113333333224268,0.209966838893525,0.208299827773035,0.207166494440792,
3.11013567438148,,,,,,0.0011333333322786
3.1112,0.209133333333282,0.0011333333321413,0.209966838893527,0.208299827773037,0.207166494440896,
3.11093375897845,,,,,,0.00113333333217015
3.112,0.209133333333285,0.00113333333206134,0.20996683889353,0.208299827773039,0.207166494440978,
3.11173184357542,,,,,,0.00113333333208366
3.1128,0.209133333333287,0.00113333333200103,0.209966838893532,0.208299827773042,0.207166494441041,
3.11252992817239,,,,,,0.00113333333201724
3.1136,0.20913333333329,0.00113333333195883,0.209966838893535,0.208299827773045,0.207166494441086,
3.11332801276935,,,,,,0.00113333333196935
3.1144,0.209133333333292,0.00113333333193326,0.209966838893538,0.208299827773047,0.207166494441114,
3.11412609736632,,,,,,0.00113333333193848
3.1152,0.209133333333295,0.00113333333192305,0.20996683889354,0.20829982777305,0.207166494441127,
3.11492418196329,,,,,,0.00113333333192328
3.116,0.209133333333298,0.00113333333192631,0.209966838893543,0.208299827773053,0.207166494441126,
3.11572226656026,,,,,,0.00113333333192262
3.1168,0.209133333333301,0.00113333333194053,0.209966838893546,0.208299827773056,0.207166494441115,
3.11652035115722,,,,,,0.00113333333193321
3.1176,0.209133333333304,0.0011333333319648,0.209966838893549,0.208299827773058,0.207166494441094,
3.11731843575419,,,,,,0.00113333333195408
3.1184,0.209133333333306,0.00113333333199828,0.209966838893552,0.208299827773061,0.207166494441063,
3.11811652035116,,,,,,0.00113333333198446
3.1192,0.209133333333309,0.00113333333204001,0.209966838893554,0.208299827773064,0.207166494441024,
3.11891460494812,,,,,,0.00113333333202335
3.12,0.209133333333312,0.00113333333208894,0.209966838893557,0.208299827773066,0.207166494440977,
3.11971268954509,,,,,,0.00113333333206994
3.1208,0.209133333333314,0.00113333333214314,0.209966838893559,0.208299827773069,0.207166494440926,
3.12051077414206,,,,,,0.00113333333212272
3.1216,0.209133333333316,0.001133333332201,0.209966838893562,0.208299827773071,0.20716649444087,
3.12130885873903,,,,,,0.00113333333217905
3.1224,0.209133333333319,0.00113333333226247,0.209966838893564,0.208299827773073,0.207166494440811,
3.12210694333599,,,,,,0.00113333333223923
3.1232,0.209133333333321,0.00113333333232683,0.209966838893566,0.208299827773076,0.207166494440749,
3.12290502793296,,,,,,0.00113333333230251
3.124,0.209133333333323,0.00113333333239353,0.209966838893568,0.208299827773078,0.207166494440684,
3.12370311252993,,,,,,0.0011333333323683
3.1248,0.209133333333325,0.00113333333246147,0.20996683889357,0.20829982777308,0.207166494440618,
3.1245011971269,,,,,,0.00113333333243613
3.1256,0.209133333333327,0.00113333333252926,0.209966838893572,0.208299827773081,0.207166494440552,
3.12529928172386,,,,,,0.00113333333250381
3.1264,0.209133333333328,0.00113333333259677,0.209966838893573,0.208299827773083,0.207166494440486,
3.12609736632083,,,,,,0.00113333333257136
3.1272,0.20913333333333,0.00113333333266358,0.209966838893575,0.208299827773085,0.207166494440421,
3.1268954509178,,,,,,0.00113333333263838
3.128,0.209133333333331,0.00113333333272926,0.209966838893576,0.208299827773086,0.207166494440357,
3.12769353551476,,,,,,0.00113333333270442
3.1288,0.209133333333332,0.00113333333279336,0.209966838893578,0.208299827773087,0.207166494440294,
3.12849162011173,,,,,,0.0011333333327691
3.1296,0.209133333333334,0.00113333333285531,0.209966838893579,0.208299827773088,0.207166494440233,
3.1292897047087,,,,,,0.00113333333283187
3.1304,0.209133333333335,0.00113333333291471,0.20996683889358,0.208299827773089,0.207166494440175,
3.13008778930567,,,,,,0.00113333333289215
3.1312,0.209133333333335,0.0011333333329714,0.209966838893581,0.20829982777309,0.207166494440119,
3.13088587390263,,,,,,0.00113333333294982
3.132,0.209133333333336,0.00113333333302516,0.209966838893581,0.208299827773091,0.207166494440066,
3.1316839584996,,,,,,0.00113333333300465
3.1328,0.209133333333337,0.0011333333330758,0.209966838893582,0.208299827773092,0.207166494440016,
3.13248204309657,,,,,,0.00113333333305644
3.1336,0.209133333333337,0.00113333333312318,0.209966838893583,0.208299827773092,0.207166494439969,
3.13328012769354,,,,,,0.00113333333310503
3.1344,0.209133333333338,0.00113333333316721,0.209966838893583,0.208299827773093,0.207166494439925,
3.1340782122905,,,,,,0.00113333333315031
3.1352,0.209133333333338,0.00113333333320785,0.209966838893584,0.208299827773093,0.207166494439885,
3.13487629688747,,,,,,0.00113333333319222
3.136,0.209133333333339,0.00113333333324508,0.209966838893584,0.208299827773093,0.207166494439848,
3.13567438148444,,,,,,0.00113333333323074
3.1368,0.209133333333339,0.00113333333327896,0.209966838893584,0.208299827773094,0.207166494439815,
3.1364724660814,,,,,,0.00113333333326589
3.1376,0.209133333333339,0.00113333333330951,0.209966838893584,0.208299827773094,0.207166494439784,
3.13727055067837,,,,,,0.00113333333329772
3.1384,0.209133333333339,0.0011333333333368,0.209966838893584,0.208299827773094,0.207166494439757,
3.13806863527534,,,,,,0.00113333333332628
3.1392,0.209133333333339,0.00113333333336094,0.209966838893584,0.208299827773094,0.207166494439733,
3.13886671987231,,,,,,0.00113333333335162
3.14,0.209133333333339,0.00113333333338208,0.209966838893584,0.208299827773094,0.207166494439712,
3.13966480446927,,,,,,0.00113333333337393
3.1408,0.209133333333339,0.00113333333340041,0.209966838893584,0.208299827773094,0.207166494439693,
3.14046288906624,,,,,,0.00113333333339335
3.1416,0.209133333333339,0.00113333333341609,0.209966838893584,0.208299827773093,0.207166494439677,
3.14126097366321,,,,,,0.00113333333341006
3.1424,0.209133333333339,0.00113333333342924,0.209966838893584,0.208299827773093,0.207166494439664,
3.14205905826018,,,,,,0.00113333333342425
3.1432,0.209133333333338,0.00113333333343998,0.209966838893584,0.208299827773093,0.207166494439653,
3.14285714285714,,,,,,0.00113333333343593
3.144,0.209133333333338,0.00113333333344857,0.209966838893583,0.208299827773093,0.207166494439644,
3.14365522745411,,,,,,0.00113333333344537
3.1448,0.209133333333338,0.00113333333345517,0.209966838893583,0.208299827773093,0.207166494439637,
3.14445331205108,,,,,,0.00113333333345277
3.1456,0.209133333333338,0.00113333333345999,0.209966838893583,0.208299827773092,0.207166494439632,
3.14525139664804,,,,,,0.00113333333345831
3.1464,0.209133333333337,0.00113333333346322,0.209966838893583,0.208299827773092,0.207166494439629,
3.14604948124501,,,,,,0.00113333333346217
3.1472,0.209133333333337,0.00113333333346507,0.209966838893582,0.208299827773092,0.207166494439627,
3.14684756584198,,,,,,0.00113333333346457
3.148,0.209133333333337,0.00113333333346572,0.209966838893582,0.208299827773092,0.207166494439626,
3.14764565043895,,,,,,0.00113333333346571
3.1488,0.209133333333336,0.00113333333346532,0.209966838893582,0.208299827773091,0.207166494439626,
3.14844373503591,,,,,,0.00113333333346573
3.1496,0.209133333333336,0.00113333333346404,0.209966838893581,0.208299827773091,0.207166494439627,
3.14924181963288,,,,,,0.00113333333346481
3.1504,0.209133333333336,0.00113333333346202,0.209966838893581,0.208299827773091,0.207166494439629,
3.15003990422985,,,,,,0.0011333333334631
3.1512,0.209133333333336,0.00113333333345937,0.209966838893581,0.20829982777309,0.207166494439631,
3.15083798882682,,,,,,0.00113333333346071
3.152,0.209133333333335,0.0011333333334562,0.209966838893581,0.20829982777309,0.207166494439634,
3.15163607342378,,,,,,0.00113333333345776
3.1528,0.209133333333335,0.00113333333345259,0.20996683889358,0.20829982777309,0.207166494439637,
3.15243415802075,,,,,,0.00113333333345434
3.1536,0.209133333333335,0.00113333333344857,0.20996683889358,0.20829982777309,0.207166494439641,
3.15323224261772,,,,,,0.00113333333345051
3.1544,0.209133333333335,0.00113333333344416,0.20996683889358,0.208299827773089,0.207166494439645,
3.15403032721468,,,,,,0.00113333333344629
3.1552,0.209133333333334,0.00113333333343981,0.20996683889358,0.208299827773089,0.207166494439649,
3.15482841181165,,,,,,0.00113333333344169
3.156,0.209133333333334,0.00113333333343593,0.209966838893579,0.208299827773089,0.207166494439653,
3.15562649640862,,,,,,0.00113333333343765
3.1568,0.209133333333334,0.00113333333343234,0.209966838893579,0.208299827773089,0.207166494439656,
3.15642458100559,,,,,,0.00113333333343399
3.1576,0.209133333333334,0.00113333333342892,0.209966838893579,0.208299827773089,0.20716649443966,
3.15722266560255,,,,,,0.00113333333343049
3.1584,0.209133333333334,0.00113333333342569,0.209966838893579,0.208299827773089,0.207166494439663,
3.15802075019952,,,,,,0.00113333333342718
3.1592,0.209133333333334,0.00113333333342263,0.209966838893579,0.208299827773088,0.207166494439666,
3.15881883479649,,,,,,0.00113333333342405
3.16,0.209133333333334,0.00113333333341968,0.209966838893579,0.208299827773088,0.207166494439669,
3.15961691939346,,,,,,0.00113333333342107
3.1608,0.209133333333333,0.00113333333341679,0.209966838893579,0.208299827773088,0.207166494439671,
3.16041500399042,,,,,,0.00113333333341818
3.1616,0.209133333333333,0.00113333333341385,0.209966838893579,0.208299827773088,0.207166494439674,
3.16121308858739,,,,,,0.0011333333334153
3.1624,0.209133333333333,0.00113333333341072,0.209966838893579,0.208299827773088,0.207166494439677,
3.16201117318436,,,,,,0.0011333333334123
3.1632,0.209133333333333,0.00113333333340724,0.209966838893579,0.208299827773088,0.207166494439681,
3.16280925778132,,,,,,0.00113333333340905
3.164,0.209133333333333,0.00113333333340421,0.209966838893579,0.208299827773088,0.207166494439684,
3.16360734237829,,,,,,0.00113333333340535
3.1648,0.209133333333333,0.00113333333340208,0.209966838893579,0.208299827773088,0.207166494439686,
3.16440542697526,,,,,,0.00113333333340303
3.1656,0.209133333333333,0.0011333333334002,0.209966838893579,0.208299827773088,0.207166494439688,
3.16520351157223,,,,,,0.00113333333340111
3.1664,0.209133333333333,0.00113333333339837,0.209966838893579,0.208299827773088,0.20716649443969,
3.16600159616919,,,,,,0.00113333333339928
3.1672,0.209133333333333,0.00113333333339652,0.209966838893579,0.208299827773088,0.207166494439692,
3.16679968076616,,,,,,0.00113333333339746
3.168,0.209133333333333,0.00113333333339457,0.209966838893579,0.208299827773088,0.207166494439694,
3.16759776536313,,,,,,0.00113333333339559
3.1688,0.209133333333333,0.00113333333339242,0.209966838893579,0.208299827773088,0.207166494439696,
3.1683958499601,,,,,,0.00113333333339356
3.1696,0.209133333333333,0.00113333333338998,0.209966838893579,0.208299827773088,0.207166494439698,
3.16919393455706,,,,,,0.0011333333333913
3.1704,0.209133333333334,0.00113333333338713,0.209966838893579,0.208299827773088,0.207166494439701,
3.16999201915403,,,,,,0.0011333333333887
3.1712,0.209133333333334,0.00113333333338376,0.209966838893579,0.208299827773088,0.207166494439705,
3.170790103751,,,,,,0.00113333333338563
3.172,0.209133333333334,0.00113333333337972,0.209966838893579,0.208299827773088,0.207166494439709,
3.17158818834797,,,,,,0.00113333333338198
3.1728,0.209133333333334,0.00113333333337632,0.209966838893579,0.208299827773088,0.207166494439712,
3.17238627294493,,,,,,0.00113333333337761
3.1736,0.209133333333334,0.00113333333337388,0.209966838893579,0.208299827773088,0.207166494439715,
3.1731843575419,,,,,,0.00113333333337512
3.1744,0.209133333333334,0.00113333333337147,0.209966838893579,0.208299827773088,0.207166494439717,
3.17398244213887,,,,,,0.00113333333337273
3.1752,0.209133333333334,0.00113333333336905,0.209966838893579,0.208299827773089,0.207166494439719,
3.17478052673583,,,,,,0.00113333333337032
3.176,0.209133333333334,0.0011333333333666,0.209966838893579,0.208299827773089,0.207166494439722,
3.1755786113328,,,,,,0.00113333333336789
3.1768,0.209133333333334,0.00113333333336412,0.209966838893579,0.208299827773089,0.207166494439724,
3.17637669592977,,,,,,0.00113333333336544
3.1776,0.209133333333334,0.00113333333336161,0.209966838893579,0.208299827773089,0.207166494439727,
3.17717478052674,,,,,,0.00113333333336295
3.1784,0.209133333333334,0.00113333333335905,0.209966838893579,0.208299827773089,0.20716649443973,
3.1779728651237,,,,,,0.00113333333336043
3.1792,0.209133333333334,0.00113333333335644,0.209966838893579,0.208299827773089,0.207166494439732,
3.17877094972067,,,,,,0.00113333333335785
3.18,0.209133333333334,0.00113333333335377,0.209966838893579,0.208299827773089,0.207166494439735,
3.17956903431764,,,,,,0.00113333333335522
3.1808,0.209133333333334,0.00113333333335106,0.209966838893579,0.208299827773089,0.207166494439738,
3.1803671189146,,,,,,0.00113333333335254
3.1816,0.209133333333334,0.00113333333334859,0.209966838893579,0.208299827773089,0.20716649443974,
3.18116520351157,,,,,,0.00113333333334982
3.1824,0.209133333333334,0.00113333333334636,0.209966838893579,0.208299827773089,0.207166494439742,
3.18196328810854,,,,,,0.00113333333334756
3.1832,0.209133333333334,0.00113333333334421,0.209966838893579,0.208299827773089,0.207166494439745,
3.18276137270551,,,,,,0.00113333333334537
3.184,0.209133333333334,0.00113333333334214,0.209966838893579,0.208299827773089,0.207166494439747,
3.18355945730247,,,,,,0.00113333333334326
3.1848,0.209133333333334,0.00113333333334015,0.209966838893579,0.208299827773089,0.207166494439749,
3.18435754189944,,,,,,0.00113333333334123
3.1856,0.209133333333334,0.00113333333333825,0.209966838893579,0.208299827773089,0.207166494439751,
3.18515562649641,,,,,,0.00113333333333928
3.1864,0.209133333333334,0.00113333333333645,0.209966838893579,0.208299827773089,0.207166494439752,
3.18595371109338,,,,,,0.00113333333333743
3.1872,0.209133333333334,0.00113333333333475,0.209966838893579,0.208299827773089,0.207166494439754,
3.18675179569034,,,,,,0.00113333333333567
3.188,0.209133333333334,0.00113333333333315,0.209966838893579,0.208299827773089,0.207166494439756,
3.18754988028731,,,,,,0.00113333333333402
3.1888,0.209133333333334,0.00113333333333167,0.209966838893579,0.208299827773089,0.207166494439757,
3.18834796488428,,,,,,0.00113333333333248
3.1896,0.209133333333334,0.0011333333333303,0.209966838893579,0.208299827773089,0.207166494439759,
3.18914604948124,,,,,,0.00113333333333106
3.1904,0.209133333333334,0.00113333333332894,0.209966838893579,0.208299827773089,0.20716649443976,
3.18994413407821,,,,,,0.00113333333332972
3.1912,0.209133333333334,0.00113333333332762,0.209966838893579,0.208299827773089,0.207166494439761,
3.19074221867518,,,,,,0.00113333333332835
3.192,0.209133333333334,0.00113333333332638,0.209966838893579,0.208299827773089,0.207166494439762,
3.19154030327215,,,,,,0.00113333333332707
3.1928,0.209133333333334,0.00113333333332522,0.209966838893579,0.208299827773089,0.207166494439764,
3.19233838786911,,,,,,0.00113333333332587
3.1936,0.209133333333334,0.00113333333332416,0.209966838893579,0.208299827773089,0.207166494439765,
3.19313647246608,,,,,,0.00113333333332475
3.1944,0.209133333333334,0.00113333333332319,0.209966838893579,0.208299827773089,0.207166494439766,
3.19393455706305,,,,,,0.00113333333332373
3.1952,0.209133333333334,0.00113333333332231,0.209966838893579,0.208299827773089,0.207166494439767,
3.19473264166002,,,,,,0.0011333333333228
3.196,0.209133333333334,0.00113333333332152,0.209966838893579,0.208299827773089,0.207166494439767,
3.19553072625698,,,,,,0.00113333333332196
3.1968,0.209133333333334,0.00113333333332083,0.209966838893579,0.208299827773089,0.207166494439768,
3.19632881085395,,,,,,0.00113333333332121
3.1976,0.209133333333334,0.00113333333332023,0.209966838893579,0.208299827773089,0.207166494439769,
3.19712689545092,,,,,,0.00113333333332056
3.1984,0.209133333333334,0.00113333333331974,0.209966838893579,0.208299827773089,0.207166494439769,
3.19792498004789,,,,,,0.00113333333332001
3.1992,0.209133333333334,0.00113333333331935,0.209966838893579,0.208299827773089,0.207166494439769,
3.19872306464485,,,,,,0.00113333333331956
3.2,0.209133333333334,0.00113333333331906,0.209966838893579,0.208299827773089,0.20716649443977,
3.19952114924182,,,,,,0.0011333333333192
3.2008,0.209133333333334,0.00113333333331887,0.209966838893579,0.208299827773089,0.20716649443977,
3.20031923383879,,,,,,0.00113333333331896
3.2016,0.209133333333334,0.00113333333331879,0.209966838893579,0.208299827773089,0.20716649443977,
3.20111731843575,,,,,,0.00113333333331881
3.2024,0.209133333333334,0.00113333333331882,0.209966838893579,0.208299827773089,0.20716649443977,
3.20191540303272,,,,,,0.00113333333331878
3.2032,0.209133333333334,0.00113333333331896,0.209966838893579,0.208299827773089,0.20716649443977,
3.20271348762969,,,,,,0.00113333333331885
3.204,0.209133333333334,0.00113333333331921,0.209966838893579,0.208299827773089,0.20716649443977,
3.20351157222666,,,,,,0.00113333333331903
3.2048,0.209133333333334,0.00113333333331957,0.209966838893579,0.208299827773089,0.207166494439769,
3.20430965682362,,,,,,0.00113333333331932
3.2056,0.209133333333334,0.00113333333332005,0.209966838893579,0.208299827773089,0.207166494439769,
3.20510774142059,,,,,,0.00113333333331973
3.2064,0.209133333333334,0.00113333333332065,0.209966838893579,0.208299827773089,0.207166494439768,
3.20590582601756,,,,,,0.00113333333332025
3.2072,0.209133333333334,0.00113333333332124,0.209966838893579,0.208299827773089,0.207166494439767,
3.20670391061453,,,,,,0.00113333333332089
3.208,0.209133333333334,0.00113333333332165,0.209966838893579,0.208299827773089,0.207166494439767,
3.20750199521149,,,,,,0.00113333333332146
3.2088,0.209133333333334,0.00113333333332197,0.209966838893579,0.208299827773089,0.207166494439767,
3.20830007980846,,,,,,0.00113333333332176
3.2096,0.209133333333334,0.00113333333332234,0.209966838893579,0.208299827773089,0.207166494439766,
3.20909816440543,,,,,,0.0011333333333221
3.2104,0.209133333333334,0.00113333333332274,0.209966838893579,0.208299827773089,0.207166494439766,
3.20989624900239,,,,,,0.00113333333332248
3.2112,0.209133333333334,0.00113333333332318,0.209966838893579,0.208299827773089,0.207166494439765,
3.21069433359936,,,,,,0.00113333333332289
3.212,0.209133333333334,0.00113333333332364,0.209966838893579,0.208299827773089,0.207166494439765,
3.21149241819633,,,,,,0.00113333333332334
3.2128,0.209133333333334,0.00113333333332413,0.209966838893579,0.208299827773089,0.207166494439764,
3.2122905027933,,,,,,0.00113333333332381
3.2136,0.209133333333334,0.00113333333332465,0.209966838893579,0.208299827773088,0.207166494439764,
3.21308858739026,,,,,,0.00113333333332431
3.2144,0.209133333333334,0.00113333333332519,0.209966838893579,0.208299827773088,0.207166494439763,
3.21388667198723,,,,,,0.00113333333332484
3.2152,0.209133333333334,0.00113333333332575,0.209966838893579,0.208299827773088,0.207166494439763,
3.2146847565842,,,,,,0.00113333333332538
3.216,0.209133333333334,0.00113333333332632,0.209966838893579,0.208299827773088,0.207166494439762,
3.21548284118117,,,,,,0.00113333333332595
3.2168,0.209133333333334,0.00113333333332692,0.209966838893579,0.208299827773088,0.207166494439761,
3.21628092577813,,,,,,0.00113333333332653
3.2176,0.209133333333334,0.00113333333332752,0.209966838893579,0.208299827773088,0.207166494439761,
3.2170790103751,,,,,,0.00113333333332712
3.2184,0.209133333333334,0.00113333333332813,0.209966838893579,0.208299827773088,0.20716649443976,
3.21787709497207,,,,,,0.00113333333332773
3.2192,0.209133333333333,0.00113333333332875,0.209966838893579,0.208299827773088,0.207166494439759,
3.21867517956903,,,,,,0.00113333333332835
3.22,0.209133333333333,0.00113333333332938,0.209966838893579,0.208299827773088,0.207166494439759,
3.219473264166,,,,,,0.00113333333332897
3.2208,0.209133333333333,0.00113333333333001,0.209966838893579,0.208299827773088,0.207166494439758,
3.22027134876297,,,,,,0.00113333333332959
3.2216,0.209133333333333,0.00113333333333064,0.209966838893579,0.208299827773088,0.207166494439758,
3.22106943335994,,,,,,0.00113333333333022
3.2224,0.209133333333333,0.00113333333333126,0.209966838893579,0.208299827773088,0.207166494439757,
3.2218675179569,,,,,,0.00113333333333085
3.2232,0.209133333333333,0.00113333333333188,0.209966838893579,0.208299827773088,0.207166494439756,
3.22266560255387,,,,,,0.00113333333333147
3.224,0.209133333333333,0.00113333333333249,0.209966838893578,0.208299827773088,0.207166494439756,
3.22346368715084,,,,,,0.00113333333333208
3.2248,0.209133333333333,0.00113333333333315,0.209966838893578,0.208299827773088,0.207166494439755,
3.22426177174781,,,,,,0.00113333333333269
3.2256,0.209133333333333,0.00113333333333386,0.209966838893578,0.208299827773088,0.207166494439754,
3.22505985634477,,,,,,0.00113333333333337
3.2264,0.209133333333333,0.0011333333333346,0.209966838893578,0.208299827773088,0.207166494439753,
3.22585794094174,,,,,,0.0011333333333341
3.2272,0.209133333333333,0.00113333333333534,0.209966838893578,0.208299827773088,0.207166494439753,
3.22665602553871,,,,,,0.00113333333333484
3.228,0.209133333333333,0.00113333333333608,0.209966838893578,0.208299827773088,0.207166494439752,
3.22745411013567,,,,,,0.00113333333333558
3.2288,0.209133333333333,0.00113333333333682,0.209966838893578,0.208299827773088,0.207166494439751,
3.22825219473264,,,,,,0.00113333333333631
3.2296,0.209133333333333,0.00113333333333756,0.209966838893578,0.208299827773088,0.20716649443975,
3.22905027932961,,,,,,0.00113333333333705
3.2304,0.209133333333333,0.00113333333333829,0.209966838893578,0.208299827773088,0.20716649443975,
3.22984836392658,,,,,,0.00113333333333778
3.2312,0.209133333333333,0.00113333333333901,0.209966838893578,0.208299827773088,0.207166494439749,
3.23064644852354,,,,,,0.00113333333333851
3.232,0.209133333333333,0.00113333333333973,0.209966838893578,0.208299827773088,0.207166494439748,
3.23144453312051,,,,,,0.00113333333333923
3.2328,0.209133333333333,0.00113333333334044,0.209966838893578,0.208299827773088,0.207166494439747,
3.23224261771748,,,,,,0.00113333333333995
3.2336,0.209133333333333,0.00113333333334113,0.209966838893578,0.208299827773088,0.207166494439747,
3.23304070231445,,,,,,0.00113333333334065
3.2344,0.209133333333333,0.00113333333334181,0.209966838893578,0.208299827773088,0.207166494439746,
3.23383878691141,,,,,,0.00113333333334134
3.2352,0.209133333333333,0.00113333333334248,0.209966838893578,0.208299827773088,0.207166494439745,
3.23463687150838,,,,,,0.00113333333334202
3.236,0.209133333333333,0.00113333333334313,0.209966838893578,0.208299827773088,0.207166494439745,
3.23543495610535,,,,,,0.00113333333334268
3.2368,0.209133333333333,0.00113333333334377,0.209966838893578,0.208299827773088,0.207166494439744,
3.23623304070231,,,,,,0.00113333333334332
3.2376,0.209133333333333,0.00113333333334438,0.209966838893578,0.208299827773088,0.207166494439743,
3.23703112529928,,,,,,0.00113333333334395
3.2384,0.209133333333333,0.00113333333334497,0.209966838893578,0.208299827773088,0.207166494439743,
3.23782920989625,,,,,,0.00113333333334455
3.2392,0.209133333333333,0.00113333333334554,0.209966838893578,0.208299827773088,0.207166494439742,
3.23862729449322,,,,,,0.00113333333334514
3.24,0.209133333333333,0.00113333333334608,0.209966838893578,0.208299827773088,0.207166494439742,
3.23942537909018,,,,,,0.0011333333333457
3.2408,0.209133333333333,0.0011333333333466,0.209966838893578,0.208299827773088,0.207166494439741,
3.24022346368715,,,,,,0.00113333333334623
3.2416,0.209133333333333,0.00113333333334708,0.209966838893578,0.208299827773088,0.207166494439741,
3.24102154828412,,,,,,0.00113333333334674
3.2424,0.209133333333333,0.00113333333334754,0.209966838893578,0.208299827773088,0.20716649443974,
3.24181963288109,,,,,,0.00113333333334722
3.2432,0.209133333333333,0.00113333333334797,0.209966838893578,0.208299827773088,0.20716649443974,
3.24261771747805,,,,,,0.00113333333334766
3.244,0.209133333333333,0.00113333333334836,0.209966838893578,0.208299827773088,0.207166494439739,
3.24341580207502,,,,,,0.00113333333334808
3.2448,0.209133333333333,0.00113333333334872,0.209966838893578,0.208299827773088,0.207166494439739,
3.24421388667199,,,,,,0.00113333333334846
3.2456,0.209133333333333,0.00113333333334904,0.209966838893578,0.208299827773088,0.207166494439739,
3.24501197126895,,,,,,0.00113333333334881
3.2464,0.209133333333333,0.00113333333334932,0.209966838893578,0.208299827773088,0.207166494439739,
3.24581005586592,,,,,,0.00113333333334912
3.2472,0.209133333333333,0.00113333333334956,0.209966838893578,0.208299827773088,0.207166494439738,
3.24660814046289,,,,,,0.00113333333334939
3.248,0.209133333333333,0.00113333333334976,0.209966838893578,0.208299827773088,0.207166494439738,
3.24740622505986,,,,,,0.00113333333334962
3.2488,0.209133333333333,0.00113333333334991,0.209966838893578,0.208299827773088,0.207166494439738,
3.24820430965682,,,,,,0.00113333333334981
3.2496,0.209133333333333,0.00113333333335002,0.209966838893578,0.208299827773088,0.207166494439738,
3.24900239425379,,,,,,0.00113333333334995
3.2504,0.209133333333333,0.00113333333335009,0.209966838893578,0.208299827773088,0.207166494439738,
3.24980047885076,,,,,,0.00113333333335005
3.2512,0.209133333333333,0.0011333333333501,0.209966838893578,0.208299827773088,0.207166494439738,
3.25059856344773,,,,,,0.0011333333333501
3.252,0.209133333333333,0.00113333333335006,0.209966838893578,0.208299827773088,0.207166494439738,
3.25139664804469,,,,,,0.0011333333333501
3.2528,0.209133333333333,0.00113333333334998,0.209966838893578,0.208299827773088,0.207166494439738,
3.25219473264166,,,,,,0.00113333333335005
3.2536,0.209133333333333,0.00113333333334983,0.209966838893578,0.208299827773088,0.207166494439738,
3.25299281723863,,,,,,0.00113333333334995
3.2544,0.209133333333333,0.00113333333334964,0.209966838893578,0.208299827773088,0.207166494439738,
3.25379090183559,,,,,,0.0011333333333498
3.2552,0.209133333333333,0.00113333333334938,0.209966838893578,0.208299827773088,0.207166494439739,
3.25458898643256,,,,,,0.00113333333334959
3.256,0.209133333333333,0.00113333333334907,0.209966838893578,0.208299827773088,0.207166494439739,
3.25538707102953,,,,,,0.00113333333334932
3.2568,0.209133333333333,0.00113333333334869,0.209966838893578,0.208299827773088,0.207166494439739,
3.2561851556265,,,,,,0.00113333333334899
3.2576,0.209133333333333,0.00113333333334826,0.209966838893578,0.208299827773088,0.20716649443974,
3.25698324022346,,,,,,0.0011333333333486
3.2584,0.209133333333333,0.00113333333334775,0.209966838893578,0.208299827773088,0.20716649443974,
3.25778132482043,,,,,,0.00113333333334815
3.2592,0.209133333333333,0.00113333333334719,0.209966838893578,0.208299827773088,0.207166494439741,
3.2585794094174,,,,,,0.00113333333334764
3.26,0.209133333333333,0.00113333333334712,0.209966838893579,0.208299827773088,0.207166494439741,
3.25937749401437,,,,,,0.00113333333334706
3.2608,0.209133333333333,0.00113333333334721,0.209966838893579,0.208299827773088,0.207166494439741,
3.26017557861133,,,,,,0.00113333333334714
3.2616,0.209133333333333,0.00113333333334728,0.209966838893579,0.208299827773088,0.207166494439741,
3.2609736632083,,,,,,0.00113333333334723
3.2624,0.209133333333333,0.00113333333334734,0.209966838893579,0.208299827773088,0.207166494439741,
3.26177174780527,,,,,,0.00113333333334729
3.2632,0.209133333333333,0.00113333333334738,0.209966838893579,0.208299827773088,0.207166494439741,
3.26256983240223,,,,,,0.00113333333334735
3.264,0.209133333333333,0.00113333333334742,0.209966838893579,0.208299827773088,0.207166494439741,
3.2633679169992,,,,,,0.00113333333334739
3.2648,0.209133333333333,0.00113333333334743,0.209966838893579,0.208299827773088,0.207166494439741,
3.26416600159617,,,,,,0.00113333333334742
3.2656,0.209133333333333,0.00113333333334744,0.209966838893579,0.208299827773088,0.207166494439741,
3.26496408619314,,,,,,0.00113333333334744
3.2664,0.209133333333333,0.00113333333334743,0.209966838893579,0.208299827773088,0.207166494439741,
3.2657621707901,,,,,,0.00113333333334744
3.2672,0.209133333333333,0.0011333333333474,0.209966838893579,0.208299827773088,0.207166494439741,
3.26656025538707,,,,,,0.00113333333334743
3.268,0.209133333333333,0.00113333333334736,0.209966838893579,0.208299827773088,0.207166494439741,
3.26735833998404,,,,,,0.0011333333333474
3.2688,0.209133333333333,0.00113333333334731,0.209966838893579,0.208299827773088,0.207166494439741,
3.26815642458101,,,,,,0.00113333333334736
3.2696,0.209133333333333,0.00113333333334724,0.209966838893579,0.208299827773088,0.207166494439741,
3.26895450917797,,,,,,0.0011333333333473
3.2704,0.209133333333333,0.00113333333334716,0.209966838893579,0.208299827773088,0.207166494439741,
3.26975259377494,,,,,,0.00113333333334723
3.2712,0.209133333333333,0.00113333333334706,0.209966838893579,0.208299827773088,0.207166494439741,
3.27055067837191,,,,,,0.00113333333334714
3.272,0.209133333333333,0.00113333333334695,0.209966838893579,0.208299827773088,0.207166494439741,
3.27134876296887,,,,,,0.00113333333334704
3.2728,0.209133333333334,0.00113333333334682,0.209966838893579,0.208299827773088,0.207166494439741,
3.27214684756584,,,,,,0.00113333333334692
3.2736,0.209133333333334,0.00113333333334667,0.209966838893579,0.208299827773088,0.207166494439742,
3.27294493216281,,,,,,0.00113333333334679
3.2744,0.209133333333334,0.00113333333334651,0.209966838893579,0.208299827773088,0.207166494439742,
3.27374301675978,,,,,,0.00113333333334664
3.2752,0.209133333333334,0.00113333333334633,0.209966838893579,0.208299827773088,0.207166494439742,
3.27454110135674,,,,,,0.00113333333334648
3.276,0.209133333333334,0.00113333333334614,0.209966838893579,0.208299827773088,0.207166494439742,
3.27533918595371,,,,,,0.0011333333333463
3.2768,0.209133333333334,0.00113333333334593,0.209966838893579,0.208299827773088,0.207166494439742,
3.27613727055068,,,,,,0.0011333333333461
3.2776,0.209133333333334,0.0011333333333457,0.209966838893579,0.208299827773088,0.207166494439743,
3.27693535514765,,,,,,0.00113333333334589
3.2784,0.209133333333334,0.00113333333334546,0.209966838893579,0.208299827773088,0.207166494439743,
3.27773343974461,,,,,,0.00113333333334566
3.2792,0.209133333333334,0.0011333333333452,0.209966838893579,0.208299827773088,0.207166494439743,
3.27853152434158,,,,,,0.00113333333334542
3.28,0.209133333333334,0.00113333333334492,0.209966838893579,0.208299827773088,0.207166494439743,
3.27932960893855,,,,,,0.00113333333334515
3.2808,0.209133333333334,0.00113333333334462,0.209966838893579,0.208299827773088,0.207166494439744,
3.28012769353551,,,,,,0.00113333333334487
3.2816,0.209133333333334,0.00113333333334431,0.209966838893579,0.208299827773088,0.207166494439744,
3.28092577813248,,,,,,0.00113333333334458
3.2824,0.209133333333334,0.00113333333334398,0.209966838893579,0.208299827773088,0.207166494439744,
3.28172386272945,,,,,,0.00113333333334426
3.2832,0.209133333333334,0.00113333333334363,0.209966838893579,0.208299827773088,0.207166494439745,
3.28252194732642,,,,,,0.00113333333334393
3.284,0.209133333333334,0.00113333333334327,0.209966838893579,0.208299827773088,0.207166494439745,
3.28332003192338,,,,,,0.00113333333334358
3.2848,0.209133333333334,0.00113333333334288,0.209966838893579,0.208299827773088,0.207166494439745,
3.28411811652035,,,,,,0.00113333333334321
3.2856,0.209133333333334,0.00113333333334248,0.209966838893579,0.208299827773088,0.207166494439746,
3.28491620111732,,,,,,0.00113333333334282
3.2864,0.209133333333334,0.00113333333334206,0.209966838893579,0.208299827773088,0.207166494439746,
3.28571428571429,,,,,,0.00113333333334242
3.2872,0.209133333333334,0.00113333333334162,0.209966838893579,0.208299827773088,0.207166494439747,
3.28651237031125,,,,,,0.001133333333342
3.288,0.209133333333334,0.00113333333334116,0.209966838893579,0.208299827773088,0.207166494439747,
3.28731045490822,,,,,,0.00113333333334156
3.2888,0.209133333333334,0.00113333333334068,0.209966838893579,0.208299827773088,0.207166494439748,
3.28810853950519,,,,,,0.00113333333334109
3.2896,0.209133333333334,0.00113333333334018,0.209966838893579,0.208299827773088,0.207166494439748,
3.28890662410215,,,,,,0.00113333333334061
3.2904,0.209133333333334,0.00113333333333966,0.209966838893579,0.208299827773088,0.207166494439749,
3.28970470869912,,,,,,0.00113333333334012
3.2912,0.209133333333334,0.00113333333333913,0.209966838893579,0.208299827773088,0.207166494439749,
3.29050279329609,,,,,,0.0011333333333396
3.292,0.209133333333334,0.00113333333333857,0.209966838893579,0.208299827773088,0.20716649443975,
3.29130087789306,,,,,,0.00113333333333906
3.2928,0.209133333333334,0.00113333333333799,0.209966838893579,0.208299827773088,0.20716649443975,
3.29209896249002,,,,,,0.0011333333333385
3.2936,0.209133333333334,0.0011333333333374,0.209966838893579,0.208299827773088,0.207166494439751,
3.29289704708699,,,,,,0.00113333333333792
3.2944,0.209133333333334,0.00113333333333689,0.209966838893579,0.208299827773088,0.207166494439751,
3.29369513168396,,,,,,0.00113333333333733
3.2952,0.209133333333334,0.00113333333333657,0.209966838893579,0.208299827773088,0.207166494439752,
3.29449321628093,,,,,,0.00113333333333684
3.296,0.209133333333334,0.00113333333333627,0.209966838893579,0.208299827773088,0.207166494439752,
3.29529130087789,,,,,,0.00113333333333654
3.2968,0.209133333333334,0.00113333333333598,0.209966838893579,0.208299827773088,0.207166494439752,
3.29608938547486,,,,,,0.00113333333333624
3.2976,0.209133333333334,0.00113333333333569,0.209966838893579,0.208299827773088,0.207166494439753,
3.29688747007183,,,,,,0.00113333333333595
3.2984,0.209133333333334,0.0011333333333354,0.209966838893579,0.208299827773088,0.207166494439753,
3.29768555466879,,,,,,0.00113333333333566
3.2992,0.209133333333334,0.00113333333333511,0.209966838893579,0.208299827773088,0.207166494439753,
3.29848363926576,,,,,,0.00113333333333537
3.3,0.209133333333334,0.00113333333333483,0.209966838893579,0.208299827773088,0.207166494439754,
3.29928172386273,,,,,,0.00113333333333508
3.3008,0.209133333333334,0.00113333333333455,0.209966838893579,0.208299827773088,0.207166494439754,
3.3000798084597,,,,,,0.0011333333333348
3.3016,0.209133333333334,0.00113333333333428,0.209966838893579,0.208299827773088,0.207166494439754,
3.30087789305666,,,,,,0.00113333333333453
3.3024,0.209133333333334,0.00113333333333401,0.209966838893579,0.208299827773088,0.207166494439754,
3.30167597765363,,,,,,0.00113333333333425
3.3032,0.209133333333334,0.00113333333333375,0.209966838893579,0.208299827773088,0.207166494439755,
3.3024740622506,,,,,,0.00113333333333399
3.304,0.209133333333334,0.00113333333333349,0.209966838893579,0.208299827773088,0.207166494439755,
3.30327214684757,,,,,,0.00113333333333372
3.3048,0.209133333333334,0.00113333333333324,0.209966838893579,0.208299827773088,0.207166494439755,
3.30407023144453,,,,,,0.00113333333333347
3.3056,0.209133333333334,0.00113333333333299,0.209966838893579,0.208299827773088,0.207166494439755,
3.3048683160415,,,,,,0.00113333333333322
3.3064,0.209133333333334,0.00113333333333275,0.209966838893579,0.208299827773088,0.207166494439756,
3.30566640063847,,,,,,0.00113333333333297
3.3072,0.209133333333334,0.00113333333333252,0.209966838893579,0.208299827773088,0.207166494439756,
3.30646448523544,,,,,,0.00113333333333273
3.308,0.209133333333334,0.00113333333333229,0.209966838893579,0.208299827773088,0.207166494439756,
3.3072625698324,,,,,,0.0011333333333325
3.3088,0.209133333333334,0.00113333333333207,0.209966838893579,0.208299827773088,0.207166494439756,
3.30806065442937,,,,,,0.00113333333333228
3.3096,0.209133333333334,0.00113333333333186,0.209966838893579,0.208299827773088,0.207166494439756,
3.30885873902634,,,,,,0.00113333333333206
3.3104,0.209133333333334,0.00113333333333166,0.209966838893579,0.208299827773088,0.207166494439757,
3.3096568236233,,,,,,0.00113333333333185
3.3112,0.209133333333334,0.00113333333333147,0.209966838893579,0.208299827773088,0.207166494439757,
3.31045490822027,,,,,,0.00113333333333165
3.312,0.209133333333334,0.00113333333333128,0.209966838893579,0.208299827773088,0.207166494439757,
3.31125299281724,,,,,,0.00113333333333145
3.3128,0.209133333333334,0.0011333333333311,0.209966838893579,0.208299827773088,0.207166494439757,
3.31205107741421,,,,,,0.00113333333333127
3.3136,0.209133333333334,0.00113333333333094,0.209966838893579,0.208299827773088,0.207166494439757,
3.31284916201117,,,,,,0.00113333333333109
3.3144,0.209133333333334,0.00113333333333078,0.209966838893579,0.208299827773088,0.207166494439758,
3.31364724660814,,,,,,0.00113333333333093
3.3152,0.209133333333334,0.00113333333333063,0.209966838893579,0.208299827773088,0.207166494439758,
3.31444533120511,,,,,,0.00113333333333077
3.316,0.209133333333334,0.00113333333333049,0.209966838893579,0.208299827773088,0.207166494439758,
3.31524341580208,,,,,,0.00113333333333062
3.3168,0.209133333333334,0.00113333333333037,0.209966838893579,0.208299827773088,0.207166494439758,
3.31604150039904,,,,,,0.00113333333333049
3.3176,0.209133333333334,0.00113333333333025,0.209966838893579,0.208299827773088,0.207166494439758,
3.31683958499601,,,,,,0.00113333333333036
3.3184,0.209133333333334,0.00113333333333015,0.209966838893579,0.208299827773088,0.207166494439758,
3.31763766959298,,,,,,0.00113333333333025
3.3192,0.209133333333334,0.00113333333333006,0.209966838893579,0.208299827773088,0.207166494439758,
3.31843575418994,,,,,,0.00113333333333014
3.32,0.209133333333334,0.00113333333332998,0.209966838893579,0.208299827773088,0.207166494439758,
3.31923383878691,,,,,,0.00113333333333005
3.3208,0.209133333333334,0.00113333333332991,0.209966838893579,0.208299827773088,0.207166494439758,
3.32003192338388,,,,,,0.00113333333332997
3.3216,0.209133333333334,0.00113333333332985,0.209966838893579,0.208299827773088,0.207166494439758,
3.32083000798085,,,,,,0.00113333333332991
3.3224,0.209133333333334,0.00113333333332981,0.209966838893579,0.208299827773088,0.207166494439758,
3.32162809257781,,,,,,0.00113333333332985
3.3232,0.209133333333334,0.00113333333332978,0.209966838893579,0.208299827773088,0.207166494439758,
3.32242617717478,,,,,,0.00113333333332981
3.324,0.209133333333333,0.00113333333332977,0.209966838893579,0.208299827773088,0.207166494439758,
3.32322426177175,,,,,,0.00113333333332978
3.3248,0.209133333333333,0.00113333333332977,0.209966838893579,0.208299827773088,0.207166494439758,
3.32402234636872,,,,,,0.00113333333332977
3.3256,0.209133333333333,0.00113333333332978,0.209966838893579,0.208299827773088,0.207166494439758,
3.32482043096568,,,,,,0.00113333333332977
3.3264,0.209133333333333,0.00113333333332981,0.209966838893579,0.208299827773088,0.207166494439758,
3.32561851556265,,,,,,0.00113333333332978
3.3272,0.209133333333333,0.00113333333332985,0.209966838893579,0.208299827773088,0.207166494439758,
3.32641660015962,,,,,,0.00113333333332981
3.328,0.209133333333333,0.00113333333332991,0.209966838893579,0.208299827773088,0.207166494439758,
3.32721468475658,,,,,,0.00113333333332985
3.3288,0.209133333333333,0.00113333333332999,0.209966838893579,0.208299827773088,0.207166494439758,
3.32801276935355,,,,,,0.00113333333332991
3.3296,0.209133333333333,0.00113333333332995,0.209966838893579,0.208299827773088,0.207166494439758,
3.32881085395052,,,,,,0.00113333333332999
3.3304,0.209133333333333,0.00113333333332988,0.209966838893579,0.208299827773088,0.207166494439758,
3.32960893854749,,,,,,0.00113333333332995
3.3312,0.209133333333333,0.00113333333332981,0.209966838893579,0.208299827773088,0.207166494439758,
3.33040702314445,,,,,,0.00113333333332988
3.332,0.209133333333333,0.00113333333332975,0.209966838893579,0.208299827773088,0.207166494439758,
3.33120510774142,,,,,,0.00113333333332981
3.3328,0.209133333333333,0.0011333333333297,0.209966838893579,0.208299827773088,0.207166494439758,
3.33200319233839,,,,,,0.00113333333332975
3.3336,0.209133333333333,0.00113333333332965,0.209966838893579,0.208299827773088,0.207166494439759,
3.33280127693535,,,,,,0.0011333333333297
3.33359936153232,,,,,,0.00113333333332965
3.3344,0.209133333333333,0.00113333333332961,0.209966838893579,0.208299827773088,0.207166494439759,
3.33439744612929,,,,,,0.00113333333332961
3.3352,0.209133333333333,0.00113333333332957,0.209966838893579,0.208299827773088,0.207166494439759,
3.33519553072626,,,,,,0.00113333333332957
3.336,0.209133333333333,0.00113333333332954,0.209966838893579,0.208299827773088,0.207166494439759,
3.33599361532322,,,,,,0.00113333333332954
3.3368,0.209133333333333,0.00113333333332952,0.209966838893579,0.208299827773088,0.207166494439759,
3.33679169992019,,,,,,0.00113333333332952
3.3376,0.209133333333333,0.00113333333332949,0.209966838893579,0.208299827773088,0.207166494439759,
3.33758978451716,,,,,,0.0011333333333295
3.3384,0.209133333333333,0.00113333333332948,0.209966838893579,0.208299827773088,0.207166494439759,
3.33838786911413,,,,,,0.00113333333332948
3.3392,0.209133333333333,0.00113333333332947,0.209966838893579,0.208299827773088,0.207166494439759,
3.33918595371109,,,,,,0.00113333333332947
3.34,0.209133333333333,0.00113333333332947,0.209966838893579,0.208299827773088,0.207166494439759,
3.33998403830806,,,,,,0.00113333333332947
3.3408,0.209133333333333,0.00113333333332947,0.209966838893579,0.208299827773088,0.207166494439759,
3.34078212290503,,,,,,0.00113333333332947
3.3416,0.209133333333333,0.00113333333332948,0.209966838893579,0.208299827773088,0.207166494439759,
3.341580207502,,,,,,0.00113333333332948
3.3424,0.209133333333333,0.0011333333333295,0.209966838893579,0.208299827773088,0.207166494439759,
3.34237829209896,,,,,,0.0011333333333295
3.3432,0.209133333333333,0.00113333333332952,0.209966838893579,0.208299827773088,0.207166494439759,
3.34317637669593,,,,,,0.00113333333332952
3.344,0.209133333333333,0.00113333333332955,0.209966838893579,0.208299827773088,0.207166494439759,
3.3439744612929,,,,,,0.00113333333332955
3.3448,0.209133333333333,0.00113333333332958,0.209966838893579,0.208299827773088,0.207166494439759,
3.34477254588986,,,,,,0.00113333333332958
3.3456,0.209133333333333,0.00113333333332962,0.209966838893579,0.208299827773088,0.207166494439758,
3.34557063048683,,,,,,0.00113333333332962
3.3464,0.209133333333333,0.00113333333332967,0.209966838893579,0.208299827773088,0.207166494439758,
3.3463687150838,,,,,,0.00113333333332967
3.3472,0.209133333333333,0.00113333333332972,0.209966838893579,0.208299827773088,0.207166494439758,
3.34716679968077,,,,,,0.00113333333332972
3.348,0.209133333333333,0.00113333333332978,0.209966838893579,0.208299827773088,0.207166494439758,
3.34796488427773,,,,,,0.00113333333332978
3.3488,0.209133333333333,0.00113333333332985,0.209966838893579,0.208299827773088,0.207166494439758,
3.3487629688747,,,,,,0.00113333333332985
3.3496,0.209133333333333,0.00113333333332993,0.209966838893579,0.208299827773088,0.207166494439758,
3.34956105347167,,,,,,0.00113333333332992
3.3504,0.209133333333333,0.00113333333333001,0.209966838893579,0.208299827773088,0.207166494439758,
3.35035913806864,,,,,,0.00113333333333
3.3512,0.209133333333333,0.0011333333333301,0.209966838893579,0.208299827773088,0.207166494439758,
3.3511572226656,,,,,,0.00113333333333009
3.352,0.209133333333333,0.00113333333333019,0.209966838893579,0.208299827773088,0.207166494439758,
3.35195530726257,,,,,,0.00113333333333019
3.3528,0.209133333333333,0.0011333333333303,0.209966838893579,0.208299827773088,0.207166494439758,
3.35275339185954,,,,,,0.00113333333333029
3.3536,0.209133333333333,0.00113333333333041,0.209966838893579,0.208299827773088,0.207166494439758,
3.3535514764565,,,,,,0.0011333333333304
3.3544,0.209133333333333,0.00113333333333052,0.209966838893579,0.208299827773088,0.207166494439758,
3.35434956105347,,,,,,0.00113333333333051
3.3552,0.209133333333333,0.00113333333333065,0.209966838893579,0.208299827773088,0.207166494439757,
3.35514764565044,,,,,,0.00113333333333064
3.356,0.209133333333333,0.00113333333333078,0.209966838893579,0.208299827773088,0.207166494439757,
3.35594573024741,,,,,,0.00113333333333077
3.3568,0.209133333333333,0.00113333333333092,0.209966838893579,0.208299827773088,0.207166494439757,
3.35674381484437,,,,,,0.00113333333333091
3.3576,0.209133333333333,0.00113333333333107,0.209966838893579,0.208299827773088,0.207166494439757,
3.35754189944134,,,,,,0.00113333333333106
3.3584,0.209133333333333,0.00113333333333122,0.209966838893579,0.208299827773088,0.207166494439757,
3.35833998403831,,,,,,0.00113333333333121
3.3592,0.209133333333333,0.00113333333333138,0.209966838893579,0.208299827773088,0.207166494439757,
3.35913806863528,,,,,,0.00113333333333137
3.36,0.209133333333333,0.00113333333333156,0.209966838893579,0.208299827773088,0.207166494439757,
3.35993615323224,,,,,,0.00113333333333154
3.3608,0.209133333333333,0.00113333333333173,0.209966838893579,0.208299827773088,0.207166494439756,
3.36073423782921,,,,,,0.00113333333333172
3.3616,0.209133333333333,0.00113333333333192,0.209966838893578,0.208299827773088,0.207166494439756,
3.36153232242618,,,,,,0.0011333333333319
3.3624,0.209133333333333,0.00113333333333212,0.209966838893578,0.208299827773088,0.207166494439756,
3.36233040702314,,,,,,0.0011333333333321
3.3632,0.209133333333333,0.00113333333333232,0.209966838893578,0.208299827773088,0.207166494439756,
3.36312849162011,,,,,,0.0011333333333323
3.364,0.209133333333333,0.0011333333333325,0.209966838893578,0.208299827773088,0.207166494439756,
3.36392657621708,,,,,,0.00113333333333249
3.3648,0.209133333333333,0.0011333333333326,0.209966838893578,0.208299827773088,0.207166494439755,
3.36472466081405,,,,,,0.00113333333333259
3.3656,0.209133333333333,0.00113333333333271,0.209966838893578,0.208299827773088,0.207166494439755,
3.36552274541101,,,,,,0.0011333333333327
3.3664,0.209133333333333,0.00113333333333282,0.209966838893578,0.208299827773088,0.207166494439755,
3.36632083000798,,,,,,0.00113333333333281
3.3672,0.209133333333333,0.00113333333333293,0.209966838893578,0.208299827773088,0.207166494439755,
3.36711891460495,,,,,,0.00113333333333292
3.368,0.209133333333333,0.00113333333333304,0.209966838893578,0.208299827773088,0.207166494439755,
3.36791699920192,,,,,,0.00113333333333303
3.3688,0.209133333333333,0.00113333333333315,0.209966838893578,0.208299827773088,0.207166494439755,
3.36871508379888,,,,,,0.00113333333333314
3.3696,0.209133333333333,0.00113333333333326,0.209966838893578,0.208299827773088,0.207166494439755,
3.36951316839585,,,,,,0.00113333333333325
3.3704,0.209133333333333,0.00113333333333337,0.209966838893578,0.208299827773088,0.207166494439755,
3.37031125299282,,,,,,0.00113333333333336
3.3712,0.209133333333333,0.00113333333333348,0.209966838893578,0.208299827773088,0.207166494439755,
3.37110933758978,,,,,,0.00113333333333347
3.372,0.209133333333333,0.0011333333333336,0.209966838893578,0.208299827773088,0.207166494439754,
3.37190742218675,,,,,,0.00113333333333358
3.3728,0.209133333333333,0.00113333333333371,0.209966838893578,0.208299827773088,0.207166494439754,
3.37270550678372,,,,,,0.00113333333333369
3.3736,0.209133333333333,0.00113333333333382,0.209966838893578,0.208299827773088,0.207166494439754,
3.37350359138069,,,,,,0.00113333333333381
3.3744,0.209133333333333,0.00113333333333393,0.209966838893578,0.208299827773088,0.207166494439754,
3.37430167597765,,,,,,0.00113333333333392
3.3752,0.209133333333333,0.00113333333333404,0.209966838893578,0.208299827773088,0.207166494439754,
3.37509976057462,,,,,,0.00113333333333403
3.376,0.209133333333333,0.00113333333333415,0.209966838893578,0.208299827773088,0.207166494439754,
3.37589784517159,,,,,,0.00113333333333414
3.3768,0.209133333333333,0.00113333333333426,0.209966838893578,0.208299827773088,0.207166494439754,
3.37669592976856,,,,,,0.00113333333333425
3.3776,0.209133333333333,0.00113333333333437,0.209966838893578,0.208299827773088,0.207166494439754,
3.37749401436552,,,,,,0.00113333333333436
3.3784,0.209133333333333,0.00113333333333448,0.209966838893578,0.208299827773088,0.207166494439754,
3.37829209896249,,,,,,0.00113333333333447
3.3792,0.209133333333333,0.00113333333333459,0.209966838893578,0.208299827773088,0.207166494439753,
3.37909018355946,,,,,,0.00113333333333457
3.38,0.209133333333333,0.0011333333333347,0.209966838893578,0.208299827773088,0.207166494439753,
3.37988826815642,,,,,,0.00113333333333468
3.3808,0.209133333333333,0.0011333333333348,0.209966838893578,0.208299827773088,0.207166494439753,
3.38068635275339,,,,,,0.00113333333333479
3.3816,0.209133333333333,0.00113333333333491,0.209966838893578,0.208299827773088,0.207166494439753,
3.38148443735036,,,,,,0.00113333333333489
3.3824,0.209133333333333,0.00113333333333501,0.209966838893578,0.208299827773088,0.207166494439753,
3.38228252194733,,,,,,0.001133333333335
3.3832,0.209133333333333,0.00113333333333511,0.209966838893578,0.208299827773088,0.207166494439753,
3.38308060654429,,,,,,0.0011333333333351
3.384,0.209133333333333,0.00113333333333522,0.209966838893578,0.208299827773088,0.207166494439753,
3.38387869114126,,,,,,0.0011333333333352
3.3848,0.209133333333333,0.00113333333333532,0.209966838893578,0.208299827773088,0.207166494439753,
3.38467677573823,,,,,,0.0011333333333353
3.3856,0.209133333333333,0.00113333333333542,0.209966838893578,0.208299827773088,0.207166494439753,
3.3854748603352,,,,,,0.0011333333333354
3.3864,0.209133333333333,0.00113333333333551,0.209966838893578,0.208299827773088,0.207166494439752,
3.38627294493216,,,,,,0.0011333333333355
3.3872,0.209133333333333,0.00113333333333561,0.209966838893578,0.208299827773088,0.207166494439752,
3.38707102952913,,,,,,0.0011333333333356
3.388,0.209133333333333,0.0011333333333357,0.209966838893578,0.208299827773088,0.207166494439752,
3.3878691141261,,,,,,0.00113333333333569
3.3888,0.209133333333333,0.0011333333333358,0.209966838893578,0.208299827773088,0.207166494439752,
3.38866719872306,,,,,,0.00113333333333578
3.3896,0.209133333333333,0.00113333333333589,0.209966838893578,0.208299827773088,0.207166494439752,
3.38946528332003,,,,,,0.00113333333333587
3.3904,0.209133333333333,0.00113333333333598,0.209966838893578,0.208299827773088,0.207166494439752,
3.390263367917,,,,,,0.00113333333333596
3.3912,0.209133333333333,0.00113333333333606,0.209966838893578,0.208299827773088,0.207166494439752,
3.39106145251397,,,,,,0.00113333333333605
3.392,0.209133333333333,0.00113333333333615,0.209966838893578,0.208299827773088,0.207166494439752,
3.39185953711093,,,,,,0.00113333333333613
3.3928,0.209133333333333,0.00113333333333623,0.209966838893578,0.208299827773088,0.207166494439752,
3.3926576217079,,,,,,0.00113333333333621
3.3936,0.209133333333333,0.00113333333333631,0.209966838893578,0.208299827773088,0.207166494439752,
3.39345570630487,,,,,,0.00113333333333629
3.3944,0.209133333333333,0.00113333333333638,0.209966838893578,0.208299827773088,0.207166494439752,
3.39425379090184,,,,,,0.00113333333333637
3.3952,0.209133333333333,0.00113333333333646,0.209966838893578,0.208299827773088,0.207166494439752,
3.3950518754988,,,,,,0.00113333333333644
3.396,0.209133333333333,0.00113333333333653,0.209966838893578,0.208299827773088,0.207166494439751,
3.39584996009577,,,,,,0.00113333333333652
3.3968,0.209133333333333,0.0011333333333366,0.209966838893578,0.208299827773088,0.207166494439751,
3.39664804469274,,,,,,0.00113333333333659
3.3976,0.209133333333333,0.00113333333333666,0.209966838893578,0.208299827773088,0.207166494439751,
3.3974461292897,,,,,,0.00113333333333665
3.3984,0.209133333333333,0.00113333333333673,0.209966838893578,0.208299827773088,0.207166494439751,
3.39824421388667,,,,,,0.00113333333333672
3.3992,0.209133333333333,0.00113333333333679,0.209966838893578,0.208299827773088,0.207166494439751,
3.39904229848364,,,,,,0.00113333333333678
3.4,0.209133333333333,0.00113333333333684,0.209966838893578,0.208299827773088,0.207166494439751,
3.39984038308061,,,,,,0.00113333333333683
3.4008,0.209133333333333,0.0011333333333369,0.209966838893578,0.208299827773088,0.207166494439751,
3.40063846767757,,,,,,0.00113333333333689
3.4016,0.209133333333333,0.00113333333333695,0.209966838893578,0.208299827773088,0.207166494439751,
3.40143655227454,,,,,,0.00113333333333694
3.4024,0.209133333333333,0.00113333333333699,0.209966838893578,0.208299827773088,0.207166494439751,
3.40223463687151,,,,,,0.00113333333333699
3.4032,0.209133333333333,0.00113333333333704,0.209966838893578,0.208299827773088,0.207166494439751,
3.40303272146848,,,,,,0.00113333333333703
3.404,0.209133333333333,0.00113333333333708,0.209966838893578,0.208299827773088,0.207166494439751,
3.40383080606544,,,,,,0.00113333333333707
3.4048,0.209133333333333,0.00113333333333711,0.209966838893578,0.208299827773088,0.207166494439751,
3.40462889066241,,,,,,0.00113333333333711
3.4056,0.209133333333333,0.00113333333333715,0.209966838893578,0.208299827773088,0.207166494439751,
3.40542697525938,,,,,,0.00113333333333714
3.4064,0.209133333333333,0.00113333333333718,0.209966838893578,0.208299827773088,0.207166494439751,
3.40622505985634,,,,,,0.00113333333333717
3.4072,0.209133333333333,0.0011333333333372,0.209966838893578,0.208299827773088,0.207166494439751,
3.40702314445331,,,,,,0.00113333333333719
3.408,0.209133333333333,0.00113333333333722,0.209966838893578,0.208299827773088,0.207166494439751,
3.40782122905028,,,,,,0.00113333333333722
3.4088,0.209133333333333,0.00113333333333724,0.209966838893578,0.208299827773088,0.207166494439751,
3.40861931364725,,,,,,0.00113333333333723
3.4096,0.209133333333333,0.00113333333333725,0.209966838893578,0.208299827773088,0.207166494439751,
3.40941739824421,,,,,,0.00113333333333725
3.4104,0.209133333333333,0.00113333333333726,0.209966838893578,0.208299827773088,0.207166494439751,
3.41021548284118,,,,,,0.00113333333333726
3.4112,0.209133333333333,0.00113333333333726,0.209966838893578,0.208299827773088,0.207166494439751,
3.41101356743815,,,,,,0.00113333333333726
3.412,0.209133333333333,0.00113333333333726,0.209966838893578,0.208299827773088,0.207166494439751,
3.41181165203512,,,,,,0.00113333333333726
3.4128,0.209133333333333,0.00113333333333725,0.209966838893578,0.208299827773088,0.207166494439751,
3.41260973663208,,,,,,0.00113333333333726
3.4136,0.209133333333333,0.00113333333333724,0.209966838893578,0.208299827773088,0.207166494439751,
3.41340782122905,,,,,,0.00113333333333725
3.4144,0.209133333333333,0.00113333333333723,0.209966838893578,0.208299827773088,0.207166494439751,
3.41420590582602,,,,,,0.00113333333333723
3.4152,0.209133333333333,0.00113333333333721,0.209966838893578,0.208299827773088,0.207166494439751,
3.41500399042298,,,,,,0.00113333333333721
3.416,0.209133333333333,0.00113333333333718,0.209966838893578,0.208299827773088,0.207166494439751,
3.41580207501995,,,,,,0.00113333333333719
3.4168,0.209133333333333,0.00113333333333715,0.209966838893578,0.208299827773088,0.207166494439751,
3.41660015961692,,,,,,0.00113333333333716
3.4176,0.209133333333333,0.00113333333333712,0.209966838893578,0.208299827773088,0.207166494439751,
3.41739824421389,,,,,,0.00113333333333713
3.4184,0.209133333333333,0.00113333333333708,0.209966838893578,0.208299827773088,0.207166494439751,
3.41819632881085,,,,,,0.00113333333333709
3.4192,0.209133333333333,0.00113333333333703,0.209966838893578,0.208299827773088,0.207166494439751,
3.41899441340782,,,,,,0.00113333333333704
3.42,0.209133333333333,0.00113333333333698,0.209966838893578,0.208299827773088,0.207166494439751,
3.41979249800479,,,,,,0.00113333333333699
3.4208,0.209133333333333,0.00113333333333692,0.209966838893578,0.208299827773088,0.207166494439751,
3.42059058260176,,,,,,0.00113333333333694
3.4216,0.209133333333333,0.00113333333333686,0.209966838893578,0.208299827773088,0.207166494439751,
3.42138866719872,,,,,,0.00113333333333688
3.4224,0.209133333333333,0.00113333333333679,0.209966838893578,0.208299827773088,0.207166494439751,
3.42218675179569,,,,,,0.00113333333333681
3.4232,0.209133333333333,0.00113333333333672,0.209966838893578,0.208299827773088,0.207166494439751,
3.42298483639266,,,,,,0.00113333333333674
3.424,0.209133333333333,0.00113333333333664,0.209966838893578,0.208299827773088,0.207166494439751,
3.42378292098963,,,,,,0.00113333333333666
3.4248,0.209133333333333,0.00113333333333655,0.209966838893578,0.208299827773088,0.207166494439751,
3.42458100558659,,,,,,0.00113333333333658
3.4256,0.209133333333333,0.00113333333333646,0.209966838893578,0.208299827773088,0.207166494439752,
3.42537909018356,,,,,,0.00113333333333649
3.4264,0.209133333333333,0.00113333333333636,0.209966838893578,0.208299827773088,0.207166494439752,
3.42617717478053,,,,,,0.00113333333333639
3.4272,0.209133333333333,0.00113333333333626,0.209966838893578,0.208299827773088,0.207166494439752,
3.42697525937749,,,,,,0.00113333333333629
3.428,0.209133333333333,0.00113333333333615,0.209966838893578,0.208299827773088,0.207166494439752,
3.42777334397446,,,,,,0.00113333333333618
3.4288,0.209133333333333,0.00113333333333603,0.209966838893578,0.208299827773088,0.207166494439752,
3.42857142857143,,,,,,0.00113333333333606
3.4296,0.209133333333333,0.0011333333333359,0.209966838893578,0.208299827773088,0.207166494439752,
3.4293695131684,,,,,,0.00113333333333594
3.4304,0.209133333333333,0.00113333333333577,0.209966838893578,0.208299827773088,0.207166494439752,
3.43016759776536,,,,,,0.00113333333333581
3.4312,0.209133333333333,0.00113333333333564,0.209966838893578,0.208299827773088,0.207166494439752,
3.43096568236233,,,,,,0.00113333333333568
3.432,0.209133333333333,0.00113333333333549,0.209966838893578,0.208299827773088,0.207166494439753,
3.4317637669593,,,,,,0.00113333333333554
3.4328,0.209133333333333,0.00113333333333534,0.209966838893578,0.208299827773088,0.207166494439753,
3.43256185155626,,,,,,0.00113333333333539
3.4336,0.209133333333333,0.00113333333333523,0.209966838893578,0.208299827773088,0.207166494439753,
3.43335993615323,,,,,,0.00113333333333524
3.4344,0.209133333333333,0.00113333333333521,0.209966838893578,0.208299827773088,0.207166494439753,
3.4341580207502,,,,,,0.00113333333333522
3.4352,0.209133333333333,0.00113333333333519,0.209966838893578,0.208299827773088,0.207166494439753,
3.43495610534717,,,,,,0.0011333333333352
3.436,0.209133333333333,0.00113333333333517,0.209966838893578,0.208299827773088,0.207166494439753,
3.43575418994413,,,,,,0.00113333333333518
3.4368,0.209133333333333,0.00113333333333515,0.209966838893578,0.208299827773088,0.207166494439753,
3.4365522745411,,,,,,0.00113333333333516
3.4376,0.209133333333333,0.00113333333333513,0.209966838893578,0.208299827773088,0.207166494439753,
3.43735035913807,,,,,,0.00113333333333513
3.4384,0.209133333333333,0.0011333333333351,0.209966838893578,0.208299827773088,0.207166494439753,
3.43814844373504,,,,,,0.00113333333333511
3.4392,0.209133333333333,0.00113333333333508,0.209966838893578,0.208299827773088,0.207166494439753,
3.438946528332,,,,,,0.00113333333333508
3.44,0.209133333333333,0.00113333333333505,0.209966838893578,0.208299827773088,0.207166494439753,
3.43974461292897,,,,,,0.00113333333333506
3.4408,0.209133333333333,0.00113333333333502,0.209966838893578,0.208299827773088,0.207166494439753,
3.44054269752594,,,,,,0.00113333333333503
3.4416,0.209133333333333,0.00113333333333499,0.209966838893578,0.208299827773088,0.207166494439753,
3.4413407821229,,,,,,0.001133333333335
3.4424,0.209133333333333,0.00113333333333496,0.209966838893578,0.208299827773088,0.207166494439753,
3.44213886671987,,,,,,0.00113333333333497
3.4432,0.209133333333333,0.00113333333333493,0.209966838893578,0.208299827773088,0.207166494439753,
3.44293695131684,,,,,,0.00113333333333494
3.444,0.209133333333333,0.0011333333333349,0.209966838893578,0.208299827773088,0.207166494439753,
3.44373503591381,,,,,,0.00113333333333491
3.4448,0.209133333333333,0.00113333333333486,0.209966838893578,0.208299827773088,0.207166494439753,
3.44453312051077,,,,,,0.00113333333333488
3.4456,0.209133333333333,0.00113333333333483,0.209966838893578,0.208299827773088,0.207166494439753,
3.44533120510774,,,,,,0.00113333333333484
3.4464,0.209133333333333,0.00113333333333479,0.209966838893578,0.208299827773088,0.207166494439753,
3.44612928970471,,,,,,0.00113333333333481
3.4472,0.209133333333333,0.00113333333333476,0.209966838893578,0.208299827773088,0.207166494439753,
3.44692737430168,,,,,,0.00113333333333477
3.448,0.209133333333333,0.00113333333333472,0.209966838893578,0.208299827773088,0.207166494439753,
3.44772545889864,,,,,,0.00113333333333473
3.4488,0.209133333333333,0.00113333333333468,0.209966838893578,0.208299827773088,0.207166494439753,
3.44852354349561,,,,,,0.00113333333333469
3.4496,0.209133333333333,0.00113333333333464,0.209966838893578,0.208299827773088,0.207166494439753,
3.44932162809258,,,,,,0.00113333333333465
3.4504,0.209133333333333,0.0011333333333346,0.209966838893578,0.208299827773088,0.207166494439753,
3.45011971268955,,,,,,0.00113333333333461
3.4512,0.209133333333333,0.00113333333333456,0.209966838893578,0.208299827773088,0.207166494439753,
3.45091779728651,,,,,,0.00113333333333457
3.452,0.209133333333333,0.00113333333333454,0.209966838893578,0.208299827773088,0.207166494439753,
3.45171588188348,,,,,,0.00113333333333455
3.4528,0.209133333333333,0.00113333333333451,0.209966838893578,0.208299827773088,0.207166494439754,
3.45251396648045,,,,,,0.00113333333333452
3.4536,0.209133333333333,0.00113333333333448,0.209966838893578,0.208299827773088,0.207166494439754,
3.45331205107741,,,,,,0.00113333333333449
3.4544,0.209133333333333,0.00113333333333445,0.209966838893578,0.208299827773088,0.207166494439754,
3.45411013567438,,,,,,0.00113333333333446
3.4552,0.209133333333333,0.00113333333333442,0.209966838893578,0.208299827773088,0.207166494439754,
3.45490822027135,,,,,,0.00113333333333443
3.456,0.209133333333333,0.00113333333333439,0.209966838893578,0.208299827773088,0.207166494439754,
3.45570630486832,,,,,,0.0011333333333344
3.4568,0.209133333333333,0.00113333333333436,0.209966838893578,0.208299827773088,0.207166494439754,
3.45650438946528,,,,,,0.00113333333333437
3.4576,0.209133333333333,0.00113333333333434,0.209966838893578,0.208299827773088,0.207166494439754,
3.45730247406225,,,,,,0.00113333333333435
3.4584,0.209133333333333,0.00113333333333431,0.209966838893578,0.208299827773088,0.207166494439754,
3.45810055865922,,,,,,0.00113333333333432
3.4592,0.209133333333333,0.00113333333333428,0.209966838893578,0.208299827773088,0.207166494439754,
3.45889864325619,,,,,,0.00113333333333429
3.46,0.209133333333333,0.00113333333333425,0.209966838893579,0.208299827773088,0.207166494439754,
3.45969672785315,,,,,,0.00113333333333426
3.4608,0.209133333333333,0.00113333333333422,0.209966838893579,0.208299827773088,0.207166494439754,
3.46049481245012,,,,,,0.00113333333333423
3.4616,0.209133333333333,0.0011333333333342,0.209966838893579,0.208299827773088,0.207166494439754,
3.46129289704709,,,,,,0.00113333333333421
3.4624,0.209133333333333,0.00113333333333417,0.209966838893579,0.208299827773088,0.207166494439754,
3.46209098164405,,,,,,0.00113333333333418
3.4632,0.209133333333333,0.00113333333333414,0.209966838893579,0.208299827773088,0.207166494439754,
3.46288906624102,,,,,,0.00113333333333415
3.464,0.209133333333333,0.00113333333333411,0.209966838893579,0.208299827773088,0.207166494439754,
3.46368715083799,,,,,,0.00113333333333412
3.4648,0.209133333333333,0.00113333333333409,0.209966838893579,0.208299827773088,0.207166494439754,
3.46448523543496,,,,,,0.0011333333333341
3.4656,0.209133333333333,0.00113333333333406,0.209966838893579,0.208299827773088,0.207166494439754,
3.46528332003192,,,,,,0.00113333333333407
3.4664,0.209133333333333,0.00113333333333403,0.209966838893579,0.208299827773088,0.207166494439754,
3.46608140462889,,,,,,0.00113333333333404
3.4672,0.209133333333333,0.001133333333334,0.209966838893579,0.208299827773088,0.207166494439754,
3.46687948922586,,,,,,0.00113333333333402
3.468,0.209133333333333,0.00113333333333398,0.209966838893579,0.208299827773088,0.207166494439754,
3.46767757382283,,,,,,0.00113333333333399
3.4688,0.209133333333333,0.00113333333333395,0.209966838893579,0.208299827773088,0.207166494439754,
3.46847565841979,,,,,,0.00113333333333396
3.4696,0.209133333333333,0.00113333333333392,0.209966838893579,0.208299827773088,0.207166494439754,
3.46927374301676,,,,,,0.00113333333333393
3.4704,0.209133333333333,0.0011333333333339,0.209966838893579,0.208299827773088,0.207166494439754,
3.47007182761373,,,,,,0.00113333333333391
3.4712,0.209133333333333,0.00113333333333387,0.209966838893579,0.208299827773088,0.207166494439754,
3.47086991221069,,,,,,0.00113333333333388
3.472,0.209133333333333,0.00113333333333384,0.209966838893579,0.208299827773088,0.207166494439754,
3.47166799680766,,,,,,0.00113333333333386
3.4728,0.209133333333333,0.00113333333333382,0.209966838893579,0.208299827773088,0.207166494439754,
3.47246608140463,,,,,,0.00113333333333383
3.4736,0.209133333333333,0.00113333333333379,0.209966838893579,0.208299827773088,0.207166494439754,
3.4732641660016,,,,,,0.0011333333333338
3.4744,0.209133333333333,0.00113333333333377,0.209966838893579,0.208299827773088,0.207166494439754,
3.47406225059856,,,,,,0.00113333333333378
3.4752,0.209133333333333,0.00113333333333374,0.209966838893579,0.208299827773088,0.207166494439754,
3.47486033519553,,,,,,0.00113333333333375
3.476,0.209133333333333,0.00113333333333371,0.209966838893579,0.208299827773088,0.207166494439754,
3.4756584197925,,,,,,0.00113333333333373
3.4768,0.209133333333333,0.00113333333333369,0.209966838893579,0.208299827773088,0.207166494439754,
3.47645650438947,,,,,,0.0011333333333337
3.4776,0.209133333333333,0.00113333333333366,0.209966838893579,0.208299827773088,0.207166494439754,
3.47725458898643,,,,,,0.00113333333333367
3.4784,0.209133333333333,0.00113333333333364,0.209966838893579,0.208299827773088,0.207166494439754,
3.4780526735834,,,,,,0.00113333333333365
3.4792,0.209133333333333,0.00113333333333361,0.209966838893579,0.208299827773088,0.207166494439754,
3.47885075818037,,,,,,0.00113333333333362
3.48,0.209133333333333,0.00113333333333359,0.209966838893579,0.208299827773088,0.207166494439754,
3.47964884277733,,,,,,0.0011333333333336
3.4808,0.209133333333333,0.00113333333333356,0.209966838893579,0.208299827773088,0.207166494439755,
3.4804469273743,,,,,,0.00113333333333357
3.4816,0.209133333333333,0.00113333333333354,0.209966838893579,0.208299827773088,0.207166494439755,
3.48124501197127,,,,,,0.00113333333333355
3.4824,0.209133333333333,0.00113333333333351,0.209966838893579,0.208299827773088,0.207166494439755,
3.48204309656824,,,,,,0.00113333333333352
3.4832,0.209133333333333,0.00113333333333349,0.209966838893579,0.208299827773088,0.207166494439755,
3.4828411811652,,,,,,0.0011333333333335
3.484,0.209133333333333,0.00113333333333346,0.209966838893579,0.208299827773088,0.207166494439755,
3.48363926576217,,,,,,0.00113333333333347
3.4848,0.209133333333333,0.00113333333333344,0.209966838893579,0.208299827773088,0.207166494439755,
3.48443735035914,,,,,,0.00113333333333345
3.4856,0.209133333333333,0.00113333333333341,0.209966838893579,0.208299827773088,0.207166494439755,
3.48523543495611,,,,,,0.00113333333333342
3.4864,0.209133333333333,0.00113333333333339,0.209966838893579,0.208299827773088,0.207166494439755,
3.48603351955307,,,,,,0.0011333333333334
3.4872,0.209133333333333,0.00113333333333337,0.209966838893579,0.208299827773088,0.207166494439755,
3.48683160415004,,,,,,0.00113333333333338
3.488,0.209133333333333,0.00113333333333335,0.209966838893579,0.208299827773088,0.207166494439755,
3.48762968874701,,,,,,0.00113333333333336
3.4888,0.209133333333333,0.00113333333333333,0.209966838893579,0.208299827773088,0.207166494439755,
3.48842777334397,,,,,,0.00113333333333334
3.4896,0.209133333333333,0.00113333333333332,0.209966838893579,0.208299827773088,0.207166494439755,
3.48922585794094,,,,,,0.00113333333333332
3.4904,0.209133333333333,0.0011333333333333,0.209966838893579,0.208299827773088,0.207166494439755,
3.49002394253791,,,,,,0.00113333333333331
3.4912,0.209133333333333,0.00113333333333329,0.209966838893579,0.208299827773088,0.207166494439755,
3.49082202713488,,,,,,0.00113333333333329
3.492,0.209133333333333,0.00113333333333327,0.209966838893579,0.208299827773088,0.207166494439755,
3.49162011173184,,,,,,0.00113333333333328
3.4928,0.209133333333333,0.00113333333333326,0.209966838893579,0.208299827773088,0.207166494439755,
3.49241819632881,,,,,,0.00113333333333327
3.4936,0.209133333333333,0.00113333333333326,0.209966838893579,0.208299827773088,0.207166494439755,
3.49321628092578,,,,,,0.00113333333333326
3.4944,0.209133333333333,0.00113333333333325,0.209966838893579,0.208299827773088,0.207166494439755,
3.49401436552275,,,,,,0.00113333333333325
3.49515488812438,0.209133333333333,0.00113333300000763,0.215407333333333,0.202859333333333,,
3.49481245011971,,,,,,0.00113333333333325
3.49515488812438,0.209133333333333,0.00113333300000763,0.215407333333333,-0.00514066699999237,,
3.4952,0.209133333333211,0.00113333295609619,0.209966838893456,0.208299827772966,0.207166494816869,
3.496,0.209133332533994,0.00113333092825284,0.209966838094184,0.208299826973804,0.207166496045551,
3.49561053471668,,,,,,0.00113333255648593
3.4968,0.209133327929866,0.00113332514707281,0.209966833489368,0.208299822370363,0.20716649722329,
3.49640861931365,,,,,,0.0011333292199427
3.4976,0.209133317172881,0.00113331295994323,0.209966822730014,0.208299811615749,0.207166498655806,
3.49720670391061,,,,,,0.00113332091474308
3.4984,0.209133297877552,0.00113329145339459,0.209966803429167,0.208299792325937,0.207166500872543,
3.49800478850758,,,,,,0.00113330477269794
3.4992,0.209133268052376,0.00113325901569496,0.209966773625962,0.20829976246542,0.207166503449725,
3.49880287310455,,,,,,0.0011332778758818
3.5,0.209133225849472,0.00113321429895266,0.209966731436428,0.208299720241826,0.207166505942873,
3.49960095770152,,,,,,0.00113323997357706
3.5008,0.209133169629119,0.00113315592989729,0.209966675236765,0.208299663991257,0.20716650806136,
3.50039904229848,,,,,,0.00113318862432826
3.5016,0.209133097688252,0.00113308232831114,0.209966603326113,0.208299592009763,0.207166509681451,
3.50119712689545,,,,,,0.00113312354783349
3.5024,0.209133008893201,0.00113299210535814,0.20996651457169,0.208299503161945,0.207166511056587,
3.50199521149242,,,,,,0.00113304189267828
3.5032,0.209132902107946,0.00113288448941556,0.209966407839202,0.208299396311645,0.207166511822229,
3.50279329608939,,,,,,0.00113294373155813
3.504,0.209132776647489,0.0011327585445004,0.209966282443791,0.208299270771869,0.207166512227369,
3.50359138068635,,,,,,0.00113282747931605
3.5048,0.209132631632475,0.00113261364043266,0.209966137508095,0.208299125664898,0.207166512024466,
3.50438946528332,,,,,,0.00113269284100424
3.5056,0.209132466826468,0.00113244933650251,0.209965972794044,0.20829896075155,0.207166511415048,
3.50518754988029,,,,,,0.0011325388741077
3.5064,0.209132281573698,0.00113226534123891,0.209965787648615,0.208298775378859,0.20716651003762,
3.50598563447725,,,,,,0.00113236562022769
3.5072,0.20913207586762,0.00113206123564284,0.209965582062458,0.208298569537797,0.207166508302154,
3.50678371907422,,,,,,0.00113217247887796
3.508,0.209131849337754,0.00113183671222794,0.209965355667576,0.208298342860791,0.207166506148563,
3.50758180367119,,,,,,0.00113195920580451
3.5088,0.209131602098627,0.00113159162592297,0.20996510857559,0.208298095460426,0.207166503834503,
3.50837988826816,,,,,,0.00113172543943701
3.5096,0.209131333996768,0.00113132584231083,0.209964840634969,0.208297827185802,0.207166501343491,
3.50917797286512,,,,,,0.00113147123443314
3.5104,0.209131045208406,0.00113103904348246,0.209964552019372,0.208297538212879,0.207166499169397,
3.50997605746209,,,,,,0.00113119628715192
3.5112,0.209130735845667,0.00113073120063157,0.209964242841193,0.208297228655251,0.20716649745462,
3.51077414205906,,,,,,0.0011309002712079
3.512,0.209130406147973,0.00113040293653539,0.209963913338388,0.208296898752926,0.207166495816391,
3.51157222665603,,,,,,0.00113058342230173
3.5128,0.209130056368705,0.00113005440337506,0.209963563763752,0.208296548759729,0.207166494356354,
3.51237031125299,,,,,,0.00113024669512572
3.5136,0.209129686760152,0.00112968536056826,0.209963194369129,0.208296178929533,0.207166493568965,
3.51316839584996,,,,,,0.00112988954105688
3.5144,0.209129297671774,0.00112929665883521,0.209962805502394,0.208295789612761,0.207166492953926,
3.51396648044693,,,,,,0.00112951198837821
3.5152,0.209128889481596,0.00112888896062161,0.209962397540609,0.20829538118855,0.207166492227928,
3.51476456504389,,,,,,0.00112911557905751
3.516,0.209128462603803,0.001128462342704,0.209961970896848,0.208294954072426,0.207166491729722,
3.51556264964086,,,,,,0.00112870022268672
3.5168,0.209128017500747,0.00112801724687062,0.209961526032124,0.208294508728108,0.207166491481237,
3.51636073423783,,,,,,0.00112826613512701
3.5176,0.2091275546787,0.00112755439661588,0.209961063451339,0.208294045661579,0.207166491264963,
3.5171588188348,,,,,,0.00112781393989374
3.5184,0.209127074567752,0.00112707427927555,0.209960583584873,0.208293565302094,0.207166491022818,
3.51795690343176,,,,,,0.00112734443324059
3.5192,0.209126577497228,0.00112657725578946,0.209960086762885,0.208293067983407,0.207166490727618,
3.51875498802873,,,,,,0.00112685784468684
3.52,0.209126064051248,0.00112606387134589,0.209959573565068,0.208292554289404,0.207166490418058,
3.5195530726257,,,,,,0.00112635463647776
3.5208,0.209125534744887,0.00112553463536823,0.209959044506731,0.208292024733523,0.207166490098154,
3.52035115722267,,,,,,0.00112583541302799
3.5216,0.209124989948239,0.00112499001180105,0.209958499959604,0.208291479689409,0.207166489677608,
3.52114924181963,,,,,,0.00112530060211091
3.5224,0.209124430212021,0.0011244304791451,0.209957940470851,0.208290919707774,0.207166489228629,
3.5219473264166,,,,,,0.0011247506900892
3.5232,0.209123856043758,0.0011238565072078,0.209957366548005,0.20829034529617,0.207166488788962,
3.52274541101357,,,,,,0.00112418614329071
3.524,0.209123267915038,0.0011232685791058,0.209956778662625,0.208289756926635,0.207166488347529,
3.52354349561053,,,,,,0.00112360742825751
3.5248,0.209122666289608,0.00112266718119747,0.209956177278011,0.208289155064494,0.207166487883296,
3.5243415802075,,,,,,0.00112301503463564
3.5256,0.209122051686255,0.00112205278476546,0.209955562911369,0.20828854022871,0.207166487443945,
3.52513966480447,,,,,,0.00112240944020986
3.5264,0.209121424600972,0.00112142586415435,0.209954936058516,0.208287912914765,0.20716648705061,
3.52593774940144,,,,,,0.00112179110552817
3.5272,0.209120785473935,0.00112078689709402,0.209954297160142,0.208287273564586,0.207166486667492,
3.5267358339984,,,,,,0.0011211605092336
3.528,0.209120134810674,0.00112013635454028,0.209953646720023,0.208286622683783,0.207166486329243,
3.52753391859537,,,,,,0.00112051812247367
3.5288,0.209119473094316,0.00111947470445022,0.209952985221207,0.208285960755294,0.207166486050844,
3.52833200319234,,,,,,0.00111986441025896
3.5296,0.209118800774687,0.00111880241538302,0.209952313113709,0.208285288229442,0.207166485814059,
3.52913008778931,,,,,,0.00111919983691527
3.5304,0.209118118305038,0.00111811995457566,0.209951630850283,0.208284605560221,0.207166485605645,
3.52992817238627,,,,,,0.00111852486828033
3.5312,0.209117426154397,0.00111742778687718,0.209950938899214,0.208283913216631,0.207166485429754,
3.53072625698324,,,,,,0.00111783996688542
3.532,0.209116724771096,0.0011167263754146,0.209950237708862,0.208283211646604,0.20716648527119,
3.53152434158021,,,,,,0.00111714559355618
3.5328,0.209116014567153,0.00111601618159292,0.209949527691645,0.208282501263177,0.207166485081585,
3.53232242617717,,,,,,0.0011164422074126
3.5336,0.209115295986768,0.00111529757073896,0.209948809290743,0.20828178251045,0.207166484939711,
3.53312051077414,,,,,,0.00111573026586902
3.5344,0.209114569454062,0.00111457092981921,0.20994808293038,0.208281055812494,0.207166484882675,
3.53391859537111,,,,,,0.0011150100675833
3.5352,0.209113835377203,0.00111383671144298,0.209947349018772,0.208280321577654,0.207166484866211,
3.53471667996808,,,,,,0.00111428205404866
3.536,0.209113094159849,0.00111309534620185,0.209946607959399,0.208279580209697,0.207166484863495,
3.53551476456504,,,,,,0.00111354667986491
3.5368,0.209112346198893,0.00111234724324264,0.209945860149046,0.208278832105512,0.207166484862269,
3.53631284916201,,,,,,0.0011128043547612
3.5376,0.209111591880506,0.00111159280586963,0.209945105973888,0.208278077651277,0.207166484845407,
3.53711093375898,,,,,,0.00111205548267968
3.5384,0.209110831581405,0.00111083243154457,0.209944345810635,0.208277317223688,0.207166484792143,
3.53790901835595,,,,,,0.00111130046177555
3.5392,0.209110065668578,0.00111006641292973,0.209943580026295,0.208276551189686,0.207166484776756,
3.53870710295291,,,,,,0.00111053968441701
3.54,0.209109294499009,0.00110929509581808,0.209942808977901,0.208275779906004,0.207166484810186,
3.53950518754988,,,,,,0.00110977337695704
3.5408,0.209108518411602,0.00110851887286352,0.209942033004607,0.20827500371164,0.207166484838777,
3.54030327214685,,,,,,0.00110900195576517
3.5416,0.209107737742843,0.00110773810119164,0.209941252442804,0.208274222942911,0.207166484841719,
3.54110135674381,,,,,,0.00110822579429079
3.5424,0.209106952816203,0.00110695312127355,0.209940467616135,0.20827343792312,0.207166484801847,
3.54189944134078,,,,,,0.00110744523555334
3.5432,0.209106163942795,0.00110616426550287,0.209939678835878,0.208272648963207,0.207166484697704,
3.54269752593775,,,,,,0.00110666061457153
3.544,0.209105371421786,0.00110537185819569,0.209938886401374,0.208271856362143,0.207166484503947,
3.54349561053472,,,,,,0.00110587225836336
3.5448,0.209104575540075,0.00110457614350571,0.209938090599718,0.208271060408811,0.207166484265305,
3.54429369513168,,,,,,0.00110508048594616
3.5456,0.209103776663698,0.00110377741687366,0.209937291794962,0.208270261467628,0.207166484050754,
3.54509177972865,,,,,,0.00110428549470964
3.5464,0.20910297508724,0.00110297599001514,0.209936490283311,0.208269459832204,0.207166483842189,
3.54588986432562,,,,,,0.00110348763378631
3.5472,0.209102171061913,0.00110217214241118,0.209935686316949,0.208268655754363,0.207166483611952,
3.54668794892259,,,,,,0.00110268718983893
3.548,0.20910136486195,0.00110136614237902,0.2099348801695,0.208267849508218,0.207166483365839,
3.54748603351955,,,,,,0.00110188443511988
3.5488,0.209100556754356,0.00110055824899369,0.209934072108088,0.208267041360646,0.207166483111653,
3.54828411811652,,,,,,0.00110107963272724
3.5496,0.209099746999062,0.00109974871370607,0.209933262392771,0.208266231571489,0.207166482857783,
3.54908220271349,,,,,,0.0011002730366048
3.5504,0.209098935850696,0.00109893782509181,0.209932451278269,0.208265420395249,0.207166482570158,
3.54988028731045,,,,,,0.00109946489403587
3.5512,0.209098123557413,0.00109812581697678,0.20993163901286,0.208264608079887,0.207166482262911,
3.55067837190742,,,,,,0.00109865551297927
3.552,0.20909731035844,0.00109731290465013,0.209930825835965,0.208263794864529,0.207166481959879,
3.55147645650439,,,,,,0.0010978450845789
3.5528,0.209096496487943,0.00109649931003546,0.209930011981853,0.208262980983203,0.207166481673168,
3.55227454110136,,,,,,0.00109703383468748
3.5536,0.20909568217396,0.00109568524653789,0.2099291976787,0.208262166663812,0.207166481417274,
3.55307262569832,,,,,,0.00109622198072025
3.5544,0.209094867638576,0.00109487091904406,0.209928383148724,0.208261352128143,0.207166481209098,
3.55387071029529,,,,,,0.00109540973165494
3.5552,0.209094053091511,0.00109405653550544,0.209927568601944,0.208260537585429,0.207166481049923,
3.55466879489226,,,,,,0.00109459728803177
3.556,0.209093238722555,0.00109324237622103,0.209926754228637,0.208259723225988,0.207166480849767,
3.55546687948923,,,,,,0.0010937848593564
3.5568,0.209092424743271,0.00109242862055377,0.209925940239837,0.208258909260937,0.207166480640383,
3.55626496408619,,,,,,0.00109297275885436
3.5576,0.20909161134716,0.00109161542932759,0.209925126829494,0.208258095883615,0.207166480454288,
3.55706304868316,,,,,,0.00109216109671148
3.5584,0.209090798721584,0.00109080298342785,0.209924314185129,0.208257283281226,0.207166480297798,
3.55786113328013,,,,,,0.00109135005719916
3.5592,0.209089987047865,0.00108999145669303,0.209923502488223,0.20825647163493,0.207166480178237,
3.5586592178771,,,,,,0.00109053981760895
3.56,0.209089176501384,0.00108918101591476,0.209922691914319,0.20825566111995,0.207166480104036,
3.55945730247406,,,,,,0.00108973054825252
3.5608,0.209088367251683,0.00108837183731735,0.209921882633117,0.208254851905669,0.207166480068352,
3.56025538707103,,,,,,0.0010889224124617
3.5616,0.209087559462565,0.00108756414179728,0.209921074808579,0.208254044155928,0.20716648001413,
3.561053471668,,,,,,0.00108811559073785
3.5624,0.209086753300324,0.00108675807168638,0.209920268606961,0.208253238036683,0.207166479964996,
3.56185155626496,,,,,,0.00108731032067277
3.5632,0.209085948918234,0.00108595376067262,0.209919464181875,0.208252433701016,0.207166479940343,
3.56264964086193,,,,,,0.00108650669874846
3.564,0.209085146462646,0.00108515135523156,0.209918661679864,0.208251631295193,0.207166479939962,
3.5634477254589,,,,,,0.00108570487439255
3.5648,0.209084346077387,0.00108435099596219,0.20991786124484,0.208250830962895,0.207166479966933,
3.56424581005587,,,,,,0.00108490499121194
3.5656,0.209083547901312,0.00108355281758688,0.209917063015804,0.208250032842835,0.207166480025248,
3.56504389465283,,,,,,0.00108410718699283
3.5664,0.209082752068425,0.00108275695921608,0.209916267126902,0.208249237068872,0.207166480109656,
3.5658419792498,,,,,,0.00108331159370071
3.5672,0.209081958707987,0.00108196357152687,0.20991547370754,0.208248443770132,0.207166480198606,
3.56664006384677,,,,,,0.00108251835216091
3.568,0.20908116794464,0.00108117277248749,0.209914682882495,0.208247653071132,0.207166480298644,
3.56743814844374,,,,,,0.00108172761579541
3.5688,0.209080379898957,0.00108038467619713,0.209913894772465,0.208246865092378,0.207166480416181,
3.5682362330407,,,,,,0.00108093948609666
3.5696,0.209079594690032,0.0010795993986823,0.209913109496611,0.208246079952717,0.207166480554035,
3.56903431763767,,,,,,0.00108015408136913
3.5704,0.209078812427624,0.00107881705157342,0.209912327164939,0.208245297761832,0.207166480710258,
3.56983240223464,,,,,,0.0010793715155017
3.5712,0.209078033219547,0.00107803774219301,0.209911547885339,0.208244518627416,0.207166480885223,
3.5706304868316,,,,,,0.00107859189805474
3.572,0.209077257169643,0.0010772615736437,0.209910771761775,0.208243742653191,0.207166481079547,
3.57142857142857,,,,,,0.00107781533434715
3.5728,0.209076484377893,0.0010764886448964,0.209909998894346,0.208242969939023,0.207166481294126,
3.57222665602554,,,,,,0.00107704192554344
3.5736,0.209075714940542,0.00107571905087838,0.209909229379412,0.208242200581044,0.207166481530165,
3.57302474062251,,,,,,0.00107627176874077
3.5744,0.209074948950215,0.00107495288256139,0.209908463309713,0.208241434671772,0.20716648178921,
3.57382282521947,,,,,,0.001075504957056
3.5752,0.209074186496041,0.00107419022704971,0.209907700774484,0.208240672300286,0.207166482073236,
3.57462090981644,,,,,,0.00107474157971279
3.576,0.209073427666265,0.00107343116766833,0.20990694186202,0.208239913554699,0.207166482387031,
3.57541899441341,,,,,,0.00107398172212861
3.5768,0.209072672544593,0.00107267578405099,0.209906186656158,0.208239158518572,0.207166482734521,
3.57621707901037,,,,,,0.00107322546600185
3.5776,0.209071921209392,0.00107192418948994,0.209905435235413,0.208238407270209,0.20716648308072,
3.57701516360734,,,,,,0.00107247288939881
3.5784,0.209071173737605,0.00107117648653348,0.209904687676788,0.208237659886467,0.207166483399933,
3.57781324820431,,,,,,0.0010717241176891
3.5792,0.20907043020335,0.00107043272820606,0.209903944054488,0.208236916441375,0.207166483713169,
3.57861133280128,,,,,,0.00107097924397362
3.58,0.20906969067804,0.00106969297823299,0.209903204440015,0.208236177006265,0.207166484028032,
3.57940941739824,,,,,,0.00107023830611087
3.5808,0.209068955230511,0.00106895730782725,0.209902468902286,0.208235441649892,0.207166484342065,
3.58020750199521,,,,,,0.00106950137654617
3.5816,0.20906822392714,0.0010682257859098,0.209901737507759,0.208234710438561,0.207166484652651,
3.58100558659218,,,,,,0.00106876852536227
3.5824,0.209067496831975,0.00106749847923638,0.209901010320555,0.208233983435569,0.207166484956332,
3.58180367118915,,,,,,0.0010680398204046
3.5832,0.209066773975712,0.00106677545252421,0.209900287372118,0.208233260672561,0.207166485220037,
3.58260175578611,,,,,,0.00106731532740645
3.584,0.209066055433604,0.0010660567685787,0.209899568736754,0.208232542224319,0.20716648545574,
3.58339984038308,,,,,,0.00106659511011424
3.5848,0.209065341260148,0.0010653424884202,0.209898854469433,0.208231828145261,0.207166485656841,
3.58419792498005,,,,,,0.00106587923041272
3.5856,0.209064631507254,0.00106463267141072,0.209898144622141,0.20823111848723,0.20716648581582,
3.58499600957702,,,,,,0.00106516774845021
3.5864,0.20906392622465,0.00106392737538065,0.209897439244673,0.208230413299892,0.207166485924511,
3.58579409417398,,,,,,0.00106446072276378
3.5872,0.209063225459982,0.00106322665675548,0.20989673838474,0.208229712630832,0.207166485974077,
3.58659217877095,,,,,,0.00106375821040454
3.588,0.209062529258919,0.00106253057068256,0.209896042088069,0.20822901652566,0.207166485954977,
3.58739026336792,,,,,,0.00106306026706281
3.5888,0.209061837665244,0.00106183899442882,0.209895350398503,0.20822832502779,0.207166486033361,
3.58818834796488,,,,,,0.00106236694719337
3.5896,0.209061150705691,0.00106115196793349,0.209894663343145,0.208227638163822,0.207166486195889,
3.58898643256185,,,,,,0.00106167807354443
3.5904,0.209060468400962,0.0010604695992567,0.209893980942832,0.208226955955068,0.207166486355812,
3.58978451715882,,,,,,0.00106099375303072
3.5912,0.209059790802245,0.00105979193822278,0.209893303248139,0.208226278452312,0.20716648651409,
3.59058260175579,,,,,,0.00106031409305404
3.592,0.209059117941754,0.00105911901530103,0.209892630291687,0.208225605687715,0.207166486672414,
3.59138068635275,,,,,,0.00105963912558861
3.5928,0.20905844984972,0.00105845085875243,0.209891962103759,0.208224937691455,0.207166486832703,
3.59217877094972,,,,,,0.00105896888037265
3.5936,0.209057786554457,0.00105778749469355,0.209891298712722,0.2082242744918,0.207166486997107,
3.59297685554669,,,,,,0.00105830338497154
3.5944,0.209057128082437,0.00105712894716041,0.209890640145094,0.208223616115174,0.207166487168014,
3.59377494014366,,,,,,0.00105764266484091
3.5952,0.209056474458354,0.0010564752381724,0.209889986425617,0.208222962586228,0.207166487348055,
3.59457302474062,,,,,,0.00105698674338981
3.596,0.209055825705198,0.00105582638779612,0.209889337577324,0.208222313927616,0.207166487539819,
3.59537110933759,,,,,,0.00105633564204382
3.5968,0.209055181829177,0.00105518241420931,0.209888693606759,0.208221670145884,0.207166487731675,
3.59616919393456,,,,,,0.00105568938030816
3.5976,0.209054542854176,0.00105454333376472,0.209888054537469,0.208221031264803,0.207166487931038,
3.59696727853152,,,,,,0.00105504797583087
3.5984,0.209053908798663,0.00105390916105399,0.209887420388036,0.208220397302758,0.207166488141704,
3.59776536312849,,,,,,0.0010544114444659
3.5992,0.209053279677147,0.00105327990897156,0.209886791173053,0.20821976827422,0.207166488365249,
3.59856344772546,,,,,,0.00105377980033624
3.6,0.209052655502504,0.0010526556224571,0.209886166905431,0.208219144192032,0.207166488569575,
3.59936153232243,,,,,,0.00105315305589707
3.6008,0.209052036286032,0.00105203629963617,0.209885547596505,0.208218525067457,0.207166488767821,
3.60015961691939,,,,,,0.00105253126409711
3.6016,0.209051422037508,0.00105142194296324,0.209884933256084,0.208217910910242,0.207166488967279,
3.60095770151636,,,,,,0.00105191440908596
3.6024,0.209050812765244,0.00105081256089347,0.20988432389251,0.208217301728661,0.207166489167767,
3.60175578611333,,,,,,0.00105130249789968
3.6032,0.209050208475714,0.00105020816127347,0.209883719512297,0.208216697529147,0.207166489367874,
3.6025538707103,,,,,,0.00105069553926958
3.604,0.209049609173201,0.00104960875082452,0.209883120119768,0.208216098315992,0.207166489565167,
3.60335195530726,,,,,,0.0010500935407566
3.6048,0.209049014862668,0.00104901433521273,0.209882525719877,0.208215504094119,0.207166489758907,
3.60415003990423,,,,,,0.00104949650882054
3.6056,0.209048425546898,0.00104842491911926,0.209881936315447,0.208214914866289,0.20716648994717,
3.6049481245012,,,,,,0.00104890444888954
3.6064,0.209047841227461,0.00104784050631051,0.20988135190807,0.208214330634049,0.207166490127738,
3.60574620909816,,,,,,0.00104831736542936
3.6072,0.209047261904763,0.0010472610997083,0.209880772498174,0.208213751397788,0.20716649029808,
3.60654429369513,,,,,,0.0010477352620128
3.608,0.209046687578108,0.0010466867014601,0.209880198085083,0.208213177156792,0.207166490455332,
3.6073423782921,,,,,,0.00104715814138902
3.6088,0.209046118245749,0.00104611731300918,0.209879628667065,0.208212607909296,0.207166490596287,
3.60814046288907,,,,,,0.00104658600555295
3.6096,0.20904555390494,0.00104555293516484,0.209879064241392,0.208212043652382,0.207166490717217,
3.60893854748603,,,,,,0.0010460188558146
3.6104,0.209044994542475,0.00104499355706647,0.209878504795033,0.208211484372984,0.207166490815918,
3.609736632083,,,,,,0.00104545669286847
3.6112,0.209044440153282,0.00104443909035597,0.209877950322773,0.208210930066056,0.2071664909757,
3.61053471667997,,,,,,0.00104489950350129
3.612,0.209043890733658,0.00104388958175138,0.209877400820884,0.208210380727824,0.207166491146073,
3.61133280127694,,,,,,0.00104434718446899
3.6128,0.209043346275589,0.00104334503861301,0.209876856281423,0.208209836350265,0.207166491311652,
3.6121308858739,,,,,,0.00104379981279721
3.6136,0.209042806770127,0.00104280545356507,0.209876316695451,0.208209296924419,0.207166491470854,
3.61292897047087,,,,,,0.00104325738175689
3.6144,0.209042272207425,0.00104227081855936,0.209875782053133,0.208208762440431,0.207166491621871,
3.61372705506784,,,,,,0.00104271988390744
3.6152,0.209041742576784,0.00104174112493036,0.209875252343779,0.208208232887593,0.207166491762662,
3.6145251396648,,,,,,0.00104218731115118
3.616,0.209041217866698,0.00104121636345036,0.209874727555889,0.208207708254391,0.20716649189094,
3.61532322426177,,,,,,0.00104165965478787
3.6168,0.209040698064892,0.00104069652438455,0.209874207677198,0.208207188528547,0.207166492004162,
3.61612130885874,,,,,,0.0010411369055691
3.6176,0.209040183158372,0.0010401815975462,0.209873692694717,0.208206673697061,0.207166492099515,
3.61691939345571,,,,,,0.00104061905375284
3.6184,0.209039673133465,0.00103967157235173,0.209873182594776,0.208206163746257,0.207166492173905,
3.61771747805267,,,,,,0.00104010608915781
3.6192,0.209039167975864,0.00103916643787587,0.209872677363073,0.208205658661824,0.207166492223948,
3.61851556264964,,,,,,0.00103959800121806
3.62,0.20903866767067,0.00103866618290675,0.20987217698471,0.208205158428862,0.207166492245955,
3.61931364724661,,,,,,0.00103909477903734
3.6208,0.209038172202435,0.00103817079600104,0.209871681444243,0.208204663031923,0.207166492235922,
3.62011173184358,,,,,,0.00103859641144363
3.6216,0.209037681555209,0.00103768023028826,0.209871190725721,0.208204172455057,0.207166492224769,
3.62090981644054,,,,,,0.00103810288704359
3.6224,0.20903719571258,0.00103719440479776,0.209870704812732,0.208203686681853,0.207166492277055,
3.62170790103751,,,,,,0.00103761415351522
3.6232,0.20903671465772,0.00103671335782852,0.209870223688448,0.208203205695262,0.207166492337433,
3.62250598563448,,,,,,0.00103713012593512
3.624,0.209036238357859,0.00103623708125492,0.209869747320317,0.208202729462683,0.207166492381428,
3.62330407023144,,,,,,0.0010366508617831
3.6248,0.209035766791236,0.00103576555631889,0.209869275686411,0.208202257962559,0.20716649240624,
3.62410215482841,,,,,,0.00103617634282877
3.6256,0.209035299949822,0.00103529876383756,0.209868808778499,0.208201791186703,0.207166492422865,
3.62490023942538,,,,,,0.00103570655038838
3.6264,0.209034837814033,0.00103483668424139,0.209868346577152,0.208201329115534,0.207166492431292,
3.62569832402235,,,,,,0.00103524146536236
3.6272,0.209034380363955,0.00103437929761215,0.209867889062455,0.208200871729143,0.207166492431531,
3.62649640861931,,,,,,0.00103478106827299
3.628,0.209033927579385,0.00103392658372105,0.209867436214197,0.208200419007332,0.207166492423611,
3.62729449321628,,,,,,0.00103432533930198
3.6288,0.209033479439867,0.00103347852206679,0.20986698801192,0.208199970929652,0.207166492407585,
3.62809257781325,,,,,,0.00103387425832808
3.6296,0.209033035924732,0.0010330350919136,0.209866544434948,0.208199527475438,0.207166492383525,
3.62889066241022,,,,,,0.00103342780496471
3.6304,0.209032597013138,0.00103259627232931,0.209866105462432,0.208199088623857,0.207166492351528,
3.62968874700718,,,,,,0.00103298595859757
3.6312,0.209032162684107,0.00103216204222344,0.209865671073388,0.208198654353936,0.207166492311713,
3.63048683160415,,,,,,0.00103254869842223
3.632,0.209031732916561,0.00103173238038522,0.209865241246731,0.208198224644608,0.207166492264223,
3.63128491620112,,,,,,0.00103211600348177
3.6328,0.209031307689368,0.00103130722356967,0.209864815961321,0.208197799474747,0.207166492251178,
3.63208300079808,,,,,,0.00103168785270437
3.6336,0.209030886981373,0.00103088652856654,0.209864395195994,0.208197378823209,0.207166492294642,
3.63288108539505,,,,,,0.00103126417824456
3.6344,0.209030470771442,0.00103047030260844,0.209863978929607,0.208196962668133,0.207166492365525,
3.63367916999202,,,,,,0.00103084494014729
3.6352,0.209030058979146,0.00103005852371118,0.209863567082455,0.208196550929562,0.207166492405851,
3.63447725458899,,,,,,0.00103043015102102
3.636,0.209029651559877,0.00102965116574872,0.209863159609461,0.208196143563715,0.207166492397966,
3.63527533918595,,,,,,0.00103001978517534
3.6368,0.209029248535946,0.00102924820234007,0.209862756532109,0.20819574059231,0.20716649238997,
3.63607342378292,,,,,,0.00102961381664382
3.6376,0.209028849880974,0.00102884960687558,0.20986235782461,0.208195341988978,0.207166492382102,
3.63687150837989,,,,,,0.00102921221921
3.6384,0.209028455568352,0.00102845535254326,0.209861963460348,0.208194947727115,0.207166492374572,
3.63766959297686,,,,,,0.00102881496643346
3.6392,0.209028065571256,0.00102806541235515,0.209861573412492,0.208194557779908,0.207166492367553,
3.63846767757382,,,,,,0.00102842203167581
3.64,0.209027679862677,0.00102767975917361,0.209861187654025,0.208194172120356,0.207166492361182,
3.63926576217079,,,,,,0.0010280333881267
3.6408,0.209027298415443,0.00102729836573768,0.209860806157764,0.208193790721295,0.207166492355557,
3.64006384676776,,,,,,0.00102764900882986
3.6416,0.209026921202239,0.00102692120468941,0.209860428896387,0.208193413555419,0.207166492350729,
3.64086193136472,,,,,,0.00102726886670911
3.6424,0.209026548195634,0.00102654824860017,0.209860055842454,0.208193040595306,0.207166492346706,
3.64166001596169,,,,,,0.00102689293459438
3.6432,0.209026179368101,0.001026179469997,0.209859686968429,0.208192671813441,0.207166492343444,
3.64245810055866,,,,,,0.00102652118524773
3.644,0.209025814692046,0.00102581481420562,0.209859322246706,0.208192307182238,0.207166492368032,
3.64325618515563,,,,,,0.00102615359138937
3.6448,0.209025454139824,0.0010254542576927,0.209858961649633,0.208191946674061,0.207166492416369,
3.64405426975259,,,,,,0.00102579009655702
3.6456,0.209025097683769,0.00102509778132145,0.209858605149532,0.208191590261007,0.207166492479686,
3.64485235434956,,,,,,0.00102543067996421
3.6464,0.209024745272703,0.00102474535637652,0.209858252695465,0.208191237892031,0.207166492535654,
3.64565043894653,,,,,,0.00102507532274521
3.6472,0.209024396866285,0.00102439695337703,0.209857904246958,0.208190889527139,0.207166492573762,
3.6464485235435,,,,,,0.00102472399569167
3.648,0.209024052456555,0.0010240525427951,0.209857559795702,0.20819054515815,0.207166492615355,
3.64724660814046,,,,,,0.00102437666952914
3.6488,0.20902371201366,0.00102371209507704,0.209857219312064,0.208190204755223,0.207166492660146,
3.64804469273743,,,,,,0.00102403331493799
3.6496,0.209023375507665,0.00102337558066457,0.209856882766102,0.208189868288432,0.207166492707767,
3.6488427773344,,,,,,0.00102369390257435
3.6504,0.209023042908572,0.00102304297001591,0.209856550127805,0.208189535727789,0.207166492757773,
3.64964086193136,,,,,,0.00102335840309102
3.6512,0.209022714186336,0.00102271423362707,0.209856221367119,0.208189207043259,0.207166492809631,
3.65043894652833,,,,,,0.0010230267871584
3.652,0.209022389310881,0.00102238934205292,0.209855896453959,0.208188882204776,0.207166492862723,
3.6512370311253,,,,,,0.00102269902548544
3.6528,0.209022068252122,0.00102206826592844,0.209855575358228,0.208188561182266,0.207166492916338,
3.65203511572227,,,,,,0.00102237508884054
3.6536,0.209021750979979,0.00102175097598991,0.209855258049835,0.208188243945659,0.207166492969669,
3.65283320031923,,,,,,0.00102205494807249
3.6544,0.209021437464394,0.001021437443096,0.209854944498714,0.208187930464909,0.207166493021813,
3.6536312849162,,,,,,0.00102173857413142
3.6552,0.209021127675354,0.0010211276070452,0.20985463467484,0.208187620710012,0.207166493102967,
3.65442936951317,,,,,,0.00102142593808967
3.656,0.209020821582903,0.00102082145580445,0.209854328548246,0.208187314650838,0.207166493195034,
3.65522745411014,,,,,,0.00102111697884726
3.6568,0.209020519136789,0.00102051896265201,0.209854026068855,0.208187012237424,0.207166493274772,
3.6560255387071,,,,,,0.00102081168644766
3.6576,0.209020220317054,0.00102022009750861,0.20985372721642,0.208186713449747,0.207166493352238,
3.65682362330407,,,,,,0.00102051003373162
3.6584,0.209019925095855,0.00101992483029207,0.209853431963162,0.208186418259948,0.207166493429656,
3.65762170790104,,,,,,0.00102021199073921
3.6592,0.209019633442396,0.00101963313103322,0.209853140278302,0.208186126637242,0.207166493506209,
3.658419792498,,,,,,0.00101991752760637
3.66,0.209019345325932,0.00101934496989273,0.209852852131086,0.208185838550895,0.207166493581002,
3.65921787709497,,,,,,0.00101962661458146
3.6608,0.209019060715785,0.00101906031717795,0.209852567490822,0.208185553970237,0.207166493653059,
3.66001596169194,,,,,,0.00101933922204194
3.6616,0.209018779581354,0.00101877914335972,0.209852286326902,0.208185272864679,0.207166493721319,
3.66081404628891,,,,,,0.00101905532051101
3.6624,0.209018501892135,0.00101850141908921,0.20985200860881,0.208184995203727,0.207166493784638,
3.66161213088587,,,,,,0.0010187748806742
3.6632,0.209018227617733,0.00101822711521477,0.209851734306141,0.208184720956997,0.207166493841782,
3.66241021548284,,,,,,0.00101849787339605
3.664,0.209017956727876,0.00101795620279874,0.209851463388613,0.208184450094225,0.207166493891426,
3.66320830007981,,,,,,0.00101822426973671
3.6648,0.209017689192429,0.00101768865313431,0.20985119582608,0.208184182585288,0.207166493932154,
3.66400638467678,,,,,,0.0010179540409686
3.6656,0.20901742498141,0.0010174244333316,0.20985093158855,0.208183918400194,0.207166493966862,
3.66480446927374,,,,,,0.00101768715859301
3.6664,0.209017164062154,0.00101716326496159,0.209850670643371,0.208183657506233,0.207166494241272,
3.66560255387071,,,,,,0.00101742358991182
3.6672,0.209016906395435,0.00101690578112193,0.209850412951356,0.208183399864326,0.207166494083204,
3.66640063846768,,,,,,0.00101716326496159
3.66719872306465,,,,,,0.00101690618729796
3.668,0.209016651959436,0.00101665132458956,0.209850158490545,0.2081831454526,0.20716649412801,
3.66799680766161,,,,,,0.0010166523272771
3.6688,0.20901640072418,0.00101640007130884,0.209849907231016,0.208182894241087,0.207166494169778,
3.66879489225858,,,,,,0.00101640165539272
3.6696,0.209016152659851,0.00101615199171177,0.209849659142943,0.208182646199983,0.207166494208271,
3.66959297685555,,,,,,0.0010161541422868
3.6704,0.209015907736809,0.00101590705639103,0.209849414196677,0.208182401299655,0.207166494243264,
3.67039106145251,,,,,,0.00101590975876037
3.6712,0.209015665925601,0.00101566523611091,0.209849172362754,0.208182159510662,0.207166494274552,
3.67118914604948,,,,,,0.00101566847578424
3.672,0.209015427196975,0.00101542650181814,0.209848933611913,0.208181920803761,0.207166494301943,
3.67198723064645,,,,,,0.00101543026450982
3.6728,0.209015191521889,0.00101519082465279,0.209848697915103,0.208181685149919,0.207166494325266,
3.67278531524342,,,,,,0.00101519509627979
3.6736,0.209014958871527,0.00101495817595921,0.209848465243497,0.208181452520329,0.20716649434437,
3.67358339984038,,,,,,0.00101496294263893
3.6744,0.209014729217309,0.00101472852729683,0.209848235568506,0.208181222886422,0.207166494359125,
3.67438148443735,,,,,,0.00101473377534484
3.6752,0.209014502530903,0.00101450185045112,0.20984800886179,0.208180996219875,0.207166494369424,
3.67517956903432,,,,,,0.00101450756637874
3.676,0.209014278784241,0.00101427811714964,0.209847785095269,0.208180772492523,0.207166494375374,
3.67597765363128,,,,,,0.00101428428795617
3.6768,0.20901405793383,0.0010140572887296,0.209847564225547,0.208180551660979,0.207166494372249,
3.67677573822825,,,,,,0.00101406390200886
3.6776,0.209013839950193,0.00101383931758193,0.209847346223044,0.208180333695836,0.207166494378254,
3.67757382282522,,,,,,0.00101384635992809
3.6784,0.209013624813691,0.00101362419545032,0.209847131068048,0.208180118577403,0.207166494381953,
3.67837190742219,,,,,,0.0010136316542527
3.6792,0.209013412495868,0.00101341189361014,0.209846918732156,0.208179906277233,0.207166494383623,
3.67916999201915,,,,,,0.00101341975645783
3.68,0.209013202968461,0.00101320238348782,0.209846709187096,0.208179696767072,0.207166494383584,
3.67996807661612,,,,,,0.00101321063816801
3.6808,0.209012996203411,0.00101299563666709,0.2098465024048,0.208179490018868,0.207166494382201,
3.68076616121309,,,,,,0.00101300427116328
3.6816,0.209012792172867,0.00101279162489515,0.20984629835741,0.20817928600478,0.207166494379885,
3.68156424581006,,,,,,0.00101280062738534
3.6824,0.209012590849197,0.00101259032008884,0.209846097017285,0.208179084697181,0.207166494377093,
3.68236233040702,,,,,,0.00101259967894364
3.6832,0.209012392204992,0.00101239169434086,0.209845898357007,0.208178886068673,0.207166494374332,
3.68316041500399,,,,,,0.00101240139812152
3.684,0.209012196213077,0.00101219571992596,0.209845702349395,0.208178690092088,0.207166494372162,
3.68395849960096,,,,,,0.00101220575738231
3.6848,0.209012002846518,0.00101200236930712,0.209845508967506,0.2081784967405,0.207166494371193,
3.68475658419792,,,,,,0.00101201272937546
3.6856,0.209011812078628,0.00101181161514176,0.209845318184647,0.208178305987229,0.207166494372087,
3.68555466879489,,,,,,0.00101182228694266
3.6864,0.209011623882979,0.00101162343028792,0.209845129974378,0.208178117805725,0.207166494375437,
3.68635275339186,,,,,,0.00101163440312396
3.6872,0.209011438210224,0.00101143778738615,0.209844944287477,0.208177932146862,0.207166494359476,
3.68715083798883,,,,,,0.00101144905116388
3.688,0.209011255049099,0.00101125465300269,0.20984476111246,0.2081777489993,0.207166494346297,
3.68794892258579,,,,,,0.00101126619762941
3.6888,0.209011074373356,0.00101107399783599,0.209844580423156,0.208177568336789,0.207166494338953,
3.68874700718276,,,,,,0.00101108581283686
3.6896,0.209010896156277,0.00101089580062418,0.209844402192844,0.208177390132623,0.207166494331998,
3.68954509177973,,,,,,0.00101090787607676
3.6904,0.209010720371327,0.00101072003461731,0.209844226394982,0.20817721436027,0.207166494325653,
3.6903431763767,,,,,,0.00101073236077757
3.6912,0.209010546992156,0.00101054667324903,0.209844053003213,0.208177040993389,0.20716649432014,
3.69114126097366,,,,,,0.00101055924054925
3.692,0.209010375992601,0.00101037569014095,0.209843881991368,0.208176870005822,0.207166494315681,
3.69193934557063,,,,,,0.00101038848918762
3.6928,0.209010207346692,0.00101020705910699,0.20984371333347,0.208176701371607,0.2071664943125,
3.6927374301676,,,,,,0.00101022008067869
3.6936,0.209010041028654,0.00101004075415787,0.209843547003739,0.208176535064975,0.207166494310817,
3.69353551476456,,,,,,0.00101005398920297
3.6944,0.209009877012913,0.00100987674950541,0.209843382976592,0.208176371060357,0.207166494310852,
3.69433359936153,,,,,,0.00100989018913986
3.6952,0.209009715274098,0.00100971501956695,0.209843221226653,0.208176209332389,0.207166494312822,
3.6951316839585,,,,,,0.00100972865507194
3.696,0.209009555787042,0.00100955553896977,0.20984306172875,0.208176049855899,0.207166494316929,
3.69592976855547,,,,,,0.00100956936178935
3.6968,0.209009398524078,0.00100939828255546,0.209842904455221,0.208175892603216,0.20716649432066,
3.69672785315243,,,,,,0.00100941228429412
3.6976,0.209009243456077,0.0010092432253843,0.209842749376939,0.208175737545258,0.207166494319874,
3.6975259377494,,,,,,0.00100925739780449
3.6984,0.209009090562536,0.00100909034187872,0.209842596473355,0.208175584661505,0.207166494319626,
3.69832402234637,,,,,,0.00100910467775927
3.6992,0.209008939818667,0.00100893959948125,0.209842445719697,0.208175433927177,0.207166494327695,
3.69912210694334,,,,,,0.00100895409077868
3.7,0.209008791199868,0.00100879097568759,0.209842297091358,0.208175285317676,0.207166494341989,
3.6999201915403,,,,,,0.00100880561437059
3.7008,0.209008644681726,0.00100864444901569,0.209842150563918,0.208175138808594,0.207166494359578,
3.70071827613727,,,,,,0.00100865922754057
3.7016,0.209008500240012,0.00100849999503089,0.209842006113144,0.208174994375709,0.207166494380678,
3.70151636073424,,,,,,0.00100851490600854
3.7024,0.209008357850693,0.00100835758949367,0.209841863714996,0.208174851994992,0.207166494405498,
3.70231444533121,,,,,,0.00100837262568743
3.7032,0.209008217489926,0.00100821720836241,0.209841723345627,0.208174711642605,0.207166494434242,
3.70311252992817,,,,,,0.0010082323626859
3.704,0.209008079134064,0.00100807882779615,0.209841584981385,0.208174573294907,0.207166494467111,
3.70391061452514,,,,,,0.00100809409331103
3.7048,0.20900794275966,0.00100794242415731,0.209841448598817,0.208174436928455,0.207166494504297,
3.70470869912211,,,,,,0.00100795779407106
3.7056,0.209007808343463,0.00100780797401443,0.209841314174668,0.208174302520004,0.20716649454599,
3.70550678371907,,,,,,0.0010078234416781
3.7064,0.209007675862429,0.00100767545414497,0.209841181685888,0.208174170046507,0.207166494592362,
3.70630486831604,,,,,,0.00100769101305082
3.7072,0.209007545292106,0.00100754484153799,0.209841051108027,0.208174039483526,0.207166494641988,
3.70710295291301,,,,,,0.00100756048531719
3.708,0.209007416610166,0.00100741611339695,0.209840922418746,0.208173910808738,0.207166494695341,
3.70790103750998,,,,,,0.0010074318358172
3.7088,0.209007289794615,0.00100728924714242,0.209840795596043,0.20817378400015,0.207166494753008,
3.70869912210694,,,,,,0.00100730504210553
3.7096,0.209007164823102,0.00100716422041484,0.209840670617567,0.208173659035416,0.207166494815001,
3.70949720670391,,,,,,0.00100718008195432
3.7104,0.20900704167348,0.00100704101107728,0.209840547461165,0.208173535892394,0.207166494881317,
3.71029529130088,,,,,,0.00100705693335586
3.7112,0.209006920323806,0.00100691959721818,0.209840426104891,0.208173414549145,0.207166494951926,
3.71109337589785,,,,,,0.00100693557452527
3.712,0.209006800752342,0.00100679995715406,0.209840306527003,0.208173294983935,0.207166495026781,
3.71189146049481,,,,,,0.0010068159839033
3.7128,0.209006682937559,0.00100668206943234,0.209840188705966,0.20817317717524,0.207166495105807,
3.71268954509178,,,,,,0.00100669814015893
3.7136,0.209006566858137,0.00100656591283401,0.209840072620457,0.208173061101742,0.207166495188908,
3.71348762968875,,,,,,0.0010065820221922
3.7144,0.209006452492967,0.00100645146637643,0.209839958249362,0.208172946742337,0.20716649527596,
3.71428571428571,,,,,,0.00100646760913684
3.7152,0.209006339821152,0.00100633870931605,0.209839845571782,0.208172834076133,0.207166495366817,
3.71508379888268,,,,,,0.00100635488036301
3.716,0.209006228822012,0.00100622762115117,0.209839734567031,0.208172723082451,0.2071664954613,
3.71588188347965,,,,,,0.00100624381548003
3.7168,0.209006119474748,0.0010061181816247,0.209839625214308,0.208172613740485,0.207166495558861,
3.71667996807662,,,,,,0.00100613439433909
3.7176,0.209006011755015,0.00100601037072684,0.209839517489277,0.208172506025917,0.20716649565519,
3.71747805267358,,,,,,0.00100602659703593
3.7184,0.209005905645667,0.00100590416869793,0.209839411374765,0.208172399921592,0.207166495752894,
3.71827613727055,,,,,,0.0010059204039136
3.7192,0.20900580112665,0.0010057995560311,0.209839306850725,0.208172295407462,0.207166495851431,
3.71907422186752,,,,,,0.00100581579556516
3.72,0.209005698178117,0.00100569651306845,0.209839203897305,0.208172192463681,0.207166495950612,
3.71987230646449,,,,,,0.00100571275283636
3.7208,0.209005596780419,0.00100559501406568,0.209839102494855,0.208172091070605,0.20716649605654,
3.72067039106145,,,,,,0.00100561125428692
3.7216,0.209005496914116,0.00100549502047426,0.20983900262393,0.208171991208798,0.207166496188324,
3.72146847565842,,,,,,0.00100551125292459
3.7224,0.209005398559973,0.00100539653445237,0.209838904265292,0.208171892859026,0.207166496324574,
3.72226656025539,,,,,,0.00100541275504637
3.7232,0.209005301698962,0.00100529953717669,0.209838807399909,0.208171796002266,0.207166496465089,
3.72306464485235,,,,,,0.00100531574192435
3.724,0.209005206312262,0.00100520401005906,0.209838712008958,0.208171700619698,0.207166496609639,
3.72386272944932,,,,,,0.00100522019506318
3.7248,0.209005112381261,0.00100510993474832,0.209838618073824,0.208171606692716,0.207166496757967,
3.72466081404629,,,,,,0.00100512609620199
3.7256,0.209005019887558,0.0010050172931323,0.209838525576103,0.20817151420292,0.207166496909787,
3.72545889864326,,,,,,0.00100503342731625
3.7264,0.209004928812963,0.00100492606733965,0.209838434497601,0.208171423132115,0.207166497064776,
3.72625698324022,,,,,,0.00100494217061966
3.7272,0.209004839136884,0.00100483623974181,0.209838344817731,0.208171333459716,0.207166497219975,
3.72705506783719,,,,,,0.00100485230856603
3.728,0.209004750839615,0.0010047477929549,0.209838256516782,0.208171245166031,0.207166497373076,
3.72785315243416,,,,,,0.00100476382385118
3.7288,0.209004663905942,0.0010046607098416,0.209838169579526,0.208171158235841,0.207166497525999,
3.72865123703113,,,,,,0.00100467669941484
3.7296,0.209004578318183,0.00100457497351311,0.209838083988285,0.208171072651466,0.207166497677953,
3.72944932162809,,,,,,0.0010045909184425
3.7304,0.209004494058843,0.00100449056733101,0.209837999725561,0.208170988395413,0.207166497828082,
3.73024740622506,,,,,,0.00100450646436731
3.7312,0.209004411110614,0.00100440747490922,0.209837916774044,0.208170905450379,0.207166497975469,
3.73104549082203,,,,,,0.001004423320872
3.732,0.209004329456375,0.00100432568011585,0.209837835116611,0.208170823799243,0.207166498119127,
3.73184357541899,,,,,,0.00100434147189069
3.7328,0.209004249079193,0.00100424516707517,0.209837754736326,0.208170743425075,0.207166498258,
3.73264166001596,,,,,,0.00100426090161088
3.7336,0.209004169962321,0.00100416592016946,0.209837675616439,0.208170664311132,0.207166498390962,
3.73343974461293,,,,,,0.00100418159447524
3.7344,0.209004092089201,0.00100408792404099,0.209837597740391,0.208170586440856,0.207166498516815,
3.7342378292099,,,,,,0.00100410353518355
3.7352,0.20900401544346,0.00100401116359383,0.209837521091806,0.208170509797877,0.207166498634283,
3.73503591380686,,,,,,0.00100402670869457
3.736,0.209003940008914,0.00100393562399587,0.209837445654497,0.208170434366013,0.207166498742017,
3.73583399840383,,,,,,0.00100395110022794
3.7368,0.209003865769564,0.00100386129068065,0.209837371412465,0.208170360129262,0.207166498838582,
3.7366320830008,,,,,,0.00100387669526606
3.7376,0.209003792706412,0.00100378814934929,0.209837298346714,0.208170287068636,0.207166498919287,
3.73743016759777,,,,,,0.00100380347955594
3.7384,0.209003720805179,0.00100371618597243,0.209837226442955,0.208170215169856,0.207166498983884,
3.73822825219473,,,,,,0.00100373143911116
3.7392,0.209003650050789,0.00100364538679209,0.209837155686112,0.208170144417849,0.207166499031057,
3.7390263367917,,,,,,0.0010036605602137
3.74,0.209003580427769,0.0010035757383236,0.20983708606071,0.208170074797141,0.207166499058817,
3.73982442138867,,,,,,0.00100359082941583
3.7408,0.209003511920811,0.00100350722735753,0.20983701755144,0.208170006292426,0.207166499065069,
3.74062250598563,,,,,,0.00100352223354203
3.7416,0.209003444514776,0.00100343984096156,0.209836950143161,0.208169938888569,0.207166499047608,
3.7414205905826,,,,,,0.00100345475969084
3.7424,0.209003378194693,0.00100337354759936,0.209836883820899,0.208169872570599,0.207166499023,
3.74221867517957,,,,,,0.00100338839523677
3.7432,0.209003312945755,0.00100330826352165,0.209836818569848,0.208169807323713,0.207166499060191,
3.74301675977654,,,,,,0.00100332304472001
3.744,0.209003248753324,0.00100324397283767,0.209836754375367,0.208169743133272,0.207166499160434,
3.7438148443735,,,,,,0.00100325866667837
3.7448,0.209003185602925,0.00100318072639455,0.209836691222978,0.208169679984803,0.207166499258409,
3.74461292897047,,,,,,0.00100319533115811
3.7456,0.209003123480248,0.00100311851011903,0.20983662909837,0.208169617864,0.207166499353881,
3.74541101356744,,,,,,0.00100313302414634
3.7464,0.209003062371147,0.00100305731011054,0.209836567987396,0.208169556756716,0.207166499446605,
3.74620909816441,,,,,,0.0010030717318013
3.7472,0.209003002261419,0.00100299711264078,0.209836507875851,0.208169496648748,0.207166499536107,
3.74700718276137,,,,,,0.00100301144045198
3.748,0.209002943136343,0.00100293790415327,0.209836448749014,0.208169437525381,0.207166499621228,
3.74780526735834,,,,,,0.00100295213659767
3.7488,0.209002884982951,0.00100287967126297,0.209836390593913,0.208169379373646,0.207166499702384,
3.74860335195531,,,,,,0.00100289380690753
3.7496,0.209002827787676,0.00100282240075579,0.209836333396981,0.208169322179979,0.207166499779223,
3.74940143655227,,,,,,0.0010028364382202
3.7504,0.209002771537107,0.00100276607958819,0.209836277144804,0.208169265930968,0.20716649985138,
3.75019952114924,,,,,,0.00100278001754332
3.7512,0.209002716217986,0.00100271069488674,0.209836221824125,0.208169210613359,0.207166499918472,
3.75099760574621,,,,,,0.00100272453205315
3.752,0.209002661817209,0.0010026562339477,0.209836167421836,0.208169156214046,0.207166499980098,
3.75179569034318,,,,,,0.00100266996909412
3.7528,0.209002608321821,0.00100260268423659,0.209836113924984,0.208169102720079,0.207166500035842,
3.75259377494014,,,,,,0.00100261631617842
3.7536,0.209002555719022,0.00100255003338773,0.209836061320764,0.208169050118656,0.207166500085268,
3.75339185953711,,,,,,0.00100256356098556
3.7544,0.20900250399616,0.00100249826920384,0.209836009596525,0.208168998397128,0.207166500127924,
3.75418994413408,,,,,,0.00100251169136196
3.7552,0.209002453140732,0.00100244737965562,0.209835958739763,0.208168947542994,0.207166500163338,
3.75498802873105,,,,,,0.00100246069532049
3.756,0.209002403140384,0.00100239735288126,0.209835908738122,0.2081688975439,0.207166500191018,
3.75578611332801,,,,,,0.0010024105610401
3.7568,0.209002353982911,0.00100234817718609,0.209835859579396,0.208168848387641,0.207166500210455,
3.75658419792498,,,,,,0.00100236127686534
3.7576,0.209002305655903,0.00100229984104207,0.209835811251174,0.208168800061809,0.207166500220767,
3.75738228252195,,,,,,0.00100231283130598
3.7584,0.20900225814737,0.00100225233308744,0.209835763741464,0.208168752554416,0.207166500221328,
3.75818036711891,,,,,,0.00100226521303654
3.7592,0.209002211445732,0.0010022056421262,0.209835717038686,0.208168705853882,0.207166500211756,
3.75897845171588,,,,,,0.00100221841089591
3.76,0.209002165539328,0.00100215975712776,0.209835671131177,0.208168659948548,0.20716650019142,
3.75977653631285,,,,,,0.00100217241388688
3.7608,0.209002120416636,0.00100211466722646,0.209835626007416,0.208168614826893,0.207166500159666,
3.76057462090982,,,,,,0.00100212721117575
3.7616,0.209002076066275,0.00100207036172117,0.209835581656019,0.208168570477535,0.207166500115814,
3.76137270550678,,,,,,0.00100208279209188
3.7624,0.209002032477,0.00100202683007481,0.20983553806574,0.208168526889232,0.207166500059158,
3.76217079010375,,,,,,0.00100203914612729
3.7632,0.209001989637704,0.001001984061914,0.209835495225471,0.208168484050878,0.207166499988964,
3.76296887470072,,,,,,0.00100199626293621
3.764,0.209001947537416,0.00100194204702853,0.209835453124242,0.208168441951501,0.207166499904472,
3.76376695929769,,,,,,0.00100195413233465
3.7648,0.209001906165299,0.00100190075588393,0.209835411751214,0.208168400580267,0.207166499824383,
3.76456504389465,,,,,,0.00100191274430001
3.7656,0.209001865510654,0.00100186014499755,0.209835371095686,0.208168359926476,0.207166499781478,
3.76536312849162,,,,,,0.00100187202277799
3.7664,0.20900182556291,0.00100182023916901,0.209835331147087,0.208168319979559,0.20716649974039,
3.76616121308859,,,,,,0.00100183200330212
3.7672,0.209001786311631,0.00100178103443941,0.209835291894982,0.208168280729082,0.207166499694642,
3.76695929768555,,,,,,0.00100179268467543
3.768,0.209001747746513,0.00100174252044498,0.209835253329063,0.208168242164738,0.207166499644294,
3.76775738228252,,,,,,0.00100175405657191
3.7688,0.20900170985738,0.00100170468694319,0.209835215439155,0.208168204276356,0.207166499589412,
3.76855546687949,,,,,,0.00100171610878595
3.7696,0.209001672634186,0.00100166752381165,0.209835178215211,0.208168167053888,0.207166499530076,
3.76935355147646,,,,,,0.00100167883123127
3.7704,0.209001636067014,0.00100163102104687,0.209835141647312,0.208168130487418,0.207166499466371,
3.77015163607342,,,,,,0.00100164221393975
3.7712,0.209001600146073,0.00100159516876324,0.209835105725669,0.208168094567157,0.207166499398393,
3.77094972067039,,,,,,0.00100160624706033
3.772,0.209001564861698,0.00100155995719179,0.209835070440615,0.20816805928344,0.207166499326248,
3.77174780526736,,,,,,0.00100157092085787
3.7728,0.209001530204352,0.00100152537667912,0.20983503578261,0.20816802462673,0.207166499250051,
3.77254588986433,,,,,,0.00100153622571205
3.7736,0.209001496164618,0.00100149141768621,0.20983500174224,0.208167990587611,0.207166499169925,
3.77334397446129,,,,,,0.00100150215211618
3.7744,0.209001462733206,0.00100145807078731,0.20983496827699,0.208167957189421,0.207166499118634,
3.77414205905826,,,,,,0.00100146869067614
3.7752,0.209001429900945,0.00100142532666878,0.209834935445315,0.208167924356575,0.207166499029906,
3.77494014365523,,,,,,0.00100143583210922
3.776,0.209001397658788,0.00100139317612797,0.209834903203724,0.208167892113852,0.207166498937724,
3.77573822825219,,,,,,0.00100140356724301
3.7768,0.209001365997806,0.00100136161007206,0.20983487154329,0.208167860452323,0.207166498842251,
3.77653631284916,,,,,,0.00100137188701424
3.7776,0.209001334908462,0.00100133061951692,0.209834840454474,0.20816782936245,0.207166498742933,
3.77733439744613,,,,,,0.00100134078246769
3.7784,0.209001304380872,0.00100130019558599,0.209834809927395,0.208167798834349,0.207166498638763,
3.7781324820431,,,,,,0.00100131024475505
3.7792,0.209001274407856,0.00100127032950913,0.209834779954874,0.208167768860839,0.20716649853133,
3.77893056664006,,,,,,0.00100128026513377
3.78,0.209001244980903,0.00100124101262144,0.209834750528399,0.208167739433407,0.207166498420786,
3.77972865123703,,,,,,0.00100125083496598
3.7808,0.209001216091611,0.0010012122363622,0.209834721639569,0.208167710543653,0.20716649830729,
3.780526735834,,,,,,0.00100122194571733
3.7816,0.209001187731689,0.00100118399227366,0.209834693280094,0.208167682183284,0.207166498191011,
3.78132482043097,,,,,,0.00100119358895586
3.7824,0.209001159892958,0.00100115627199993,0.209834665441795,0.208167654344121,0.207166498072121,
3.78212290502793,,,,,,0.00100116575635088
3.7832,0.209001132567346,0.00100112906728582,0.2098346381166,0.208167627018092,0.207166497950806,
3.7829209896249,,,,,,0.00100113843967186
3.784,0.209001105746888,0.00100110236997573,0.209834611296545,0.208167600197231,0.207166497827255,
3.78371907422187,,,,,,0.00100111163078729
3.7848,0.209001079423727,0.00100107617201248,0.209834584973774,0.20816757387368,0.207166497701668,
3.78451715881883,,,,,,0.00100108532166353
3.7856,0.209001053590111,0.00100105046543618,0.209834559140535,0.208167548039688,0.207166497574252,
3.7853152434158,,,,,,0.00100105950436372
3.7864,0.209001028238392,0.00100102524228578,0.209834533789179,0.208167522687605,0.20716649744532,
3.78611332801277,,,,,,0.00100103417104663
3.7872,0.209001003361026,0.00100100049440252,0.209834508912164,0.208167497809888,0.207166497315485,
3.78691141260974,,,,,,0.0010010093136946
3.788,0.20900097895057,0.00100097621398278,0.209834484502047,0.208167473399093,0.20716649718511,
3.7877094972067,,,,,,0.00100098492405944
3.7888,0.209000954999683,0.00100095239388666,0.209834460551488,0.208167449447878,0.207166497053992,
3.78850758180367,,,,,,0.0010009609952774
3.7896,0.209000931501124,0.00100092902661081,0.209834437053246,0.208167425949003,0.207166496922393,
3.78930566640064,,,,,,0.00100093751986599
3.7904,0.209000908447752,0.00100090610474184,0.209834414000178,0.208167402895325,0.207166496790584,
3.79010375099761,,,,,,0.00100091449043222
3.7912,0.209000885832521,0.00100088362095511,0.209834391385242,0.2081673802798,0.207166496658845,
3.79090183559457,,,,,,0.00100089189967149
3.792,0.209000863648485,0.00100086156801365,0.209834369201491,0.208167358095479,0.207166496527465,
3.79169992019154,,,,,,0.00100086974036641
3.7928,0.209000841888791,0.00100083993876696,0.209834347442072,0.20816733633551,0.207166496396743,
3.79249800478851,,,,,,0.00100084800538567
3.7936,0.209000820546683,0.00100081872614989,0.209834326100229,0.208167314993137,0.207166496266987,
3.79329608938547,,,,,,0.00100082668768295
3.7944,0.209000799615497,0.00100079792318147,0.209834305169299,0.208167294061695,0.207166496138514,
3.79409417398244,,,,,,0.00100080578029571
3.7952,0.209000779088662,0.00100077752296377,0.209834284642711,0.208167273534613,0.20716649601165,
3.79489225857941,,,,,,0.00100078527634413
3.796,0.209000758959699,0.00100075751868076,0.209834264513986,0.208167253405412,0.207166495886731,
3.79569034317638,,,,,,0.00100076516902992
3.7968,0.209000739222218,0.00100073790359715,0.209834244776735,0.208167233667701,0.207166495764104,
3.79648842777334,,,,,,0.00100074545163519
3.7976,0.209000719869768,0.00100071867105722,0.209834225424505,0.20816721431503,0.207166495643973,
3.79728651237031,,,,,,0.00100072611752135
3.7984,0.209000700893483,0.00100069981448373,0.209834206448434,0.208167195338533,0.207166495524049,
3.79808459696728,,,,,,0.00100070716012795
3.7992,0.209000682289522,0.0010006813273767,0.209834187844679,0.208167176734365,0.207166495406989,
3.79888268156425,,,,,,0.00100068857297153
3.8,0.209000664051798,0.00100066320331232,0.209834169607154,0.208167158496442,0.20716649529313,
3.79968076616121,,,,,,0.0010006703496445
3.8008,0.209000646174307,0.00100064543594174,0.209834151729854,0.20816714061876,0.207166495182818,
3.80047885075818,,,,,,0.00100065248381403
3.8016,0.209000628651128,0.00100062801898998,0.20983413420686,0.208167123095396,0.207166495076406,
3.80127693535515,,,,,,0.00100063496922086
3.8024,0.209000611476417,0.00100061094625476,0.209834117032327,0.208167105920507,0.207166494974253,
3.80207501995211,,,,,,0.00100061779967819
3.8032,0.209000594644413,0.00100059421160533,0.209834100200495,0.208167089088332,0.207166494876727,
3.80287310454908,,,,,,0.00100060096907056
3.804,0.209000578149431,0.00100057780898133,0.209834083705678,0.208167072593184,0.207166494784203,
3.80367118914605,,,,,,0.00100058447135271
3.8048,0.209000561985862,0.00100056173239168,0.209834067542268,0.208167056429456,0.207166494697064,
3.80446927374302,,,,,,0.0010005683005484
3.8056,0.209000546148174,0.00100054597591335,0.209834051704734,0.208167040591615,0.207166494615701,
3.80526735833998,,,,,,0.00100055245074935
3.8064,0.20900053063091,0.00100053053369029,0.209834036187618,0.208167025074203,0.207166494540512,
3.80606544293695,,,,,,0.00100053691611403
3.8072,0.209000515428686,0.00100051539993226,0.209834020985536,0.208167009871836,0.207166494471904,
3.80686352753392,,,,,,0.00100052169086657
3.808,0.209000500536189,0.00100050056891362,0.209834006093176,0.208166994979202,0.207166494410288,
3.80766161213089,,,,,,0.00100050676929562
3.8088,0.20900048594818,0.00100048604541396,0.209833991505299,0.20816698039106,0.207166494345646,
3.80845969672785,,,,,,0.00100049214575318
3.8096,0.209000471659487,0.00100047183507406,0.209833977216733,0.20816696610224,0.207166494267166,
3.80925778132482,,,,,,0.00100047783914151
3.8104,0.209000457665008,0.00100045792343195,0.209833963222377,0.20816695210764,0.207166494184208,
3.81005586592179,,,,,,0.00100046383711854
3.8112,0.209000443959711,0.0010004442985561,0.209833949517198,0.208166938402225,0.207166494103669,
3.81085395051876,,,,,,0.00100045012263201
3.812,0.209000430538628,0.00100043095548443,0.209833936096228,0.208166924981028,0.207166494025544,
3.81165203511572,,,,,,0.00100043669072263
3.8128,0.209000417396857,0.00100041788933068,0.209833922954567,0.208166911839148,0.207166493949818,
3.81245011971269,,,,,,0.00100042353650658
3.8136,0.209000404529562,0.00100040509528355,0.209833910087376,0.208166898971747,0.207166493876464,
3.81324820430966,,,,,,0.00100041065517468
3.8144,0.209000391931967,0.0010003925686059,0.209833897489882,0.208166886374052,0.207166493805446,
3.81404628890662,,,,,,0.00100039804199154
3.8152,0.209000379599361,0.00100038030463389,0.209833885157374,0.208166874041349,0.207166493736715,
3.81484437350359,,,,,,0.00100038569229471
3.816,0.209000367527094,0.00100036829877611,0.2098338730852,0.208166861968988,0.207166493670212,
3.81564245810056,,,,,,0.00100037360149393
3.8168,0.209000355710574,0.0010003565465128,0.20983386126877,0.208166850152378,0.207166493605866,
3.81644054269753,,,,,,0.00100036176507021
3.8176,0.209000344145269,0.00100034504339498,0.209833849703552,0.208166838586986,0.207166493543591,
3.81723862729449,,,,,,0.00100035017857507
3.8184,0.209000332832055,0.00100033378504361,0.209833838390423,0.208166827273688,0.207166493488645,
3.81803671189146,,,,,,0.00100033883762965
3.8192,0.209000321763526,0.00100032276714876,0.209833827321973,0.208166816205078,0.207166493437929,
3.81883479648843,,,,,,0.00100032773792394
3.82,0.209000310934175,0.00100031198546874,0.2098338164927,0.208166805375651,0.207166493390182,
3.8196328810854,,,,,,0.00100031687521593
3.8208,0.209000300339795,0.00100030143582934,0.209833805898394,0.208166794781197,0.207166493345368,
3.82043096568236,,,,,,0.00100030624533075
3.8216,0.209000289976235,0.00100029111412288,0.209833795534904,0.208166784417565,0.207166493303442,
3.82122905027933,,,,,,0.00100029584415988
3.8224,0.209000279839398,0.00100028101630746,0.209833785398136,0.20816677428066,0.207166493264352,
3.8220271348763,,,,,,0.00100028566766031
3.8232,0.209000269925246,0.0010002711384061,0.20983377548405,0.208166764366442,0.207166493228036,
3.82282521947326,,,,,,0.0010002757118537
3.824,0.209000260229793,0.00100026147650587,0.20983376578866,0.208166754670927,0.207166493194421,
3.82362330407023,,,,,,0.00100026597282559
3.8248,0.209000250749108,0.00100025202675709,0.209833756308035,0.208166745190181,0.207166493163424,
3.8244213886672,,,,,,0.0010002564467245
3.8256,0.209000241479312,0.00100024278537246,0.209833747038297,0.208166735920326,0.207166493134954,
3.82521947326417,,,,,,0.00100024712976116
3.8264,0.209000232416575,0.00100023374862623,0.209833737975616,0.208166726857534,0.207166493108907,
3.82601755786113,,,,,,0.00100023801820767
3.8272,0.20900022355712,0.0010002249128534,0.209833729116214,0.208166717998025,0.207166493085172,
3.8268156424581,,,,,,0.00100022910839666
3.828,0.209000214897218,0.00100021627444881,0.209833720456364,0.208166709338072,0.207166493063623,
3.82761372705507,,,,,,0.00100022039672046
3.8288,0.209000206433188,0.00100020782986636,0.209833711992383,0.208166700873993,0.207166493044127,
3.82841181165203,,,,,,0.00100021187963028
3.8296,0.209000198161397,0.00100019957561813,0.20983370372064,0.208166692602155,0.207166493026536,
3.829209896249,,,,,,0.00100020355363537
3.8304,0.209000190078257,0.00100019150831268,0.209833695637545,0.208166684518969,0.207166493010656,
3.83000798084597,,,,,,0.00100019541530223
3.8312,0.209000182180225,0.00100018362545082,0.209833687739556,0.208166676620893,0.207166492995443,
3.83080606544294,,,,,,0.00100018746133329
3.832,0.209000174463802,0.0010001759238384,0.209833680023175,0.208166668904429,0.207166492980591,
3.8316041500399,,,,,,0.00100017969009652
3.8328,0.209000166925533,0.00100016839946375,0.209833672484946,0.20816666136612,0.207166492966656,
3.83240223463687,,,,,,0.00100017209683419
3.8336,0.209000159562003,0.00100016104913878,0.209833665121454,0.208166654002552,0.207166492953413,
3.83320031923384,,,,,,0.00100016467835418
3.8344,0.209000152369839,0.00100015386972943,0.209833657929327,0.208166646810352,0.207166492940622,
3.83399840383081,,,,,,0.00100015743151832
3.8352,0.209000145345708,0.00100014685815484,0.209833650905231,0.208166639786186,0.207166492928031,
3.83479648842777,,,,,,0.00100015035324152
3.836,0.209000138486315,0.00100014001138651,0.209833644045871,0.208166632926759,0.207166492915373,
3.83559457302474,,,,,,0.00100014344049097
3.8368,0.209000131788403,0.00100013332644752,0.209833637347991,0.208166626228814,0.207166492902367,
3.83639265762171,,,,,,0.00100013669028535
3.8376,0.20900012524875,0.00100012680041163,0.20983363080837,0.20816661968913,0.207166492888719,
3.83719074221868,,,,,,0.00100013009969399
3.8384,0.209000118871954,0.00100012043040255,0.209833624431605,0.208166613312303,0.207166492881901,
3.83798882681564,,,,,,0.00100012366583605
3.8392,0.209000112655497,0.00100011421359304,0.209833618215176,0.208166607095817,0.207166492882224,
3.83878691141261,,,,,,0.00100011738587973
3.84,0.209000106590412,0.00100010814720411,0.209833612150119,0.208166601030705,0.207166492883501,
3.83958499600958,,,,,,0.00100011125704146
3.8408,0.209000100673821,0.00100010222850422,0.209833606233554,0.208166595114088,0.207166492885584,
3.84038308060654,,,,,,0.00100010527658503
3.8416,0.209000094902887,0.00100009645480841,0.209833600462645,0.208166589343129,0.20716649288832,
3.84118116520351,,,,,,0.00100009944182085
3.8424,0.209000089274809,0.00100009082347753,0.209833594834591,0.208166583715027,0.20716649289155,
3.84197924980048,,,,,,0.00100009375010508
3.8432,0.209000083786829,0.00100008533191736,0.209833589346634,0.208166578227024,0.207166492895106,
3.84277733439745,,,,,,0.00100008819883886
3.844,0.209000078436222,0.00100007997757784,0.209833583996049,0.208166572876396,0.207166492898818,
3.84357541899441,,,,,,0.00100008278546745
3.8448,0.209000073220305,0.00100007475795219,0.209833578780152,0.208166567660457,0.207166492902505,
3.84437350359138,,,,,,0.00100007750747946
3.8456,0.209000068136426,0.00100006967057614,0.209833573696293,0.208166562576558,0.207166492905982,
3.84517158818835,,,,,,0.00100007236240598
3.8464,0.209000063181971,0.00100006471302708,0.209833568741858,0.208166557622084,0.207166492909057,
3.84596967278532,,,,,,0.00100006734781984
3.8472,0.20900005835436,0.00100005988292321,0.209833563914264,0.208166552794455,0.207166492911532,
3.84676775738228,,,,,,0.00100006246133474
3.848,0.209000053651044,0.00100005517792277,0.209833559210966,0.208166548091122,0.2071664929132,
3.84756584197925,,,,,,0.00100005770060443
3.8488,0.209000049069511,0.00100005059572318,0.209833554629449,0.208166543509572,0.207166492913849,
3.84836392657622,,,,,,0.00100005306332196
3.8496,0.209000044607275,0.00100004613406024,0.209833550167229,0.208166539047321,0.20716649291326,
3.84916201117318,,,,,,0.00100004854721878
3.8504,0.209000040261885,0.00100004179070726,0.209833545821854,0.208166534701915,0.207166492911208,
3.84996009577015,,,,,,0.001000044150064
3.8512,0.209000036030917,0.00100003756347429,0.209833541590901,0.208166530470933,0.207166492907459,
3.85075818036712,,,,,,0.00100003986966353
3.852,0.209000031911979,0.00100003345020728,0.209833537471976,0.208166526351981,0.207166492901774,
3.85155626496409,,,,,,0.00100003570385928
3.8528,0.209000027902703,0.00100002944709532,0.209833533462713,0.208166522342692,0.207166492895597,
3.85235434956105,,,,,,0.00100003165052835
3.8536,0.209000024000751,0.00100002554980305,0.209833529560774,0.208166518440728,0.207166492890925,
3.85315243415802,,,,,,0.00100002770455229
3.8544,0.209000020203812,0.00100002175754476,0.209833525763847,0.208166514643777,0.207166492886232,
3.85395051875499,,,,,,0.00100002386227476
3.8552,0.209000016509597,0.00100001806980465,0.209833522069643,0.000999665517152748,0,
3.85474860335196,,,,,,0.00100002012518314
3.856,0.209000012915845,0.00100001448451038,0.209833518475902,0.00016650638033518,0,
3.85554668794892,,,,,,0.00100001649120421
3.8568,0.209000009420316,0.00100001099961714,0.209833514980383,0.000166503275848603,0,
3.85634477254589,,,,,,0.00100001295829254
3.8576,0.209000006020795,0.00100000761310683,0.209833511580872,0.000166500171362025,0,
3.85714285714286,,,,,,0.00100000952442963
3.8584,0.209000002719546,0.00100000432298715,0.209833508279955,0.000166497066875448,0,
3.85794094173982,,,,,,0.00100000618762306
3.8592,0.000999999522778624,0.00100000112729073,0.209833504978706,0.00016649396238887,0,
3.85873902633679,,,,,,0.00100000294590555
3.86,0.000999996418292047,0.000999998024074243,0.209833501677456,0.00016649085818716,0,
3.85953711093376,,,,,,0.000999999797334187
3.8608,0.000999993404178919,0.00099999501141751,0.209833498376207,0.000166487844065948,0,
3.86033519553073,,,,,,0.000999996739989457
3.8616,0.000999990478560237,0.000999992087422638,0.209833495074958,0.000166484918439581,0,
3.86113328012769,,,,,,0.000999993771974438
3.8624,0.00099998763958459,0.000999989250213129,0.20900033672499,0.000166482079456634,0,
3.86193136472466,,,,,,0.000999990891413905
3.8632,0.000999984885427471,0.000999986497932995,0.00183349044556236,0.000166479325292583,0,
3.86272944932163,,,,,,0.000999988096453455
3.864,0.000999982214290591,0.000999983828745881,0.00183348777443206,0.000166476654149122,0,
3.8635275339186,,,,,,0.000999985385258645
3.8648,0.000999979624401182,0.000999981240834182,0.00183348518454889,0.00016647406425347,0,
3.86432561851556,,,,,,0.000999982756014112
3.8656,0.000999977114011314,0.000999978732398157,0.00183348267416495,0.000166471553857681,0,
3.86512370311253,,,,,,0.000999980206922709
3.8664,0.000999974681397201,0.000999976301655048,0.00183348024155645,0.000166469121237956,0,
3.8659217877095,,,,,,0.000999977736204625
3.8672,0.000999972324858512,0.000999973946838204,0.00183347788502308,0.000166466764693948,0,
3.86671987230646,,,,,,0.000999975342096519
3.868,0.000999970042717681,0.00099997166619619,0.00183347560288728,0.000166464482548081,0,
3.86751795690343,,,,,,0.000999973022850649
3.8688,0.000999967833319217,0.000999969457991908,0.00183347339349358,0.000166462273144852,0,
3.8683160415004,,,,,,0.000999970776733994
3.8696,0.000999965695029017,0.00099996732050172,0.00183347125520789,0.000166460134850142,0,
3.86911412609737,,,,,,0.000999968602027388
3.8704,0.000999963626233669,0.000999965252014556,0.00183346918641681,0.000166458066050531,0,
3.86991221069433,,,,,,0.000999966497024647
3.8712,0.00099996162533977,0.000999963250831041,0.00183346718552694,0.000166456065152604,0,
3.8707102952913,,,,,,0.000999964460031697
3.872,0.000999959690773232,0.000999961315262607,0.0018334652509642,0.000166454130582263,0,
3.87150837988827,,,,,,0.0009999624893657
3.8728,0.000999957820978591,0.000999959443630613,0.00183346338117315,0.000166452260784032,0,
3.87230646448524,,,,,,0.000999960583354185
3.8736,0.000999956014418321,0.000999957634265462,0.00183346157461626,0.000166450454220377,0,
3.8731045490822,,,,,,0.000999958740334178
3.8744,0.00099995426957214,0.000999955885505721,0.00183345982977327,0.000166448709371006,0,
3.87390263367917,,,,,,0.000999956958651324
3.8752,0.000999952584936323,0.000999954207552662,0.00183345814514046,0.000166447024732185,0,
3.87470071827614,,,,,,0.000999955236659021
3.876,0.000999950959023011,0.00099995259844116,0.00183345651922998,0.000166445398816045,0,
3.8754988028731,,,,,,0.000999953591668038
3.8768,0.000999949390359522,0.000999951049945534,0.00183345495056915,0.000166443830149896,0,
3.87629688747007,,,,,,0.000999952010096577
3.8776,0.000999947877487656,0.000999949559362943,0.00183345343769979,0.000166442317275523,0,
3.87709497206704,,,,,,0.000999950487014338
3.8784,0.000999946419319622,0.000999948125338393,0.0018334519795344,0.00016644085910485,0,
3.87789305666401,,,,,,0.000999949021067127
3.8792,0.000999945027176151,0.000999946746530678,0.00183345058739342,0.000166439466958878,0,
3.87869114126097,,,,,,0.000999947610914838
3.88,0.000999943688747268,0.000999945421611685,0.00183344924896667,0.000166438128527863,0,
3.87948922585794,,,,,,0.000999946255230772
3.8808,0.000999942402807228,0.0009999441492657,0.00183344796302863,0.000166436842585822,0,
3.88028731045491,,,,,,0.000999944952700948
3.8816,0.000999941168149303,0.00099994292818871,0.00183344672837259,0.000166435607926021,0,
3.88108539505188,,,,,,0.000999943702023413
3.8824,0.000999939983585238,0.00099994175708771,0.00183344554381028,0.000166434423360197,0,
3.88188347964884,,,,,,0.000999942501907558
3.8832,0.000999938847944718,0.000999940634680006,0.00183344440817141,0.000166433287718029,0,
3.88268156424581,,,,,,0.00099994135107343
3.884,0.000999937760074825,0.000999939559692518,0.00183344332030305,0.000166432199846596,0,
3.88347964884278,,,,,,0.000999940248251041
3.8848,0.000999936718839503,0.000999938530861087,0.00183344227906917,0.000166431158609835,0,
3.88427773343974,,,,,,0.000999939192179687
3.8856,0.000999935723119022,0.000999937546929777,0.00183344128335003,0.000166430162888011,0,
3.88507581803671,,,,,,0.000999938181607254
3.8864,0.000999934771809433,0.00099993660665018,0.0018334403320417,0.00016642921157717,0,
3.88587390263368,,,,,,0.000999937215289536
3.8872,0.000999933863822037,0.000999935708780723,0.00183343942405546,0.000166428303588609,0,
3.88667198723065,,,,,,0.000999936291989542
3.888,0.000999932998082843,0.000999934852085968,0.00183343855831735,0.000166427437848332,0,
3.88747007182761,,,,,,0.000999935410476817
3.8888,0.000999932173532031,0.000999934035335919,0.00183343773376755,0.000166426613296515,0,
3.88826815642458,,,,,,0.000999934569526744
3.8896,0.000999931389123415,0.000999933257305326,0.00183343694935986,0.000166425828886966,0,
3.88906624102155,,,,,,0.000999933767919864
3.8904,0.000999930643823901,0.000999932516772989,0.00183343620406121,0.00016642508358659,0,
3.88986432561852,,,,,,0.000999933004441189
3.8912,0.000999929936612954,0.000999931812521061,0.00183343549685106,0.000166424376374846,0,
3.89066241021548,,,,,,0.000999932277879508
3.892,0.000999929266482057,0.000999931143334356,0.0018334348267209,0.000166423706243213,0,
3.89146049481245,,,,,,0.000999931587026706
3.8928,0.000999928632434174,0.000999930507999652,0.00183343419267369,0.000166423072194652,0,
3.89225857940942,,,,,,0.000999930930677076
3.8936,0.000999928033483209,0.00099992990530499,0.00183343359372335,0.000166422473243066,0,
3.89305666400638,,,,,,0.000999930307626627
3.8944,0.000999927468653472,0.000999929334038987,0.00183343302889418,0.000166421908412759,0,
3.89385474860335,,,,,,0.000999929716672401
3.8952,0.000999926936979139,0.000999928792990134,0.00183343249722037,0.000166421376737905,0,
3.89465283320032,,,,,,0.000999929156611783
3.896,0.000999926437503715,0.000999928280946104,0.00183343199774542,0.000166420877262006,0,
3.89545091779729,,,,,,0.000999928626241817
3.8968,0.000999925969279493,0.000999927801798691,0.00183343152952163,0.000166420409037352,0,
3.89624900239425,,,,,,0.000999928124358514
3.8976,0.000999925531367019,0.000999927371425956,0.00183343109160955,0.000166419971124486,0,
3.89704708699122,,,,,,0.000999927657151355
3.8984,0.000999925122834553,0.000999926979029292,0.00183343068307749,0.000166419562591614,0,
3.89784517158819,,,,,,0.000999927244730167
3.8992,0.000999924751096533,0.000999926616436625,0.00183343031133985,0.000166419190853213,0,
3.89864325618516,,,,,,0.000999926862536733
3.9,0.000999924410948312,0.000999926282834748,0.00183342997119194,0.000166418850704685,0,
3.89944134078212,,,,,,0.000999926509755614
3.9008,0.00099992409935601,0.000999925977421853,0.0018334296595999,0.00016641853911212,0,
3.90023942537909,,,,,,0.000999926185582948
3.9016,0.000999923815567118,0.000999925699407116,0.00183342937581124,0.000166418255322995,0,
3.90103750997606,,,,,,0.000999925889226036
3.9024,0.000999923558840792,0.000999925448010287,0.00183342911908512,0.000166417998596463,0,
3.90183559457302,,,,,,0.000999925619902937
3.9032,0.000999923328447435,0.000999925222461276,0.00183342888869194,0.000166417768202926,0,
3.90263367916999,,,,,,0.000999925376842063
3.904,0.00099992312366829,0.000999925021999737,0.00183342868391295,0.000166417563423626,0,
3.90343176376696,,,,,,0.000999925159281765
3.9048,0.000999922943795019,0.00099992484587466,0.00183342850403982,0.000166417383550223,0,
3.90422984836393,,,,,,0.000999924966469927
3.9056,0.0009999227881293,0.000999924693343954,0.00183342834837421,0.000166417227884392,0,
3.90502793296089,,,,,,0.000999924797663562
3.9064,0.000999922655982402,0.000999924563674037,0.0018334282162274,0.000166417095737402,0,
3.90582601755786,,,,,,0.000999924652128395
3.9072,0.000999922546674779,0.00099992445613942,0.00183342810691985,0.000166416986429705,0,
3.90662410215483,,,,,,0.000999924529138464
3.908,0.000999922459535654,0.000999924370022296,0.00183342801978078,0.000166416899290524,0,
3.9074221867518,,,,,,0.000999924427975708
3.9088,0.000999922393902607,0.000999924304612126,0.00183342795414778,0.000166416833657434,0,
3.90822027134876,,,,,,0.000999924347929558
3.9096,0.000999922349121158,0.000999924259205227,0.00183342790936636,0.000166416788875958,0,
3.90901835594573,,,,,,0.000999924288296529
3.9104,0.000999922324544359,0.000999924233104359,0.00183342788478957,0.000166416764299145,0,
3.9098164405427,,,,,,0.000999924248379814
3.9112,0.000999922319532375,0.000999924225618309,0.00183342787977759,0.000166416759287158,0,
3.91061452513966,,,,,,0.000999924227488874
3.912,0.000999922333452075,0.000999924236061484,0.00183342789369728,0.000166416773206865,0,
3.91141260973663,,,,,,0.000999924224939031
3.9128,0.000999922365676614,0.00099992426375349,0.00183342792592181,0.000166416805431422,0,
3.9122106943336,,,,,,0.000999924240051059
3.9136,0.000999922415585025,0.000999924308018726,0.00183342797583019,0.000166416855339859,0,
3.91300877893057,,,,,,0.000999924272150776
3.9144,0.000999922482561801,0.000999924368185969,0.00183342804280693,0.000166416922316668,0,
3.91380686352753,,,,,,0.000999924320568636
3.9152,0.000999922565996482,0.000999924443587958,0.00183342812624157,0.00016641700575139,0,
3.9146049481245,,,,,,0.000999924384639321
3.916,0.000999922665283245,0.000999924533560985,0.00183342822552829,0.000166417105038199,0,
3.91540303272147,,,,,,0.000999924463701334
3.9168,0.000999922779820487,0.00099992463744448,0.00183342834006548,0.000166417219575493,0,
3.91620111731844,,,,,,0.00099992455709659
3.9176,0.000999922909010412,0.000999924754580596,0.00183342846925535,0.000166417348765473,0,
3.9169992019154,,,,,,0.000999924664170004
3.9184,0.00099992305225862,0.000999924884313801,0.00183342861250349,0.00016641749201375,0,
3.91779728651237,,,,,,0.00099992478426909
3.9192,0.000999923213646992,0.000999925034236392,0.00183342877389177,0.000166417653402211,0,
3.91859537110934,,,,,,0.000999924916743549
3.92,0.000999923393460284,0.000999925204910641,0.00183342895370498,0.00016641783321559,0,
3.91939345570631,,,,,,0.000999925071829139
3.9208,0.000999923587186971,0.000999925390579128,0.00183342914743159,0.000166418026942356,0,
3.92019154030327,,,,,,0.000999925246936378
3.9216,0.000999923794372484,0.000999925589280303,0.00183342935461702,0.000166418234127952,0,
3.92098962490024,,,,,,0.000999925435345021
3.9224,0.000999924014569248,0.000999925800582751,0.0018334295748137,0.0001664184543248,0,
3.92178770949721,,,,,,0.000999925636620233
3.9232,0.000999924247336374,0.000999926024063472,0.00183342980758074,0.000166418687092012,0,
3.92258579409417,,,,,,0.000999925850335716
3.924,0.000999924492239353,0.000999926259307614,0.00183343005248363,0.000166418931995079,0,
3.92338387869114,,,,,,0.000999926076073444
3.9248,0.000999924748849749,0.000999926505908211,0.00183343030909393,0.000166419188605564,0,
3.92418196328811,,,,,,0.000999926313423405
3.9256,0.000999925016744894,0.000999926763465915,0.00183343057698899,0.000166419456500798,0,
3.92498004788508,,,,,,0.00099992656198333
3.9264,0.000999925295507577,0.000999927031588726,0.00183343085575158,0.00016641973526357,0,
3.92577813248204,,,,,,0.000999926821358439
3.9272,0.000999925584725743,0.000999927309891733,0.00183343114496966,0.000166420024481825,0,
3.92657621707901,,,,,,0.000999927091161169
3.928,0.000999925883992184,0.000999927597996841,0.00183343144423601,0.000166420323748354,0,
3.92737430167598,,,,,,0.000999927371010919
3.9288,0.000999926192904229,0.000999927895532509,0.00183343175314797,0.000166420632660486,0,
3.92817238627294,,,,,,0.000999927660533779
3.9296,0.000999926511063443,0.000999928202133482,0.0018334320713071,0.000166420950819787,0,
3.92897047086991,,,,,,0.000999927959362276
3.9304,0.000999926838075317,0.000999928517440525,0.00183343239831889,0.000166421277831746,0,
3.92976855546688,,,,,,0.000999928267135103
3.9312,0.000999927173548964,0.000999928841100158,0.00183343273379245,0.000166421613305476,0,
3.93056664006385,,,,,,0.00099992858349686
3.932,0.000999927517096807,0.000999929172764388,0.00183343307734021,0.0001664219568534,0,
3.93136472466081,,,,,,0.00099992890809779
3.9328,0.000999927868334279,0.000999929512090444,0.00183343342857761,0.000166422308090951,0,
3.93216280925778,,,,,,0.000999929240593516
3.9336,0.000999928226879512,0.00099992985874051,0.00183343378712276,0.000166422666636261,0,
3.93296089385475,,,,,,0.000999929580644778
3.9344,0.000999928592353033,0.000999930212381461,0.00183343415259621,0.000166423032109856,0,
3.93375897845172,,,,,,0.000999929927917171
3.9352,0.000999928964377454,0.000999930572684591,0.00183343452462056,0.000166423404134348,0,
3.93455706304868,,,,,,0.000999930282080878
3.936,0.000999929342577169,0.000999930939325356,0.00183343490282021,0.000166423782334131,0,
3.93535514764565,,,,,,0.000999930642810413
3.9368,0.000999929726578047,0.000999931311983099,0.00183343528682102,0.000166424166335073,0,
3.93615323224262,,,,,,0.000999931009784352
3.9376,0.000999930116007121,0.000999931690340788,0.00183343567625003,0.000166424555764208,0,
3.93695131683958,,,,,,0.000999931382685076
3.9384,0.000999930510492286,0.00099993207408475,0.00183343607073513,0.000166424950249443,0,
3.93774940143655,,,,,,0.000999931761198501
3.9392,0.000999930911594609,0.000999932462904405,0.00183343647183735,0.000166425351351869,0,
3.93854748603352,,,,,,0.000999932145013822
3.94,0.000999931323349552,0.000999932856491996,0.00183343688359219,0.000166425763106911,0,
3.93934557063049,,,,,,0.000999932533823243
3.9408,0.000999931740384759,0.000999933254581192,0.00183343730062734,0.000166426180142182,0,
3.94014365522745,,,,,,0.000999932927321722
3.9416,0.000999932162437082,0.0009999336613942,0.0018334377226796,0.000166426602194567,0,
3.94094173982442,,,,,,0.000999933325253957
3.9424,0.000999932589247447,0.000999934073742391,0.0018334381494899,0.000166427029004991,0,
3.94173982442139,,,,,,0.000999933732795474
3.9432,0.000999933020560642,0.000999934490547324,0.00183343858080304,0.000166427460318243,0,
3.94253790901836,,,,,,0.000999934144965345
3.944,0.000999933456125096,0.000999934911576987,0.00183343901636744,0.00016642789588275,0,
3.94333599361532,,,,,,0.000999934561529929
3.9448,0.000999933895692661,0.000999935336603199,0.00183343945593495,0.000166428335450367,0,
3.94413407821229,,,,,,0.000999934982259566
3.9456,0.000999934339018401,0.000999935765401392,0.00183343989926065,0.000166428778776156,0,
3.94493216280926,,,,,,0.000999935406928349
3.9464,0.000999934785860373,0.000999936197750388,0.00183344034610257,0.000166429225618172,0,
3.94573024740623,,,,,,0.000999935835313916
3.9472,0.000999935235979405,0.000999936633432181,0.00183344079622156,0.000166429675737247,0,
3.94652833200319,,,,,,0.000999936267197224
3.948,0.000999935689138887,0.00099993707223171,0.001833441249381,0.000166430128896769,0,
3.94732641660016,,,,,,0.000999936702362335
3.9488,0.000999936145104552,0.000999937513936644,0.00183344170534663,0.000166430584862471,0,
3.94812450119713,,,,,,0.000999937140596192
3.9496,0.000999936603644258,0.000999937958337156,0.0018334421638863,0.000166431043402211,0,
3.94892258579409,,,,,,0.000999937581688409
3.9504,0.000999937064527769,0.000999938405225703,0.00183344262476979,0.000166431504285753,0,
3.94972067039106,,,,,,0.000999938025431042
3.9512,0.000999937527526546,0.000999938854396808,0.00183344308776853,0.000166431967284558,0,
3.95051875498803,,,,,,0.000999938471618379
3.952,0.000999937992413523,0.000999939305646834,0.00183344355265549,0.00016643243217156,0,
3.951316839585,,,,,,0.000999938920046717
3.9528,0.000999938458962894,0.000999939758773767,0.00183344401920484,0.000166432898720952,0,
3.95211492418196,,,,,,0.000999939370514144
3.9536,0.000999938926949893,0.00099994021357699,0.00183344448719182,0.00016643336670797,0,
3.95291300877893,,,,,,0.000999939822820321
3.9544,0.000999939396150582,0.000999940669857067,0.00183344495639249,0.000166433835908674,0,
3.9537110933759,,,,,,0.000999940276766265
3.9552,0.000999939866341633,0.000999941127415517,0.00183344542658353,0.000166434306099737,0,
3.95450917797287,,,,,,0.000999940732154126
3.956,0.000999940337300107,0.000999941586054597,0.00183344589754199,0.000166434777058221,0,
3.95530726256983,,,,,,0.000999941188786971
3.9568,0.000999940808803244,0.000999942045577079,0.00183344636904512,0.000166435248561364,0,
3.9561053471668,,,,,,0.000999941646468568
3.9576,0.000999941280628242,0.000999942505786027,0.00183344684087012,0.000166435720386365,0,
3.95690343176377,,,,,,0.000999942105003163
3.9584,0.000999941752552039,0.000999942966484577,0.00183344731279392,0.000166436192310162,0,
3.95770151636073,,,,,,0.000999942564195262
3.9592,0.000999942224360449,0.000999943427475718,0.00183344778460228,0.000166436664118613,0,
3.9584996009577,,,,,,0.000999943023849416
3.96,0.000999942702202694,0.000999943888562069,0.00183344826244448,0.000166437141960906,0,
3.95929768555467,,,,,,0.000999943483769998
3.9608,0.000999943180525788,0.000999944349545655,0.00183344874076757,0.000166437620284005,0,
3.96009577015164,,,,,,0.000999943943760988
3.9616,0.000999943659189859,0.000999944810227691,0.00183344921943164,0.00016643809894808,0,
3.9608938547486,,,,,,0.000999944403625751
3.9624,0.000999944138057497,0.000999945270408357,0.00183344969829927,0.00016643857781572,0,
3.96169193934557,,,,,,0.000999944863166822
3.9632,0.000999944616993609,0.00099994573237451,0.00183345017723539,0.000166439056751833,0,
3.96249002394254,,,,,,0.000999945322185685
3.964,0.000999945095865274,0.000999946198134185,0.00183345065610705,0.000166439535623496,0,
3.96328810853951,,,,,,0.000999945783279238
3.9648,0.000999945574541597,0.000999946664339363,0.00183345113478338,0.000166440014299815,0,
3.96408619313647,,,,,,0.00099994624836326
3.9656,0.000999946052893568,0.000999947130441478,0.00183345161313536,0.00016644049265178,0,
3.96488427773344,,,,,,0.000999946713452821
3.9664,0.000999946530793915,0.000999947596319618,0.00183345209103571,0.000166440970552119,0,
3.96568236233041,,,,,,0.000999947178426792
3.9672,0.00099994700811696,0.000999948061853941,0.00183345256835876,0.000166441447875155,0,
3.96648044692737,,,,,,0.000999947643165255
3.968,0.000999947484738479,0.000999948526925518,0.00183345304498029,0.000166441924496663,0,
3.96727853152434,,,,,,0.000999948107549335
3.9688,0.00099994796053555,0.000999948991416169,0.00183345352077738,0.000166442400293722,0,
3.96807661612131,,,,,,0.000999948571461042
3.9696,0.000999948435386418,0.0009999494552083,0.00183345399562826,0.000166442875144575,0,
3.96887470071828,,,,,,0.000999949034783115
3.9704,0.00099994890917034,0.000999949918184741,0.0018334544694122,0.000166443348928482,0,
3.96967278531524,,,,,,0.000999949497398856
3.9712,0.000999949381767451,0.000999950380228586,0.00183345494200933,0.000166443821525575,0,
3.97047086991221,,,,,,0.00099994995919197
3.972,0.000999949853058614,0.000999950841223024,0.00183345541330051,0.000166444292816719,0,
3.97126895450918,,,,,,0.000999950420046409
3.9728,0.000999950322925276,0.000999951301051186,0.00183345588316719,0.00016644476268336,0,
3.97206703910615,,,,,,0.000999950879846207
3.9736,0.000999950791249326,0.000999951759595976,0.00183345635149126,0.000166445231007387,0,
3.97286512370311,,,,,,0.000999951338475322
3.9744,0.000999951257912949,0.000999952216739908,0.00183345681815491,0.000166445697670986,0,
3.97366320830008,,,,,,0.000999951795817475
3.9752,0.00099995172279848,0.000999952672364949,0.00183345728304047,0.000166446162556492,0,
3.97446129289705,,,,,,0.000999952251755986
3.976,0.000999952185788267,0.000999953126352353,0.00183345774603028,0.000166446625546251,0,
3.97525937749401,,,,,,0.000999952706173621
3.9768,0.000999952646764516,0.000999953578582497,0.00183345820700656,0.000166447086522472,0,
3.97605746209098,,,,,,0.000999953158952427
3.9776,0.000999953105609157,0.000999954028934723,0.00183345866585123,0.000166447545367083,0,
3.97685554668795,,,,,,0.000999953609973568
3.9784,0.000999953562203692,0.000999954477287173,0.0018334591224458,0.000166448001961586,0,
3.97765363128492,,,,,,0.000999954059117174
3.9792,0.000999954016429054,0.000999954923516627,0.00183345957667117,0.000166448456186938,0,
3.97845171588188,,,,,,0.000999954506262169
3.98,0.000999954471459081,0.00099995536749834,0.0018334600317012,0.000166448911216964,0,
3.97924980047885,,,,,,0.000999954951286122
3.9808,0.000999954925649283,0.00099995580910588,0.00183346048589142,0.000166449365407147,0,
3.98004788507582,,,,,,0.000999955394065077
3.9816,0.000999955377898541,0.000999956248210967,0.0018334609381407,0.000166449817656378,0,
3.98084596967279,,,,,,0.000999955834473399
3.9824,0.000999955828147081,0.00099995668468331,0.00183346138838927,0.000166450267904891,0,
3.98164405426975,,,,,,0.000999956272383611
3.9832,0.000999956276336563,0.000999957118390442,0.00183346183657878,0.000166450716094345,0,
3.98244213886672,,,,,,0.000999956707666233
3.984,0.000999956722409986,0.000999957549197562,0.00183346228265223,0.000166451162167739,0,
3.98324022346369,,,,,,0.000999957140189621
3.9848,0.000999957166311595,0.000999957976967367,0.00183346272655387,0.000166451606069319,0,
3.98403830806065,,,,,,0.000999957569819811
3.9856,0.000999957607986788,0.000999958407915993,0.00183346316822909,0.000166452047744482,0,
3.98483639265762,,,,,,0.000999957996420352
3.9864,0.000999958047382025,0.000999958838591062,0.00183346360762436,0.000166452487139688,0,
3.98563447725459,,,,,,0.000999958426495228
3.9872,0.00099995848444473,0.000999959267230157,0.0018334640446871,0.000166452924202363,0,
3.98643256185156,,,,,,0.000999958856119742
3.988,0.000999958919123203,0.000999959693715183,0.0018334644793656,0.000166453358880804,0,
3.98723064644852,,,,,,0.000999959283647212
3.9888,0.000999959351366524,0.000999960117997705,0.00183346491160895,0.000166453791124093,0,
3.98802873104549,,,,,,0.000999959709028925
3.9896,0.000999959781124461,0.000999960540029854,0.00183346534136692,0.000166454220881998,0,
3.98882681564246,,,,,,0.000999960132216819
3.9904,0.000999960208347376,0.000999960959764232,0.00183346576858987,0.00016645464810488,0,
3.98962490023943,,,,,,0.000999960553163387
3.9912,0.000999960632986131,0.000999961377153822,0.00183346619322866,0.000166455072743602,0,
3.99042298483639,,,,,,0.000999960971821588
3.992,0.000999961054991999,0.00099996179215189,0.00183346661523456,0.000166455494749436,0,
3.99122106943336,,,,,,0.000999961388144753
3.9928,0.000999961474316565,0.000999962204711897,0.00183346703455916,0.000166455914073968,0,
3.99201915403033,,,,,,0.000999961802086492
3.9936,0.000999961890911639,0.000999962614787399,0.00183346745115427,0.000166456330669008,0,
3.99281723862729,,,,,,0.000999962213600602
3.9944,0.000999962304729156,0.000999963022331955,0.00183346786497182,0.000166456744486491,0,
3.99361532322426,,,,,,0.000999962622640974
3.9952,0.000999962715721091,0.000999963427299036,0.00183346827596379,0.00016645715547839,0,
3.99441340782123,,,,,,0.000999963029161499
3.996,0.000999963123839357,0.00099996382964193,0.00183346868408209,0.000166457563596621,0,
3.9952114924182,,,,,,0.00099996343311598
3.9968,0.000999963529035719,0.000999964229313647,0.00183346908927849,0.000166457968792947,0,
3.99600957701516,,,,,,0.000999963834458035
3.9976,0.000999963931261698,0.000999964626266826,0.00183346949150451,0.000166458371018889,0,
3.99680766161213,,,,,,0.000999964233141004
3.9984,0.000999964330468476,0.000999965020453641,0.00183346989071132,0.000166458770225632,0,
3.9976057462091,,,,,,0.000999964629117859
3.9992,0.000999964726606809,0.00099996541182571,0.00183347028684969,0.000166459166363928,0,
3.99840383080607,,,,,,0.000999965022341113
4,0.000999965119678185,0.000999965800333995,0.00725125682151731,-0.00525132658216094,,
3.99920191540303,,,,,,0.000999965412762722
4,0.000999965119678185,0.000999965800333995,0.00725125750217312,-0.00525132658216094,,0.000999965800333995

