time,reference,actual,high,low,error,actual (raw)
0,0,0,0.00167992948332847,-0.00167992948332847,0,0
0.0008,0,0,0.00167992948332847,-0.00167992948332847,0,
0.000798084596967279,,,,,,0
0.2096,0,0,0.0125994711249635,-0.0125994711249635,,
0.00159616919393456,,,,,,0
0.00239425379090184,,,,,,0
0.00319233838786911,,,,,,0
0.00399042298483639,,,,,,0
0.00478850758180367,,,,,,0
0.00558659217877095,,,,,,0
0.00638467677573823,,,,,,0
0.00718276137270551,,,,,,0
0.00798084596967279,,,,,,0
0.00877893056664006,,,,,,0
0.00957701516360734,,,,,,0
0.0103750997605746,,,,,,0
0.0111731843575419,,,,,,0
0.0119712689545092,,,,,,0
0.0127693535514765,,,,,,0
0.0135674381484437,,,,,,0
0.014365522745411,,,,,,0
0.0151636073423783,,,,,,0
0.0159616919393456,,,,,,0
0.0167597765363128,,,,,,0
0.0175578611332801,,,,,,0
0.0183559457302474,,,,,,0
0.0191540303272147,,,,,,0
0.019952114924182,,,,,,0
0.0207501995211492,,,,,,0
0.0215482841181165,,,,,,0
0.0223463687150838,,,,,,0
0.0231444533120511,,,,,,0
0.0239425379090184,,,,,,0
0.0247406225059856,,,,,,0
0.0255387071029529,,,,,,0
0.0263367916999202,,,,,,0
0.0271348762968875,,,,,,0
0.0279329608938547,,,,,,0
0.028731045490822,,,,,,0
0.0295291300877893,,,,,,0
0.0303272146847566,,,,,,0
0.0311252992817239,,,,,,0
0.0319233838786911,,,,,,0
0.0327214684756584,,,,,,0
0.0335195530726257,,,,,,0
0.034317637669593,,,,,,0
0.0351157222665603,,,,,,0
0.0359138068635275,,,,,,0
0.0367118914604948,,,,,,0
0.0375099760574621,,,,,,0
0.0383080606544294,,,,,,0
0.0391061452513966,,,,,,0
0.0399042298483639,,,,,,0
0.0407023144453312,,,,,,0
0.0415003990422985,,,,,,0
0.0422984836392658,,,,,,0
0.043096568236233,,,,,,0
0.0438946528332003,,,,,,0
0.0446927374301676,,,,,,0
0.0454908220271349,,,,,,0
0.0462889066241022,,,,,,0
0.0470869912210694,,,,,,0
0.0478850758180367,,,,,,0
0.048683160415004,,,,,,0
0.0494812450119713,,,,,,0
0.0502793296089385,,,,,,0
0.0510774142059058,,,,,,0
0.0518754988028731,,,,,,0
0.0526735833998404,,,,,,0
0.0534716679968077,,,,,,0
0.0542697525937749,,,,,,0
0.0550678371907422,,,,,,0
0.0558659217877095,,,,,,0
0.0566640063846768,,,,,,0
0.0574620909816441,,,,,,0
0.0582601755786113,,,,,,0
0.0590582601755786,,,,,,0
0.0598563447725459,,,,,,0
0.0606544293695132,,,,,,0
0.0614525139664804,,,,,,0
0.0622505985634477,,,,,,0
0.063048683160415,,,,,,0
0.0638467677573823,,,,,,0
0.0646448523543496,,,,,,0
0.0654429369513168,,,,,,0
0.0662410215482841,,,,,,0
0.0670391061452514,,,,,,0
0.0678371907422187,,,,,,0
0.068635275339186,,,,,,0
0.0694333599361532,,,,,,0
0.0702314445331205,,,,,,0
0.0710295291300878,,,,,,0
0.0718276137270551,,,,,,0
0.0726256983240224,,,,,,0
0.0734237829209896,,,,,,0
0.0742218675179569,,,,,,0
0.0750199521149242,,,,,,0
0.0758180367118915,,,,,,0
0.0766161213088587,,,,,,0
0.077414205905826,,,,,,0
0.0782122905027933,,,,,,0
0.0790103750997606,,,,,,0
0.0798084596967279,,,,,,0
0.0806065442936951,,,,,,0
0.0814046288906624,,,,,,0
0.0822027134876297,,,,,,0
0.083000798084597,,,,,,0
0.0837988826815642,,,,,,0
0.0845969672785315,,,,,,0
0.0853950518754988,,,,,,0
0.0861931364724661,,,,,,0
0.0869912210694334,,,,,,0
0.0877893056664006,,,,,,0
0.0885873902633679,,,,,,0
0.0893854748603352,,,,,,0
0.0901835594573025,,,,,,0
0.0909816440542698,,,,,,0
0.091779728651237,,,,,,0
0.0925778132482043,,,,,,0
0.0933758978451716,,,,,,0
0.0941739824421389,,,,,,0
0.0949720670391061,,,,,,0
0.0957701516360734,,,,,,0
0.0965682362330407,,,,,,0
0.097366320830008,,,,,,0
0.0981644054269753,,,,,,0
0.0989624900239425,,,,,,0
0.0997605746209098,,,,,,0
0.100558659217877,,,,,,0
0.101356743814844,,,,,,0
0.102154828411812,,,,,,0
0.102952913008779,,,,,,0
0.103750997605746,,,,,,0
0.104549082202713,,,,,,0
0.105347166799681,,,,,,0
0.106145251396648,,,,,,0
0.106943335993615,,,,,,0
0.107741420590583,,,,,,0
0.10853950518755,,,,,,0
0.109337589784517,,,,,,0
0.110135674381484,,,,,,0
0.110933758978452,,,,,,0
0.111731843575419,,,,,,0
0.112529928172386,,,,,,0
0.113328012769354,,,,,,0
0.114126097366321,,,,,,0
0.114924181963288,,,,,,0
0.115722266560255,,,,,,0
0.116520351157223,,,,,,0
0.11731843575419,,,,,,0
0.118116520351157,,,,,,0
0.118914604948125,,,,,,0
0.119712689545092,,,,,,0
0.120510774142059,,,,,,0
0.121308858739026,,,,,,0
0.122106943335994,,,,,,0
0.122905027932961,,,,,,0
0.123703112529928,,,,,,0
0.124501197126895,,,,,,0
0.125299281723863,,,,,,0
0.12609736632083,,,,,,0
0.126895450917797,,,,,,0
0.127693535514765,,,,,,0
0.128491620111732,,,,,,0
0.129289704708699,,,,,,0
0.130087789305666,,,,,,0
0.130885873902634,,,,,,0
0.131683958499601,,,,,,0
0.132482043096568,,,,,,0
0.133280127693536,,,,,,0
0.134078212290503,,,,,,0
0.13487629688747,,,,,,0
0.135674381484437,,,,,,0
0.136472466081405,,,,,,0
0.137270550678372,,,,,,0
0.138068635275339,,,,,,0
0.138866719872306,,,,,,0
0.139664804469274,,,,,,0
0.140462889066241,,,,,,0
0.141260973663208,,,,,,0
0.142059058260176,,,,,,0
0.142857142857143,,,,,,0
0.14365522745411,,,,,,0
0.144453312051077,,,,,,0
0.145251396648045,,,,,,0
0.146049481245012,,,,,,0
0.146847565841979,,,,,,0
0.147645650438947,,,,,,0
0.148443735035914,,,,,,0
0.149241819632881,,,,,,0
0.150039904229848,,,,,,0
0.150837988826816,,,,,,0
0.151636073423783,,,,,,0
0.15243415802075,,,,,,0
0.153232242617717,,,,,,0
0.154030327214685,,,,,,0
0.154828411811652,,,,,,0
0.155626496408619,,,,,,0
0.156424581005587,,,,,,0
0.157222665602554,,,,,,0
0.158020750199521,,,,,,0
0.158818834796488,,,,,,0
0.159616919393456,,,,,,0
0.160415003990423,,,,,,0
0.16121308858739,,,,,,0
0.162011173184358,,,,,,0
0.162809257781325,,,,,,0
0.163607342378292,,,,,,0
0.164405426975259,,,,,,0
0.165203511572227,,,,,,0
0.166001596169194,,,,,,0
0.166799680766161,,,,,,0
0.167597765363128,,,,,,0
0.168395849960096,,,,,,0
0.169193934557063,,,,,,0
0.16999201915403,,,,,,0
0.170790103750998,,,,,,0
0.171588188347965,,,,,,0
0.172386272944932,,,,,,0
0.173184357541899,,,,,,0
0.173982442138867,,,,,,0
0.174780526735834,,,,,,0
0.175578611332801,,,,,,0
0.176376695929769,,,,,,0
0.177174780526736,,,,,,0
0.177972865123703,,,,,,0
0.17877094972067,,,,,,0
0.179569034317638,,,,,,0
0.180367118914605,,,,,,0
0.181165203511572,,,,,,0
0.18196328810854,,,,,,0
0.182761372705507,,,,,,0
0.183559457302474,,,,,,0
0.184357541899441,,,,,,0
0.185155626496409,,,,,,0
0.185953711093376,,,,,,0
0.186751795690343,,,,,,0
0.18754988028731,,,,,,0
0.188347964884278,,,,,,0
0.189146049481245,,,,,,0
0.189944134078212,,,,,,0
0.19074221867518,,,,,,0
0.191540303272147,,,,,,0
0.192338387869114,,,,,,0
0.193136472466081,,,,,,0
0.193934557063049,,,,,,0
0.194732641660016,,,,,,0
0.195530726256983,,,,,,0
0.196328810853951,,,,,,0
0.197126895450918,,,,,,0
0.197924980047885,,,,,,0
0.198723064644852,,,,,,0
0.19952114924182,,,,,,0
0.200319233838787,,,,,,0
0.201117318435754,,,,,,0
0.201915403032721,,,,,,0
0.202713487629689,,,,,,0
0.203511572226656,,,,,,0
0.204309656823623,,,,,,0
0.205107741420591,,,,,,0
0.205905826017558,,,,,,0
0.206703910614525,,,,,,0
0.207501995211492,,,,,,0
0.20830007980846,,,,,,0
0.209098164405427,,,,,,0
0.209600000000004,0,0,0.0125994711249635,-0.0125994711249635,,
0.209600000000008,0,0,0.0125994711249635,-0.0125994711249635,,
0.209600000000012,0,0,0.0125994711249635,-0.0125994711249635,,
0.209600000000016,0,0,0.0125994711249635,-0.0125994711249635,,
0.20960000000002,0,0,0.0125994711249635,-0.0125994711249635,,
0.209600000000024,0,0,0.0125994711249635,-0.0125994711249635,,
0.209600000000028,0,0,0.0125994711249635,-0.0125994711249635,,
0.209600000000032,0,0,0.0125994711249635,-0.0125994711249635,,
0.209600000000036,0,0,0.0125994711249635,-0.0125994711249635,,
0.20960000000004,0,0,0.0125994711249635,-0.0125994711249635,,
0.209600000000044,0,0,0.0125994711249635,-0.0125994711249635,,
0.209600000000048,0,0,0.0125994711249635,-0.0125994711249635,,
0.209600000000052,0,0,0.0125994711249635,-0.0125994711249635,,
0.209600000000056,0,0,0.0125994711249635,-0.0125994711249635,,
0.20960000000006,0,0,0.0125994711249635,-0.0125994711249635,,
0.209600000000064,0,0,0.0125994711249635,-0.0125994711249635,,
0.209600000000068,0,0,0.0125994711249635,-0.0125994711249635,,
0.209600000000072,0,0,0.0125994711249635,-0.0125994711249635,,
0.209600000000076,0,0,0.0125994711249635,-0.0125994711249635,,
0.20960000000008,0,0,0.0125994711249635,-0.0125994711249635,,
0.209600000000084,0,0,0.0125994711249635,-0.0125994711249635,,
0.209600000000088,0,0,0.0125994711249635,-0.0125994711249635,,
0.209600000000092,0,0,0.0125994711249635,-0.0125994711249635,,
0.209600000000096,0,0,0.0125994711249635,-0.0125994711249635,,
0.2096000000001,0,0,0.0125994711249635,-0.0125994711249635,,
0.209600000000104,0,0,0.0125994711249635,-0.0125994711249635,,
0.209600000000108,0,0,0.0125994711249635,-0.0125994711249635,,
0.209600000000112,0,0,0.0125994711249635,-0.0125994711249635,,
0.209600000000116,0,0,0.0125994711249635,-0.0125994711249635,,
0.20960000000012,0,0,0.0125994711249635,-0.0125994711249635,,
0.209600000000124,0,0,0.0125994711249635,-0.0125994711249635,,
0.209600000000128,0,0,0.0125994711249635,-0.0125994711249635,,
0.209600000000132,0,0,0.0125994711249635,-0.0125994711249635,,
0.209600000000136,0,0,0.0125994711249635,-0.0125994711249635,,
0.20960000000014,0,0,0.0125994711249635,-0.0125994711249635,,
0.209600000000144,0,0,0.0125994711249635,-0.0125994711249635,,
0.209600000000148,0,0,0.0125994711249635,-0.0125994711249635,,
0.209600000000152,0,0,0.0125994711249635,-0.0125994711249635,,
0.209600000000156,0,0,0.0125994711249635,-0.0125994711249635,,
0.20960000000016,0,0,0.0125994711249635,-0.0125994711249635,,
0.209600000000164,0,0,0.0125994711249635,-0.0125994711249635,,
0.209600000000168,0,0,0.0125994711249635,-0.0125994711249635,,
0.209600000000172,0,0,0.0125994711249635,-0.0125994711249635,,
0.209600000000176,0,0,0.0125994711249635,-0.0125994711249635,,
0.20960000000018,0,0,0.0125994711249635,-0.0125994711249635,,
0.209600000000184,0,0,0.0125994711249635,-0.0125994711249635,,
0.209600000000188,0,0,0.0125994711249635,-0.0125994711249635,,
0.209600000000192,0,0,0.0125994711249635,-0.0125994711249635,,
0.209600000000196,0,0,0.0125994711249635,-0.0125994711249635,,
0.2096000000002,0,0,0.0125994711249635,-0.0125994711249635,,
0.209600000000204,0,0,0.0125994711249635,-0.0125994711249635,,
0.209600000000208,0,0,0.0125994711249635,-0.0125994711249635,,
0.209600000000212,0,0,0.0125994711249635,-0.0125994711249635,,
0.209600000000216,0,0,0.0125994711249635,-0.0125994711249635,,
0.20960000000022,0,0,0.0125994711249635,-0.0125994711249635,,
0.209600000000224,0,0,0.0125994711249635,-0.0125994711249635,,
0.209600000000228,0,0,0.0125994711249635,-0.0125994711249635,,
0.209600000000232,0,0,0.0125994711249635,-0.0125994711249635,,
0.209600000000236,0,0,0.0125994711249635,-0.0125994711249635,,
0.20960000000024,0,0,0.0125994711249635,-0.0125994711249635,,
0.209600000000244,0,0,0.0125994711249635,-0.0125994711249635,,
0.209600000000248,0,0,0.0125994711249635,-0.0125994711249635,,
0.209600000000252,0,0,0.0125994711249635,-0.0125994711249635,,
0.209600000000256,0,0,0.0125994711249635,-0.0125994711249635,,
0.20960000000026,0,0,0.0125994711249635,-0.0125994711249635,,
0.209600000000264,0,0,0.0125994711249635,-0.0125994711249635,,
0.209600000000268,0,0,0.0125994711249635,-0.0125994711249635,,
0.209600000000272,0,0,0.0125994711249635,-0.0125994711249635,,
0.209600000000276,0,0,0.0125994711249635,-0.0125994711249635,,
0.20960000000028,0,0,0.0125994711249635,-0.0125994711249635,,
0.209600000000284,0,0,0.0125994711249635,-0.0125994711249635,,
0.209600000000288,0,0,0.0125994711249635,-0.0125994711249635,,
0.209600000000292,0,0,0.0125994711249635,-0.0125994711249635,,
0.209600000000296,0,0,0.0125994711249635,-0.0125994711249635,,
0.2096000000003,0,0,0.0125994711249635,-0.0125994711249635,,
0.209600000000304,0,0,0.0125994711249635,-0.0125994711249635,,
0.209600000000308,0,0,0.0125994711249635,-0.0125994711249635,,
0.209600000000312,0,0,0.0125994711249635,-0.0125994711249635,,
0.209600000000316,0,0,0.0125994711249635,-0.0125994711249635,,
0.20960000000032,0,0,0.0125994711249635,-0.0125994711249635,,
0.209600000000324,0,0,0.0125994711249635,-0.0125994711249635,,
0.209600000000328,0,0,0.0125994711249635,-0.0125994711249635,,
0.209600000000332,0,0,0.0125994711249635,-0.0125994711249635,,
0.209600000000336,0,0,0.0125994711249635,-0.0125994711249635,,
0.20960000000034,0,0,0.0125994711249635,-0.0125994711249635,,
0.209600000000344,0,0,0.0125994711249635,-0.0125994711249635,,
0.209600000000348,0,0,0.0125994711249635,-0.0125994711249635,,
0.209600000000352,0,0,0.0125994711249635,-0.0125994711249635,,
0.209600000000356,0,0,0.0125994711249635,-0.0125994711249635,,
0.20960000000036,0,0,0.0125994711249635,-0.0125994711249635,,
0.209600000000364,0,0,0.0125994711249635,-0.0125994711249635,,
0.209600000000368,0,0,0.0125994711249635,-0.0125994711249635,,
0.209600000000372,0,0,0.0125994711249635,-0.0125994711249635,,
0.209600000000376,0,0,0.0125994711249635,-0.0125994711249635,,
0.20960000000038,0,0,0.0125994711249635,-0.0125994711249635,,
0.209600000000384,0,0,0.0125994711249635,-0.0125994711249635,,
0.209600000000388,0,0,0.0125994711249635,-0.0125994711249635,,
0.209600000000392,0,0,0.0125994711249635,-0.0125994711249635,,
0.209600000000396,0,0,0.0125994711249635,-0.0125994711249635,,
0.2096000000004,0,0,0.0125994711249635,-0.0125994711249635,,
0.209600000000404,0,0,0.0125994711249635,-0.0125994711249635,,
0.209600000000408,0,0,0.0125994711249635,-0.0125994711249635,,
0.209600000000412,0,0,0.0125994711249635,-0.0125994711249635,,
0.209600000000416,0,0,0.0125994711249635,-0.0125994711249635,,
0.20960000000042,0,0,0.0125994711249635,-0.0125994711249635,,
0.209600000000424,0,0,0.0125994711249635,-0.0125994711249635,,
0.209600000000428,0,0,0.0125994711249635,-0.0125994711249635,,
0.209600000000432,0,0,0.0125994711249635,-0.0125994711249635,,
0.209600000000436,0,0,0.0125994711249635,-0.0125994711249635,,
0.20960000000044,0,0,0.0125994711249635,-0.0125994711249635,,
0.209600000000444,0,0,0.0125994711249635,-0.0125994711249635,,
0.209600000000448,0,0,0.0125994711249635,-0.0125994711249635,,
0.209600000000452,0,0,0.0125994711249635,-0.0125994711249635,,
0.209600000000456,0,0,0.0125994711249635,-0.0125994711249635,,
0.20960000000046,0,0,0.0125994711249635,-0.0125994711249635,,
0.209600000000464,0,0,0.0125994711249635,-0.0125994711249635,,
0.209600000000468,0,0,0.0125994711249635,-0.0125994711249635,,
0.209600000000472,0,0,0.0125994711249635,-0.0125994711249635,,
0.209600000000476,0,0,0.0125994711249635,-0.0125994711249635,,
0.20960000000048,0,0,0.0125994711249635,-0.0125994711249635,,
0.209600000000484,0,0,0.0125994711249635,-0.0125994711249635,,
0.209600000000488,0,0,0.0125994711249635,-0.0125994711249635,,
0.209600000000492,0,0,0.0125994711249635,-0.0125994711249635,,
0.209600000000496,0,0,0.0125994711249635,-0.0125994711249635,,
0.2096000000005,0,0,0.0125994711249635,-0.0125994711249635,,
0.209600000000504,0,0,0.0125994711249635,-0.0125994711249635,,
0.209600000000508,0,0,0.0125994711249635,-0.0125994711249635,,
0.209600000000512,0,0,0.0125994711249635,-0.0125994711249635,,
0.209600000000516,0,0,0.0125994711249635,-0.0125994711249635,,
0.20960000000052,0,0,0.0125994711249635,-0.0125994711249635,,
0.209600000000524,0,0,0.0125994711249635,-0.0125994711249635,,
0.209600000000528,0,0,0.0125994711249635,-0.0125994711249635,,
0.209600000000532,0,0,0.0125994711249635,-0.0125994711249635,,
0.209600000000536,0,0,0.0125994711249635,-0.0125994711249635,,
0.20960000000054,0,0,0.0125994711249635,-0.0125994711249635,,
0.209600000000544,0,0,0.0125994711249635,-0.0125994711249635,,
0.209600000000548,0,0,0.0125994711249635,-0.0125994711249635,,
0.209600000000552,0,0,0.0125994711249635,-0.0125994711249635,,
0.209600000000556,0,0,0.0125994711249635,-0.0125994711249635,,
0.20960000000056,0,0,0.0125994711249635,-0.0125994711249635,,
0.209600000000564,0,0,0.0125994711249635,-0.0125994711249635,,
0.209600000000568,0,0,0.0125994711249635,-0.0125994711249635,,
0.209600000000572,0,0,0.0125994711249635,-0.0125994711249635,,
0.209600000000576,0,0,0.0125994711249635,-0.0125994711249635,,
0.20960000000058,0,0,0.0125994711249635,-0.0125994711249635,,
0.209600000000584,0,0,0.0125994711249635,-0.0125994711249635,,
0.209600000000588,0,0,0.0125994711249635,-0.0125994711249635,,
0.209600000000592,0,0,0.0125994711249635,-0.0125994711249635,,
0.209600000000596,0,0,0.0125994711249635,-0.0125994711249635,,
0.2096000000006,0,0,0.0125994711249635,-0.0125994711249635,,
0.209600000000604,0,0,0.0125994711249635,-0.0125994711249635,,
0.209600000000608,0,0,0.0125994711249635,-0.0125994711249635,,
0.209600000000612,0,0,0.0125994711249635,-0.0125994711249635,,
0.209600000000616,0,0,0.0125994711249635,-0.0125994711249635,,
0.20960000000062,0,0,0.0125994711249635,-0.0125994711249635,,
0.209600000000624,0,0,0.0125994711249635,-0.0125994711249635,,
0.209600000000628,0,0,0.0125994711249635,-0.0125994711249635,,
0.209600000000632,0,0,0.0125994711249635,-0.0125994711249635,,
0.209600000000636,0,0,0.0125994711249635,-0.0125994711249635,,
0.209600000000639,0,0,0.0125994711249635,-0.0125994711249635,,
0.209600000000643,0,0,0.0125994711249635,-0.0125994711249635,,
0.209600000000647,0,0,0.0125994711249635,-0.0125994711249635,,
0.209600000000651,0,0,0.0125994711249635,-0.0125994711249635,,
0.209600000000655,0,0,0.0125994711249635,-0.0125994711249635,,
0.209600000000659,0,0,0.0125994711249635,-0.0125994711249635,,
0.209600000000663,0,0,0.0125994711249635,-0.0125994711249635,,
0.209600000000667,0,0,0.0125994711249635,-0.0125994711249635,,
0.209600000000671,0,0,0.0125994711249635,-0.0125994711249635,,
0.209600000000675,0,0,0.0125994711249635,-0.0125994711249635,,
0.209600000000679,0,0,0.0125994711249635,-0.0125994711249635,,
0.209600000000683,0,0,0.0125994711249635,-0.0125994711249635,,
0.209600000000687,0,0,0.0125994711249635,-0.0125994711249635,,
0.209600000000691,0,0,0.0125994711249635,-0.0125994711249635,,
0.209600000000695,0,0,0.0125994711249635,-0.0125994711249635,,
0.209600000000699,0,0,0.0125994711249635,-0.0125994711249635,,
0.209600000000703,0,0,0.0125994711249635,-0.0125994711249635,,
0.209600000000707,0,0,0.0125994711249635,-0.0125994711249635,,
0.209600000000711,0,0,0.0125994711249635,-0.0125994711249635,,
0.209600000000715,0,0,0.0125994711249635,-0.0125994711249635,,
0.209600000000719,0,0,0.0125994711249635,-0.0125994711249635,,
0.209600000000723,0,0,0.0125994711249635,-0.0125994711249635,,
0.209600000000727,0,0,0.0125994711249635,-0.0125994711249635,,
0.209600000000731,0,0,0.0125994711249635,-0.0125994711249635,,
0.209600000000735,0,0,0.0125994711249635,-0.0125994711249635,,
0.209600000000739,0,0,0.0125994711249635,-0.0125994711249635,,
0.209600000000743,0,0,0.0125994711249635,-0.0125994711249635,,
0.209600000000747,0,0,0.0125994711249635,-0.0125994711249635,,
0.209600000000751,0,0,0.0125994711249635,-0.0125994711249635,,
0.209600000000755,0,0,0.0125994711249635,-0.0125994711249635,,
0.209600000000759,0,0,0.0125994711249635,-0.0125994711249635,,
0.209600000000763,0,0,0.0125994711249635,-0.0125994711249635,,
0.209600000000767,0,0,0.0125994711249635,-0.0125994711249635,,
0.209600000000771,0,0,0.0125994711249635,-0.0125994711249635,,
0.209600000000775,0,0,0.0125994711249635,-0.0125994711249635,,
0.209600000000779,0,0,0.0125994711249635,-0.0125994711249635,,
0.209600000000783,0,0,0.0125994711249635,-0.0125994711249635,,
0.209600000000787,0,0,0.0125994711249635,-0.0125994711249635,,
0.209600000000791,0,0,0.0125994711249635,-0.0125994711249635,,
0.209600000000795,0,0,0.0125994711249635,-0.0125994711249635,,
0.209600000000799,0,0,0.0125994711249635,-0.0125994711249635,,
0.209600000000803,0,0,0.0125994711249635,-0.0125994711249635,,
0.209600000000807,0,0,0.0125994711249635,-0.0125994711249635,,
0.209600000000811,0,0,0.0125994711249635,-0.0125994711249635,,
0.209600000000815,0,0,0.0125994711249635,-0.0125994711249635,,
0.209600000000819,0,0,0.0125994711249635,-0.0125994711249635,,
0.209600000000823,0,0,0.0125994711249635,-0.0125994711249635,,
0.209600000000827,0,0,0.0125994711249635,-0.0125994711249635,,
0.209600000000831,0,0,0.0125994711249635,-0.0125994711249635,,
0.209600000000835,0,0,0.0125994711249635,-0.0125994711249635,,
0.209600000000839,0,0,0.0125994711249635,-0.0125994711249635,,
0.209600000000843,0,0,0.0125994711249635,-0.0125994711249635,,
0.209600000000847,0,0,0.0125994711249635,-0.0125994711249635,,
0.209600000000851,0,0,0.0125994711249635,-0.0125994711249635,,
0.209600000000855,0,0,0.0125994711249635,-0.0125994711249635,,
0.209600000000859,0,0,0.0125994711249635,-0.0125994711249635,,
0.209600000000863,0,0,0.0125994711249635,-0.0125994711249635,,
0.209600000000867,0,0,0.0125994711249635,-0.0125994711249635,,
0.209600000000871,0,0,0.0125994711249635,-0.0125994711249635,,
0.209600000000875,0,0,0.0125994711249635,-0.0125994711249635,,
0.209600000000879,0,0,0.0125994711249635,-0.0125994711249635,,
0.209600000000883,0,0,0.0125994711249635,-0.0125994711249635,,
0.209600000000887,0,0,0.0125994711249635,-0.0125994711249635,,
0.209600000000891,0,0,0.0125994711249635,-0.0125994711249635,,
0.209600000000895,0,0,0.0125994711249635,-0.0125994711249635,,
0.209600000000899,0,0,0.0125994711249635,-0.0125994711249635,,
0.209600000000903,0,0,0.0125994711249635,-0.0125994711249635,,
0.209600000000907,0,0,0.0125994711249635,-0.0125994711249635,,
0.209600000000911,0,0,0.0125994711249635,-0.0125994711249635,,
0.209600000000915,0,0,0.0125994711249635,-0.0125994711249635,,
0.209600000000919,0,0,0.0125994711249635,-0.0125994711249635,,
0.209600000000923,0,0,0.0125994711249635,-0.0125994711249635,,
0.209600000000927,0,0,0.0125994711249635,-0.0125994711249635,,
0.209600000000931,0,0,0.0125994711249635,-0.0125994711249635,,
0.209600000000935,0,0,0.0125994711249635,-0.0125994711249635,,
0.209600000000939,0,0,0.0125994711249635,-0.0125994711249635,,
0.209600000000943,0,0,0.0125994711249635,-0.0125994711249635,,
0.209600000000947,0,0,0.0125994711249635,-0.0125994711249635,,
0.209600000000951,0,0,0.0125994711249635,-0.0125994711249635,,
0.209600000000955,0,0,0.0125994711249635,-0.0125994711249635,,
0.209600000000959,0,0,0.0125994711249635,-0.0125994711249635,,
0.209600000000963,0,0,0.0125994711249635,-0.0125994711249635,,
0.209600000000967,0,0,0.0125994711249635,-0.0125994711249635,,
0.209600000000971,0,0,0.0125994711249635,-0.0125994711249635,,
0.209600000000975,0,0,0.0125994711249635,-0.0125994711249635,,
0.209600000000979,0,0,0.0125994711249635,-0.0125994711249635,,
0.209600000000983,0,0,0.0125994711249635,-0.0125994711249635,,
0.209600000000987,0,0,0.0125994711249635,-0.0125994711249635,,
0.209600000000991,0,0,0.0125994711249635,-0.0125994711249635,,
0.209600000000995,0,0,0.0125994711249635,-0.0125994711249635,,
0.209600000000999,0,0,0.0125994711249635,-0.0125994711249635,,
0.209600000001003,0,0,0.0125994711249635,-0.0125994711249635,,
0.209600000001007,0,0,0.0125994711249635,-0.0125994711249635,,
0.209600000001011,0,0,0.0125994711249635,-0.0125994711249635,,
0.209600000001015,0,0,0.0125994711249635,-0.0125994711249635,,
0.209600000001019,0,0,0.0125994711249635,-0.0125994711249635,,
0.209600000001023,0,0,0.0125994711249635,-0.0125994711249635,,
0.209600000001027,0,0,0.0125994711249635,-0.0125994711249635,,
0.209600000001031,0,0,0.0125994711249635,-0.0125994711249635,,
0.209600000001035,0,0,0.0125994711249635,-0.0125994711249635,,
0.209600000001039,0,0,0.0125994711249635,-0.0125994711249635,,
0.2104,0,0,0.00167992948332847,-0.00167992948332847,0,
0.209896249002394,,,,,,0
0.2112,0,0,0.00167992948332847,-0.00167992948332847,0,
0.210694333599362,,,,,,0
0.212,0,0,0.00167992948332847,-0.00167992948332847,0,
0.211492418196329,,,,,,0
0.2128,0,0,0.00167992948332847,-0.00167992948332847,0,
0.212290502793296,,,,,,0
0.2136,0,0,0.00167992948332847,-0.00167992948332847,0,
0.213088587390263,,,,,,0
0.2144,0,0,0.00167992948332847,-0.00167992948332847,0,
0.213886671987231,,,,,,0
0.2152,0,0,0.00167992948332847,-0.00167992948332847,0,
0.214684756584198,,,,,,0
0.216,0,0,0.00167992948332847,-0.00167992948332847,0,
0.215482841181165,,,,,,0
0.2168,0,0,0.00167992948332847,-0.00167992948332847,0,
0.216280925778132,,,,,,0
0.2176,0,0,0.00167992948332847,-0.00167992948332847,0,
0.2170790103751,,,,,,0
0.2184,0,0,0.00167992948332847,-0.00167992948332847,0,
0.217877094972067,,,,,,0
0.2192,0,0,0.00167992948332847,-0.00167992948332847,0,
0.218675179569034,,,,,,0
0.22,0,0,0.00167992948332847,-0.00167992948332847,0,
0.219473264166002,,,,,,0
0.2208,0,0,0.00167992948332847,-0.00167992948332847,0,
0.220271348762969,,,,,,0
0.2216,0,0,0.00167992948332847,-0.00167992948332847,0,
0.221069433359936,,,,,,0
0.2224,0,0,0.00167992948332847,-0.00167992948332847,0,
0.221867517956903,,,,,,0
0.2232,0,0,0.00167992948332847,-0.00167992948332847,0,
0.222665602553871,,,,,,0
0.224,0,0,0.00167992948332847,-0.00167992948332847,0,
0.223463687150838,,,,,,0
0.2248,0,0,0.00167992948332847,-0.00167992948332847,0,
0.224261771747805,,,,,,0
0.2256,0,0,0.00167992948332847,-0.00167992948332847,0,
0.225059856344773,,,,,,0
0.2264,0,0,0.00167992948332847,-0.00167992948332847,0,
0.22585794094174,,,,,,0
0.2272,0,0,0.00167992948332847,-0.00167992948332847,0,
0.226656025538707,,,,,,0
0.228,0,0,0.00167992948332847,-0.00167992948332847,0,
0.227454110135674,,,,,,0
0.2288,0,0,0.00167992948332847,-0.00167992948332847,0,
0.228252194732642,,,,,,0
0.2296,0,0,0.00167992948332847,-0.00167992948332847,0,
0.229050279329609,,,,,,0
0.2304,0,0,0.00167992948332847,-0.00167992948332847,0,
0.229848363926576,,,,,,0
0.2312,0,0,0.00167992948332847,-0.00167992948332847,0,
0.230646448523543,,,,,,0
0.232,0,0,0.00167992948332847,-0.00167992948332847,0,
0.231444533120511,,,,,,0
0.2328,0,0,0.00167992948332847,-0.00167992948332847,0,
0.232242617717478,,,,,,0
0.2336,0,0,0.00167992948332847,-0.00167992948332847,0,
0.233040702314445,,,,,,0
0.2344,0,0,0.00167992948332847,-0.00167992948332847,0,
0.233838786911413,,,,,,0
0.2352,0,0,0.00167992948332847,-0.00167992948332847,0,
0.23463687150838,,,,,,0
0.236,0,0,0.00167992948332847,-0.00167992948332847,0,
0.235434956105347,,,,,,0
0.2368,0,0,0.00167992948332847,-0.00167992948332847,0,
0.236233040702314,,,,,,0
0.2376,0,0,0.00167992948332847,-0.00167992948332847,0,
0.237031125299282,,,,,,0
0.2384,0,0,0.00167992948332847,-0.00167992948332847,0,
0.237829209896249,,,,,,0
0.2392,0,0,0.00167992948332847,-0.00167992948332847,0,
0.238627294493216,,,,,,0
0.24,0,0,0.00167992948332847,-0.00167992948332847,0,
0.239425379090184,,,,,,0
0.2408,0,0,0.00167992948332847,-0.00167992948332847,0,
0.240223463687151,,,,,,0
0.2416,0,0,0.00167992948332847,-0.00167992948332847,0,
0.241021548284118,,,,,,0
0.2424,0,0,0.00167992948332847,-0.00167992948332847,0,
0.241819632881085,,,,,,0
0.2432,0,0,0.00167992948332847,-0.00167992948332847,0,
0.242617717478053,,,,,,0
0.244,0,0,0.00167992948332847,-0.00167992948332847,0,
0.24341580207502,,,,,,0
0.2448,0,0,0.00167992948332847,-0.00167992948332847,0,
0.244213886671987,,,,,,0
0.2456,0,0,0.00167992948332847,-0.00167992948332847,0,
0.245011971268955,,,,,,0
0.2464,0,0,0.00167992948332847,-0.00167992948332847,0,
0.245810055865922,,,,,,0
0.2472,0,0,0.00167992948332847,-0.00167992948332847,0,
0.246608140462889,,,,,,0
0.248,0,0,0.00167992948332847,-0.00167992948332847,0,
0.247406225059856,,,,,,0
0.2488,0,0,0.00167992948332847,-0.00167992948332847,0,
0.248204309656824,,,,,,0
0.2496,0,0,0.00167992948332847,-0.00167992948332847,0,
0.249002394253791,,,,,,0
0.2504,0,0,0.00167992948332847,-0.00167992948332847,0,
0.249800478850758,,,,,,0
0.2512,0,0,0.00167992948332847,-0.00167992948332847,0,
0.250598563447725,,,,,,0
0.252,0,0,0.00167992948332847,-0.00167992948332847,0,
0.251396648044693,,,,,,0
0.2528,0,0,0.00167992948332847,-0.00167992948332847,0,
0.25219473264166,,,,,,0
0.2536,0,0,0.00167992948332847,-0.00167992948332847,0,
0.252992817238627,,,,,,0
0.2544,0,0,0.00167992948332847,-0.00167992948332847,0,
0.253790901835595,,,,,,0
0.2552,0,0,0.00167992948332847,-0.00167992948332847,0,
0.254588986432562,,,,,,0
0.256,0,0,0.00167992948332847,-0.00167992948332847,0,
0.255387071029529,,,,,,0
0.2568,0,0,0.00167992948332847,-0.00167992948332847,0,
0.256185155626496,,,,,,0
0.2576,0,0,0.00167992948332847,-0.00167992948332847,0,
0.256983240223464,,,,,,0
0.2584,0,0,0.00167992948332847,-0.00167992948332847,0,
0.257781324820431,,,,,,0
0.2592,0,0,0.00167992948332847,-0.00167992948332847,0,
0.258579409417398,,,,,,0
0.26,0,0,0.00167992948332847,-0.00167992948332847,0,
0.259377494014365,,,,,,0
0.2608,0,0,0.00167992948332847,-0.00167992948332847,0,
0.260175578611333,,,,,,0
0.2616,0,0,0.00167992948332847,-0.00167992948332847,0,
0.2609736632083,,,,,,0
0.2624,0,0,0.00167992948332847,-0.00167992948332847,0,
0.261771747805267,,,,,,0
0.2632,0,0,0.00167992948332847,-0.00167992948332847,0,
0.262569832402235,,,,,,0
0.264,0,0,0.00167992948332847,-0.00167992948332847,0,
0.263367916999202,,,,,,0
0.2648,0,0,0.00167992948332847,-0.00167992948332847,0,
0.264166001596169,,,,,,0
0.2656,0,0,0.00167992948332847,-0.00167992948332847,0,
0.264964086193136,,,,,,0
0.2664,0,0,0.00167992948332847,-0.00167992948332847,0,
0.265762170790104,,,,,,0
0.2672,0,0,0.00167992948332847,-0.00167992948332847,0,
0.266560255387071,,,,,,0
0.268,0,0,0.00167992948332847,-0.00167992948332847,0,
0.267358339984038,,,,,,0
0.2688,0,0,0.00167992948332847,-0.00167992948332847,0,
0.268156424581006,,,,,,0
0.2696,0,0,0.00167992948332847,-0.00167992948332847,0,
0.268954509177973,,,,,,0
0.2704,0,0,0.00167992948332847,-0.00167992948332847,0,
0.26975259377494,,,,,,0
0.2712,0,0,0.00167992948332847,-0.00167992948332847,0,
0.270550678371907,,,,,,0
0.272,0,0,0.00167992948332847,-0.00167992948332847,0,
0.271348762968875,,,,,,0
0.2728,0,0,0.00167992948332847,-0.00167992948332847,0,
0.272146847565842,,,,,,0
0.2736,0,0,0.00167992948332847,-0.00167992948332847,0,
0.272944932162809,,,,,,0
0.2744,0,0,0.00167992948332847,-0.00167992948332847,0,
0.273743016759777,,,,,,0
0.2752,0,0,0.00167992948332847,-0.00167992948332847,0,
0.274541101356744,,,,,,0
0.276,0,0,0.00167992948332847,-0.00167992948332847,0,
0.275339185953711,,,,,,0
0.2768,0,0,0.00167992948332847,-0.00167992948332847,0,
0.276137270550678,,,,,,0
0.2776,0,0,0.00167992948332847,-0.00167992948332847,0,
0.276935355147646,,,,,,0
0.2784,0,0,0.00167992948332847,-0.00167992948332847,0,
0.277733439744613,,,,,,0
0.2792,0,0,0.00167992948332847,-0.00167992948332847,0,
0.27853152434158,,,,,,0
0.28,0,0,0.00167992948332847,-0.00167992948332847,0,
0.279329608938547,,,,,,0
0.2808,0,0,0.00167992948332847,-0.00167992948332847,0,
0.280127693535515,,,,,,0
0.2816,0,0,0.00167992948332847,-0.00167992948332847,0,
0.280925778132482,,,,,,0
0.2824,0,0,0.00167992948332847,-0.00167992948332847,0,
0.281723862729449,,,,,,0
0.2832,0,0,0.00167992948332847,-0.00167992948332847,0,
0.282521947326417,,,,,,0
0.284,0,0,0.00167992948332847,-0.00167992948332847,0,
0.283320031923384,,,,,,0
0.2848,0,0,0.00167992948332847,-0.00167992948332847,0,
0.284118116520351,,,,,,0
0.2856,0,0,0.00167992948332847,-0.00167992948332847,0,
0.284916201117318,,,,,,0
0.2864,0,0,0.00167992948332847,-0.00167992948332847,0,
0.285714285714286,,,,,,0
0.2872,0,0,0.00167992948332847,-0.00167992948332847,0,
0.286512370311253,,,,,,0
0.288,0,0,0.00167992948332847,-0.00167992948332847,0,
0.28731045490822,,,,,,0
0.2888,0,0,0.00167992948332847,-0.00167992948332847,0,
0.288108539505188,,,,,,0
0.2896,0,0,0.00167992948332847,-0.00167992948332847,0,
0.288906624102155,,,,,,0
0.2904,0,0,0.00167992948332847,-0.00167992948332847,0,
0.289704708699122,,,,,,0
0.2912,0,0,0.00167992948332847,-0.00167992948332847,0,
0.290502793296089,,,,,,0
0.292,0,0,0.00167992948332847,-0.00167992948332847,0,
0.291300877893057,,,,,,0
0.2928,0,0,0.00167992948332847,-0.00167992948332847,0,
0.292098962490024,,,,,,0
0.2936,0,0,0.00167992948332847,-0.00167992948332847,0,
0.292897047086991,,,,,,0
0.2944,0,0,0.00167992948332847,-0.00167992948332847,0,
0.293695131683958,,,,,,0
0.2952,0,0,0.00167992948332847,-0.00167992948332847,0,
0.294493216280926,,,,,,0
0.296,0,0,0.00167992948332847,-0.00167992948332847,0,
0.295291300877893,,,,,,0
0.2968,0,0,0.00167992948332847,-0.00167992948332847,0,
0.29608938547486,,,,,,0
0.2976,0,0,0.00167992948332847,-0.00167992948332847,0,
0.296887470071828,,,,,,0
0.2984,0,0,0.00167992948332847,-0.00167992948332847,0,
0.297685554668795,,,,,,0
0.2992,0,0,0.00167992948332847,-0.00167992948332847,0,
0.298483639265762,,,,,,0
0.3,0,0,0.00167992948332847,-0.00167992948332847,0,
0.299281723862729,,,,,,0
0.3008,0,0,0.00167992948332847,-0.00167992948332847,0,
0.300079808459697,,,,,,0
0.3016,0,0,0.00167992948332847,-0.00167992948332847,0,
0.300877893056664,,,,,,0
0.3024,0,0,0.00167992948332847,-0.00167992948332847,0,
0.301675977653631,,,,,,0
0.3032,0,0,0.00167992948332847,-0.00167992948332847,0,
0.302474062250599,,,,,,0
0.304,0,0,0.00167992948332847,-0.00167992948332847,0,
0.303272146847566,,,,,,0
0.3048,0,0,0.00167992948332847,-0.00167992948332847,0,
0.304070231444533,,,,,,0
0.3056,0,0,0.00167992948332847,-0.00167992948332847,0,
0.3048683160415,,,,,,0
0.3064,0,0,0.00167992948332847,-0.00167992948332847,0,
0.305666400638468,,,,,,0
0.3072,0,0,0.00167992948332847,-0.00167992948332847,0,
0.306464485235435,,,,,,0
0.308,0,0,0.00167992948332847,-0.00167992948332847,0,
0.307262569832402,,,,,,0
0.3088,0,0,0.00167992948332847,-0.00167992948332847,0,
0.30806065442937,,,,,,0
0.3096,0,0,0.00167992948332847,-0.00167992948332847,0,
0.308858739026337,,,,,,0
0.3104,0,0,0.00167992948332847,-0.00167992948332847,0,
0.309656823623304,,,,,,0
0.3112,0,0,0.00167992948332847,-0.00167992948332847,0,
0.310454908220271,,,,,,0
0.312,0,0,0.00167992948332847,-0.00167992948332847,0,
0.311252992817239,,,,,,0
0.3128,0,0,0.00167992948332847,-0.00167992948332847,0,
0.312051077414206,,,,,,0
0.3136,0,0,0.00167992948332847,-0.00167992948332847,0,
0.312849162011173,,,,,,0
0.3144,0,0,0.00167992948332847,-0.00167992948332847,0,
0.31364724660814,,,,,,0
0.3152,0,0,0.00167992948332847,-0.00167992948332847,0,
0.314445331205108,,,,,,0
0.316,0,0,0.00167992948332847,-0.00167992948332847,0,
0.315243415802075,,,,,,0
0.3168,0,0,0.00167992948332847,-0.00167992948332847,0,
0.316041500399042,,,,,,0
0.3176,0,0,0.00167992948332847,-0.00167992948332847,0,
0.31683958499601,,,,,,0
0.3184,0,0,0.00167992948332847,-0.00167992948332847,0,
0.317637669592977,,,,,,0
0.3192,0,0,0.00167992948332847,-0.00167992948332847,0,
0.318435754189944,,,,,,0
0.32,0,0,0.00167992948332847,-0.00167992948332847,0,
0.319233838786911,,,,,,0
0.3208,0,0,0.00167992948332847,-0.00167992948332847,0,
0.320031923383879,,,,,,0
0.3216,0,0,0.00167992948332847,-0.00167992948332847,0,
0.320830007980846,,,,,,0
0.3224,0,0,0.00167992948332847,-0.00167992948332847,0,
0.321628092577813,,,,,,0
0.3232,0,0,0.00167992948332847,-0.00167992948332847,0,
0.322426177174781,,,,,,0
0.324,0,0,0.00167992948332847,-0.00167992948332847,0,
0.323224261771748,,,,,,0
0.3248,0,0,0.00167992948332847,-0.00167992948332847,0,
0.324022346368715,,,,,,0
0.3256,0,0,0.00167992948332847,-0.00167992948332847,0,
0.324820430965682,,,,,,0
0.3264,0,0,0.00167992948332847,-0.00167992948332847,0,
0.32561851556265,,,,,,0
0.3272,0,0,0.00167992948332847,-0.00167992948332847,0,
0.326416600159617,,,,,,0
0.328,0,0,0.00167992948332847,-0.00167992948332847,0,
0.327214684756584,,,,,,0
0.3288,0,0,0.00167992948332847,-0.00167992948332847,0,
0.328012769353552,,,,,,0
0.3296,0,0,0.00167992948332847,-0.00167992948332847,0,
0.328810853950519,,,,,,0
0.3304,0,0,0.00167992948332847,-0.00167992948332847,0,
0.329608938547486,,,,,,0
0.3312,0,0,0.00167992948332847,-0.00167992948332847,0,
0.330407023144453,,,,,,0
0.332,0,0,0.00167992948332847,-0.00167992948332847,0,
0.331205107741421,,,,,,0
0.3328,0,0,0.00167992948332847,-0.00167992948332847,0,
0.332003192338388,,,,,,0
0.3336,0,0,0.00167992948332847,-0.00167992948332847,0,
0.332801276935355,,,,,,0
0.333599361532322,,,,,,0
0.3344,0,0,0.00167992948332847,-0.00167992948332847,0,
0.33439744612929,,,,,,0
0.3352,0,0,0.00167992948332847,-0.00167992948332847,0,
0.335195530726257,,,,,,0
0.336,0,0,0.00167992948332847,-0.00167992948332847,0,
0.335993615323224,,,,,,0
0.3368,0,0,0.00167992948332847,-0.00167992948332847,0,
0.336791699920192,,,,,,0
0.3376,0,0,0.00167992948332847,-0.00167992948332847,0,
0.337589784517159,,,,,,0
0.3384,0,0,0.00167992948332847,-0.00167992948332847,0,
0.338387869114126,,,,,,0
0.3392,0,0,0.00167992948332847,-0.00167992948332847,0,
0.339185953711093,,,,,,0
0.34,0,0,0.00167992948332847,-0.00167992948332847,0,
0.339984038308061,,,,,,0
0.3408,0,0,0.00167992948332847,-0.00167992948332847,0,
0.340782122905028,,,,,,0
0.3416,0,0,0.00167992948332847,-0.00167992948332847,0,
0.341580207501995,,,,,,0
0.3424,0,0,0.00167992948332847,-0.00167992948332847,0,
0.342378292098962,,,,,,0
0.3432,0,0,0.00167992948332847,-0.00167992948332847,0,
0.34317637669593,,,,,,0
0.344,0,0,0.00167992948332847,-0.00167992948332847,0,
0.343974461292897,,,,,,0
0.3448,0,0,0.00167992948332847,-0.00167992948332847,0,
0.344772545889864,,,,,,0
0.3456,0,0,0.00167992948332847,-0.00167992948332847,0,
0.345570630486832,,,,,,0
0.3464,0,0,0.00167992948332847,-0.00167992948332847,0,
0.346368715083799,,,,,,0
0.3472,0,0,0.00167992948332847,-0.00167992948332847,0,
0.347166799680766,,,,,,0
0.348,0,0,0.00167992948332847,-0.00167992948332847,0,
0.347964884277733,,,,,,0
0.3488,0,0,0.00167992948332847,-0.00167992948332847,0,
0.348762968874701,,,,,,0
0.3496,0,0,0.00167992948332847,-0.00167992948332847,0,
0.349561053471668,,,,,,0
0.3504,0,0,0.00167992948332847,-0.00167992948332847,0,
0.350359138068635,,,,,,0
0.3512,0,0,0.00167992948332847,-0.00167992948332847,0,
0.351157222665603,,,,,,0
0.352,0,0,0.00167992948332847,-0.00167992948332847,0,
0.35195530726257,,,,,,0
0.3528,0,0,0.00167992948332847,-0.00167992948332847,0,
0.352753391859537,,,,,,0
0.3536,0,0,0.00167992948332847,-0.00167992948332847,0,
0.353551476456504,,,,,,0
0.3544,0,0,0.00167992948332847,-0.00167992948332847,0,
0.354349561053472,,,,,,0
0.3552,0,0,0.00167992948332847,-0.00167992948332847,0,
0.355147645650439,,,,,,0
0.356,0,0,0.00167992948332847,-0.00167992948332847,0,
0.355945730247406,,,,,,0
0.3568,0,0,0.00167992948332847,-0.00167992948332847,0,
0.356743814844374,,,,,,0
0.3576,0,0,0.00167992948332847,-0.00167992948332847,0,
0.357541899441341,,,,,,0
0.3584,0,0,0.00167992948332847,-0.00167992948332847,0,
0.358339984038308,,,,,,0
0.3592,0,0,0.00167992948332847,-0.00167992948332847,0,
0.359138068635275,,,,,,0
0.36,0,0,0.00167992948332847,-0.00167992948332847,0,
0.359936153232243,,,,,,0
0.3608,0,0,0.00167992948332847,-0.00167992948332847,0,
0.36073423782921,,,,,,0
0.3616,0,0,0.00167992948332847,-0.00167992948332847,0,
0.361532322426177,,,,,,0
0.3624,0,0,0.00167992948332847,-0.00167992948332847,0,
0.362330407023144,,,,,,0
0.3632,0,0,0.00167992948332847,-0.00167992948332847,0,
0.363128491620112,,,,,,0
0.364,0,0,0.00167992948332847,-0.00167992948332847,0,
0.363926576217079,,,,,,0
0.3648,0,0,0.00167992948332847,-0.00167992948332847,0,
0.364724660814046,,,,,,0
0.3656,0,0,0.00167992948332847,-0.00167992948332847,0,
0.365522745411014,,,,,,0
0.3664,0,0,0.00167992948332847,-0.00167992948332847,0,
0.366320830007981,,,,,,0
0.3672,0,0,0.00167992948332847,-0.00167992948332847,0,
0.367118914604948,,,,,,0
0.368,0,0,0.00167992948332847,-0.00167992948332847,0,
0.367916999201915,,,,,,0
0.3688,0,0,0.00167992948332847,-0.00167992948332847,0,
0.368715083798883,,,,,,0
0.3696,0,0,0.00167992948332847,-0.00167992948332847,0,
0.36951316839585,,,,,,0
0.3704,0,0,0.00167992948332847,-0.00167992948332847,0,
0.370311252992817,,,,,,0
0.3712,0,0,0.00167992948332847,-0.00167992948332847,0,
0.371109337589785,,,,,,0
0.372,0,0,0.00167992948332847,-0.00167992948332847,0,
0.371907422186752,,,,,,0
0.3728,0,0,0.00167992948332847,-0.00167992948332847,0,
0.372705506783719,,,,,,0
0.3736,0,0,0.00167992948332847,-0.00167992948332847,0,
0.373503591380686,,,,,,0
0.3744,0,0,0.00167992948332847,-0.00167992948332847,0,
0.374301675977654,,,,,,0
0.3752,0,0,0.00167992948332847,-0.00167992948332847,0,
0.375099760574621,,,,,,0
0.376,0,0,0.00167992948332847,-0.00167992948332847,0,
0.375897845171588,,,,,,0
0.3768,0,0,0.00167992948332847,-0.00167992948332847,0,
0.376695929768555,,,,,,0
0.3776,0,0,0.00167992948332847,-0.00167992948332847,0,
0.377494014365523,,,,,,0
0.3784,0,0,0.00167992948332847,-0.00167992948332847,0,
0.37829209896249,,,,,,0
0.3792,0,0,0.00167992948332847,-0.00167992948332847,0,
0.379090183559457,,,,,,0
0.38,0,0,0.00167992948332847,-0.00167992948332847,0,
0.379888268156425,,,,,,0
0.3808,0,0,0.00167992948332847,-0.00167992948332847,0,
0.380686352753392,,,,,,0
0.3816,0,0,0.00167992948332847,-0.00167992948332847,0,
0.381484437350359,,,,,,0
0.3824,0,0,0.00167992948332847,-0.00167992948332847,0,
0.382282521947326,,,,,,0
0.3832,0,0,0.00167992948332847,-0.00167992948332847,0,
0.383080606544294,,,,,,0
0.384,0,0,0.00167992948332847,-0.00167992948332847,0,
0.383878691141261,,,,,,0
0.3848,0,0,0.00167992948332847,-0.00167992948332847,0,
0.384676775738228,,,,,,0
0.3856,0,0,0.00167992948332847,-0.00167992948332847,0,
0.385474860335196,,,,,,0
0.3864,0,0,0.00167992948332847,-0.00167992948332847,0,
0.386272944932163,,,,,,0
0.3872,0,0,0.00167992948332847,-0.00167992948332847,0,
0.38707102952913,,,,,,0
0.388,0,0,0.00167992948332847,-0.00167992948332847,0,
0.387869114126097,,,,,,0
0.3888,0,0,0.00167992948332847,-0.00167992948332847,0,
0.388667198723065,,,,,,0
0.3896,0,0,0.00167992948332847,-0.00167992948332847,0,
0.389465283320032,,,,,,0
0.3904,0,0,0.00167992948332847,-0.00167992948332847,0,
0.390263367916999,,,,,,0
0.3912,0,0,0.00167992948332847,-0.00167992948332847,0,
0.391061452513966,,,,,,0
0.392,0,0,0.00167992948332847,-0.00167992948332847,0,
0.391859537110934,,,,,,0
0.3928,0,0,0.00167992948332847,-0.00167992948332847,0,
0.392657621707901,,,,,,0
0.3936,0,0,0.00167992948332847,-0.00167992948332847,0,
0.393455706304868,,,,,,0
0.3944,0,0,0.00167992948332847,-0.00167992948332847,0,
0.394253790901836,,,,,,0
0.3952,0,0,0.00167992948332847,-0.00167992948332847,0,
0.395051875498803,,,,,,0
0.396,0,0,0.00167992948332847,-0.00167992948332847,0,
0.39584996009577,,,,,,0
0.3968,0,0,0.00167992948332847,-0.00167992948332847,0,
0.396648044692737,,,,,,0
0.3976,0,0,0.00167992948332847,-0.00167992948332847,0,
0.397446129289705,,,,,,0
0.3984,0,0,0.00167992948332847,-0.00167992948332847,0,
0.398244213886672,,,,,,0
0.3992,0,0,0.00167992948332847,-0.00167992948332847,0,
0.399042298483639,,,,,,0
0.4,0,0,0.00167992948332847,-0.00167992948332847,0,
0.399840383080607,,,,,,0
0.4008,0,0,0.00167992948332847,-0.00167992948332847,0,
0.400638467677574,,,,,,0
0.4016,0,0,0.00167992948332847,-0.00167992948332847,0,
0.401436552274541,,,,,,0
0.4024,0,0,0.00167992948332847,-0.00167992948332847,0,
0.402234636871508,,,,,,0
0.4032,0,0,0.00167992948332847,-0.00167992948332847,0,
0.403032721468476,,,,,,0
0.404,0,0,0.00167992948332847,-0.00167992948332847,0,
0.403830806065443,,,,,,0
0.4048,0,0,0.00167992948332847,-0.00167992948332847,0,
0.40462889066241,,,,,,0
0.4056,0,0,0.00167992948332847,-0.00167992948332847,0,
0.405426975259377,,,,,,0
0.4064,0,0,0.00167992948332847,-0.00167992948332847,0,
0.406225059856345,,,,,,0
0.4072,0,0,0.00167992948332847,-0.00167992948332847,0,
0.407023144453312,,,,,,0
0.408,0,0,0.00167992948332847,-0.00167992948332847,0,
0.407821229050279,,,,,,0
0.4088,0,0,0.00167992948332847,-0.00167992948332847,0,
0.408619313647247,,,,,,0
0.4096,0,0,0.00167992948332847,-0.00167992948332847,0,
0.409417398244214,,,,,,0
0.4104,0,0,0.00167992948332847,-0.00167992948332847,0,
0.410215482841181,,,,,,0
0.4112,0,0,0.00167992948332847,-0.00167992948332847,0,
0.411013567438148,,,,,,0
0.412,0,0,0.00167992948332847,-0.00167992948332847,0,
0.411811652035116,,,,,,0
0.4128,0,0,0.00167992948332847,-0.00167992948332847,0,
0.412609736632083,,,,,,0
0.4136,0,0,0.00167992948332847,-0.00167992948332847,0,
0.41340782122905,,,,,,0
0.4144,0,0,0.00167992948332847,-0.00167992948332847,0,
0.414205905826018,,,,,,0
0.4152,0,0,0.00167992948332847,-0.00167992948332847,0,
0.415003990422985,,,,,,0
0.416,0,0,0.00167992948332847,-0.00167992948332847,0,
0.415802075019952,,,,,,0
0.4168,0,0,0.00167992948332847,-0.00167992948332847,0,
0.416600159616919,,,,,,0
0.4176,0,0,0.00167992948332847,-0.00167992948332847,0,
0.417398244213887,,,,,,0
0.4184,0,0,0.00167992948332847,-0.00167992948332847,0,
0.418196328810854,,,,,,0
0.4192,0,0,0.00167992948332847,-0.00167992948332847,0,
0.418994413407821,,,,,,0
0.42,0,0,0.00167992948332847,-0.00167992948332847,0,
0.419792498004789,,,,,,0
0.4208,0,0,0.00167992948332847,-0.00167992948332847,0,
0.420590582601756,,,,,,0
0.4216,0,0,0.00167992948332847,-0.00167992948332847,0,
0.421388667198723,,,,,,0
0.4224,0,0,0.00167992948332847,-0.00167992948332847,0,
0.42218675179569,,,,,,0
0.4232,0,0,0.00167992948332847,-0.00167992948332847,0,
0.422984836392658,,,,,,0
0.424,0,0,0.00167992948332847,-0.00167992948332847,0,
0.423782920989625,,,,,,0
0.4248,0,0,0.00167992948332847,-0.00167992948332847,0,
0.424581005586592,,,,,,0
0.4256,0,0,0.00167992948332847,-0.00167992948332847,0,
0.425379090183559,,,,,,0
0.4264,0,0,0.00167992948332847,-0.00167992948332847,0,
0.426177174780527,,,,,,0
0.4272,0,0,0.00167992948332847,-0.00167992948332847,0,
0.426975259377494,,,,,,0
0.428,0,0,0.00167992948332847,-0.00167992948332847,0,
0.427773343974461,,,,,,0
0.4288,0,0,0.00167992948332847,-0.00167992948332847,0,
0.428571428571429,,,,,,0
0.4296,0,0,0.00167992948332847,-0.00167992948332847,0,
0.429369513168396,,,,,,0
0.4304,0,0,0.00167992948332847,-0.00167992948332847,0,
0.430167597765363,,,,,,0
0.4312,0,0,0.00167992948332847,-0.00167992948332847,0,
0.43096568236233,,,,,,0
0.432,0,0,0.00167992948332847,-0.00167992948332847,0,
0.431763766959298,,,,,,0
0.4328,0,0,0.00167992948332847,-0.00167992948332847,0,
0.432561851556265,,,,,,0
0.4336,0,0,0.00167992948332847,-0.00167992948332847,0,
0.433359936153232,,,,,,0
0.4344,0,0,0.00167992948332847,-0.00167992948332847,0,
0.4341580207502,,,,,,0
0.4352,0,0,0.00167992948332847,-0.00167992948332847,0,
0.434956105347167,,,,,,0
0.436,0,0,0.00167992948332847,-0.00167992948332847,0,
0.435754189944134,,,,,,0
0.4368,0,0,0.00167992948332847,-0.00167992948332847,0,
0.436552274541101,,,,,,0
0.4376,0,0,0.00167992948332847,-0.00167992948332847,0,
0.437350359138069,,,,,,0
0.4384,0,0,0.00167992948332847,-0.00167992948332847,0,
0.438148443735036,,,,,,0
0.4392,0,0,0.00167992948332847,-0.00167992948332847,0,
0.438946528332003,,,,,,0
0.44,0,0,0.00167992948332847,-0.00167992948332847,0,
0.43974461292897,,,,,,0
0.4408,0,0,0.00167992948332847,-0.00167992948332847,0,
0.440542697525938,,,,,,0
0.4416,0,0,0.00167992948332847,-0.00167992948332847,0,
0.441340782122905,,,,,,0
0.4424,0,0,0.00167992948332847,-0.00167992948332847,0,
0.442138866719872,,,,,,0
0.4432,0,0,0.00167992948332847,-0.00167992948332847,0,
0.44293695131684,,,,,,0
0.444,0,0,0.00167992948332847,-0.00167992948332847,0,
0.443735035913807,,,,,,0
0.4448,0,0,0.00167992948332847,-0.00167992948332847,0,
0.444533120510774,,,,,,0
0.4456,0,0,0.00167992948332847,-0.00167992948332847,0,
0.445331205107741,,,,,,0
0.4464,0,0,0.00167992948332847,-0.00167992948332847,0,
0.446129289704709,,,,,,0
0.4472,0,0,0.00167992948332847,-0.00167992948332847,0,
0.446927374301676,,,,,,0
0.448,0,0,0.00167992948332847,-0.00167992948332847,0,
0.447725458898643,,,,,,0
0.4488,0,0,0.00167992948332847,-0.00167992948332847,0,
0.448523543495611,,,,,,0
0.4496,0,0,0.00167992948332847,-0.00167992948332847,0,
0.449321628092578,,,,,,0
0.4504,0,0,0.00167992948332847,-0.00167992948332847,0,
0.450119712689545,,,,,,0
0.4512,0,0,0.00167992948332847,-0.00167992948332847,0,
0.450917797286512,,,,,,0
0.452,0,0,0.00167992948332847,-0.00167992948332847,0,
0.45171588188348,,,,,,0
0.4528,0,0,0.00167992948332847,-0.00167992948332847,0,
0.452513966480447,,,,,,0
0.4536,0,0,0.00167992948332847,-0.00167992948332847,0,
0.453312051077414,,,,,,0
0.4544,0,0,0.00167992948332847,-0.00167992948332847,0,
0.454110135674381,,,,,,0
0.4552,0,0,0.00167992948332847,-0.00167992948332847,0,
0.454908220271349,,,,,,0
0.456,0,0,0.00167992948332847,-0.00167992948332847,0,
0.455706304868316,,,,,,0
0.4568,0,0,0.00167992948332847,-0.00167992948332847,0,
0.456504389465283,,,,,,0
0.4576,0,0,0.00167992948332847,-0.00167992948332847,0,
0.457302474062251,,,,,,0
0.4584,0,0,0.00167992948332847,-0.00167992948332847,0,
0.458100558659218,,,,,,0
0.4592,0,0,0.00167992948332847,-0.00167992948332847,0,
0.458898643256185,,,,,,0
0.46,0,0,0.00167992948332847,-0.00167992948332847,0,
0.459696727853152,,,,,,0
0.4608,0,0,0.00167992948332847,-0.00167992948332847,0,
0.46049481245012,,,,,,0
0.4616,0,0,0.00167992948332847,-0.00167992948332847,0,
0.461292897047087,,,,,,0
0.4624,0,0,0.00167992948332847,-0.00167992948332847,0,
0.462090981644054,,,,,,0
0.4632,0,0,0.00167992948332847,-0.00167992948332847,0,
0.462889066241022,,,,,,0
0.464,0,0,0.00167992948332847,-0.00167992948332847,0,
0.463687150837989,,,,,,0
0.4648,0,0,0.00167992948332847,-0.00167992948332847,0,
0.464485235434956,,,,,,0
0.4656,0,0,0.00167992948332847,-0.00167992948332847,0,
0.465283320031923,,,,,,0
0.4664,0,0,0.00167992948332847,-0.00167992948332847,0,
0.466081404628891,,,,,,0
0.4672,0,0,0.00167992948332847,-0.00167992948332847,0,
0.466879489225858,,,,,,0
0.468,0,0,0.00167992948332847,-0.00167992948332847,0,
0.467677573822825,,,,,,0
0.4688,0,0,0.00167992948332847,-0.00167992948332847,0,
0.468475658419792,,,,,,0
0.4696,0,0,0.00167992948332847,-0.00167992948332847,0,
0.46927374301676,,,,,,0
0.4704,0,0,0.00167992948332847,-0.00167992948332847,0,
0.470071827613727,,,,,,0
0.4712,0,0,0.00167992948332847,-0.00167992948332847,0,
0.470869912210694,,,,,,0
0.472,0,0,0.00167992948332847,-0.00167992948332847,0,
0.471667996807662,,,,,,0
0.4728,0,0,0.00167992948332847,-0.00167992948332847,0,
0.472466081404629,,,,,,0
0.4736,0,0,0.00167992948332847,-0.00167992948332847,0,
0.473264166001596,,,,,,0
0.4744,0,0,0.00167992948332847,-0.00167992948332847,0,
0.474062250598563,,,,,,0
0.4752,0,0,0.00167992948332847,-0.00167992948332847,0,
0.474860335195531,,,,,,0
0.476,0,0,0.00167992948332847,-0.00167992948332847,0,
0.475658419792498,,,,,,0
0.4768,0,0,0.00167992948332847,-0.00167992948332847,0,
0.476456504389465,,,,,,0
0.4776,0,0,0.00167992948332847,-0.00167992948332847,0,
0.477254588986433,,,,,,0
0.4784,0,0,0.00167992948332847,-0.00167992948332847,0,
0.4780526735834,,,,,,0
0.4792,0,0,0.00167992948332847,-0.00167992948332847,0,
0.478850758180367,,,,,,0
0.48,0,0,0.00167992948332847,-0.00167992948332847,0,
0.479648842777334,,,,,,0
0.4808,0,0,0.00167992948332847,-0.00167992948332847,0,
0.480446927374302,,,,,,0
0.4816,0,0,0.00167992948332847,-0.00167992948332847,0,
0.481245011971269,,,,,,0
0.4824,0,0,0.00167992948332847,-0.00167992948332847,0,
0.482043096568236,,,,,,0
0.4832,0,0,0.00167992948332847,-0.00167992948332847,0,
0.482841181165204,,,,,,0
0.484,0,0,0.00167992948332847,-0.00167992948332847,0,
0.483639265762171,,,,,,0
0.4848,0,0,0.00167992948332847,-0.00167992948332847,0,
0.484437350359138,,,,,,0
0.4856,0,0,0.00167992948332847,-0.00167992948332847,0,
0.485235434956105,,,,,,0
0.4864,0,0,0.00167992948332847,-0.00167992948332847,0,
0.486033519553073,,,,,,0
0.4872,0,0,0.00167992948332847,-0.00167992948332847,0,
0.48683160415004,,,,,,0
0.488,0,0,0.00167992948332847,-0.00167992948332847,0,
0.487629688747007,,,,,,0
0.4888,0,0,0.00167992948332847,-0.00167992948332847,0,
0.488427773343974,,,,,,0
0.4896,0,0,0.00167992948332847,-0.00167992948332847,0,
0.489225857940942,,,,,,0
0.4904,0,0,0.00167992948332847,-0.00167992948332847,0,
0.490023942537909,,,,,,0
0.4912,0,0,0.00167992948332847,-0.00167992948332847,0,
0.490822027134876,,,,,,0
0.492,0,0,0.00167992948332847,-0.00167992948332847,0,
0.491620111731844,,,,,,0
0.4928,0,0,0.00167992948332847,-0.00167992948332847,0,
0.492418196328811,,,,,,0
0.4936,0,0,0.00167992948332847,-0.00167992948332847,0,
0.493216280925778,,,,,,0
0.4944,0,0,0.00167992948332847,-0.00167992948332847,0,
0.494014365522745,,,,,,0
0.4952,0,0,0.00167992948332847,-0.00167992948332847,0,
0.494812450119713,,,,,,0
0.496,0,0,0.00167992948332847,-0.00167992948332847,0,
0.49561053471668,,,,,,0
0.4968,0,0,0.00167992948332847,-0.00167992948332847,0,
0.496408619313647,,,,,,0
0.4976,0,0,0.00167992948332847,-0.00167992948332847,0,
0.497206703910615,,,,,,0
0.4984,0,0,0.00167992948332847,-0.00167992948332847,0,
0.498004788507582,,,,,,0
0.4992,0,0,0.00167992948332847,-0.00167992948332847,0,
0.498802873104549,,,,,,0
0.5,0,0,0.0125994711249635,-0.0125994711249635,,
0.499600957701516,,,,,,0
0.5,0,0,0.0125994711249635,-0.0125994711249635,,
0.5008,-2.98578868994277e-05,-3.61475445288035e-05,0.00165669196537555,-0.00177996727420657,0,
0.500000000150008,,,,,,0
0.500000000150008,,,,,,0
0.500399042298484,,,,,,-7.66322333473228e-06
0.5016,-0.000112397726366219,-0.000116807870349872,0.00161748195050045,-0.209004854296679,0,
0.501197126895451,,,,,,-6.43597225267509e-05
0.5024,-0.000237591587485295,-0.000240448745683797,0.00153494211103366,-0.210123219554225,0,
0.501995211492418,,,,,,-0.00016825858905432
0.5032,-0.000396456653314372,-0.000398492793662465,0.00142997796035507,-0.210349960440014,0,
0.502793296089385,,,,,,-0.000310589339506743
0.504,-0.000581305820351612,-0.000582908522489352,0.0013029343981553,-0.210576701325802,0,
0.503591380686353,,,,,,-0.000483084343736987
0.5048,-0.000785554093135952,-0.000786589765770883,0.0011440693323262,-0.210807205099203,0,
0.50438946528332,,,,,,-0.000678053442862716
0.5056,-0.209003498908572,-0.00100372576585878,0.000955420408148323,-0.21103945132776,0,
0.505187549880287,,,,,,-0.000889049404970358
0.5064,-0.209230239794361,-0.0012295975774171,0.000735670901634023,-0.211270276106603,0,
0.505985634477255,,,,,,-0.00111094638811358
0.5072,-0.209461590065514,-0.00146027318549732,0.000515921395119753,-0.211500789918529,0,
0.506783719074222,,,,,,-0.00133947333207255
0.508,-0.209694006867901,-0.00169223800620029,0.000296171888605453,-0.211731303730455,0,
0.507581803671189,,,,,,-0.00157106814308628
0.5088,-0.209924520679827,-0.00192244558946977,7.64223820911532e-05,-0.211961817542381,0,
0.508379888268156,,,,,,-0.00180230833986871
0.5096,-0.00215066596211054,-0.00214844711633434,-0.000143327124423147,-0.212192331354307,0,
0.509177972865124,,,,,,-0.00203053259822936
0.5104,-0.00237041546862483,-0.00236811576922161,-0.000363076630937447,-0.212422845166233,0,
0.509976057462091,,,,,,-0.00225351769298155
0.5112,-0.00258210893029036,-0.00257972850036895,-0.000582826137451717,-0.212653358978158,0,
0.510774142059058,,,,,,-0.0024692520232527
0.512,-0.00278445067424656,-0.00278200557885939,-0.000802575643966017,-0.212883872790084,0,
0.511572226656026,,,,,,-0.00267629189790833
0.5128,-0.00297640542731951,-0.00297389051329551,-0.0010199188312537,-0.209925878964882,0,
0.512370311252993,,,,,,-0.00287351891460806
0.5136,-0.00315722026081727,-0.0031545960151382,-0.00122808403464128,-0.00502311458228405,0,
0.51316839584996,,,,,,-0.00305994461796513
0.5144,-0.00332633818351249,-0.00332360629899469,-0.00142554653656654,-0.00516795956154974,0,
0.513966480446927,,,,,,-0.00323496569261946
0.5152,-0.00348341536149399,-0.00348063604524638,-0.0016110991135614,-0.00530165832480517,0,
0.514764565043895,,,,,,-0.00339814795766956
0.516,-0.0036282603407597,-0.00362547427086202,-0.00178383351958885,-0.00542493115511551,0,
0.515562649640862,,,,,,-0.00354933580146872
0.5168,-0.00376082608674979,-0.00375807941803072,-0.00194311722008154,-0.00553793264794967,0,
0.516360734237829,,,,,,-0.00368827461423022
0.5176,-0.00388118170582153,-0.00387851006073574,-0.00208742810270432,-0.00564084348487045,0,
0.517158818834797,,,,,,-0.00381510020253054
0.5184,-0.00398949205480569,-0.00398692370024348,-0.0022170766374558,-0.00573386374177014,0,
0.517956903431764,,,,,,-0.00392980689248206
0.5192,-0.00408600356422933,-0.0040835536232031,-0.00233274111267754,-0.00581720932149234,0,
0.518754988028731,,,,,,-0.00403268298715321
0.52,-0.00417102436747727,-0.00416869994314973,-0.00243465213416458,-0.00589116530458157,0,
0.519553072625698,,,,,,-0.0041239144004421
0.5208,-0.00424492016722516,-0.00424272406187544,-0.00252316418993646,-0.00595428412269259,0,
0.520351157222666,,,,,,-0.00420388858384857
0.5216,-0.00430809043342533,-0.00430602382553224,-0.00259867502986875,-0.00600870385199291,0,
0.521149241819633,,,,,,-0.00427294170978539
0.5224,-0.0043609763220747,-0.00435904503026534,-0.00266036290350712,-0.00605464330199457,0,
0.5219473264166,,,,,,-0.00433151486089525
0.5232,-0.00440403199297396,-0.00440224351102295,-0.00271036501305409,-0.00609239404706205,0,
0.522745411013567,,,,,,-0.00438005183087072
0.524,-0.00443773858385959,-0.00443609964610617,-0.00274937652977151,-0.00612225251716121,0,
0.523543495610535,,,,,,-0.00441901194349752
0.5248,-0.00446257736203488,-0.00446110594011234,-0.00277806342873326,-0.00614452283214318,0,
0.524341580207502,,,,,,-0.00444888554945669
0.5256,-0.00447904247115881,-0.00447774928025756,-0.00279709700105051,-0.00615951931502348,0,
0.525139664804469,,,,,,-0.00447016060282656
0.5264,-0.00448762000882205,-0.00448650445328363,-0.00280714316495738,-0.00616755982903688,0,
0.525937749401437,,,,,,-0.00448331711709666
0.5272,-0.00448879866207361,-0.00448785386861225,-0.00280862353012978,-0.00616873848228844,0,
0.526735833998404,,,,,,-0.00448882011465704
0.528,-0.00448305268941023,-0.00448230622946663,-0.00280201613945425,-0.00616322782135406,0,
0.527533918595371,,,,,,-0.00448715875625816
0.5288,-0.00447085299542775,-0.00447032549605579,-0.00278846020308007,-0.00615188954538373,0,
0.528332003192338,,,,,,-0.00447884963503978
0.5296,-0.00445265141441162,-0.00445233860142059,-0.00276852693728799,-0.0061350442067593,0,
0.529130087789306,,,,,,-0.00446431324523079
0.5304,-0.00442889247041935,-0.00442876150150996,-0.00274276281273917,-0.00611301694754299,0,
0.529928172386273,,,,,,-0.00444397587462923
0.5312,-0.00439999945842515,-0.00440001361487513,-0.00271168322076985,-0.00608612911610533,0,
0.53072625698324,,,,,,-0.00441824114337199
0.532,-0.00436638478938065,-0.00436650478468958,-0.00267577562172923,-0.00605470102703595,0,
0.531524341580207,,,,,,-0.00438753439051339
0.5328,-0.00432843941348805,-0.00432862627938178,-0.00263549792855629,-0.00601904858113947,0,
0.532322426177175,,,,,,-0.00435224981698351
0.5336,-0.00428654058178754,-0.00428675681492817,-0.002591279613314,-0.0059794820667193,0,
0.533120510774142,,,,,,-0.00431277198008224
0.5344,-0.00424104478757595,-0.00424126107444546,-0.00254352428844596,-0.00593630575604949,0,
0.533918595371109,,,,,,-0.00426947110599092
0.5352,-0.00419229531536946,-0.0041924925804675,-0.0024926085493538,-0.00588981581449945,0,
0.534716679968077,,,,,,-0.00422270381231476
0.536,-0.00414061474508913,-0.00414079262410021,-0.00243888251087551,-0.00584030151110479,0,
0.535514764565044,,,,,,-0.00417281736606764
0.5368,-0.00408630838155578,-0.0040864620407526,-0.00238267117703764,-0.0057880406157694,0,
0.536312849162011,,,,,,-0.0041201450930949
0.5376,-0.00402966329150832,-0.00402978097363652,-0.00232427540952441,-0.00573330049602646,0,
0.537110933758978,,,,,,-0.00406496315937554
0.5384,-0.00397094880979851,-0.00397103416083142,-0.00226397125798739,-0.00567633669178242,0,
0.537909018355946,,,,,,-0.00400755097638107
0.5392,-0.00391041475543873,-0.00391049063454969,-0.00220201107771282,-0.00561739230724985,0,
0.538707102952913,,,,,,-0.00394819334382311
0.54,-0.00384829227734548,-0.00384837816148789,-0.00213862531932554,-0.00555669595507138,0,
0.53950518754988,,,,,,-0.0038871462109322
0.5408,-0.00378479486373236,-0.0037849138810867,-0.00207405985651634,-0.0054944618217523,0,
0.540303272146848,,,,,,-0.00382461709892526
0.5416,-0.0037201570432375,-0.003720305709732,-0.00200850646932298,-0.00543089205045352,0,
0.541101356743815,,,,,,-0.00376082658183246
0.5424,-0.00365455685475435,-0.0036547417976903,-0.00194215037978219,-0.00536620742866888,0,
0.541899441340782,,,,,,-0.00369597243314415
0.5432,-0.00358817225817643,-0.00358841177725326,-0.00187516222730149,-0.00530057873314858,0,
0.542697525937749,,,,,,-0.00363023481284144
0.544,-0.00352116769208667,-0.00352147657425586,-0.00180770631730011,-0.00523417772296161,0,
0.543495610534717,,,,,,-0.0035638068655921
0.5448,-0.00345370308983358,-0.00345407497730771,-0.00173992575638231,-0.00516716446462014,0,
0.544293695131684,,,,,,-0.00349682855651577
0.5456,-0.00338591823025711,-0.00338634442648308,-0.0016719535878122,-0.00509969556370838,0,
0.545091779728651,,,,,,-0.00342943640770107
0.5464,-0.00331794419798153,-0.00331843566029793,-0.00160391178340669,-0.00503190884042644,0,
0.545889864325618,,,,,,-0.00336176683920548
0.5472,-0.00324990184374331,-0.00325046278765295,-0.00153591372739923,-0.00496393425831815,0,
0.546687948922586,,,,,,-0.00329397713503222
0.548,-0.00318190413966075,-0.00318251973455562,-0.00146806162989747,-0.00489589225600483,0,
0.547486033519553,,,,,,-0.00322615552128649
0.5488,-0.00311405339778847,-0.00311470780874194,-0.00140044903509797,-0.00482789590755176,0,
0.54828411811652,,,,,,-0.00315839808847459
0.5496,-0.00304644368165961,-0.00304713041863657,-0.00133316162378399,-0.00476004804435011,0,
0.549082202713488,,,,,,-0.00309080792799711
0.5504,-0.00297916148761624,-0.00297986985327482,-0.00126627258068029,-0.00469244354549185,0,
0.549880287310455,,,,,,-0.00302348747583844
0.5512,-0.00291228089594781,-0.00291299938030534,-0.00119985093990173,-0.00462516980288376,0,
0.550678371907422,,,,,,-0.00295650709720881
0.552,-0.00284587207562769,-0.00284658968382898,-0.00113396007249805,-0.00455830203167377,0,
0.551476456504389,,,,,,-0.0028899408228767
0.5528,-0.00277999958136701,-0.00278070594076385,-0.00106865635095312,-0.00449191158449665,0,
0.552274541101357,,,,,,-0.0028238567694503
0.5536,-0.00271472092227319,-0.00271540852446853,-0.0010039875285549,-0.00442606415268709,0,
0.553072625698324,,,,,,-0.00275831784374185
0.5544,-0.00265008480994373,-0.00265075370126497,-0.00093999690133686,-0.00436081820366203,0,
0.553870710295291,,,,,,-0.00269338243321926
0.5552,-0.00258613558439496,-0.00258677703099213,-0.000876724488949846,-0.00429622349300183,0,
0.554668794892259,,,,,,-0.0026291050931193
0.556,-0.00252291431446953,-0.00252351656842478,-0.000814205091444057,-0.00423232540991464,0,
0.555466879489226,,,,,,-0.00256551124977919
0.5568,-0.00246045660401003,-0.00246100912033595,-0.00075246801349161,-0.0041691658270355,0,
0.556264964086193,,,,,,-0.00250264496032648
0.5576,-0.00239879236595106,-0.00239928380027252,-0.000691538681089304,-0.00410678095646948,0,
0.55706304868316,,,,,,-0.00244053899375351
0.5584,-0.0023379476207325,-0.00233836462703358,-0.000631440642100257,-0.00404520130559426,0,
0.557861133280128,,,,,,-0.0023792203351908
0.5592,-0.0022779466210194,-0.00227827108489854,-0.000572194074428121,-0.209992542651117,0,
0.558659217877095,,,,,,-0.00231871128874943
0.56,-0.00221880993824251,-0.00221901840954014,-0.00051381466467407,-0.211911660331563,0,
0.559457302474062,,,,,,-0.00225902976004387
0.5608,-0.00216055332868292,-0.0021606303655929,-0.000456314317531343,-0.211857037897206,0,
0.56025538707103,,,,,,-0.00220018953871486
0.5616,-0.00210318869212881,-0.00210314610788473,-0.000399705677037755,-0.21180241546285,0,
0.561053471667997,,,,,,-0.00214221888642595
0.5624,-0.00204672939218719,-0.00204657555510274,-0.000343246377096131,-0.211747793028493,0,
0.561851556264964,,,,,,-0.00208516167477114
0.5632,-0.209991185480413,-0.00199092748974961,-0.000286787077154507,-0.211693170594136,0,
0.562649640861931,,,,,,-0.00202901190808255
0.564,-0.209936563046057,-0.00193621754576143,-0.000230327777212883,-0.211638548159779,0,
0.563447725458899,,,,,,-0.00197378508335381
0.5648,-0.209882863031874,-0.00188246173683234,-0.000173868477271259,-0.211584114147094,0,
0.564245810055866,,,,,,-0.00191949673423188
0.5656,-0.209830091150571,-0.00182967695593337,-0.000117409177329642,-0.211530616027003,0,
0.565043894652833,,,,,,-0.00186616292461273
0.5664,-0.209778249489763,-0.00177780914790886,-0.00204537222148802,-0.211478058894914,0.000267563073579161,
0.565841979249801,,,,,,-0.00181380074223706
0.5672,-0.209727337626596,-0.00172684959157313,-0.208028916963734,-0.211426444307836,0.206302067372161,
0.566640063846768,,,,,,-0.00176232534989124
0.568,-0.209677349756436,-0.00167681499418693,-0.207979602354179,-0.211375770419297,0.206302787359992,
0.567438148443735,,,,,,-0.00171176127019041
0.5688,-0.209628285238537,-0.00162770568643688,-0.207931196105316,-0.211326032640795,0.206303490418879,
0.568236233040702,,,,,,-0.00166212167359456
0.5696,-0.209580140266986,-0.00157951552621365,-0.207883693655259,-0.211277229400207,0.206304178129045,
0.56903431763767,,,,,,-0.00161340141997383
0.5704,-0.209532909752492,-0.00153223711602851,-0.207837087426255,-0.211229356364219,0.206304850310226,
0.569832402234637,,,,,,-0.00156559400778397
0.5712,-0.209486584686617,-0.00148586541719206,-0.207791371042391,-0.211182407012854,0.206305505625199,
0.570630486831604,,,,,,-0.00151869174153614
0.572,-0.20944115948189,-0.00144040426938928,-0.207746537800677,-0.211136373126115,0.206306133531288,
0.571428571428571,,,,,,-0.00147269072647998
0.5728,-0.20939662653971,-0.00139584414840625,-0.207702580006278,-0.211091248220923,0.206306735857872,
0.572226656025539,,,,,,-0.0014275979093142
0.5736,-0.209352977673298,-0.00135217596876294,-0.207659488060305,-0.21104702420673,0.206307312091542,
0.573024740622506,,,,,,-0.0013833972398989
0.5744,-0.209310201979097,-0.0013093937108902,-0.207617252947515,-0.211003691592091,0.206307859236625,
0.573822825219473,,,,,,-0.00134008249082016
0.5752,-0.20926829095211,-0.00126749186312184,-0.207575865748386,-0.210961239983692,0.206308373885264,
0.574620909816441,,,,,,-0.0012976477840586
0.576,-0.209227234892268,-0.0012264656380896,-0.207535317034301,-0.210919660095992,0.206308851396212,
0.575418994413408,,,,,,-0.00125608780481831
0.5768,-0.209187023963828,-0.0011862828403716,-0.000996892611432959,-0.210878941821794,0,
0.576217079010375,,,,,,-0.00121539801535579
0.5776,-0.20914764558503,-0.00114692470490873,0.000549457709590858,-0.21083907382379,0,
0.577015163607342,,,,,,-0.00117553605617699
0.5784,-0.20910908996166,-0.00110838848198493,0.00058483508556132,-0.210800044269526,0,
0.57781324820431,,,,,,-0.00113649218162969
0.5792,-0.209071346264144,-0.00107066542581107,0.000620212461531782,-0.210761842563019,0,
0.578611332801277,,,,,,-0.00109826625719449
0.58,-0.209034403691184,-0.00103374365027579,0.000655589837502245,-0.210724457510262,0,
0.579409417398244,,,,,,-0.00106084647495016
0.5808,-0.000998249183919931,-0.000997611352215415,0.000690967213472702,-0.210687514937302,0,
0.580207501995212,,,,,,-0.00102422103620101
0.5816,-0.000962871807949469,-0.00096225659452531,0.000725947916688241,-0.210650572364343,0,
0.581005586592179,,,,,,-0.000988378250660065
0.5824,-0.000928260253018128,-0.000927665727368876,0.000760177099841996,-0.210613629791384,0,
0.581803671189146,,,,,,-0.000953306209662812
0.5832,-0.000894403126396369,-0.000893827829476297,0.000793666425846106,-0.210576687218425,0,
0.582601755786113,,,,,,-0.000918990789033886
0.584,-0.000861287725597433,-0.000860732184909947,0.000826427689078578,-0.209035760263662,0,
0.583399840383081,,,,,,-0.000885422273081931
0.5848,-0.000828902388187576,-0.000828368137403219,0.000858472108871712,-0.00251661780286359,0,
0.584197924980048,,,,,,-0.000852589709023448
0.5856,-0.000797235607884025,-0.000796725602819375,0.000889810888495671,-0.00248461010494331,0,
0.584996009577015,,,,,,-0.000820482641658353
0.5864,-0.000766275755177172,-0.000765795162448213,0.000920455520235003,-0.00245332225155687,0,
0.585794094173982,,,,,,-0.000789091205560339
0.5872,-0.000736010708342697,-0.000735556491210979,0.000950417603207846,-0.00242274198375487,0,
0.58659217877095,,,,,,-0.000758406217267235
0.588,-0.000706428699592138,-0.000705991775984832,0.000979708414845522,-0.00239285701114268,0,
0.587390263367917,,,,,,-0.00072840395091186
0.5888,-0.000677518286431552,-0.000677093849559126,0.00100833907435417,-0.00236365540086921,0,
0.588188347964884,,,,,,-0.000699068643415753
0.5896,-0.000649267996550461,-0.000648852795481258,0.00103632078404793,-0.00233512535733618,0,
0.588986432561852,,,,,,-0.000670395895690508
0.5904,-0.000621666207968613,-0.000621257185665879,0.00106366477174313,-0.00230725498856701,0,
0.589784517158819,,,,,,-0.000642374173253918
0.5912,-0.000594701458965602,-0.000594295867172695,0.0010903820363627,-0.00228003243867734,0,
0.590582601755786,,,,,,-0.000614992187273578
0.592,-0.000568362653167637,-0.000567957997706277,0.00111648335159428,-0.00225344614849593,0,
0.591380686352753,,,,,,-0.000588238929645757
0.5928,-0.000542638741485357,-0.000542233081115884,0.00114197953809401,-0.00222748474624728,0,
0.592178770949721,,,,,,-0.000562103708074264
0.5936,-0.00051751848755617,-0.000517111002895259,0.00116688153205387,-0.00220213676713553,0,
0.592976855546688,,,,,,-0.000536576181149313
0.5944,-0.000492990660823225,-0.000492576774926268,0.00119120005809951,-0.00217739068043326,0,
0.593774940143655,,,,,,-0.000511646393426397
0.5952,-0.000469044630881532,-0.000468621375539732,0.00121494549619146,-0.00215323534980426,0,
0.594573024740622,,,,,,-0.000487298055198452
0.596,-0.000445669704894012,-0.000445236173414489,0.00123812822015149,-0.002129659831967,0,
0.59537110933759,,,,,,-0.000463524277628802
0.5968,-0.000422855337989558,-0.000422411895074897,0.00126075846254969,-0.00210665326303506,0,
0.596169193934557,,,,,,-0.000440316023549725
0.5976,-0.000400591142149631,-0.00040013954207808,0.00128284630596323,-0.00208420494268888,0,
0.596967278531524,,,,,,-0.000417664039143314
0.5984,-0.000378866895094806,-0.000378410546971438,0.00130440167421739,-0.00206230434320767,0,
0.597765363128492,,,,,,-0.000395559476750235
0.5992,-0.000357672549171346,-0.000357216799932204,0.00132543433912292,-0.00204094111848355,0,
0.598563447725459,,,,,,-0.0003739939211934
0.6,-0.000336998189720706,-0.000336550675406995,0.00134595395137954,-0.00202010507801497,0,
0.599361532322426,,,,,,-0.000352959416101632
0.6008,-0.000316834023209156,-0.000316401045918908,0.00136596997748351,-0.0019997861643094,0,
0.600159616919393,,,,,,-0.000332448490233335
0.6016,-0.000297170619850638,-0.000296740836947003,0.0013854916017675,-0.00197997462054331,0,
0.600957701516361,,,,,,-0.000312449182762713
0.6024,-0.000277998678786012,-0.000277569615756226,0.00140452786399691,-0.00196066090040415,0,
0.601755786113328,,,,,,-0.000292930860427089
0.6032,-0.000259309111415099,-0.000258881376187396,0.00142308759907981,-0.00194183565419802,0,
0.602553870710295,,,,,,-0.000273900577138111
0.604,-0.000241093049790455,-0.000240667013344829,0.00144117942869173,-0.00192348976028536,0,
0.603351955307263,,,,,,-0.0002553491925646
0.6048,-0.000223341855011123,-0.000222917547771497,0.00145881175289071,-0.00190561433349331,0,
0.60415003990423,,,,,,-0.000237267691062417
0.6056,-0.000206047125616418,-0.000205624124895614,0.00147599292029721,-0.00188820073351825,0,
0.604948124501197,,,,,,-0.000219647181127593
0.6064,-0.000189199992802935,-0.000188778014477187,0.00149273273684392,-0.00187124003871657,0,
0.605746209098164,,,,,,-0.000202478894849459
0.6072,-0.000172787024636183,-0.000172370610054588,0.00150904239719138,-0.00185471975428304,0,
0.606544293695132,,,,,,-0.000185754187363777
0.608,-0.00015680311376483,-0.000156394218266935,0.00152492766443914,-0.0018386325355924,0,
0.607342378292099,,,,,,-0.000169464536305858
0.6088,-0.000141239898926908,-0.000140841304042289,0.00154039671309281,-0.00182297067713088,0,
0.608140462889066,,,,,,-0.000153602499850855
0.6096,-0.000126089155144651,-0.000125703306227585,0.00155545758780222,-0.00180772576716437,0,
0.608938547486033,,,,,,-0.000138160588175437
0.6104,-0.000111342793208259,-0.000110972230015004,0.00157011820370372,-0.00179288953615513,0,
0.609736632083001,,,,,,-0.000123130083894729
0.6112,-9.69928591596647e-05,-9.6640373159713e-05,0.00158438634676557,-0.00177845385607165,0,
0.610534716679968,,,,,,-0.000108503214453291
0.612,-8.30315337763021e-05,-8.27001872549363e-05,0.00159826967413653,-0.00176441073970153,0,
0.611332801276935,,,,,,-9.42723587748165e-05
0.6128,-6.94511320548666e-05,-6.91442788271404e-05,0.00161177584069065,-0.0017507523399677,0,
0.612130885873903,,,,,,-8.04300483443377e-05
0.6136,-5.62434601467471e-05,-5.59654104312359e-05,0.00162491270663007,-0.00173747043289227,0,
0.61292897047087,,,,,,-6.69689682904289e-05
0.6144,-4.34013604189331e-05,-4.31565017457612e-05,0.00163768734818713,-0.00172455752719576,0,
0.613727055067837,,,,,,-5.3881958467412e-05
0.6152,-3.09174872274042e-05,-3.07039405095913e-05,0.00165010697757222,-0.00171200619583347,0,
0.614525139664804,,,,,,-4.11620145375612e-05
0.616,-1.87845860103168e-05,-1.86008056747285e-05,0.00166217871524566,-0.00169980905080994,0,
0.615323224261772,,,,,,-2.87943773237851e-05
0.6168,-6.99552122445294e-06,-6.84121662478693e-06,0.00167390956754814,-0.00168795882248043,0,
0.616121308858739,,,,,,-1.67736560395196e-05
0.6176,4.45672485277513e-06,4.58227168415563e-06,0.00168530642774721,-0.00167644836391982,0,
0.616919393455706,,,,,,-5.09392954053911e-06
0.6184,1.55790533213374e-05,1.56773616317732e-05,0.00169637607708757,-0.0016652706495731,0,
0.617717478052674,,,,,,6.25246026327755e-06
0.6192,2.63782498565901e-05,2.64517481707825e-05,0.00170712519422637,-0.00165441877390964,0,
0.618515562649641,,,,,,1.72731587764856e-05
0.62,3.68610396609875e-05,3.69131251760028e-05,0.00171756038385498,-0.00164388590470879,0,
0.619313647246608,,,,,,2.79758049918486e-05
0.6208,4.70339775214891e-05,4.70691917934229e-05,0.00172768809377584,-0.0016336653666725,0,
0.620111731843575,,,,,,3.83680377641203e-05
0.6216,5.69035054259417e-05,5.69268639997964e-05,0.00173751466531595,-0.0016237506108284,0,
0.620909816440543,,,,,,4.84575020838117e-05
0.6224,6.64759696658218e-05,6.64818177719125e-05,0.00174704634587039,-0.00161413519022419,0,
0.62170790103751,,,,,,5.82509363067347e-05
0.6232,7.57576083575777e-05,7.57462785740721e-05,0.00175628927843901,-0.00160481276784699,0,
0.622505985634477,,,,,,6.77422664095677e-05
0.624,8.47545527064582e-05,8.47275504863227e-05,0.00176524950276625,-0.00159577711737497,0,
0.623304070231445,,,,,,7.69465122289151e-05
0.6248,9.34728282703277e-05,9.34315794800084e-05,0.00177393295648416,-0.00158702212178946,0,
0.624102154828412,,,,,,8.58697212397036e-05
0.6256,0.000101918356223496,0.000101864140403644,0.0017823454491798,-0.00157854177199034,0,
0.624900239425379,,,,,,9.45177750369412e-05
0.6264,0.000110096732065444,0.000110030832769556,0.00179049251041788,-0.00157033036089086,0,
0.625698324022346,,,,,,0.000102896385172322
0.6272,0.000118013557056361,0.000117937076540529,0.0017983796872942,-0.00156238222129607,0,
0.626496408619314,,,,,,0.000111011088990831
0.628,0.000125674530086545,0.000125588107916452,0.00180601258709176,-0.00155469160015129,0,
0.627294493216281,,,,,,0.000118867245467349
0.6288,0.000133085108643725,0.000132990617655498,0.00181339659515443,-0.00154725294836149,0,
0.628092577813248,,,,,,0.000126470031043258
0.6296,0.000140250644893203,0.000140152377381396,0.00182053699441719,-0.0015400608416175,0,
0.628890662410216,,,,,,0.000133826288502915
0.6304,0.000147176386558567,0.000147076716159319,0.00182743896618923,-0.00153310996296542,0,
0.629688747007183,,,,,,0.000140943850247381
0.6312,0.000153867477802409,0.0001537684755667,0.00183410759093969,-0.00152639510182826,0,
0.63048683160415,,,,,,0.000147825432285013
0.632,0.000160328960107041,0.000160232653591671,0.00184054786363592,-0.00151991115303024,0,
0.631284916201117,,,,,,0.000154476107398808
0.6328,0.000166565929946682,0.000166474122642423,0.00184676483057927,-0.00151365297358219,0,
0.632083000798085,,,,,,0.000160900824131914
0.6336,0.000172583493342963,0.000172497629381186,0.00185276350312301,-0.00150761540728963,0,
0.632881085395052,,,,,,0.000167104406623575
0.6344,0.000178386238583737,0.000178307794558204,0.00185854843522808,-0.00150179377119631,0,
0.633679169992019,,,,,,0.000173091554445078
0.6352,0.000183978869722985,0.000183909112845709,0.00186412427963082,-0.00149618332692136,0,
0.634477254588986,,,,,,0.000178866842435695
0.636,0.000189366000603538,0.00018930598805974,0.00186949560101974,-0.0014907794093043,0,
0.635275339185954,,,,,,0.000184434720538625
0.6368,0.000194552156167887,0.000194502670310531,0.00187466687726624,-0.00148557744424831,0,
0.636073423782921,,,,,,0.000189799552610338
0.6376,0.00019954177376899,0.000199503267416688,0.00187964250065777,-0.00148057294732936,0,
0.636871508379888,,,,,,0.00019496554305431
0.6384,0.000204339204481084,0.000204311774184062,0.00188442678494147,-0.00147576152240769,0,
0.637669592976856,,,,,,0.000199936757298808
0.6392,0.000208948799087913,0.000208932060825536,0.00188902406381427,-0.00147113878137248,0,
0.638467677573823,,,,,,0.00020471715162273
0.64,0.000213375202544835,0.000213367871407023,0.00189343889480773,-0.00146670006218152,0,
0.63926576217079,,,,,,0.000209310557467113
0.6408,0.000217622277320557,0.000217622823725718,0.00189767512348001,-0.00146244141494234,0,
0.640063846767757,,,,,,0.000213720681314842
0.6416,0.000221694116866688,0.00022170040918836,0.00190173680719421,-0.00145835872929277,0,
0.640861931364725,,,,,,0.000217951104570345
0.6424,0.000225594744337728,0.000225603992689497,0.00190562793456304,-0.0014544479459898,0,
0.641660015961692,,,,,,0.000222005283439306
0.6432,0.000229328114409799,0.000229343025806482,0.00190935242720392,-0.00145070507581551,0,
0.642458100558659,,,,,,0.000225886548808364
0.644,0.000232898115099375,0.000232918221954372,0.00191291414149636,-0.00144712619769474,0,
0.643256185155627,,,,,,0.000229604789985342
0.6448,0.000236308569582018,0.00023633284784816,0.00191631687034152,-0.00144370745681497,0,
0.644054269752594,,,,,,0.000233159974501469
0.6456,0.000239563238011109,0.000239590613521368,0.00191956433484947,-0.0014404450627484,0,
0.644852354349561,,,,,,0.000236555600942705
0.6464,0.000242665601122292,0.000242695217836085,0.00192266000359708,-0.00143733549571607,0,
0.645650438946528,,,,,,0.000239795366718391
0.6472,0.000245619401321092,0.000245650337067957,0.00192560758642356,-0.0014343750011537,0,
0.646448523543496,,,,,,0.000242882942439955
0.648,0.000248428195565083,0.000248459629709043,0.00192841061480867,-0.00143155998953739,0,
0.647246608140463,,,,,,0.000245821976666805
0.6488,0.000251095478911742,0.000251126741270646,0.0019310725595637,-0.00142888694033185,0,
0.64804469273743,,,,,,0.000248616100652226
0.6496,0.000253624688745735,0.000253654830488782,0.00193359683489182,-0.00142635239190622,0,
0.648842777334397,,,,,,0.000251268933089272
0.6504,0.00025601920640434,0.000256045960535964,0.00193598679996849,-0.00142395293974175,0,
0.649640861931365,,,,,,0.000253783580432769
0.6512,0.000258282358802864,0.000258304565848049,0.00193824576052344,-0.00142168523476129,0,
0.650438946528332,,,,,,0.000256162028817121
0.652,0.00026041742006006,0.000260434077792827,0.00194037695598666,-0.00141954598166051,0,
0.651237031125299,,,,,,0.000258408816810963
0.6528,0.000262427130431947,0.000262437846556058,0.00194238312553311,-0.00141753240549466,0,
0.652035115722267,,,,,,0.000260527290641364
0.6536,0.000264314737595456,0.000264319204101395,0.00194426749646637,-0.00141564125750571,0,
0.652833200319234,,,,,,0.000262520775527314
0.6544,0.000266083387721856,0.000266081467317229,0.00194603319444654,-0.00141386937114906,0,
0.653631284916201,,,,,,0.000264392578789263
0.6552,0.000267736072302006,0.000267727941163551,0.00194768319421069,-0.00141221373442268,0,
0.654429369513168,,,,,,0.000266145992958663
0.656,0.000269275727497366,0.000269261921818803,0.00194922041595105,-0.00141067139441132,0,
0.655227454110136,,,,,,0.000267784298887504
0.6568,0.000270705235209548,0.000270685045309466,0.00195064772635206,-0.00140923945324413,0,
0.656025538707103,,,,,,0.000269310768857854
0.6576,0.000272027424149858,0.000271999663639486,0.00195196793962861,-0.00140791506699265,0,
0.65682362330407,,,,,,0.000270726964706589
0.6584,0.000273245070908847,0.000273209768268979,0.0019531838158859,-0.0014066954445699,0,
0.657621707901037,,,,,,0.000272035248971492
0.6592,0.000274360739655881,0.00027431827618075,0.00195429790841573,-0.00140557800532117,0,
0.658419792498005,,,,,,0.000273239637094428
0.66,0.000275377047179919,0.000275328030385486,0.00195531282319499,-0.00140456012157993,0,
0.659217877094972,,,,,,0.000274342991315297
0.6608,0.000276296668386696,0.000276241833563721,0.00195623122191649,-0.00140363910762837,0,
0.660015961691939,,,,,,0.000275348133223653
0.6616,0.00027712214248324,0.000277062448797684,0.0019570556325509,-0.00140281241104656,0,
0.660814046288907,,,,,,0.000276257844481865
0.6624,0.000277855957028384,0.00027779260030314,0.00195778853199034,-0.00140207753303928,0,
0.661612130885874,,,,,,0.000277074867548293
0.6632,0.000278500548745528,0.000278434974161238,0.00195843234683696,-0.00140143202621643,0,
0.662410215482841,,,,,,0.000277801906400448
0.664,0.000279058304335392,0.000278990271387162,0.00195898945419239,-0.00140087349375604,0,
0.663208300079808,,,,,,0.000278441627258158
0.6648,0.000279531561288776,0.000279461627821344,0.00195946218265075,-0.00140039958856822,0,
0.664006384676776,,,,,,0.000278994695936589
0.6656,0.000279922643550141,0.00027985165573338,0.00195985284746943,-0.00140000797781184,0,
0.664804469273743,,,,,,0.000279464257365345
0.6664,0.000280233840211317,0.000280162849857566,0.00196016372915245,-0.00139969636370797,0,
0.66560255387071,,,,,,0.000279852899387852
0.6672,0.000280467318389983,0.000280396523005018,0.00196039698728539,-0.00139946257055115,0,
0.666400638467678,,,,,,0.000280162849857566
0.667198723064645,,,,,,0.000280396268640177
0.668,0.000280625239732162,0.000280555592898853,0.00196055477616786,-0.00139930442916324,0,
0.667996807661612,,,,,,0.000280555246665595
0.6688,0.000280709722342736,0.000280641907948375,0.00196063919742416,-0.00139921975273869,0,
0.668794892258579,,,,,,0.000280641804979942
0.6696,0.000280722841683602,0.000280657432733291,0.00196065233049921,-0.00139920664713201,0,
0.669592976855547,,,,,,0.000280657893797539
0.6704,0.000280666631471838,0.000280604175671272,0.00196059613831013,-0.0013992629654316,0,
0.670391061452514,,,,,,0.000280605500133076
0.6712,0.000280543084577858,0.000280484758151955,0.00196047268148129,-0.00139938666432443,0,
0.671189146049481,,,,,,0.000280487244614859
0.672,0.000280354162302903,0.000280300486318428,0.00196028391120519,-0.00139957579485567,0,
0.671987230646448,,,,,,0.00028030441646011
0.6728,0.000280101813137142,0.000280053138680596,0.00196003177029571,-0.00139982840344178,0,
0.672785315243416,,,,,,0.000280058782604999
0.6736,0.000279787894762356,0.000279744430740983,0.00195971811134128,-0.00140014262736832,0,
0.673583399840383,,,,,,0.00027975204758309
0.6744,0.000279414251617415,0.000279376014717155,0.00195934477374809,-0.00140051661750702,0,
0.67438148443735,,,,,,0.000279385853251047
0.6752,0.000278982692540324,0.000278949479264132,0.00195891356166476,-0.00140094856059441,0,
0.675179569034318,,,,,,0.000278961778514344
0.676,0.000278494991706973,0.000278466349196807,0.0019584262448417,-0.00140143667827977,0,
0.675977653631285,,,,,,0.000278481339052971
0.6768,0.000277952889569886,0.000277928114899605,0.00195788455955663,-0.00140197922617365,0,
0.676775738228252,,,,,,0.000277945987047143
0.6776,0.000277358093796971,0.000277337161274057,0.0019572902095405,-0.00140257449293324,0,
0.677573822825219,,,,,,0.000277358087457069
0.6784,0.000276712276429553,0.000276695891359568,0.00195664486315976,-0.00140322080491869,0,
0.678371907422187,,,,,,0.000276720094072532
0.6792,0.000276016895902299,0.000276004855998937,0.00195594997725054,-0.00140391669771864,0,
0.679169992019154,,,,,,0.000276032516999701
0.68,0.000275273659200063,0.000275265560631881,0.001955207252821,-0.00140466046240523,0,
0.679968076616121,,,,,,0.000275296852085757
0.6808,0.000274484128263347,0.000274479481040579,0.00195441824986864,-0.00140545053419666,0,
0.680766161213089,,,,,,0.000274514565738865
0.6816,0.000273649833870529,0.000273648064879273,0.00195358449633053,-0.00140628537965221,0,
0.681564245810056,,,,,,0.00027368709643965
0.6824,0.000272772276409777,0.000272772733203888,0.00195270748993251,-0.00140716349589098,0,
0.682362330407023,,,,,,0.000272815856252667
0.6832,0.000271852926650965,0.00027185488200164,0.00195178869895172,-0.0014080834098109,0,
0.68316041500399,,,,,,0.000271902232337877
0.684,0.000270893226517589,0.000270895905063594,0.00195082956297945,-0.00140904367730817,0,
0.683958499600958,,,,,,0.000270947588462124
0.6848,0.00026989458985868,0.000269897543053895,0.00194983149368444,-0.00141004288528112,0,
0.684756584197925,,,,,,0.000269953676951919
0.6856,0.000268858222687656,0.000268861107863205,0.00194879569782746,-0.00141107982255774,0,
0.685554668794892,,,,,,0.000268921803826466
0.6864,0.000267785526893957,0.000267787859030526,0.00194772357213935,-0.00141215308607734,0,
0.68635275339186,,,,,,0.000267853212923984
0.6872,0.000266677837485286,0.000266679163649566,0.00194661645045658,-0.00141326133971155,0,
0.687150837988827,,,,,,0.000266749262020971
0.688,0.000265536432657231,0.000265536381418222,0.00194547560985407,-0.00141440330382967,0,
0.687948922585794,,,,,,0.000265611301446214
0.6888,0.000264362562623155,0.000264360866589762,0.00194430229911006,-0.00141557772689778,0,
0.688747007182761,,,,,,0.000264440676008839
0.6896,0.000263157450190076,0.000263153969924012,0.00194309773971101,-0.00141678338489645,0,
0.689545091779729,,,,,,0.000263238726926359
0.6904,0.000261922291334531,0.000261917038704527,0.00194186312642106,-0.00141801908073874,0,
0.690343176376696,,,,,,0.000262006793752716
0.6912,0.000260658255778457,0.000260651267674216,0.00194059962785173,-0.00141928364454562,0,
0.691141260973663,,,,,,0.000260746189143307
0.692,0.000259366442971316,0.000259356440090912,0.0019393083432954,-0.00142057597532375,0,
0.691939345570631,,,,,,0.000259456495269783
0.6928,0.000258047961559701,0.000258034752496626,0.00193799037985477,-0.00142189496318327,0,
0.692737430167598,,,,,,0.000258139979758318
0.6936,0.000256703916356351,0.000256687364571151,0.00193664684109932,-0.00142323950295805,0,
0.693535514764565,,,,,,0.000256797795297961
0.6944,0.000255335367614223,0.000255315419699928,0.00193527878692862,-0.00142460853374546,0,
0.694333599361532,,,,,,0.000255431078381986
0.6952,0.000253943350957402,0.000253920045666237,0.00193388725231708,-0.00142600101934408,0,
0.6951316839585,,,,,,0.000254040949991865
0.696,0.000252528877891092,0.000252502355343383,0.00193247324819257,-0.00142741594773913,0,
0.695929768555467,,,,,,0.000252628516281255
0.6968,0.000251092936311582,0.000251063447386886,0.0019310377619418,-0.00142885233058812,0,
0.696727853152434,,,,,,0.000251194869259977
0.6976,0.000249636491016239,0.000249604387419242,0.00192958175791594,-0.00143030920262704,0,
0.697525937749401,,,,,,0.000249741087477995
0.6984,0.000248160487840954,0.000248126010979863,0.00192810618148423,-0.00143178561767826,0,
0.698324022346369,,,,,,0.000248268026500051
0.6992,0.000246665850856072,0.000246628975298857,0.00192661195637529,-0.00143328065153034,0,
0.699122106943336,,,,,,0.000246776266834212
0.7,0.000245153476245443,0.000245114575453471,0.00192509997863185,-0.00143479340768729,0,
0.699920191540303,,,,,,0.000245267132250654
0.7008,0.000243624242724452,0.000243583757628546,0.00192357112665719,-0.00143632300724143,0,
0.700718276137271,,,,,,0.000243741564278821
0.7016,0.000242079008610462,0.000242037447086251,0.00192202625857635,-0.00143786859172391,0,
0.701516360734238,,,,,,0.000242200483709732
0.7024,0.000240518612340809,0.000240476548309369,0.00192046621267518,-0.0014394293225836,0,
0.702314445331205,,,,,,0.000240644790737578
0.7032,0.000238943872990803,0.000238901945144586,0.00191889180791521,-0.00144100438066609,0,
0.703112529928172,,,,,,0.000239075365101299
0.704,0.000237355590791722,0.000237314500945776,0.00191730384444862,-0.00144259296591362,0,
0.70391061452514,,,,,,0.00023749306622618
0.7048,0.000235754538386765,0.000235714966087608,0.0019157030950921,-0.00144419430616237,0,
0.704708699122107,,,,,,0.000235898733365432
0.7056,0.000234141450097475,0.000234103421528272,0.00191409029464661,-0.00144580766601335,0,
0.705506783719074,,,,,,0.000234292376041799
0.7064,0.000232517088496491,0.000232480548685267,0.00191246620460731,-0.00144743228343668,0,
0.706304868316041,,,,,,0.000232674614795846
0.7072,0.000230882178072003,0.00023084739435957,0.00191083155000518,-0.00144906743401795,0,
0.707102952913009,,,,,,0.000231046543398379
0.708,0.00022923742635901,0.000229204602397081,0.00190918703844897,-0.00145071241031674,0,
0.707901037509976,,,,,,0.000229408804592389
0.7088,0.000227583524419819,0.000227552787944687,0.00190753336109557,-0.00145236652138405,0,
0.708699122106943,,,,,,0.000227762012694744
0.7096,0.000225921147324532,0.000225892537450265,0.0019058711931284,-0.00145402909227992,0,
0.709497206703911,,,,,,0.000226106753596192
0.7104,0.000224250954631539,0.000224224408662679,0.00190420119423599,-0.00145569946372646,0,
0.710295291300878,,,,,,0.000224443584761358
0.7112,0.000222573585442081,0.000222548930631781,0.00190252400380008,-0.00145737699907942,0,
0.711093375897845,,,,,,0.000222773035228747
0.712,0.000220889572640896,0.000220866852952877,0.00190084015716239,-0.00145906116199187,0,
0.711891460494812,,,,,,0.000221095605610741
0.7128,0.00021919958048812,0.000219180124383212,0.00189915031512089,-0.00146075128992133,0,
0.71268954509178,,,,,,0.000219413600773507
0.7136,0.000217504198133657,0.000217488465188017,0.0018974550685431,-0.00146244679395034,0,
0.713487629688747,,,,,,0.000217726632635541
0.7144,0.000215803999936323,0.000215792300180309,0.00189575499202032,-0.00146414709996191,0,
0.714285714285714,,,,,,0.000216035102468466
0.7152,0.000214099545853173,0.000214092176133427,0.00189405064575141,-0.00146585164824879,0,
0.715083798882682,,,,,,0.000214339555763458
0.716,0.00021239138182883,0.000212388621477506,0.00189234257593079,-0.00146755989312286,0,
0.715881883479649,,,,,,0.000212640519842912
0.7168,0.000210680040184822,0.000210682146299484,0.00189063131513652,-0.00146927130252464,0,
0.716679968076616,,,,,,0.000210938503860442
0.7176,0.000208966040008902,0.000208973242343097,0.00188891738271837,-0.00147098535948537,0,
0.717478052673583,,,,,,0.000209233998800883
0.7184,0.000207249815006223,0.000207262383008881,0.00188720121450049,-0.00147270162815897,0,
0.718276137270551,,,,,,0.000207527477480292
0.7192,0.000205531880938321,0.000205550023354173,0.00188548332410351,-0.00147441959367303,0,
0.719074221867518,,,,,,0.000205819394545944
0.72,0.000203812717274303,0.000203836600093108,0.00188376419188565,-0.00147613877707679,0,
0.719872306464485,,,,,,0.000204110186476334
0.7208,0.000202092782203325,0.000202122531596623,0.00188204427655442,-0.00147785872049096,0,
0.720670391061452,,,,,,0.000202400271581177
0.7216,0.000200372521193758,0.000200408217892453,0.00188032402388804,-0.00147957897875826,0,
0.72146847565842,,,,,,0.000200690050001411
0.7224,0.000198652367308064,0.000198694040665133,0.00187860386726008,-0.0014812991191277,0,
0.722266560255387,,,,,,0.000198979903709191
0.7232,0.000196932741517679,0.000196980363256,0.00187688422795344,-0.00148301872093897,0,
0.723064644852354,,,,,,0.000197270196507893
0.724,0.000195214053017895,0.000195267530663188,0.00187516551547455,-0.00148473737609336,0,
0.723862729449322,,,,,,0.000195561274032113
0.7248,0.000193496668766151,0.000193555869541633,0.00187344809787741,-0.00148645471724245,0,
0.724660814046289,,,,,,0.000193853463747669
0.7256,0.000191780971870431,0.000191845829521546,0.00187173235787903,-0.00148817036135724,0,
0.725458898643256,,,,,,0.000192147074951596
0.7264,0.000190067343472536,0.000190138422880338,0.0018700186767002,-0.00148988392790414,0,
0.726256983240223,,,,,,0.0001904431980848
0.7272,0.000188356142212072,0.000188434075559831,0.00186830741358875,-0.00149159505856233,0,
0.727055067837191,,,,,,0.000188742443595618
0.728,0.000186647715718644,0.000186732486547626,0.00186659891649304,-0.00149330340601775,0,
0.727853152434158,,,,,,0.000187044381724544
0.7288,0.000184942400884349,0.000185033941724707,0.00186489352262074,-0.00149500863369014,0,
0.728651237031125,,,,,,0.000185349299241292
0.7296,0.000183240524136258,0.000183338710975146,0.00186319155871075,-0.00149671041546011,0,
0.729449321628093,,,,,,0.000183657467070771
0.7304,0.000181542401708901,0.000181647048186105,0.00186149334130527,-0.00149840843539621,0,
0.73024740622506,,,,,,0.000181969140293094
0.7312,0.00017984833991676,0.000179959191247835,0.00185979917702187,-0.00150010238748207,0,
0.731045490822027,,,,,,0.00018028455814357
0.732,0.000178158635426748,0.000178275362053676,0.00185810936282558,-0.00150179197534358,0,
0.731843575418994,,,,,,0.000178603944012708
0.7328,0.000176473575530698,0.000176595766500056,0.00185642418630102,-0.00150347691197606,0,
0.732641660015962,,,,,,0.000176927505446217
0.7336,0.00017479343841785,0.000174920594486494,0.00185474392592461,-0.00150515691947152,0,
0.733439744612929,,,,,,0.000175255434145004
0.7344,0.000173118493447335,0.000173250019915597,0.0018530688513367,-0.00150683172874585,0,
0.734237829209896,,,,,,0.000173587905965175
0.7352,0.000171449001420666,0.00017158420069306,0.00185139922361385,-0.00150850107926618,0,
0.735035913806864,,,,,,0.000171925080918037
0.736,0.000169785214854217,0.000169923278727669,0.00184973529554106,-0.00151016471877811,0,
0.735833998403831,,,,,,0.000170267103170094
0.7368,0.000168127378251714,0.000168267379931299,0.00184807731188405,-0.00151182240320585,0,
0.736632083000798,,,,,,0.000168614101043051
0.7376,0.000166475721349671,0.000166616614218912,0.00184642550280723,-0.00151347390324502,0,
0.737430167597765,,,,,,0.00016696618701381
0.7384,0.000164830458822439,0.00016497107550856,0.00184478008341713,-0.00151511900378661,0,
0.738228252194733,,,,,,0.000165323457714475
0.7392,0.000163191825682409,0.000163330944493882,0.00184314128829146,-0.00151675747040369,0,
0.7390263367917,,,,,,0.000163685993932345
0.74,0.000161560035697023,0.000161697913313741,0.00184150933178312,-0.00151838908955795,0,
0.739824421388667,,,,,,0.000162054332909995
0.7408,0.000159935295856919,0.000160075457431216,0.00183988442111189,-0.00152001365448061,0,
0.740622505985635,,,,,,0.000160434243836114
0.7416,0.000158317806643405,0.000158459909889116,0.00183826675698093,-0.00152163096490479,0,
0.741420590582602,,,,,,0.00015882099561265
0.7424,0.00015670776229593,0.000156851423569328,0.00183665653384412,-0.00152324082679807,0,
0.742218675179569,,,,,,0.000157214742394084
0.7432,0.000155105351079547,0.000155250140766677,0.00183505394017355,-0.00152484305209498,0,
0.743016759776536,,,,,,0.000155615627848506
0.744,0.000153510755552389,0.000153656193188924,0.00183345915872692,-0.00152643745842951,0,
0.743814844373504,,,,,,0.000154023785157614
0.7448,0.000151924152833138,0.000152069701956769,0.00183187236681504,-0.00152802386886767,0,
0.744612928970471,,,,,,0.00015243933701671
0.7456,0.000150345714868492,0.000150490777603849,0.0018302937365693,-0.00152960211164003,0,
0.745411013567438,,,,,,0.000150862395634707
0.7464,0.000148775608700639,0.00014891952007674,0.00182872343520916,-0.0015311720198743,0,
0.746209098164405,,,,,,0.000149293062734123
0.7472,0.000147213996734724,0.000147356018734955,0.00182716162530966,-0.0015327334313279,0,
0.747007182761373,,,,,,0.000147731429551083
0.748,0.000145661037006321,0.000145800352350944,0.00182560846506894,-0.00153428618812055,0,
0.74780526735834,,,,,,0.00014617757683532
0.7488,0.000144116883448898,0.000144252589110097,0.00182406410857577,-0.00153583013646692,0,
0.748603351955307,,,,,,0.000144631574850174
0.7496,0.000142581686161297,0.00014271278661074,0.00182252870607712,-0.0015373651264092,0,
0.749401436552275,,,,,,0.000143093483372591
0.7504,0.000141055591675193,0.000141180991864136,0.00182100240424569,-0.00153889102658425,0,
0.750199521149242,,,,,,0.000141563351693125
0.7512,0.000139538077325201,0.000139657241294487,0.00181948469558464,-0.00154040833535303,0,
0.750997605746209,,,,,,0.000140041218615938
0.752,0.000138029693896433,0.000138141560738935,0.00181797610657467,-0.00154191651075973,0,
0.751795690343176,,,,,,0.000138527112458798
0.7528,0.000136530606408773,0.000136633965447554,0.00181647681106494,-0.00154341538918578,0,
0.752593774940144,,,,,,0.000137021051053081
0.7536,0.000135040919758103,0.000135135538241609,0.00181498691535266,-0.00154490486587701,0,
0.753391859537111,,,,,,0.000135523041743768
0.7544,0.000133560734405734,0.000133649087903352,0.00181350652004085,-0.00154638484050749,0,
0.754189944134078,,,,,,0.000134037215431807
0.7552,0.000132090146574205,0.0001321734030515,0.00181203572148743,-0.00154785521698379,0,
0.754988028731046,,,,,,0.000132562566767465
0.756,0.000130629248443094,0.000130707211150501,0.00181057461200109,-0.00154931590324929,0,
0.755786113328013,,,,,,0.000131097341933258
0.7568,0.000129178128344827,0.000129250600317495,0.00180912328003721,-0.00155076681108844,0,
0.75658419792498,,,,,,0.0001296416300573
0.7576,0.000127736870960481,0.000127803652498891,0.00180768181039375,-0.00155220785593106,0,
0.757382282521947,,,,,,0.000128195514155653
0.7584,0.000126305557515594,0.000126366443470373,0.00180625028440714,-0.00155363895665661,0,
0.758180367118915,,,,,,0.00012675907113233
0.7592,0.00012488426597597,0.0001249390428369,0.00180482878014817,-0.00155506003539851,0,
0.758978451715882,,,,,,0.00012533237177929
0.76,0.000123473071243491,0.000123521514032703,0.00180341737261797,-0.00155647101734844,0,
0.759776536312849,,,,,,0.000123915480776445
0.7608,0.000122072045351915,0.000122113914321285,0.00180201613394385,-0.00155787183056066,0,
0.760574620909816,,,,,,0.000122508456691652
0.7616,0.000120681257662695,0.000120716294795424,0.00180062513357527,-0.00155926240575629,0,
0.761372705506784,,,,,,0.00012111135198072
0.7624,0.000119300775060775,0.000119328700377171,0.00179924443847976,-0.00156064267612767,0,
0.762170790103751,,,,,,0.000119724212987405
0.7632,0.000117930662150404,0.00011795116981785,0.00179787411333885,-0.00156201258351831,0,
0.762968874700718,,,,,,0.000118347079943414
0.764,0.000116570666390269,0.00011658373569806,0.00179651391205899,-0.00156337237578699,0,
0.763766959297686,,,,,,0.000116979986968402
0.7648,0.000115220762637611,0.000115226424427671,0.00179516380481487,-0.00156472207188093,0,
0.764565043894653,,,,,,0.000115622962069972
0.7656,0.00011388123594607,0.000113879256245828,0.00179382407046461,-0.00156606139181212,0,
0.76536312849162,,,,,,0.000114276027143679
0.7664,0.00011255212191308,0.000112542245220949,0.00179249474967127,-0.00156739030005436,0,
0.766161213088587,,,,,,0.000112939197973024
0.7672,0.000111233453348743,0.000111215577594263,0.00179117587531618,-0.00156870876386417,0,
0.766959297685555,,,,,,0.000111612484229458
0.768,0.000109925260427488,0.000109900105549011,0.0017898674776404,-0.0015700167531292,0,
0.767757382282522,,,,,,0.000110296480797113
0.7688,0.000108627570839746,0.000108596369445102,0.00178856958439644,-0.00157131424021669,0,
0.768555466879489,,,,,,0.000108992614849409
0.7696,0.000107340409943615,0.000107303331270927,0.00178728222100005,-0.00157260119982187,0,
0.769353551476456,,,,,,0.000107699385723081
0.7704,0.000106063800916527,0.000106021022437742,0.00178600541068201,-0.00157387760881647,0,
0.770151636073424,,,,,,0.000106416825968699
0.7712,0.000104797764906916,0.000104749469900287,0.00178473917463992,-0.00157514344609711,0,
0.770949720670391,,,,,,0.000105144963722695
0.772,0.000103542321185886,0.000103488696156788,0.00178348353218991,-0.00157639869243376,0,
0.771747805267358,,,,,,0.000103883822707364
0.7728,0.000102297487298879,0.000102238719248958,0.00178223850091853,-0.00157764333031821,0,
0.772545889864326,,,,,,0.00010263342223086
0.7736,0.000101063279217341,0.000100999552761995,0.00178100409683443,-0.00157887734381248,0,
0.773343974461293,,,,,,0.0001013937771872
0.7744,9.98397114903927e-05,9.97712058245826e-05,0.00177978033452021,-0.0015801007183973,0,
0.77414205905826,,,,,,0.000100164898056263
0.7752,9.86267973964933e-05,9.85536831088913e-05,0.00177856722728418,-0.00158131344082054,0,
0.774940143655227,,,,,,9.8946790903788e-05
0.776,9.74245490951101e-05,9.73469848305767e-05,0.00177736478731215,-0.00158251550050006,0,
0.775738228252195,,,,,,9.7739457381378e-05
0.7768,9.62328901244453e-05,9.61511067487807e-05,0.00177617293971961,-0.00158370698148496,0,
0.776536312849162,,,,,,9.6542894726496e-05
0.7776,9.50513103892439e-05,9.49660401661311e-05,0.00177499118199865,-0.00158488837701163,0,
0.777334397446129,,,,,,9.53570957624668e-05
0.7784,9.38802536307297e-05,9.37917719287414e-05,0.00177381994103161,-0.00158605925142408,0,
0.778132482043097,,,,,,9.41820488984773e-05
0.7792,9.27197074224749e-05,9.26282844262114e-05,0.00177265921247728,-0.00158721961717368,0,
0.778930566640064,,,,,,9.30177381295757e-05
0.78,9.15696575396002e-05,9.14755555916261e-05,0.00177150898213576,-0.00158836948850727,0,
0.779728651237031,,,,,,9.18641430366718e-05
0.7808,9.04300880692611e-05,9.03335589015572e-05,0.00177036923411614,-0.00158950888135677,0,
0.780526735833998,,,,,,9.07212387865374e-05
0.7816,8.9300981521133e-05,8.92023928435912e-05,0.00176923995094716,-0.00159063781322873,0,
0.781324820430966,,,,,,8.95889961318056e-05
0.7824,8.81823189378966e-05,8.80821930412483e-05,0.00176812111368776,-0.00159175630309403,0,
0.782122905027933,,,,,,8.84677568968454e-05
0.7832,8.70740800057222e-05,8.69727555775358e-05,0.00176701270203765,-0.00159286437127739,0,
0.7829209896249,,,,,,8.73572619210473e-05
0.784,8.59762431647569e-05,8.58740042605472e-05,0.00176591469444787,-0.00159396203934702,0,
0.783719074221867,,,,,,8.62574154007055e-05
0.7848,8.48887857196084e-05,8.47858992319032e-05,0.00176482706823139,-0.00159504933000425,0,
0.784517158818835,,,,,,8.51681792070743e-05
0.7856,8.38116839498312e-05,8.37083964879757e-05,0.00176374979967369,-0.00159612626697306,0,
0.785315243415802,,,,,,8.40895111055759e-05
0.7864,8.27449132204117e-05,8.26414478798887e-05,0.0017626828641433,-0.00159719287488974,0,
0.786113328012769,,,,,,8.30213647557999e-05
0.7872,8.16884480922529e-05,8.15850011135172e-05,0.00176162623620241,-0.0015982491791925,0,
0.786911412609737,,,,,,8.19636897115037e-05
0.788,8.0642262432661e-05,8.05389997494882e-05,0.00176057988971741,-0.00159929520601101,0,
0.787709497206704,,,,,,8.0916431420612e-05
0.7888,7.96063295258298e-05,7.95033832031802e-05,0.00175954379796951,-0.00160033098205608,0,
0.788507581803671,,,,,,7.98795312252172e-05
0.7896,7.85806221833264e-05,7.84780867447233e-05,0.00175851793376524,-0.00160135653927934,0,
0.789305666400638,,,,,,7.88529263615793e-05
0.7904,7.75647972580263e-05,7.74630414989991e-05,0.00175750195872069,-0.0016023722141191,0,
0.790103750997606,,,,,,7.7836549960126e-05
0.7912,7.65589495865732e-05,7.64581744456408e-05,0.0017564959609637,-0.00160337791250379,0,
0.790901835594573,,,,,,7.68303310454522e-05
0.792,7.55631252297294e-05,7.54634084190333e-05,0.00175549998732009,-0.0016043735896891,0,
0.79169992019154,,,,,,7.58341945363209e-05
0.7928,7.45772819153047e-05,7.44786621083129e-05,0.00175451399683414,-0.00160535928794074,0,
0.792498004788508,,,,,,7.48480612456623e-05
0.7936,7.36013765214157e-05,7.35038500573678e-05,0.00175353794637746,-0.00160633505037246,0,
0.793296089385475,,,,,,7.38718478805742e-05
0.7944,7.26353651608098e-05,7.25388826648376e-05,0.00175257179205469,-0.00160730092086183,0,
0.794094173982442,,,,,,7.29054670423223e-05
0.7952,7.16792032651883e-05,7.15838808150668e-05,0.00175161548928782,-0.00160825694396593,0,
0.794892258579409,,,,,,7.19488272263393e-05
0.796,7.07328456695313e-05,7.06392438230063e-05,0.00175066899290065,-0.00160920316483717,0,
0.795690343176377,,,,,,7.10023894377696e-05
0.7968,6.97962466964208e-05,6.97048757559097e-05,0.00174973225720312,-0.00161013962913897,0,
0.796488427773344,,,,,,7.0066447131679e-05
0.7976,6.88693602403645e-05,6.878031398861e-05,0.00174880523607575,-0.00161106638296152,0,
0.797286512370311,,,,,,6.91402909437456e-05
0.7984,6.79521398521202e-05,6.78654891752992e-05,0.00174788788305401,-0.00161198347273753,0,
0.798084596967279,,,,,,6.82238526669241e-05
0.7992,6.70445388230184e-05,6.69603303419163e-05,0.00174698015141267,-0.00161289094515794,0,
0.798882681564246,,,,,,6.73170624553226e-05
0.8,6.61465102692876e-05,6.60647649531581e-05,0.00174608199425025,-0.0016137888470877,0,
0.799680766161213,,,,,,6.64198488904174e-05
0.8008,6.52580072163771e-05,6.5178718979489e-05,0.00174519336457336,-0.00161467722548145,0,
0.80047885075818,,,,,,6.55321390472692e-05
0.8016,6.43789826832813e-05,6.43021169641511e-05,0.00174431421538111,-0.00161555612729932,0,
0.801276935355148,,,,,,6.46538585607381e-05
0.8024,6.35093897668631e-05,6.34348820901742e-05,0.00174344449974947,-0.00161642560084717,0,
0.802075019952115,,,,,,6.37849316916992e-05
0.8032,6.26490704514003e-05,6.25769362473857e-05,0.00174258406106543,-0.0016172858042546,0,
0.802873104549082,,,,,,6.29252813932585e-05
0.804,6.17978525657838e-05,6.17282000994216e-05,0.00174173272727179,-0.00161813690613775,0,
0.80367118914605,,,,,,6.20748293769677e-05
0.8048,6.09558420184389e-05,6.08885931507354e-05,0.00174089060072197,-0.00161897880264025,0,
0.804469273743017,,,,,,6.12334961790403e-05
0.8056,6.01229826487815e-05,6.00580338136089e-05,0.00174005762730747,-0.00161981154990202,0,
0.805267358339984,,,,,,6.0401201226567e-05
0.8064,5.92992181093559e-05,5.92364394751622e-05,0.00173923375066015,-0.00162063520424912,0,
0.806065442936951,,,,,,5.95778629037309e-05
0.8072,5.8484491930629e-05,5.84237265643636e-05,0.00173841891428911,-0.001621449822129,0,
0.806863527533919,,,,,,5.87633986180232e-05
0.808,5.76787475857851e-05,5.76198106190398e-05,0.00173761306164541,-0.0016222554600457,0,
0.807661612130886,,,,,,5.79577248664588e-05
0.8088,5.68819285555203e-05,5.68246125931983e-05,0.00173681613618701,-0.00162305217449517,0,
0.808459696727853,,,,,,5.71607573017915e-05
0.8096,5.60939783928367e-05,5.60383486301873e-05,0.00173602808144353,-0.00162384002190046,0,
0.80925778132482,,,,,,5.63724254336087e-05
0.8104,5.53148407878371e-05,5.52610984349746e-05,0.00173524884108114,-0.00162461905854701,0,
0.810055865921788,,,,,,5.55933284107044e-05
0.8112,5.45444596325191e-05,5.44924799225218e-05,0.00173447835896736,-0.00162538934051785,0,
0.810853950518755,,,,,,5.48228507304406e-05
0.812,5.37827790855702e-05,5.37324259818436e-05,0.00173371657923594,-0.00162615092362889,0,
0.811652035115722,,,,,,5.4060925435425e-05
0.8128,5.30297436371615e-05,5.2980870306728e-05,0.00173296344635162,-0.00162690386336416,0,
0.81245011971269,,,,,,5.33074863217062e-05
0.8136,5.22852981737428e-05,5.22377474975354e-05,0.00173221890517506,-0.00162764821481101,0,
0.813248204309657,,,,,,5.25624680393655e-05
0.8144,5.15493880428362e-05,5.15029931629972e-05,0.00173148290102759,-0.0016283840325954,0,
0.814046288906624,,,,,,5.18258061931084e-05
0.8152,5.08219591178318e-05,5.07765440220158e-05,0.00173075537975607,-0.00162911137081713,0,
0.814844373503591,,,,,,5.10974374428575e-05
0.816,5.01029578627808e-05,5.00583380054631e-05,0.00173003628779775,-0.00162983028652332,0,
0.815642458100559,,,,,,5.03772996043439e-05
0.8168,4.93919968973333e-05,4.93483143579794e-05,0.00172932524128344,-0.00163054116086732,0,
0.816440542697526,,,,,,4.96653317496992e-05
0.8176,4.86892707529645e-05,4.86464137397733e-05,0.00172862242851761,-0.00163124380201984,0,
0.817238627294493,,,,,,4.89614743080479e-05
0.8184,4.79947193977967e-05,4.79525783284199e-05,0.0017279277921706,-0.00163193827001078,0,
0.818036711891461,,,,,,4.82656691660987e-05
0.8192,4.73082808501362e-05,4.72667519206604e-05,0.00172724127025872,-0.00163262462679761,0,
0.818834796488428,,,,,,4.75778597687375e-05
0.82,4.66298933043235e-05,4.65888800342012e-05,0.00172656280095207,-0.00163330293416157,0,
0.819632881085395,,,,,,4.68979912196181e-05
0.8208,4.5959495174875e-05,4.59189100095129e-05,0.00172589232264077,-0.00163397325366358,0,
0.820430965682362,,,,,,4.62260103817555e-05
0.8216,4.52970251406229e-05,4.52567911116295e-05,0.00172522977397907,-0.00163463564660008,0,
0.82122905027933,,,,,,4.55618659781169e-05
0.8224,4.46424221888561e-05,4.46024746319469e-05,0.00172457509392956,-0.00163529017395898,0,
0.822027134876297,,,,,,4.49055086922145e-05
0.8232,4.39956256594613e-05,4.39558022465223e-05,0.0017239282218073,-0.00163593689637547,0,
0.822825219473264,,,,,,4.42568912686966e-05
0.824,4.3356575289063e-05,4.33166073431997e-05,0.001723289097324,-0.00163657587408795,0,
0.823623304070231,,,,,,4.36157306592967e-05
0.8248,4.27252112551649e-05,4.26849119045154e-05,0.00172265766063218,-0.00163720716689387,0,
0.824421388667199,,,,,,4.29819948201083e-05
0.8256,4.210147422029e-05,4.20607357843979e-05,0.00172203385236933,-0.00163783083410566,0,
0.825219473264166,,,,,,4.23557660772903e-05
0.8264,4.14853053761215e-05,4.14440295579043e-05,0.00172141761370208,-0.00163844693450658,0,
0.826017557861133,,,,,,4.17369944898481e-05
0.8272,4.08766464876436e-05,4.08347456838675e-05,0.00172080888637035,-0.00163905552630659,0,
0.826815642458101,,,,,,4.11256319440555e-05
0.828,4.0275439937282e-05,4.02328385867754e-05,0.00172020761273152,-0.00163965666709825,0,
0.827613727055068,,,,,,4.05216322343628e-05
0.8288,3.96816287690448e-05,3.96382647386508e-05,0.00171961373580458,-0.00164025041527072,0,
0.828411811652035,,,,,,3.99249511443062e-05
0.8296,3.90949896856359e-05,3.90509827409314e-05,0.0017190270337254,-0.00164083699257894,0,
0.829209896249002,,,,,,3.93355465274162e-05
0.8304,3.85154699146549e-05,3.84709534063485e-05,0.00171844745217923,-0.00164141645106619,0,
0.83000798084597,,,,,,3.87533783881264e-05
0.8312,3.79431003094535e-05,3.7898139840808e-05,0.0017178750212903,-0.00164198876068187,0,
0.830806065442937,,,,,,3.81784089626827e-05
0.832,3.73778174590588e-05,3.73325075252692e-05,0.00171730967845039,-0.00164255398481476,0,
0.831604150039904,,,,,,3.76106028000516e-05
0.8328,3.68195582110204e-05,3.67740243976248e-05,0.00171675136048484,-0.00164311218659516,0,
0.832402234636871,,,,,,3.70499268428291e-05
0.8336,3.62682596979177e-05,3.62226609345806e-05,0.00171620000450409,-0.00164366342886842,0,
0.833200319233839,,,,,,3.64963505081497e-05
0.8344,3.572385936387e-05,3.5678390233535e-05,0.00171565554793021,-0.00164420777416847,0,
0.833998403830806,,,,,,3.59498457685949e-05
0.8352,3.51862949910445e-05,3.51411880944589e-05,0.00171511792852338,-0.00164474528469126,0,
0.834796488427773,,,,,,3.54103872331023e-05
0.836,3.46555047261655e-05,3.46110331017755e-05,0.00171458708440847,-0.00164527602226832,0,
0.835594573024741,,,,,,3.48779522278742e-05
0.8368,3.41314271070228e-05,3.40877364992249e-05,0.00171406295410151,-0.00164580004834022,0,
0.836392657621708,,,,,,3.43525208772863e-05
0.8376,3.36140010889806e-05,3.3570482038143e-05,0.00171354547653623,-0.0016463174239301,0,
0.837190742218675,,,,,,3.38337427071032e-05
0.8384,3.31031660714868e-05,3.30592300767801e-05,0.00171303459109057,-0.00164682820961714,0,
0.837988826815642,,,,,,3.33203638674772e-05
0.8392,3.25988619245808e-05,3.25544988531325e-05,0.00171253023761321,-0.00164733246551008,0,
0.83878691141261,,,,,,3.28135048016833e-05
0.84,3.21010290154033e-05,3.20562293997696e-05,0.00171203235645007,-0.00164783025122074,0,
0.839584996009577,,,,,,3.23131069103566e-05
0.8408,3.16096082347042e-05,3.15643628538123e-05,0.00171154088847085,-0.00164832162583747,0,
0.840383080606544,,,,,,3.18191116976895e-05
0.8416,3.11245410233519e-05,3.10788404569325e-05,0.00171105577509552,-0.00164880664813287,0,
0.841181165203512,,,,,,3.13314607714314e-05
0.8424,3.06457365297179e-05,3.05996035553539e-05,0.00171057692568594,-0.00164928540942831,0,
0.841979249800479,,,,,,3.08500958428893e-05
0.8432,3.01730335109011e-05,3.01265935998512e-05,0.00171010417946893,-0.00164975806953957,0,
0.842777334397446,,,,,,3.03749587269269e-05
0.844,2.97064698989123e-05,2.96597521457507e-05,0.00170963757294938,-0.00165022459122492,0,
0.843575418994413,,,,,,2.99059913419653e-05
0.8448,2.92459843992653e-05,2.91990208529298e-05,0.0017091770455231,-0.00165068503575994,0,
0.844373503591381,,,,,,2.9443135709983e-05
0.8456,2.87915160553818e-05,2.87443414858174e-05,0.00170872253621459,-0.00165113946408246,0,
0.845171588188348,,,,,,2.89863339565153e-05
0.8464,2.83430042652482e-05,2.82956559133937e-05,0.00170827398440309,-0.00165158793677595,0,
0.845969672785315,,,,,,2.85355283106549e-05
0.8472,2.79003887980723e-05,2.78529061091903e-05,0.00170783132983927,-0.0016520305140528,0,
0.846767757382282,,,,,,2.80906611050519e-05
0.848,2.746360981094e-05,2.74160341512901e-05,0.00170739451266181,-0.00165246725573775,0,
0.84756584197925,,,,,,2.76516747759132e-05
0.8488,2.70326078654721e-05,2.69849822223273e-05,0.00170696347341417,-0.00165289822125119,0,
0.848363926576217,,,,,,2.72185118630031e-05
0.8496,2.66073239444805e-05,2.65596926094874e-05,0.00170653815306114,-0.0016533234695925,0,
0.849162011173184,,,,,,2.67911150096432e-05
0.8504,2.61876994686257e-05,2.61401077045074e-05,0.0017061184930056,-0.00165374305932341,0,
0.849960095770152,,,,,,2.63694269627121e-05
0.8512,2.57736763130727e-05,2.57261700036757e-05,0.00170570443510511,-0.00165415704855137,0,
0.850758180367119,,,,,,2.59533905726456e-05
0.852,2.53651968241482e-05,2.53178221078317e-05,0.00170529592168859,-0.00165456549491286,0,
0.851556264964086,,,,,,2.55429487934369e-05
0.8528,2.4962203835997e-05,2.49150067223665e-05,0.001704892895573,-0.00165496845555673,0,
0.852354349561053,,,,,,2.51380446826362e-05
0.8536,2.45646406872388e-05,2.45176666572223e-05,0.00170449530007997,-0.0016553659871276,0,
0.853152434158021,,,,,,2.47386214013509e-05
0.8544,2.41724512376249e-05,2.41257448268928e-05,0.00170410307905247,-0.00165575814574915,0,
0.853950518754988,,,,,,2.43446222142457e-05
0.8552,2.3785579884695e-05,2.37391560753285e-05,0.00170371617687147,-0.0016561449873643,0,
0.854748603351955,,,,,,2.39559904895425e-05
0.856,2.34039087550254e-05,2.33577458061708e-05,0.00170333447600402,-0.00165652662927708,0,
0.855546687948923,,,,,,2.35726198844965e-05
0.8568,2.30274167056031e-05,2.2981481336986e-05,0.00170295795473771,-0.00165690309276194,0,
0.85634477254589,,,,,,2.31943204508245e-05
0.8576,2.26560579233048e-05,2.26103670690512e-05,0.00170258656739085,-0.00165727442367621,0,
0.857142857142857,,,,,,2.28211803494246e-05
0.8584,2.22897765599815e-05,2.22443434070679e-05,0.0017022202581595,-0.00165764067785293,0,
0.857940941739824,,,,,,2.24531404046388e-05
0.8592,2.19285172223912e-05,2.18833507670128e-05,0.00170185897163531,-0.00165800191067045,0,
0.858739026336792,,,,,,2.20901414519773e-05
0.86,2.15722249841892e-05,2.15273295761384e-05,0.00170150265287703,-0.00165835817704043,0,
0.859537110933759,,,,,,2.17321243381191e-05
0.8608,2.12208453979185e-05,2.11762202729729e-05,0.00170115124742254,-0.00165870953139585,0,
0.860335195530726,,,,,,2.13790299209111e-05
0.8616,2.08743245070002e-05,2.08299633073198e-05,0.00170080470130077,-0.00165905602767903,0,
0.861133280127694,,,,,,2.10307990693689e-05
0.8624,2.05326088577235e-05,2.04884991402586e-05,0.00170046296104376,-0.00165939771932963,0,
0.861931364724661,,,,,,2.06873726636763e-05
0.8632,2.01956455112364e-05,2.0151768244144e-05,0.00170012597369859,-0.00165973465927267,0,
0.862729449321628,,,,,,2.03486915951857e-05
0.864,1.98633820555358e-05,1.98197111026068e-05,0.00169979368683945,-0.00166006689990653,0,
0.863527533918595,,,,,,2.00146967664177e-05
0.8648,1.95357666174579e-05,1.94922682105529e-05,0.00169946604857952,-0.00166039449309095,0,
0.864325618515563,,,,,,1.96853290910614e-05
0.8656,1.92127478746684e-05,1.9169380074164e-05,0.00169914300758308,-0.00166071749013508,0,
0.86512370311253,,,,,,1.93605294939743e-05
0.8664,1.88942750676531e-05,1.88509872108977e-05,0.0016988245130774,-0.00166103594178543,0,
0.865921787709497,,,,,,1.90402389111823e-05
0.8672,1.85802980117079e-05,1.85370301494867e-05,0.00169851051486479,-0.00166134989821394,0,
0.866719872306465,,,,,,1.87243982898795e-05
0.868,1.82707671089294e-05,1.82274494299398e-05,0.00169820096333458,-0.00166165940914658,0,
0.867517956903432,,,,,,1.84129485884287e-05
0.8688,1.79656023913892e-05,1.7922185603541e-05,0.0016978957786469,-0.00166196455447792,0,
0.868316041500399,,,,,,1.81058307763609e-05
0.8696,1.76647367945788e-05,1.76211792328501e-05,0.00169759489366389,-0.00166226540104124,0,
0.869114126097366,,,,,,1.78029858343756e-05
0.8704,1.73681527206439e-05,1.73243708917025e-05,0.00169729829055647,-0.00166256196656987,0,
0.869912210694334,,,,,,1.75043547543404e-05
0.8712,1.70758006597249e-05,1.70317011652093e-05,0.00169700591995024,-0.00166285430056221,0,
0.870710295291301,,,,,,1.72098785392916e-05
0.872,1.67876315923461e-05,1.67431106497571e-05,0.00169671773281428,-0.00166314245202648,0,
0.871508379888268,,,,,,1.69194982034339e-05
0.8728,1.65035969969663e-05,1.64585399530079e-05,0.00169643368061579,-0.00166342646947315,0,
0.872306464485235,,,,,,1.66331547721403e-05
0.8736,1.62236488575306e-05,1.61781066049866e-05,0.00169615371532764,-0.00166370640090741,0,
0.873104549082203,,,,,,1.63507892819521e-05
0.8744,1.59477396710209e-05,1.59022246109555e-05,0.00169587778943596,-0.00166398229382162,0,
0.87390263367917,,,,,,1.6072627753335e-05
0.8752,1.56758224550078e-05,1.56306273892473e-05,0.00169560585594764,-0.00166425419518771,0,
0.874700718276137,,,,,,1.57991952398892e-05
0.876,1.54078507552011e-05,1.53630029363581e-05,0.00169533786839792,-0.00166452215144969,0,
0.875498802873105,,,,,,1.55297453507558e-05
0.8768,1.51437786530014e-05,1.50993050246576e-05,0.0016950737808579,-0.00166478620851607,0,
0.876296887470072,,,,,,1.52642319520333e-05
0.8776,1.48835607730514e-05,1.48394878083753e-05,0.00169481354794213,-0.00166504641175229,0,
0.877094972067039,,,,,,1.5002609288049e-05
0.8784,1.46271522907867e-05,1.45835058236003e-05,0.00169455712481613,-0.0016653028059732,0,
0.877893056664006,,,,,,1.47448319813587e-05
0.8792,1.43745089399871e-05,1.43313139882812e-05,0.00169430446720397,-0.00166555543543547,0,
0.878691141260974,,,,,,1.44908550327467e-05
0.88,1.4125587020328e-05,1.40828676022261e-05,0.00169405553139578,-0.00166580434383007,0,
0.879489225857941,,,,,,1.42406338212261e-05
0.8808,1.38803434049313e-05,1.3838122347103e-05,0.00169381027425533,-0.00166604957429328,0,
0.880287310454908,,,,,,1.39941241040386e-05
0.8816,1.36387303874342e-05,1.35970342864392e-05,0.00169356864808564,-0.00166629117475277,0,
0.881085395051876,,,,,,1.37512820166544e-05
0.8824,1.34006356070834e-05,1.33595598656218e-05,0.00169333054074729,-0.00166652925711102,0,
0.881883479648843,,,,,,1.35120640727723e-05
0.8832,1.31660728985517e-05,1.31256559118975e-05,0.00169309596561666,-0.00166676380773199,0,
0.88268156424581,,,,,,1.32764271643198e-05
0.884,1.29349989641135e-05,1.28952796343725e-05,0.00169286487959465,-0.00166699486990515,0,
0.883479648842777,,,,,,1.3044328561453e-05
0.8848,1.270737094792e-05,1.26683886240125e-05,0.00169263723981718,-0.00166722248647828,0,
0.884277733439745,,,,,,1.28157259125565e-05
0.8856,1.24831464386903e-05,1.24449408536432e-05,0.00169241300386489,-0.00166744669985475,0,
0.885075818036712,,,,,,1.25905772442436e-05
0.8864,1.22622834724027e-05,1.22248946779495e-05,0.00169219212976584,-0.00166766755199082,0,
0.885873902633679,,,,,,1.23688409613563e-05
0.8872,1.20447405349862e-05,1.20082088334761e-05,0.00169197457599821,-0.00166788508439297,0,
0.886671987230646,,,,,,1.21504758469649e-05
0.888,1.18304765650109e-05,1.17948424386272e-05,0.00169176030149297,-0.00166809933811519,0,
0.887470071827614,,,,,,1.19354410623687e-05
0.8888,1.16194509563804e-05,1.15847549936667e-05,0.00169154926563658,-0.00166831035375628,0,
0.888268156424581,,,,,,1.17236961470954e-05
0.8896,1.14116235610221e-05,1.13779063807182e-05,0.00169134142827368,-0.00166851817145718,0,
0.889066241021548,,,,,,1.15152010189012e-05
0.8904,1.12069546915786e-05,1.11742568637645e-05,0.00169113674970978,-0.00166872283089827,0,
0.889864325618516,,,,,,1.13099159737711e-05
0.8912,1.10054051240996e-05,1.09737670886485e-05,0.00169093519071395,-0.00166892437129666,0,
0.890662410215483,,,,,,1.11078016859186e-05
0.892,1.08069361007319e-05,1.07763289344391e-05,0.00169073671252149,-0.00166912283140349,0,
0.89146049481245,,,,,,1.0908819207786e-05
0.8928,1.06115093324119e-05,1.05817605950059e-05,0.00169054127683664,-0.0016693182495013,0,
0.892258579409417,,,,,,1.07128276791664e-05
0.8936,1.04190870015558e-05,1.03901122908945e-05,0.00169034884583527,-0.00166951066340125,0,
0.893056664006385,,,,,,1.05196273782222e-05
0.8944,1.02296317647517e-05,1.02014107286817e-05,0.00169015938216756,-0.00166970011053109,0,
0.893854748603352,,,,,,1.03293878257432e-05
0.8952,1.00430741140555e-05,1.00156144942225e-05,0.0016899728164099,-0.00166988666027847,0,
0.894652833200319,,,,,,1.01420677188032e-05
0.896,9.85938525786611e-06,9.83268244750953e-06,0.0016897891196504,-0.00167007034141963,0,
0.895450917797286,,,,,,9.95762602600752e-06
0.8968,9.67854074197406e-06,9.65257372267398e-06,0.00168960826741947,-0.00167025117843907,0,
0.896249002394254,,,,,,9.77602198749301e-06
0.8976,9.500503506226e-06,9.47524772798493e-06,0.00168943022268727,-0.0016704292083913,0,
0.897047086991221,,,,,,9.5972151149278e-06
0.8984,9.32523687118402e-06,9.30066414584963e-06,0.00168925494876871,-0.00167060446795024,0,
0.897845171588188,,,,,,9.42116519151144e-06
0.8992,9.15270453780165e-06,9.12878293281344e-06,0.00168908240935923,-0.00167077699340956,0,
0.898643256185156,,,,,,9.24783227197492e-06
0.9,8.98287058709969e-06,8.95956431955978e-06,0.00168891256853447,-0.00167094682068297,0,
0.899441340782123,,,,,,9.0771766825806e-06
0.9008,8.81569947984233e-06,8.79296881091025e-06,0.00168874539074991,-0.00167111398530453,0,
0.90023942537909,,,,,,8.90915902112229e-06
0.9016,8.65115605621302e-06,8.62895718582452e-06,0.00168858084084058,-0.00167127852242903,0,
0.901037509976057,,,,,,8.7437401569252e-06
0.9024,8.48920553549048e-06,8.4674904974004e-06,0.00168841888402074,-0.00167144046683227,0,
0.901835594573025,,,,,,8.58088123084593e-06
0.9032,8.32981351572461e-06,8.30853007287381e-06,0.00168825948588349,-0.00167159985291139,0,
0.902633679169992,,,,,,8.42054365527252e-06
0.904,8.17294597341249e-06,8.15203751361872e-06,0.00168810261240052,-0.00167175671468517,0,
0.903431763766959,,,,,,8.26268911412439e-06
0.9048,8.01856926317434e-06,7.99797469514729e-06,0.00168794822992176,-0.00167191108579442,0,
0.904229848363927,,,,,,8.10727956285239e-06
0.9056,7.8666501174295e-06,7.84630376710976e-06,0.00168779630517502,-0.00167206299950222,0,
0.905027932960894,,,,,,7.95427722843876e-06
0.9064,7.71715564607235e-06,7.69698715329447e-06,0.00168764680526572,-0.00167221248869428,0,
0.905826017557861,,,,,,7.80364460939719e-06
0.9072,7.57005333614835e-06,7.54998755162791e-06,0.0016874996976765,-0.00167235958588903,0,
0.906624102154828,,,,,,7.65534447577275e-06
0.908,7.42530652641484e-06,7.40526793417462e-06,0.00168735494575159,-0.0016725043277511,0,
0.907422186751796,,,,,,7.50933986914189e-06
0.9088,7.28287513530982e-06,7.26279154713729e-06,0.00168721250941283,-0.00167264675432188,0,
0.908220271348763,,,,,,7.36559410261252e-06
0.9096,7.14273635790721e-06,7.12252191085672e-06,0.0016870723658151,-0.00167278688842188,0,
0.90901835594573,,,,,,7.22407076082395e-06
0.9104,7.00485866096073e-06,6.9845420107809e-06,0.00168693448344074,-0.00167292476158045,0,
0.909816440542698,,,,,,7.08473369994688e-06
0.9112,6.86921085201288e-06,6.84900549420161e-06,0.00168679883109343,-0.00167306040498629,0,
0.910614525139665,,,,,,6.94771005502626e-06
0.912,6.73576207808029e-06,6.71572416228031e-06,0.00168666537791639,-0.00167319384948869,0,
0.911412609736632,,,,,,6.81316185324784e-06
0.9128,6.60448182433919e-06,6.58459141410347e-06,0.00168653409339111,-0.00167332512559887,0,
0.912210694333599,,,,,,6.6807736861724e-06
0.9136,6.47533991281073e-06,6.45557780131722e-06,0.00168640494733602,-0.00167345426349129,0,
0.913008778930567,,,,,,6.5505160046056e-06
0.9144,6.34830650104648e-06,6.32865430295055e-06,0.00168627790990515,-0.00167358129300497,0,
0.913806863527534,,,,,,6.42235968267206e-06
0.9152,6.22335208081368e-06,6.20379232541518e-06,0.00168615295158683,-0.00167370624364479,0,
0.914604948124501,,,,,,6.29627601781534e-06
0.916,6.1004474767808e-06,6.0809637025057e-06,0.00168603004320239,-0.00167382914458283,0,
0.915403032721469,,,,,,6.17223673079796e-06
0.9168,5.97956384520284e-06,5.96014069539949e-06,0.00168590915590481,-0.00167395002465963,0,
0.916201117318436,,,,,,6.05021396570136e-06
0.9176,5.86067267260675e-06,5.84129599265674e-06,0.00168579026117744,-0.00167406891238557,0,
0.916999201915403,,,,,,5.93018028992595e-06
0.9184,5.74374577447685e-06,5.72440271022045e-06,0.00168567333083266,-0.00167418583594213,0,
0.91779728651237,,,,,,5.81210869419108e-06
0.9192,5.62875529394017e-06,5.6094343914164e-06,0.00168555833701054,-0.00167430082318321,0,
0.918595371109338,,,,,,5.69597259253504e-06
0.92,5.51567370045192e-06,5.49636500695322e-06,0.00168544525217761,-0.00167441390163649,0,
0.919393455706305,,,,,,5.58174582231509e-06
0.9208,5.40447378848088e-06,5.38516895492233e-06,0.00168533404912543,-0.00167452509850468,0,
0.920191540303272,,,,,,5.46940264420739e-06
0.9216,5.29512867619473e-06,5.27582106079796e-06,0.00168522470096936,-0.00167463444066688,0,
0.920989624900239,,,,,,5.35891774220707e-06
0.9224,5.18761180414554e-06,5.16829657743716e-06,0.00168511718114722,-0.00167474195467985,0,
0.921787709497207,,,,,,5.25026622362823e-06
0.9232,5.08189693395508e-06,5.06257118507974e-06,0.00168501146341795,-0.00167484766677937,0,
0.922585794094174,,,,,,5.1434236191039e-06
0.924,4.97795814700029e-06,4.95862099134838e-06,0.00168490752186033,-0.00167495160288153,0,
0.923383878691141,,,,,,5.03836588258603e-06
0.9248,4.87576984309866e-06,4.85642253124854e-06,0.00168480533087162,-0.00167505378858402,0,
0.924181963288109,,,,,,4.93506939134556e-06
0.9256,4.77530673919361e-06,4.75595276716848e-06,0.00168470486516631,-0.0016751542491675,0,
0.924980047885076,,,,,,4.83351094597235e-06
0.9264,4.6765438680399e-06,4.65718908887931e-06,0.00168460609977474,-0.00167525300959687,0,
0.925778132482043,,,,,,4.73366777037521e-06
0.9272,4.57945657688901e-06,4.56010931353487e-06,0.0016845090100418,-0.00167535009452258,0,
0.92657621707901,,,,,,4.6355175117819e-06
0.928,4.48402052617458e-06,4.46469168567188e-06,0.00168441357162564,-0.00167544552828196,0,
0.927374301675978,,,,,,4.53903824073913e-06
0.9288,4.39021168819779e-06,4.3708490656507e-06,0.00168431976049634,-0.00167553933490055,0,
0.928172386272945,,,,,,4.44420845111254e-06
0.9296,4.29800634581273e-06,4.27848186344477e-06,0.00168422755293456,-0.00167563153809338,0,
0.928970470869912,,,,,,4.3509233729566e-06
0.9304,4.20738109111186e-06,4.18765026473883e-06,0.00168413692553031,-0.00167572216126629,0,
0.92976855546688,,,,,,4.25908575947812e-06
0.9312,4.11831282411132e-06,4.0983584373591e-06,0.00168404785518152,-0.00167581122751727,0,
0.930566640063847,,,,,,4.16879822821005e-06
0.932,4.03077875143642e-06,4.01058413318546e-06,0.00168396031909282,-0.00167589875963773,0,
0.931364724660814,,,,,,4.08003841110957e-06
0.9328,3.94475638500699e-06,3.92430546046701e-06,0.00168387429477418,-0.00167598478011386,0,
0.932162809257781,,,,,,3.99278429311447e-06
0.9336,3.86022354072279e-06,3.83950088382214e-06,0.00168378976003959,-0.00167606931112608,0,
0.932960893854749,,,,,,3.90701421214322e-06
0.9344,3.77715981838126e-06,3.75614922423848e-06,0.00168370669448518,-0.00167615237307451,0,
0.933758978451716,,,,,,3.82270685909493e-06
0.9352,3.6955437712249e-06,3.6742296590729e-06,0.00168362507666412,-0.00167623398740571,0,
0.934557063048683,,,,,,3.73984127784935e-06
0.936,3.61535297499214e-06,3.59372172205156e-06,0.00168354488415193,-0.00167631417654076,0,
0.93535514764565,,,,,,3.65839686526687e-06
0.9368,3.53656648685244e-06,3.51460530326985e-06,0.00168346609600261,-0.00167639296142085,0,
0.936153232242618,,,,,,3.57835337118852e-06
0.9376,3.45916366315954e-06,3.43686064919243e-06,0.00168338869157086,-0.001676470362688,0,
0.936951316839585,,,,,,3.49969089843597e-06
0.9384,3.38312415817352e-06,3.36046836265324e-06,0.00168331265050933,-0.00167654640068638,0,
0.937749401436552,,,,,,3.42238990281155e-06
0.9392,3.30842792278286e-06,3.28540940285543e-06,0.00168323795276734,-0.00167662109546359,0,
0.93854748603352,,,,,,3.34643119309822e-06
0.94,3.23505520322667e-06,3.21166508537143e-06,0.0016831645785896,-0.0016766944667719,0,
0.939345570630487,,,,,,3.27179593105958e-06
0.9408,3.16298653981671e-06,3.13921708214293e-06,0.00168309250851494,-0.00167676653406955,0,
0.940143655227454,,,,,,3.19846563143988e-06
0.9416,3.09220276565954e-06,3.0680474214809e-06,0.00168302172337503,-0.00167683731652205,0,
0.940941739824421,,,,,,3.12642216196402e-06
0.9424,3.02268500537859e-06,2.99813848806551e-06,0.00168295220429309,-0.0016769068330034,0,
0.941739824421389,,,,,,3.05564774333753e-06
0.9432,2.95441467383633e-06,2.92947302294623e-06,0.00168288393268262,-0.00167697510209742,0,
0.942537909018356,,,,,,2.98612494924659e-06
0.944,2.88737347485633e-06,2.86203412354179e-06,0.00168281682396469,-0.00167704207701498,0,
0.943335993615323,,,,,,2.91783670635802e-06
0.9448,2.8215433999454e-06,2.79580524364015e-06,0.00168275099506759,-0.00167710790826769,0,
0.94413407821229,,,,,,2.85076629431929e-06
0.9456,2.7569067270157e-06,2.73077019339856e-06,0.0016826863595342,-0.00167717254608017,0,
0.944932162809258,,,,,,2.78489734575849e-06
0.9464,2.69344601910681e-06,2.66691313934348e-06,0.00168262289992877,-0.00167723600789055,0,
0.945730247406225,,,,,,2.72021384628439e-06
0.9472,2.6311441231079e-06,2.60417907862283e-06,0.00168256059909934,-0.00167729831085312,0,
0.946528332003192,,,,,,2.65670013448637e-06
0.948,2.56998416847981e-06,2.54251869192015e-06,0.00168249944017651,-0.00167735947183955,0,
0.94732641660016,,,,,,2.59429393692989e-06
0.9488,2.50994956597716e-06,2.48196229131838e-06,0.00168243940657212,-0.00167741950744016,0,
0.948124501197127,,,,,,2.53294885990414e-06
0.9496,2.45102400637048e-06,2.42250374105954e-06,0.00168238048197801,-0.00167747843396527,0,
0.948922585794094,,,,,,2.4727095302896e-06
0.9504,2.39319145916826e-06,2.3641276421364e-06,0.00168232265036472,-0.00167753626744638,0,
0.949720670391061,,,,,,2.41356039123439e-06
0.9512,2.33643617133916e-06,2.30681891561297e-06,0.00168226589598021,-0.00167759302363754,0,
0.950518754988029,,,,,,2.35548620291439e-06
0.952,2.28074266603405e-06,2.25056280262441e-06,0.00168221020334862,-0.00167764871801655,0,
0.951316839584996,,,,,,2.29847204253316e-06
0.9528,2.22609574130812e-06,2.19534486437708e-06,0.00168215555726894,-0.00167770336578632,0,
0.952114924181963,,,,,,2.24250330432201e-06
0.9536,2.17248046884303e-06,2.14115098214855e-06,0.00168210194281376,-0.00167775698187608,0,
0.952913008778931,,,,,,2.18756569953995e-06
0.9544,2.119882192669e-06,2.08796735728751e-06,0.00168204934532801,-0.00167780958094267,0,
0.953711093375898,,,,,,2.13364525647373e-06
0.9552,2.06828652788689e-06,2.03578051121391e-06,0.00168199775042764,-0.00167786117737186,0,
0.954509177972865,,,,,,2.0807283204378e-06
0.956,2.01767935939039e-06,1.98457728541885e-06,0.00168194714399838,-0.0016779117852796,0,
0.955307262569832,,,,,,2.02880155377434e-06
0.9568,1.96804684058804e-06,1.93434484146462e-06,0.00168189751219445,-0.00167796141851327,0,
0.9561053471668,,,,,,1.97785193585327e-06
0.9576,1.91937539212541e-06,1.88507066098471e-06,0.00168184884143727,-0.00167801009065302,0,
0.956903431763767,,,,,,1.9278667630722e-06
0.9584,1.87165170060716e-06,1.83674254568377e-06,0.00168180111841422,-0.00167805781501301,0,
0.957701516360734,,,,,,1.87883364885647e-06
0.9592,1.8248627173192e-06,1.78934861733766e-06,0.00168175433007731,-0.00167810460464267,0,
0.958499600957701,,,,,,1.83074052365914e-06
0.96,1.77899565695075e-06,1.74287731779341e-06,0.0016817084635925,-0.0016781504722786,0,
0.959297685554669,,,,,,1.78357563496101e-06
0.9608,1.73389310434241e-06,1.69731740896927e-06,0.00168166336157525,-0.00167819557536657,0,
0.960095770151636,,,,,,1.73732754727057e-06
0.9616,1.68962127668705e-06,1.65265797285464e-06,0.00168161909030375,-0.00167823984775038,0,
0.960893854748603,,,,,,1.69198514212405e-06
0.9624,1.64620702164291e-06,1.60888841151012e-06,0.00168157567659835,-0.00167828326255507,0,
0.961691939345571,,,,,,1.64753761808539e-06
0.9632,1.60363670202394e-06,1.56599844706749e-06,0.00168153310680912,-0.00167832583340507,0,
0.962490023942538,,,,,,1.60397449074627e-06
0.964,1.56189686508198e-06,1.52397812172973e-06,0.00168149136748391,-0.00167836757375375,0,
0.963288108539505,,,,,,1.56128559272606e-06
0.9648,1.52097423998771e-06,1.48281779777101e-06,0.00168145044535251,-0.00167840849687253,0,
0.964086193136472,,,,,,1.51946107367189e-06
0.9656,1.48085573531165e-06,1.44242726149982e-06,0.00168141032732406,-0.00167844861585344,0,
0.96488427773344,,,,,,1.47849140025856e-06
0.9664,1.44152843650509e-06,1.40274719231435e-06,0.00168137100048458,-0.00167848794361157,0,
0.965682362330407,,,,,,1.43827715097361e-06
0.9672,1.40297960338103e-06,1.36385061913098e-06,0.00168133245209443,-0.00167852649288767,0,
0.966480446927374,,,,,,1.39876429659276e-06
0.968,1.36519666759517e-06,1.32573593407727e-06,0.0016812946695858,-0.00167856427625061,0,
0.967278531524342,,,,,,1.36004016453666e-06
0.9688,1.32816723012686e-06,1.28839144154012e-06,0.00168125764056018,-0.00167860130609993,0,
0.968076616121309,,,,,,1.32209300694885e-06
0.9696,1.29187905876002e-06,1.25180559519359e-06,0.00168122135278586,-0.00167863759466834,0,
0.968874700718276,,,,,,1.2849112269304e-06
0.9704,1.25632008556416e-06,1.21596699452526e-06,0.00168118579419538,-0.00167867315402426,0,
0.969672785315243,,,,,,1.24848337510733e-06
0.9712,1.22147840437528e-06,1.1808643813625e-06,0.00168115095288307,-0.00167870799607432,0,
0.970470869912211,,,,,,1.21279814619813e-06
0.972,1.18734226827686e-06,1.14648663639869e-06,0.00168111681710244,-0.00167874213256589,0,
0.971268954509178,,,,,,1.1778443755812e-06
0.9728,1.1539000870808e-06,1.1128227757196e-06,0.00168108337526376,-0.0016787755750896,0,
0.972067039106145,,,,,,1.14361103586231e-06
0.9736,1.12114042480837e-06,1.07986194732957e-06,0.00168105061593148,-0.00167880833508186,0,
0.972865123703113,,,,,,1.11008723344211e-06
0.9744,1.08905199717121e-06,1.04759342767784e-06,0.00168101852782171,-0.00167884042382737,0,
0.97366320830008,,,,,,1.07726220508357e-06
0.9752,1.05762366905223e-06,1.01600661818485e-06,0.00168098709979975,-0.00167887185246165,0,
0.974461292897047,,,,,,1.04512531447945e-06
0.976,1.02684445198661e-06,9.85091041768469e-07,0.00168095632087753,-0.00167890263197355,0,
0.975259377494014,,,,,,1.01366604881977e-06
0.9768,9.96703501642725e-07,9.54836339370309e-07,0.00168092618021107,-0.00167893277320779,0,
0.976057462090982,,,,,,9.8287401535932e-07
0.9776,9.67190115303115e-07,9.25232266481984e-07,0.00168089666709804,-0.00167896228686744,0,
0.976855546687949,,,,,,9.5273893798506e-07
0.9784,9.38293729345455e-07,8.96268689671413e-07,0.00168086777097517,-0.00167899118351648,0,
0.977653631284916,,,,,,9.2325065378365e-07
0.9792,9.10003916723494e-07,8.67935583109082e-07,0.00168083948141575,-0.0016790194735823,0,
0.978451715881884,,,,,,8.94399109608889e-07
0.98,8.82310384448016e-07,8.40223025094331e-07,0.00168081178812712,-0.00167904716735822,0,
0.979249800478851,,,,,,8.66174358649199e-07
0.9808,8.55202971067803e-07,8.13121194581635e-07,0.00168078468094815,-0.00167907427500602,0,
0.980047885075818,,,,,,8.38566556995086e-07
0.9816,8.28671644150574e-07,7.8662036770687e-07,0.00168075814984674,-0.00167910080655844,0,
0.980845969672785,,,,,,8.11565960206618e-07
0.9824,8.02706497763967e-07,7.60710914313613e-07,0.00168073218491723,-0.00167912677192171,0,
0.981644054269753,,,,,,7.85162919880892e-07
0.9832,7.77297749956478e-07,7.35383294479413e-07,0.00168070677637799,-0.00167915218087807,0,
0.98244213886672,,,,,,7.59347880219494e-07
0.984,7.52435740238424e-07,7.10602700902155e-07,0.00168068191456879,-0.00167917704308831,0,
0.983240223463687,,,,,,7.34111374595992e-07
0.9848,7.28110927062901e-07,6.86350166278387e-07,0.00168065758994837,-0.00167920136809424,0,
0.984038308060654,,,,,,7.09417389623478e-07
0.9856,7.04313885306728e-07,6.62639347787881e-07,0.00168063379309187,-0.00167922516532126,0,
0.984836392657622,,,,,,6.85248044123594e-07
0.9864,6.81035315947836e-07,6.39461292524511e-07,0.00168061051470278,-0.00167924844407088,0,
0.985634477254589,,,,,,6.61618553806169e-07
0.9872,6.58278998146957e-07,6.16805858345606e-07,0.00168058775855838,-0.00167927120056209,0,
0.986432561851556,,,,,,6.38518823529213e-07
0.988,6.36024533248964e-07,5.9466292586404e-07,0.00168056550425822,-0.00167929345519172,0,
0.987230646448524,,,,,,6.15938784860738e-07
0.9888,6.14263046204664e-07,5.73022394027693e-07,0.0016805437429294,-0.00167931521683699,0,
0.988028731045491,,,,,,5.93868391710639e-07
0.9896,5.92985769677636e-07,5.51874175698887e-07,0.00168052246580482,-0.00167933649426547,0,
0.988826815642458,,,,,,5.72297615962557e-07
0.9904,5.72184041585643e-07,5.31208193233862e-07,0.00168050166422262,-0.00167935729613945,0,
0.989624900239425,,,,,,5.51216443105755e-07
0.9912,5.5184930264203e-07,5.11014374062217e-07,0.00168048132962371,-0.00167937763101843,0,
0.990422984836393,,,,,,5.30614867866987e-07
0.992,5.31973093897127e-07,4.91282646266366e-07,0.00168046145354936,-0.00167939750736156,0,
0.99122106943336,,,,,,5.10482889842368e-07
0.9928,5.12547054279641e-07,4.72002934160982e-07,0.00168044202763869,-0.00167941693353013,0,
0.992019154030327,,,,,,4.9081050912925e-07
0.9936,4.9356291813808e-07,4.5316515387247e-07,0.00168042304362623,-0.00167943591778996,0,
0.992817238627295,,,,,,4.71587721958084e-07
0.9944,4.75012512782137e-07,4.34759208918405e-07,0.0016804044933395,-0.00167945446831393,0,
0.993615323224262,,,,,,4.52804516324301e-07
0.9952,4.56887756024102e-07,4.16774985786991e-07,0.00168038636869647,-0.00167947259318442,0,
0.994413407821229,,,,,,4.34450867620178e-07
0.996,4.39180653720262e-07,3.99202349516515e-07,0.00168036866170318,-0.00167949030039574,0,
0.995211492418196,,,,,,4.16516734266704e-07
0.9968,4.21883297312297e-07,3.82031139274792e-07,0.00168035136445124,-0.00167950759785661,0,
0.996009577015164,,,,,,3.9899205334546e-07
0.9976,4.04987861368697e-07,3.65251163938633e-07,0.00168033446911538,-0.00167952449339264,0,
0.996807661612131,,,,,,3.81866736230489e-07
0.9984,3.88486601126151e-07,3.48852197673289e-07,0.00168031796795099,-0.00167954099474874,0,
0.997605746209098,,,,,,3.6513066422016e-07
0.9992,3.72371850030957e-07,3.32823975511905e-07,0.00168030185329167,-0.00167955710959161,0,
0.998403830806065,,,,,,3.48773684169046e-07
1,3.56636017280424e-07,3.17156188934978e-07,0.00168028611754678,-0.00167957284551221,0,
0.999201915403033,,,,,,3.32785604119789e-07
1.0008,3.41271585364263e-07,3.01839292763982e-07,0.00168027075319893,-0.0016795882100282,0,
1,,,,,,3.17156188934978e-07
1.00079808459697,,,,,,3.01875155929014e-07
1.0016,3.26271107606016e-07,2.86862547485098e-07,0.00168025575280159,-0.00167960321058638,0,
1.00159616919393,,,,,,2.86932170499983e-07
1.0024,3.11627205704429e-07,2.72326155175419e-07,0.0016802411089766,-0.00167961785456519,0,
1.0023942537909,,,,,,2.72427375732309e-07
1.0032,2.97332567274865e-07,2.58237348448685e-07,0.0016802268144117,-0.00167963214927715,0,
1.00319233838787,,,,,,2.58368965052954e-07
1.004,2.83379943390725e-07,2.44498478529604e-07,0.00168021286185808,-0.0016796461019713,0,
1.00399042298484,,,,,,2.44658902108405e-07
1.0048,2.69762146124815e-07,2.3110258071615e-07,0.00168019924412795,-0.0016796597198357,0,
1.0047885075818,,,,,,2.31290270541557e-07
1.0056,2.56472046090784e-07,2.18042792155171e-07,0.00168018595409202,-0.00167967300999984,0,
1.00558659217877,,,,,,2.18256254888414e-07
1.0064,2.43502569984502e-07,2.05312351069548e-07,0.00168017298467712,-0.00167968597953715,0,
1.00638467677574,,,,,,2.05550139814446e-07
1.0072,2.30846698125468e-07,1.92904595985399e-07,0.00168016032886367,-0.00167969863546742,0,
1.00718276137271,,,,,,1.93165309350943e-07
1.008,2.18497461998226e-07,1.80812964959277e-07,0.00168014797968326,-0.00167971098475926,0,
1.00798084596967,,,,,,1.81095246131364e-07
1.0088,2.06447941793746e-07,1.69030994805336e-07,0.00168013593021618,-0.0016797230343326,0,
1.00877893056664,,,,,,1.69333530627696e-07
1.0096,1.94691263950848e-07,1.57552320322545e-07,0.00168012417358898,-0.00167973479106108,0,
1.00957701516361,,,,,,1.57873840386801e-07
1.0104,1.83220598697586e-07,1.46370673521859e-07,0.00168011270297197,-0.00167974626177457,0,
1.01037509976057,,,,,,1.46709949266774e-07
1.0112,1.72029157592658e-07,1.35479882853415e-07,0.00168010151157681,-0.00167975745326162,0,
1.01117318435754,,,,,,1.35835726673293e-07
1.012,1.61110191066819e-07,1.24873872433728e-07,0.00168009059265637,-0.00167976837227424,0,
1.01197126895451,,,,,,1.25245136795972e-07
1.0128,1.50486045723932e-07,1.14546661272867e-07,0.00168007996856316,-0.00167977899647171,0,
1.01276935355148,,,,,,1.14932237844721e-07
1.0136,1.40226581525495e-07,1.04492362501657e-07,0.00168006970914736,-0.00167978925598431,0,
1.01356743814844,,,,,,1.04891181286083e-07
1.0144,1.30236442635053e-07,9.47051825988599e-08,0.0016800597190481,-0.00167979924616283,0,
1.01436552274541,,,,,,9.51162110796068e-08
1.0152,1.20510073225167e-07,8.51794206183632e-08,0.00168004999271647,-0.00167980897257002,0,
1.01516360734238,,,,,,8.56016629141867e-08
1.016,1.11041980165113e-07,7.59094674163822e-08,0.00168004052465942,-0.00167981844069909,0,
1.01596169193935,,,,,,7.63419634444212e-08
1.0168,1.01826731095225e-07,6.68898048786293e-08,0.00168003130944466,-0.00167982765598247,0,
1.01675977653631,,,,,,6.7331629526964e-08
1.0176,9.28589525012631e-08,5.8115005147524e-08,0.00168002234169873,-0.00167983662379373,0,
1.01755786113328,,,,,,5.8565267456878e-08
1.0184,8.41333277887555e-08,4.95797298493651e-08,0.00168001361610512,-0.00167984534944955,0,
1.01835594573025,,,,,,5.00375722039879e-08
1.0192,7.56445953573593e-08,4.12787293215273e-08,0.00168000512740229,-0.00167985383821157,0,
1.01915403032721,,,,,,4.17433266492338e-08
1.02,6.73875466752229e-08,3.32061518807483e-08,0.00167999687038176,-0.00167986209528841,0,
1.01995211492418,,,,,,3.3677400821024e-08
1.0208,5.93570243533238e-08,2.53460334121449e-08,0.0016799888398862,-0.0016798701258375,0,
1.02075019952115,,,,,,2.58232518164389e-08
1.0216,5.15479202198429e-08,1.76935165125831e-08,0.00167998103080751,-0.00167987793496707,0,
1.02154828411812,,,,,,1.81755209784231e-08
1.0224,4.39551733945026e-08,1.0251049212434e-08,0.00167997343808484,-0.00167988552773806,0,
1.02234636871508,,,,,,1.07371804562149e-08
1.0232,3.65737683629293e-08,3.01345339895971e-09,0.00167996605670275,-0.00167989290916603,0,
1.02314445331205,,,,,,3.50308456661852e-09
1.024,2.93987330510141e-08,-4.02438211319429e-09,0.00167995888168921,-0.00167990008422311,0,
1.02394253790902,,,,,,-3.53184600317609e-09
1.0248,2.24251368992532e-08,-1.0867502708761e-08,0.00167995190811371,-0.00167990705783992,0,
1.02474062250599,,,,,,-1.03726253089809e-08
1.0256,1.56480889371192e-08,-1.75208890985853e-08,0.00167994513108533,-0.00167991383490746,0,
1.02553870710295,,,,,,-1.70242032629976e-08
1.0264,9.06273585740175e-09,-2.39894584463856e-08,0.0016799385457508,-0.00167992042027909,0,
1.02633679169992,,,,,,-2.34914667472059e-08
1.0272,2.66426009056908e-09,-3.02780654954968e-08,0.0016799321472926,-0.00167992681877242,0,
1.02713487629689,,,,,,-2.97792407267511e-08
1.028,-3.55212212087246e-09,-3.63915036956137e-08,0.00167992593092701,-0.00167993303517126,0,
1.02793296089385,,,,,,-3.58922893633321e-08
1.0288,-9.59116264803554e-09,-4.23345063295514e-08,0.00167991989190221,-0.00167993907422751,0,
1.02873104549082,,,,,,-4.18353171285893e-08
1.0296,-1.54575834012832e-08,-4.8111747639981e-08,0.00167991402549632,-0.00167994494066313,0,
1.02952913008779,,,,,,-4.76129699174926e-08
1.0304,-2.1156078255886e-08,-5.37278439561892e-08,0.00167990832701551,-0.00167995063917202,0,
1.03032721468476,,,,,,-5.32298361617293e-08
1.0312,-2.66913149776616e-08,-5.91873548208216e-08,0.00167990279179205,-0.001679956174422,0,
1.03112529928172,,,,,,-5.86904479430919e-08
1.032,-3.20679371486154e-08,-6.44947841166278e-08,0.00167989741518238,-0.00167996155105668,0,
1.03192338387869,,,,,,-6.39992821068662e-08
1.0328,-3.72905660925954e-08,-6.96545811932181e-08,0.00167989219256523,-0.00167996677369741,0,
1.03272146847566,,,,,,-6.91607613752188e-08
1.0336,-4.23638028009318e-08,-7.4671141993808e-08,0.00167988711933963,-0.00167997184694523,0,
1.03351955307263,,,,,,-7.41792554605858e-08
1.0344,-4.72922298580786e-08,-7.95488101819622e-08,0.00167988219092302,-0.00167997677538274,0,
1.03431763766959,,,,,,-7.90590821790598e-08
1.0352,-5.20804133672681e-08,-8.42918782683535e-08,0.00167987740274934,-0.00167998156357608,0,
1.03511572226656,,,,,,-8.38045085637786e-08
1.036,-5.67329048761452e-08,-8.89045887374998e-08,0.00167987275026707,-0.00167998621607683,0,
1.03591380686353,,,,,,-8.84197519783123e-08
1.0368,-6.1254243302422e-08,-9.33911351745227e-08,0.00167986822893732,-0.00167999073742392,0,
1.03671189146049,,,,,,-9.29089812300521e-08
1.0376,-6.56489568595187e-08,-9.77556633918913e-08,0.0016798638342319,-0.00167999513214561,0,
1.03750997605746,,,,,,-9.72763176835966e-08
1.0384,-6.99215649822048e-08,-1.01995992622564e-07,0.00167985956163392,-0.00167999940476388,0,
1.03830806065443,,,,,,-1.01525836374144e-07
1.0392,-7.39971517438477e-08,-1.06068212459059e-07,0.00167985548605982,-0.00168000348036331,0,
1.0391061452514,,,,,,-1.05607053808339e-07
1.04,-7.78521733714964e-08,-1.09984170852134e-07,0.0016798516310483,-0.00168000733539504,0,
1.03990422984836,,,,,,-1.0952847090629e-07
1.0408,-8.15754889630435e-08,-1.13775900204718e-07,0.00167984790773992,-0.00168001105871784,0,
1.04070231444533,,,,,,-1.1332597045498e-07
1.0416,-8.51701563670407e-08,-1.17445717340281e-07,0.00167984431307932,-0.00168001465339205,0,
1.0415003990423,,,,,,-1.17001867103165e-07
1.0424,-8.86391853678218e-08,-1.20995821799868e-07,0.00167984084405672,-0.00168001812242746,0,
1.04229848363927,,,,,,-1.20558359387744e-07
1.0432,-9.19855388918447e-08,-1.24428295397456e-07,0.00167983749770924,-0.00168002146878702,0,
1.04309656823623,,,,,,-1.23997529294379e-07
1.044,-9.52121342140193e-08,-1.27745101775294e-07,0.0016798342711196,-0.00168002469538802,0,
1.0438946528332,,,,,,-1.27321341818116e-07
1.0448,-9.83218441640488e-08,-1.30948085959257e-07,0.00167983116141499,-0.00168002780510332,0,
1.04469273743017,,,,,,-1.30531644524005e-07
1.0456,-1.01317498332762e-07,-1.34038973914192e-07,0.00167982816576584,-0.00168003080076251,0,
1.04549082202713,,,,,,-1.33630167107722e-07
1.0464,-1.04201884278447e-07,-1.37019372099265e-07,0.00167982528138462,-0.00168003368515317,0,
1.0462889066241,,,,,,-1.36618520956186e-07
1.0472,-1.0697774873319e-07,-1.39890767023311e-07,0.00167982250552459,-0.00168003646102205,0,
1.04708699122107,,,,,,-1.39498198708186e-07
1.048,-1.09647798809208e-07,-1.42654524800179e-07,0.00167981983547866,-0.00168003913107628,0,
1.04788507581804,,,,,,-1.42270573814995e-07
1.0488,-1.12214703205183e-07,-1.45311890704085e-07,0.00167981726857816,-0.00168004169798457,0,
1.048683160415,,,,,,-1.44936900100994e-07
1.0496,-1.14681093412602e-07,-1.47863988724957e-07,0.00167981480219159,-0.00168004416437842,0,
1.04948124501197,,,,,,-1.47498311324294e-07
1.0504,-1.17049564922086e-07,-1.50311821123781e-07,0.00167981243372349,-0.00168004653285333,0,
1.05027932960894,,,,,,-1.49955820737352e-07
1.0512,-1.19322678429731e-07,-1.52656267987955e-07,0.00167981016061316,-0.00168004880597002,0,
1.05107741420591,,,,,,-1.52310320647598e-07
1.052,-1.21502961043437e-07,-1.54898086786631e-07,0.00167980798033352,-0.00168005098625561,0,
1.05187549880287,,,,,,-1.54562581978049e-07
1.0528,-1.23592907489248e-07,-1.57037911926066e-07,0.00167980589038985,-0.00168005307620482,0,
1.05267358339984,,,,,,-1.56713253827934e-07
1.0536,-1.25594981317688e-07,-1.59076254304971e-07,0.0016798038883186,-0.00168005507828124,0,
1.05347166799681,,,,,,-1.58762863033313e-07
1.0544,-1.2751161611009e-07,-1.61013500869857e-07,0.00167980197168621,-0.00168005699491843,0,
1.05426975259377,,,,,,-1.60711813727701e-07
1.0552,-1.29345216684937e-07,-1.62849914170386e-07,0.00167980013808787,-0.00168005882852124,0,
1.05506783719074,,,,,,-1.62560386902681e-07
1.056,-1.31098160304195e-07,-1.64585631914713e-07,0.00167979838514632,-0.00168006058146693,0,
1.05586592178771,,,,,,-1.64308739968532e-07
1.0568,-1.32772797879649e-07,-1.66220666524843e-07,0.00167979671051067,-0.00168006225610643,0,
1.05666400638468,,,,,,-1.65956906314848e-07
1.0576,-1.34371455179237e-07,-1.67754904691971e-07,0.00167979511185515,-0.00168006385476551,0,
1.05746209098164,,,,,,-1.67504794871156e-07
1.0584,-1.35896434033386e-07,-1.69188106931834e-07,0.00167979358687794,-0.00168006537974601,0,
1.05826017557861,,,,,,-1.68952189667538e-07
1.0592,-1.37350013541346e-07,-1.7051990714006e-07,0.00167979213329995,-0.00168006683332704,0,
1.05905826017558,,,,,,-1.70298749395254e-07
1.06,-1.38734451277527e-07,-1.71749812147513e-07,0.00167979074886362,-0.00168006821776617,0,
1.05985634477255,,,,,,-1.71544006967359e-07
1.0608,-1.40051984497834e-07,-1.72877201275643e-07,0.00167978943133169,-0.00168006953530069,0,
1.06065442936951,,,,,,-1.72687369079325e-07
1.0616,-1.41304831346e-07,-1.73901325891835e-07,0.00167978817848603,-0.00168007078814872,0,
1.06145251396648,,,,,,-1.73728115769664e-07
1.0624,-1.42495192059924e-07,-1.74821308964753e-07,0.0016797869881264,-0.00168007197851052,0,
1.06225059856345,,,,,,-1.74665399980544e-07
1.0632,-1.43625250178005e-07,-1.75636144619695e-07,0.00167978585806928,-0.00168007310856963,0,
1.06304868316041,,,,,,-1.75498247118414e-07
1.064,-1.44697173745474e-07,-1.76344697693934e-07,0.00167978478614662,-0.00168007418049411,0,
1.06384676775738,,,,,,-1.76225554614622e-07
1.0648,-1.45713116520737e-07,-1.7694570329207e-07,0.00167978377020507,-0.00168007519643811,0,
1.06464485235435,,,,,,-1.76846091486038e-07
1.0656,-1.46623520064253e-07,-1.77437766341378e-07,0.0016797828598028,-0.00168007610684292,0,
1.06544293695132,,,,,,-1.7735849789567e-07
1.0664,-1.47451681137314e-07,-1.77819361147154e-07,0.0016797820316426,-0.00168007693500487,0,
1.06624102154828,,,,,,-1.77761284713292e-07
1.0672,-1.4822021069007e-07,-1.78088830948066e-07,0.00167978126311372,-0.0016800777035351,0,
1.06703910614525,,,,,,-1.78052833076056e-07
1.068,-1.48930593862308e-07,-1.78244387471499e-07,0.00167978055273115,-0.00168007841391888,0,
1.06783719074222,,,,,,-1.78231393949121e-07
1.0688,-1.49584286534372e-07,-1.78284110488906e-07,0.00167977989903902,-0.00168007906761209,0,
1.06863527533919,,,,,,-1.78295087686268e-07
1.0696,-1.50182716225669e-07,-1.78205947371154e-07,0.00167977930060982,-0.00168007966604227,0,
1.06943335993615,,,,,,-1.78241903590522e-07
1.0704,-1.50727282993166e-07,-1.78007712643872e-07,0.00167977875604348,-0.00168008021060947,0,
1.07023144453312,,,,,,-1.78069699474774e-07
1.0712,-1.51219360329902e-07,-1.77687087542803e-07,0.00167977826396653,-0.00168008070268719,0,
1.07102952913009,,,,,,-1.777762012224e-07
1.072,-1.51660296063485e-07,-1.77241619569145e-07,0.00167977782303112,-0.00168008114362325,0,
1.07182761372706,,,,,,-1.77359002347882e-07
1.0728,-1.52051413254599e-07,-1.76668722044906e-07,0.00167977743191422,-0.00168008153474073,0,
1.07262569832402,,,,,,-1.76815563557431e-07
1.0736,-1.52394011095502e-07,-1.75965673668248e-07,0.00167977708931662,-0.00168008187733881,0,
1.07342378292099,,,,,,-1.76143212309604e-07
1.0744,-1.52689365808537e-07,-1.75129618068837e-07,0.00167977679396211,-0.00168008217269373,0,
1.07422186751796,,,,,,-1.75339142375926e-07
1.0752,-1.52938731544631e-07,-1.74317168793586e-07,0.00167977654459655,-0.00168008242205963,0,
1.07501995211492,,,,,,-1.74400413401512e-07
1.076,-1.53143341281796e-07,-1.74013900875377e-07,0.00167977633998694,-0.00168008262666951,0,
1.07581803671189,,,,,,-1.74031421345105e-07
1.0768,-1.53304407723638e-07,-1.73928159922373e-07,0.0016797761789206,-0.00168008278773605,0,
1.07661612130886,,,,,,-1.73954577179632e-07
1.0776,-1.53423124197858e-07,-1.73804750097216e-07,0.0016797760602042,-0.0016800829064526,0,
1.07741420590583,,,,,,-1.73839918944999e-07
1.0784,-1.53500665554751e-07,-1.73645077204536e-07,0.00167977598266289,-0.001680082983994,0,
1.07821229050279,,,,,,-1.73688850011221e-07
1.0792,-1.53538189065718e-07,-1.7345051412687e-07,0.0016797759451394,-0.00168008302151754,0,
1.07901037509976,,,,,,-1.73502741139262e-07
1.08,-1.53536835321762e-07,-1.73222400824658e-07,0.00167977594649315,-0.00168008302016379,0,
1.07980845969673,,,,,,-1.73282930481044e-07
1.0808,-1.53497729131995e-07,-1.72962044336249e-07,0.00167977598559932,-0.00168008298105758,0,
1.0806065442937,,,,,,-1.73030723579437e-07
1.0816,-1.53421980422139e-07,-1.72670718777896e-07,0.00167977606134798,-0.00168008290530883,0,
1.08140462889066,,,,,,-1.72747393368266e-07
1.0824,-1.53310685133031e-07,-1.72349665343759e-07,0.00167977617264322,-0.00168008279401348,0,
1.08220271348763,,,,,,-1.7243418017231e-07
1.0832,-1.53164926119129e-07,-1.72000092305902e-07,0.00167977631840216,-0.00168008264825439,0,
1.0830007980846,,,,,,-1.72092291707298e-07
1.084,-1.52985774047009e-07,-1.71623175014299e-07,0.00167977649755414,-0.00168008246910223,0,
1.08379888268156,,,,,,-1.71722903079913e-07
1.0848,-1.52774288293873e-07,-1.71220055896826e-07,0.00167977670903979,-0.00168008225761638,0,
1.08459696727853,,,,,,-1.71327156787793e-07
1.0856,-1.52531517846051e-07,-1.70791844459266e-07,0.00167977695181013,-0.00168008201484582,0,
1.0853950518755,,,,,,-1.70906162719525e-07
1.0864,-1.52258502197506e-07,-1.70339617285308e-07,0.00167977722482566,-0.00168008174183005,0,
1.08619313647247,,,,,,-1.70460998154652e-07
1.0872,-1.51956272248333e-07,-1.69864418036549e-07,0.00167977752705548,-0.00168008143959997,0,
1.08699122106943,,,,,,-1.69992707763667e-07
1.088,-1.51625851203267e-07,-1.69367257452489e-07,0.00167977785747639,-0.00168008110917879,0,
1.0877893056664,,,,,,-1.69502303608018e-07
1.0888,-1.51268255470187e-07,-1.68849113350536e-07,0.00167977821507198,-0.00168008075158292,0,
1.08858739026337,,,,,,-1.68990765140105e-07
1.0896,-1.50884495558612e-07,-1.68310930626002e-07,0.00167977859883174,-0.00168008036782286,0,
1.08938547486034,,,,,,-1.68459039203282e-07
1.0904,-1.50475576978213e-07,-1.67753621252106e-07,0.00167977900775017,-0.00168007995890413,0,
1.0901835594573,,,,,,-1.67908040031853e-07
1.0912,-1.50042501137311e-07,-1.67178064279975e-07,0.00167977944082579,-0.00168007952582807,0,
1.09098164405427,,,,,,-1.67338649251077e-07
1.092,-1.49564057750962e-07,-1.66585105838638e-07,0.00167977991926892,-0.00168007904738442,0,
1.09177972865124,,,,,,-1.66751715877166e-07
1.0928,-1.49058816493117e-07,-1.65975559135033e-07,0.00167978042450999,-0.00168007854214297,0,
1.0925778132482,,,,,,-1.66148056317283e-07
1.0936,-1.48529172499827e-07,-1.65350204454002e-07,0.00167978095415379,-0.00168007801249879,0,
1.09337589784517,,,,,,-1.65528454369545e-07
1.0944,-1.47975920151956e-07,-1.64709789158295e-07,0.00167978150740595,-0.00168007745924625,0,
1.09417398244214,,,,,,-1.64893661223023e-07
1.0952,-1.47399847526769e-07,-1.64055027688566e-07,0.00167978208347838,-0.00168007688317343,0,
1.09497206703911,,,,,,-1.64244395457739e-07
1.096,-1.4680173719865e-07,-1.63386601563375e-07,0.00167978268158851,-0.00168007628506291,0,
1.09577015163607,,,,,,-1.63581343044667e-07
1.0968,-1.46182367039822e-07,-1.62705159379191e-07,0.00167978330095848,-0.00168007566569256,0,
1.09656823623304,,,,,,-1.62905157345737e-07
1.0976,-1.45542511021064e-07,-1.62011316810385e-07,0.00167978394081431,-0.00168007502583635,0,
1.09736632083001,,,,,,-1.62216459113829e-07
1.0984,-1.44882940012437e-07,-1.61305656609236e-07,0.00167978460038513,-0.00168007436626515,0,
1.09816440542698,,,,,,-1.61515836492777e-07
1.0992,-1.44204422583995e-07,-1.60588728605928e-07,0.00167978527890237,-0.00168007368774754,0,
1.09896249002394,,,,,,-1.60803845017367e-07
1.1,-1.43507725806511e-07,-1.59861049708553e-07,0.00167978597559896,-0.00168007299105057,0,
1.09976057462091,,,,,,-1.60081007613339e-07
1.1008,-1.42793616052194e-07,-1.59123103903106e-07,0.00167978668970853,-0.00168007227694064,0,
1.10055865921788,,,,,,-1.59347814597385e-07
1.1016,-1.42062859795409e-07,-1.5837534225349e-07,0.00167978742046461,-0.00168007154618421,0,
1.10135674381484,,,,,,-1.5860472367715e-07
1.1024,-1.41316224413397e-07,-1.57618182901513e-07,0.00167978816709982,-0.00168007079954865,0,
1.10215482841181,,,,,,-1.57852159951231e-07
1.1032,-1.40554478986992e-07,-1.56852011066891e-07,0.00167978892884508,-0.00168007003780306,0,
1.10295291300878,,,,,,-1.5709051590918e-07
1.104,-1.39778395101344e-07,-1.56077179047242e-07,0.00167978970492881,-0.00168006926171901,0,
1.10375099760575,,,,,,-1.563201514315e-07
1.1048,-1.38988747646638e-07,-1.55294006218093e-07,0.00167979049457611,-0.0016800684720714,0,
1.10454908220271,,,,,,-1.55541393789646e-07
1.1056,-1.38186315618811e-07,-1.54502779032877e-07,0.00167979129700799,-0.00168006766963923,0,
1.10534716679968,,,,,,-1.54754537646029e-07
1.1064,-1.37371882920275e-07,-1.53703751022932e-07,0.00167979211144055,-0.00168006685520639,0,
1.10614525139665,,,,,,-1.53959845054009e-07
1.1072,-1.36546239160632e-07,-1.52897142797501e-07,0.00167979293708417,-0.00168006602956249,0,
1.10694333599362,,,,,,-1.53157545457902e-07
1.108,-1.357101804574e-07,-1.52083142043735e-07,0.00167979377314275,-0.00168006519350367,0,
1.10774142059058,,,,,,-1.52347835692974e-07
1.1088,-1.34864510236725e-07,-1.5126190352669e-07,0.00167979461881286,-0.00168006434783333,0,
1.10853950518755,,,,,,-1.51530879985446e-07
1.1096,-1.34010040034106e-07,-1.50433549089327e-07,0.00167979547328295,-0.00168006349336302,0,
1.10933758978452,,,,,,-1.50706809952491e-07
1.1104,-1.33147590295115e-07,-1.49598167652516e-07,0.00167979633573259,-0.00168006263091318,0,
1.11013567438148,,,,,,-1.49875724602236e-07
1.1112,-1.32277991176111e-07,-1.48755815215028e-07,0.00167979720533163,-0.00168006176131398,0,
1.11093375897845,,,,,,-1.49037690333757e-07
1.112,-1.31402083344964e-07,-1.478433127342e-07,0.00167979808123938,-0.00168006088540607,0,
1.11173184357542,,,,,,-1.48192740937088e-07
1.1128,-1.30520718781777e-07,-1.4677518427509e-07,0.00167979896260388,-0.00168006000404144,0,
1.11252992817239,,,,,,-1.47152776047542e-07
1.1136,-1.29634761579596e-07,-1.45653083933081e-07,0.00167979984856103,-0.00168005911808418,0,
1.11332801276935,,,,,,-1.46036961117129e-07
1.1144,-1.28745088745141e-07,-1.44520602204825e-07,0.00167980073823382,-0.00168005822841131,0,
1.11412609736632,,,,,,-1.44910560929197e-07
1.1152,-1.27852590999518e-07,-1.43378486509336e-07,0.00167980163073153,-0.00168005733591353,0,
1.11492418196329,,,,,,-1.43774317559815e-07
1.116,-1.26958173578939e-07,-1.4222748426563e-07,0.00167980252514893,-0.00168005644149609,0,
1.11572226656026,,,,,,-1.4262897308505e-07
1.1168,-1.26062757035448e-07,-1.41068342892721e-07,0.0016798034205654,-0.00168005554607948,0,
1.11652035115722,,,,,,-1.41475269580969e-07
1.1176,-1.25157771921681e-07,-1.39901809809624e-07,0.0016798043255501,-0.00168005464109394,0,
1.11731843575419,,,,,,-1.4031394912364e-07
1.1184,-1.24199702765821e-07,-1.38728632435356e-07,0.00167980528361883,-0.00168005368302436,0,
1.11811652035116,,,,,,-1.3914575378913e-07
1.1192,-1.23235498907255e-07,-1.3754955818893e-07,0.0016798062478226,-0.00168005271882042,0,
1.11891460494812,,,,,,-1.37971425653505e-07
1.12,-1.2226564593316e-07,-1.36365334489361e-07,0.0016798072176755,-0.00168005174896737,0,
1.11971268954509,,,,,,-1.36791706792835e-07
1.1208,-1.21290631591659e-07,-1.35176708755666e-07,0.00167980819268977,-0.00168005077395295,0,
1.12051077414206,,,,,,-1.35607339283186e-07
1.1216,-1.20310946339075e-07,-1.33984428406858e-07,0.00167980917237496,-0.00168004979426764,0,
1.12130885873903,,,,,,-1.34419065200625e-07
1.1224,-1.19327083887194e-07,-1.32789240861953e-07,0.00167981015623735,-0.00168004881040513,0,
1.12210694333599,,,,,,-1.3322762662122e-07
1.1232,-1.18339541750522e-07,-1.31591893539966e-07,0.00167981114377944,-0.00168004782286294,0,
1.12290502793296,,,,,,-1.32033765621038e-07
1.124,-1.17348821793545e-07,-1.30393133859912e-07,0.00167981213449935,-0.00168004683214294,0,
1.12370311252993,,,,,,-1.30838224276147e-07
1.1248,-1.1635543077799e-07,-1.29193709240806e-07,0.00167981312789033,-0.00168004583875189,0,
1.1245011971269,,,,,,-1.29641744662613e-07
1.1256,-1.15359880910083e-07,-1.27994367101663e-07,0.00167981412344017,-0.00168004484320199,0,
1.12529928172386,,,,,,-1.28445068856505e-07
1.1264,-1.14362690387811e-07,-1.26795854861499e-07,0.00167981512063067,-0.00168004384601145,0,
1.12609736632083,,,,,,-1.27248938933889e-07
1.1272,-1.13364383948177e-07,-1.25598919939327e-07,0.0016798161189371,-0.001680042847705,0,
1.1268954509178,,,,,,-1.26054096970834e-07
1.128,-1.12365493414464e-07,-1.24404309754164e-07,0.00167981711782763,-0.00168004184881446,0,
1.12769353551476,,,,,,-1.24861285043406e-07
1.1288,-1.11366558243493e-07,-1.23212771725024e-07,0.0016798181167628,-0.00168004084987929,0,
1.12849162011173,,,,,,-1.23671245227672e-07
1.1296,-1.10368126072881e-07,-1.22025053270922e-07,0.00167981911519499,-0.00168003985144713,0,
1.1292897047087,,,,,,-1.22484719599701e-07
1.1304,-1.09370753268302e-07,-1.20841901810874e-07,0.00167982011256781,-0.00168003885407435,0,
1.13008778930567,,,,,,-1.21302450235559e-07
1.1312,-1.08375005470748e-07,-1.19664064763895e-07,0.00167982110831564,-0.00168003785832658,0,
1.13088587390263,,,,,,-1.20125179211314e-07
1.132,-1.07381458143784e-07,-1.18492289548999e-07,0.001679822101863,-0.00168003686477929,0,
1.1316839584996,,,,,,-1.18953648603033e-07
1.1328,-1.06390697120814e-07,-1.17327323585201e-07,0.00167982309262407,-0.00168003587401831,0,
1.13248204309657,,,,,,-1.17788600486784e-07
1.1336,-1.05403319152334e-07,-1.16169914291517e-07,0.00167982408000209,-0.0016800348866404,0,
1.13328012769354,,,,,,-1.16630776938634e-07
1.1344,-1.04419932453197e-07,-1.15020809086962e-07,0.00167982506338885,-0.00168003390325376,0,
1.1340782122905,,,,,,-1.1548092003465e-07
1.1352,-1.03441157249867e-07,-1.13880755390551e-07,0.00167982604216413,-0.00168003292447863,0,
1.13487629688747,,,,,,-1.143397718509e-07
1.136,-1.02467626327683e-07,-1.12750500621298e-07,0.00167982701569513,-0.00168003195094779,0,
1.13567438148444,,,,,,-1.13208074463451e-07
1.1368,-1.01499985578119e-07,-1.11630792198219e-07,0.00167982798333597,-0.00168003098330713,0,
1.1364724660814,,,,,,-1.1208656994837e-07
1.1376,-1.00538894546039e-07,-1.10522377540329e-07,0.0016798289444271,-0.00168003002221619,0,
1.13727055067837,,,,,,-1.10976000381725e-07
1.1384,-9.95850269769595e-08,-1.09426004066643e-07,0.00167982989829478,-0.00168002906834873,0,
1.13806863527534,,,,,,-1.09877107839583e-07
1.1392,-9.86390713643102e-08,-1.08342419196176e-07,0.00167983084425051,-0.00168002812239324,0,
1.13886671987231,,,,,,-1.08790634398012e-07
1.14,-9.77017314966903e-08,-1.07272370347943e-07,0.0016798317815905,-0.00168002718505349,0,
1.13966480446927,,,,,,-1.07717322133079e-07
1.1408,-9.67737270051311e-08,-1.06216604940959e-07,0.00167983270959513,-0.00168002625704914,0,
1.14046288906624,,,,,,-1.06657913120851e-07
1.1416,-9.58557939103533e-08,-1.05175870394239e-07,0.00167983362752836,-0.00168002533911618,0,
1.14126097366321,,,,,,-1.05613149437395e-07
1.1424,-9.49486851700274e-08,-1.04150914126799e-07,0.00167983453463726,-0.0016800244320076,0,
1.14205905826018,,,,,,-1.0458377315878e-07
1.1432,-9.4053171226034e-08,-1.03142483557653e-07,0.00167983543015116,-0.00168002353649361,0,
1.14285714285714,,,,,,-1.03570526361072e-07
1.144,-9.31404047155414e-08,-1.02151326105816e-07,0.00167983634291729,-0.00168002262372672,0,
1.14365522745411,,,,,,-1.02574151120338e-07
1.1448,-9.2188288900422e-08,-1.01178189190303e-07,0.00167983729503285,-0.00168002167161065,0,
1.14445331205108,,,,,,-1.01595389512647e-07
1.1456,-9.12399792834899e-08,-1.0022382023013e-07,0.00167983824334252,-0.00168002072330109,0,
1.14525139664804,,,,,,-1.00634983614065e-07
1.1464,-9.02956821176497e-08,-9.92889666443114e-08,0.00167983918763975,-0.00168001977900398,0,
1.14604948124501,,,,,,-9.96936755006606e-08
1.1472,-8.93556022071129e-08,-9.83743758518625e-08,0.00167984012771972,-0.00168001883892413,0,
1.14684756584198,,,,,,-9.87722072484999e-08
1.148,-8.84199431356577e-08,-9.74807952717978e-08,0.00167984106337885,-0.00168001790326512,0,
1.14764565043895,,,,,,-9.78713209336507e-08
1.1488,-8.7488907494893e-08,-9.6516163504569e-08,0.00167984199441456,-0.00168001697222955,0,
1.14844373503591,,,,,,-9.69917586321806e-08
1.1496,-8.65626971125179e-08,-9.54305335282786e-08,0.00167984292062501,-0.00168001604601923,0,
1.14924181963288,,,,,,-9.59263573606494e-08
1.1504,-8.56415132805847e-08,-9.43261199772229e-08,0.00167984384180891,-0.00168001512483547,0,
1.15003990422985,,,,,,-9.48215805505539e-08
1.1512,-8.4725556983761e-08,-9.32285964033147e-08,0.00167984475776528,-0.00168001420887925,0,
1.15083798882682,,,,,,-9.37234853082426e-08
1.152,-8.38150291275902e-08,-9.21383543574136e-08,0.00167984566829321,-0.00168001329835147,0,
1.15163607342378,,,,,,-9.26324603855622e-08
1.1528,-8.29101307667546e-08,-9.10557853903799e-08,0.00167984657319165,-0.00168001239345318,0,
1.15243415802075,,,,,,-9.15488945343594e-08
1.1536,-8.20110633333357e-08,-8.99812810530736e-08,0.00167984747225916,-0.00168001149438583,0,
1.15323224261772,,,,,,-9.0473176506481e-08
1.1544,-8.11180288650769e-08,-8.89152328963543e-08,0.00167984836529371,-0.00168001060135144,0,
1.15403032721468,,,,,,-8.94056950537737e-08
1.1552,-8.02312302336455e-08,-8.78580324710827e-08,0.00167984925209243,-0.00168000971455289,0,
1.15482841181165,,,,,,-8.83468389280844e-08
1.156,-7.93508713728934e-08,-8.68100713281182e-08,0.00167985013245137,-0.00168000883419412,0,
1.15562649640862,,,,,,-8.72969968812595e-08
1.1568,-7.84771575071199e-08,-8.57717410183215e-08,0.00167985100616533,-0.00168000796048034,0,
1.15642458100559,,,,,,-8.62565576651459e-08
1.1576,-7.76102953793326e-08,-8.47434330925521e-08,0.00167985187302754,-0.0016800070936183,0,
1.15722266560255,,,,,,-8.52259100315904e-08
1.1584,-7.67504934795092e-08,-8.372553910167e-08,0.00167985273282954,-0.00168000623381649,0,
1.15802075019952,,,,,,-8.42054427324397e-08
1.1592,-7.58979622728605e-08,-8.27184505965356e-08,0.00167985358536084,-0.00168000538128538,0,
1.15881883479649,,,,,,-8.31955445195405e-08
1.16,-7.50529144280901e-08,-8.17225591280086e-08,0.00167985443040878,-0.00168000453623763,0,
1.15961691939346,,,,,,-8.21966041447395e-08
1.1608,-7.42155650456581e-08,-8.07382562469494e-08,0.00167985526775826,-0.00168000369888835,0,
1.16041500399042,,,,,,-8.12090103598836e-08
1.1616,-7.33861318860413e-08,-7.97659335042178e-08,0.00167985609719151,-0.00168000286945529,0,
1.16121308858739,,,,,,-8.02331519168193e-08
1.1624,-7.25648355979958e-08,-7.88059824506736e-08,0.0016798569184879,-0.0016800020481591,0,
1.16201117318436,,,,,,-7.92694175673934e-08
1.1632,-7.17518999468188e-08,-7.78587946371773e-08,0.00167985773142366,-0.00168000123522355,0,
1.16280925778132,,,,,,-7.8318196063453e-08
1.164,-7.09475520426096e-08,-7.69247616145884e-08,0.00167985853577167,-0.00168000043087575,0,
1.16360734237829,,,,,,-7.73798761568443e-08
1.1648,-7.01520225685323e-08,-7.60042749337675e-08,0.00167985933130125,-0.00167999963534638,0,
1.16440542697526,,,,,,-7.64548465994142e-08
1.1656,-6.93655460090768e-08,-7.50977261455744e-08,0.00167986011777791,-0.00167999884886993,0,
1.16520351157223,,,,,,-7.55434961430094e-08
1.1664,-6.85883608783205e-08,-7.42055068008688e-08,0.00167986089496315,-0.00167999807168491,0,
1.16600159616919,,,,,,-7.46462135394768e-08
1.1672,-6.78207099481911e-08,-7.33280084505113e-08,0.00167986166261419,-0.00167999730403409,0,
1.16679968076616,,,,,,-7.3763387540663e-08
1.168,-6.70628404767267e-08,-7.24656226453613e-08,0.00167986242048378,-0.00167999654616473,0,
1.16759776536313,,,,,,-7.28954068984148e-08
1.1688,-6.63150044363392e-08,-7.16187409362795e-08,0.00167986316831993,-0.0016799957983288,0,
1.1683958499601,,,,,,-7.20426603645789e-08
1.1696,-6.55774587420748e-08,-7.07877548741256e-08,0.00167986390586565,-0.00167999506078313,0,
1.16919393455706,,,,,,-7.12055366910021e-08
1.1704,-6.4834260608347e-08,-6.99730560097594e-08,0.00167986464906374,-0.00167999431758496,0,
1.16999201915403,,,,,,-7.0384424629531e-08
1.1712,-6.40890831013793e-08,-6.91750358940414e-08,0.00167986539424128,-0.00167999357240748,0,
1.170790103751,,,,,,-6.95797129320125e-08
1.172,-6.33509604095652e-08,-6.83940860778312e-08,0.00167986613236404,-0.00167999283428486,0,
1.17158818834796,,,,,,-6.87917903502932e-08
1.1728,-6.26198725569053e-08,-6.76305981119892e-08,0.00167986686345197,-0.00167999210319709,0,
1.17238627294493,,,,,,-6.80210456362198e-08
1.1736,-6.18957932580182e-08,-6.68849635473752e-08,0.00167986758753135,-0.00167999137911786,0,
1.1731843575419,,,,,,-6.72678675416392e-08
1.1744,-6.11786899181406e-08,-6.61575739348491e-08,0.00167986830463476,-0.0016799906620146,0,
1.17398244213887,,,,,,-6.6532644818398e-08
1.1752,-6.0468523633128e-08,-6.54488208252714e-08,0.00167986901480112,-0.00167998995184839,0,
1.17478052673583,,,,,,-6.5815766218343e-08
1.176,-5.97652491894535e-08,-6.47590957695016e-08,0.00167986971807564,-0.00167998924857401,0,
1.1755786113328,,,,,,-6.51176204933209e-08
1.1768,-5.90688150642094e-08,-6.40887903184002e-08,0.00167987041450983,-0.00167998855213996,0,
1.17637669592977,,,,,,-6.44385963951785e-08
1.1776,-5.83791634251055e-08,-6.34382960228269e-08,0.00167987110416154,-0.00167998786248839,0,
1.17717478052674,,,,,,-6.37790826757624e-08
1.1784,-5.769623013047e-08,-6.28080044336418e-08,0.0016798717870949,-0.00167998717955516,0,
1.1779728651237,,,,,,-6.31394680869195e-08
1.1792,-5.701994472925e-08,-6.2198307101705e-08,0.00167987246338037,-0.00167998650326983,0,
1.17877094972067,,,,,,-6.25201413804964e-08
1.18,-5.63502304610101e-08,-6.16095955778764e-08,0.0016798731330947,-0.00167998583355563,0,
1.17956903431764,,,,,,-6.19214913083398e-08
1.1808,-5.56870042559338e-08,-6.10422614130163e-08,0.00167987379632097,-0.00167998517032948,0,
1.1803671189146,,,,,,-6.13439066222966e-08
1.1816,-5.50301767348225e-08,-6.04966961579845e-08,0.00167987445314856,-0.00167998451350203,0,
1.18116520351157,,,,,,-6.07877760742134e-08
1.1824,-5.43796522090959e-08,-5.9973291363641e-08,0.00167987510367314,-0.00167998386297756,0,
1.18196328810854,,,,,,-6.02534884159371e-08
1.1832,-5.37353286807925e-08,-5.9472438580846e-08,0.00167987574799673,-0.00167998321865409,0,
1.18276137270551,,,,,,-5.97414323993142e-08
1.184,-5.30970978425682e-08,-5.89945293604593e-08,0.00167987638622762,-0.00167998258042331,0,
1.18355945730247,,,,,,-5.92519967761915e-08
1.1848,-5.24648450776982e-08,-5.85399552533412e-08,0.00167987701848044,-0.0016799819481706,0,
1.18435754189944,,,,,,-5.87855702984159e-08
1.1856,-5.18384494600753e-08,-5.7957365200368e-08,0.00167987764487612,-0.00167998132177504,0,
1.18515562649641,,,,,,-5.83425417178339e-08
1.1864,-5.12177837542106e-08,-5.72476152245507e-08,0.00167987826554187,-0.00167998070110938,0,
1.18595371109338,,,,,,-5.76507735470975e-08
1.1872,-5.06027144152341e-08,-5.65273276411697e-08,0.00167987888061126,-0.00167998008604009,0,
1.18675179569034,,,,,,-5.69298180346748e-08
1.188,-4.99931015888931e-08,-5.58113107756322e-08,0.00167987949022414,-0.00167997947642732,0,
1.18754988028731,,,,,,-5.62131328610547e-08
1.1888,-4.93887991115544e-08,-5.50995286998556e-08,0.00167988009452666,-0.00167997887212489,0,
1.18834796488428,,,,,,-5.55006823549869e-08
1.1896,-4.8789654510202e-08,-5.43919454857566e-08,0.00167988069367131,-0.00167997827298033,0,
1.18914604948124,,,,,,-5.47924308452214e-08
1.1904,-4.81955090024387e-08,-5.3688525205252e-08,0.00167988128781686,-0.00167997767883487,0,
1.18994413407821,,,,,,-5.40883426605084e-08
1.1912,-4.76061974964858e-08,-5.29892319302594e-08,0.00167988187712841,-0.0016799770895234,0,
1.19074221867518,,,,,,-5.33883821295978e-08
1.192,-4.70215485911823e-08,-5.22940297326954e-08,0.00167988246177735,-0.00167997650487454,0,
1.19154030327215,,,,,,-5.26925135812395e-08
1.1928,-4.64413845759859e-08,-5.16028826844768e-08,0.00167988304194141,-0.00167997592471056,0,
1.19233838786911,,,,,,-5.20007013441837e-08
1.1936,-4.58655214309727e-08,-5.09157548575212e-08,0.00167988361780459,-0.00167997534884745,0,
1.19313647246608,,,,,,-5.13129097471803e-08
1.1944,-4.52937688268367e-08,-5.0232610323745e-08,0.00167988418955723,-0.00167997477709488,0,
1.19393455706305,,,,,,-5.06291031189794e-08
1.1952,-4.47259301248905e-08,-4.95534131550656e-08,0.00167988475739596,-0.00167997420925621,0,
1.19473264166002,,,,,,-4.99492457883308e-08
1.196,-4.41618023770648e-08,-4.88781274233999e-08,0.00167988532152383,-0.00167997364512858,0,
1.19553072625698,,,,,,-4.92733020839846e-08
1.1968,-4.36217589633736e-08,-4.82067172006646e-08,0.00167988586156737,-0.0016799731050853,0,
1.19632881085395,,,,,,-4.86012363346908e-08
1.1976,-4.30909243613619e-08,-4.75391465587772e-08,0.00167988639240203,-0.00167997257425076,0,
1.19712689545092,,,,,,-4.79330128691994e-08
1.1984,-4.25659591961704e-08,-4.68753795696542e-08,0.00167988691736725,-0.00167997204928564,0,
1.19792498004789,,,,,,-4.72685960162604e-08
1.1992,-4.20467694008243e-08,-4.62153803052131e-08,0.00167988743655708,-0.00167997153009589,0,
1.19872306464485,,,,,,-4.66079501046239e-08
1.2,-4.15332572027566e-08,-4.55591128373706e-08,0.00167988795006933,-0.00167997101658373,0,
1.19952114924182,,,,,,-4.59510394630396e-08
1.2008,-4.10253211238089e-08,-4.49065412380436e-08,0.00167988845800545,-0.00167997050864769,0,
1.20031923383879,,,,,,-4.52978284202578e-08
1.2016,-4.05228559802312e-08,-4.42576295791493e-08,0.00167988896047063,-0.00167997000618259,0,
1.20111731843575,,,,,,-4.46482813050284e-08
1.2024,-4.00257528826815e-08,-4.36123419326046e-08,0.00167988945757377,-0.00167996950907953,0,
1.20191540303272,,,,,,-4.40023624461014e-08
1.2032,-3.95338992362265e-08,-4.29706423703266e-08,0.00167988994942745,-0.00167996901722592,0,
1.20271348762969,,,,,,-4.33600361722267e-08
1.204,-3.90471787403411e-08,-4.23324949642323e-08,0.00167989043614799,-0.00167996853050547,0,
1.20351157222666,,,,,,-4.27212668121544e-08
1.2048,-3.85654713889082e-08,-4.16978637862384e-08,0.00167989091785537,-0.00167996804879815,0,
1.20430965682362,,,,,,-4.20860186946345e-08
1.2056,-3.80886534702196e-08,-4.10667129082624e-08,0.00167989139467332,-0.00167996757198026,0,
1.20510774142059,,,,,,-4.1454256148417e-08
1.2064,-3.7616597566975e-08,-4.04390064022208e-08,0.00167989186672926,-0.00167996709992439,0,
1.20590582601756,,,,,,-4.08259435022519e-08
1.2072,-3.71491725562827e-08,-3.98147083400309e-08,0.0016798923341543,-0.00167996663249942,0,
1.20670391061453,,,,,,-4.02010450848891e-08
1.208,-3.66862436096591e-08,-3.91937827936097e-08,0.00167989279708328,-0.0016799661695705,0,
1.20750199521149,,,,,,-3.95795252250787e-08
1.2088,-3.62276721930288e-08,-3.8576193834874e-08,0.00167989325565473,-0.00167996571099911,0,
1.20830007980846,,,,,,-3.89613482515706e-08
1.2096,-3.57733160667254e-08,-3.7961905535741e-08,0.00167989371001088,-0.00167996525664301,0,
1.20909816440543,,,,,,-3.8346478493115e-08
1.2104,-3.532302928549e-08,-3.73508819681275e-08,0.00167989416029769,-0.00167996480635626,0,
1.20989624900239,,,,,,-3.77348802784617e-08
1.2112,-3.48766621984726e-08,-3.67430872039508e-08,0.0016798946066648,-0.0016799643599892,0,
1.21069433359936,,,,,,-3.71265179363607e-08
1.212,-3.44340614492314e-08,-3.61384853151277e-08,0.00167989504926557,-0.00167996391738847,0,
1.21149241819633,,,,,,-3.65213557955622e-08
1.2128,-3.39950699757325e-08,-3.5537040373575e-08,0.00167989548825707,-0.00167996347839702,0,
1.2122905027933,,,,,,-3.59193581848159e-08
1.2136,-3.35595270103511e-08,-3.49387164512101e-08,0.00167989592380006,-0.00167996304285408,0,
1.21308858739026,,,,,,-3.53204894328722e-08
1.2144,-3.31272680798699e-08,-3.43434776199496e-08,0.00167989635605901,-0.00167996261059517,0,
1.21388667198723,,,,,,-3.47247138684807e-08
1.2152,-3.26981250054807e-08,-3.37512879517109e-08,0.0016798967852021,-0.00167996218145211,0,
1.2146847565842,,,,,,-3.41319958203916e-08
1.216,-3.22719259027832e-08,-3.31621115184108e-08,0.00167989721140122,-0.00167996175525303,0,
1.21548284118117,,,,,,-3.35422996173547e-08
1.2168,-3.18484951817852e-08,-3.25759123919661e-08,0.00167989763483196,-0.00167996133182233,0,
1.21628092577813,,,,,,-3.29555895881203e-08
1.2176,-3.14276535469035e-08,-3.19926546442942e-08,0.00167989805567361,-0.00167996091098071,0,
1.2170790103751,,,,,,-3.23718300614382e-08
1.2184,-3.10092179969625e-08,-3.14123023473117e-08,0.00167989847410918,-0.00167996049254517,0,
1.21787709497207,,,,,,-3.17909853660584e-08
1.2192,-3.05930018251956e-08,-3.0834819572936e-08,0.00167989889032536,-0.00167996007632901,0,
1.21867517956903,,,,,,-3.1213019830731e-08
1.22,-3.0178814619244e-08,-3.02601703930838e-08,0.00167989930451258,-0.00167995966214182,0,
1.219473264166,,,,,,-3.06378977842059e-08
1.2208,-2.97664622611574e-08,-2.96883188796721e-08,0.00167989971686495,-0.00167995924978947,0,
1.22027134876297,,,,,,-3.00655835552331e-08
1.2216,-2.9355746927394e-08,-2.91192291046182e-08,0.0016799001275803,-0.00167995883907416,0,
1.22106943335994,,,,,,-2.94960414725627e-08
1.2224,-2.89494516873629e-08,-2.85528651398386e-08,0.00167990053387566,-0.00167995843277903,0,
1.2218675179569,,,,,,-2.89292358649446e-08
1.2232,-2.85770100952377e-08,-2.79891910572508e-08,0.00167990090631736,-0.00167995806033755,0,
1.22266560255387,,,,,,-2.83651310611289e-08
1.224,-2.82095292958254e-08,-2.74281709287716e-08,0.00167990127379818,-0.00167995769285677,0,
1.22346368715084,,,,,,-2.78036913898654e-08
1.2248,-2.78469891317017e-08,-2.68697688263178e-08,0.00167990163633837,-0.00167995733031664,0,
1.22426177174781,,,,,,-2.72448811799043e-08
1.2256,-2.74893695334004e-08,-2.63139488218067e-08,0.001679901993958,-0.00167995697269706,0,
1.22505985634477,,,,,,-2.66886647599955e-08
1.2264,-2.71366505194123e-08,-2.5760674987155e-08,0.00167990234667704,-0.00167995661997808,0,
1.22585794094174,,,,,,-2.61350064588891e-08
1.2272,-2.67888121961864e-08,-2.52099113942801e-08,0.00167990269451539,-0.00167995627213978,0,
1.22665602553871,,,,,,-2.5583870605335e-08
1.228,-2.64458347581289e-08,-2.46616221150987e-08,0.00167990303749285,-0.00167995592916236,0,
1.22745411013567,,,,,,-2.50352215280832e-08
1.2288,-2.61076984876037e-08,-2.41157712215278e-08,0.00167990337562914,-0.00167995559102612,0,
1.22825219473264,,,,,,-2.44890235558837e-08
1.2296,-2.57743837549325e-08,-2.35723227854845e-08,0.0016799037089439,-0.00167995525771141,0,
1.22905027932961,,,,,,-2.39452410174865e-08
1.2304,-2.54458710183943e-08,-2.30312408788857e-08,0.00167990403745666,-0.0016799549291987,0,
1.22984836392658,,,,,,-2.34038382416416e-08
1.2312,-2.51221408242262e-08,-2.24924895736486e-08,0.00167990436118688,-0.00167995460546853,0,
1.23064644852354,,,,,,-2.28647795570991e-08
1.232,-2.48031738066225e-08,-2.195603294169e-08,0.00167990468015392,-0.00167995428650153,0,
1.23144453312051,,,,,,-2.23280292926088e-08
1.2328,-2.4488950687735e-08,-2.14218350549269e-08,0.00167990499437706,-0.00167995397227843,0,
1.23224261771748,,,,,,-2.17935517769209e-08
1.2336,-2.41794522776737e-08,-2.08898599852764e-08,0.00167990530387549,-0.00167995366278005,0,
1.23304070231445,,,,,,-2.12613113387852e-08
1.2344,-2.38746594745057e-08,-2.03600718046554e-08,0.00167990560866831,-0.00167995335798726,0,
1.23383878691141,,,,,,-2.07312723069519e-08
1.2352,-2.35745532642559e-08,-1.98324345849811e-08,0.00167990590877455,-0.00167995305788107,0,
1.23463687150838,,,,,,-2.02033990101708e-08
1.236,-2.32791147209069e-08,-1.93069123981703e-08,0.00167990620421311,-0.00167995276244255,0,
1.23543495610535,,,,,,-1.96776557771921e-08
1.2368,-2.29883250063987e-08,-1.87834693161399e-08,0.00167990649500284,-0.00167995247165286,0,
1.23623304070231,,,,,,-1.91540069367657e-08
1.2376,-2.27021653706292e-08,-1.82620694108071e-08,0.0016799067811625,-0.00167995218549324,0,
1.23703112529928,,,,,,-1.86324168176415e-08
1.2384,-2.24206171514536e-08,-1.77426767540888e-08,0.00167990706271074,-0.00167995190394504,0,
1.23782920989625,,,,,,-1.81128497485698e-08
1.2392,-2.21436617746849e-08,-1.72252554179022e-08,0.00167990733966613,-0.00167995162698968,0,
1.23862729449322,,,,,,-1.75952700583002e-08
1.24,-2.18712807540938e-08,-1.67097694741641e-08,0.00167990761204717,-0.00167995135460868,0,
1.23942537909018,,,,,,-1.7079642075583e-08
1.2408,-2.16034556914084e-08,-1.61961829947914e-08,0.00167990787987225,-0.00167995108678364,0,
1.24022346368715,,,,,,-1.6565930129168e-08
1.2416,-2.13401682763146e-08,-1.56844600517014e-08,0.00167990814315969,-0.00167995082349624,0,
1.24102154828412,,,,,,-1.60540985478052e-08
1.2424,-2.10814002864558e-08,-1.51745647168109e-08,0.00167990840192769,-0.00167995056472827,0,
1.24181963288109,,,,,,-1.55441116602448e-08
1.2432,-2.0827133587433e-08,-1.46664610620368e-08,0.00167990865619441,-0.00167995031046158,0,
1.24261771747805,,,,,,-1.50359337952367e-08
1.244,-2.0577350132805e-08,-1.41601131592963e-08,0.00167990890597788,-0.00167995006067815,0,
1.24341580207502,,,,,,-1.45295292815308e-08
1.2448,-2.0332031964088e-08,-1.36554850805063e-08,0.00167990915129607,-0.00167994981535999,0,
1.24421388667199,,,,,,-1.40248624478772e-08
1.2456,-2.0091161210756e-08,-1.31525408975839e-08,0.00167990939216683,-0.00167994957448926,0,
1.24501197126895,,,,,,-1.35218976230259e-08
1.2464,-1.98547200902405e-08,-1.2651244682446e-08,0.00167990962860797,-0.00167994933804815,0,
1.24581005586592,,,,,,-1.30205991357268e-08
1.2472,-1.96226909079305e-08,-1.21515605070095e-08,0.00167990986063717,-0.00167994910601898,0,
1.24660814046289,,,,,,-1.252093131473e-08
1.248,-1.93950560571729e-08,-1.16534524431917e-08,0.00167991008827203,-0.00167994887838415,0,
1.24740622505986,,,,,,-1.20228584887855e-08
1.2488,-1.91717980192721e-08,-1.11568845629092e-08,0.00167991031153009,-0.00167994865512613,0,
1.24820430965682,,,,,,-1.15263449866433e-08
1.2496,-1.895289936349e-08,-1.06618209380794e-08,0.00167991053042876,-0.00167994843622748,0,
1.24900239425379,,,,,,-1.10313551370533e-08
1.2504,-1.87383427470463e-08,-1.01682256406191e-08,0.00167991074498539,-0.00167994822167088,0,
1.24980047885076,,,,,,-1.05378532687655e-08
1.2512,-1.85281109151181e-08,-9.67606274244514e-09,0.00167991095521723,-0.00167994801143906,0,
1.25059856344773,,,,,,-1.00458037105301e-08
1.252,-1.83221867008404e-08,-9.18529631547485e-09,0.00167991116114146,-0.00167994780551486,0,
1.25139664804469,,,,,,-9.55517079109685e-09
1.2528,-1.81205530253055e-08,-8.69589043162493e-09,0.00167991136277515,-0.0016799476038812,0,
1.25219473264166,,,,,,-9.06591883921589e-09
1.2536,-1.79231928975636e-08,-8.20780916281264e-09,0.00167991156013529,-0.00167994740652108,0,
1.25299281723863,,,,,,-8.57801218363718e-09
1.2544,-1.77300894146224e-08,-7.72101658095485e-09,0.00167991175323878,-0.00167994721341761,0,
1.25379090183559,,,,,,-8.09141515311072e-09
1.2552,-1.75412257614471e-08,-7.23547675796842e-09,0.00167991194210245,-0.00167994702455397,0,
1.25458898643256,,,,,,-7.60609207638651e-09
1.256,-1.73565852109608e-08,-6.75115376577063e-09,0.00167991212674301,-0.00167994683991343,0,
1.25538707102953,,,,,,-7.12200728221455e-09
1.2568,-1.71761511240438e-08,-6.26801167627819e-09,0.00167991230717711,-0.00167994665947936,0,
1.2561851556265,,,,,,-6.63912509934482e-09
1.2576,-1.69999069495345e-08,-5.78601456140838e-09,0.00167991248342129,-0.00167994648323519,0,
1.25698324022346,,,,,,-6.15740985652735e-09
1.2584,-1.68278362242285e-08,-5.30820072965652e-09,0.00167991265549203,-0.00167994631116448,0,
1.25778132482043,,,,,,-5.67682588251211e-09
1.2592,-1.66599225728793e-08,-4.92764299925676e-09,0.00167991282340569,-0.00167994614325084,0,
1.2585794094174,,,,,,-5.20130323950946e-09
1.26,-1.64961497081979e-08,-4.57922781370473e-09,0.00167991298717857,-0.00167994597947798,0,
1.25937749401437,,,,,,-4.84937391819684e-09
1.2608,-1.63365014308528e-08,-4.23644573230245e-09,0.00167991314682685,-0.00167994581982972,0,
1.26017557861133,,,,,,-4.50303275859153e-09
1.2616,-1.61809616294705e-08,-3.89932008036331e-09,0.00167991330236666,-0.00167994566428992,0,
1.2609736632083,,,,,,-4.16230291926502e-09
1.2624,-1.60295142806346e-08,-3.56787418320044e-09,0.00167991345381402,-0.00167994551284258,0,
1.26177174780527,,,,,,-3.82720755878881e-09
1.2632,-1.58821434488867e-08,-3.24213136612694e-09,0.00167991360118486,-0.00167994536547176,0,
1.26256983240223,,,,,,-3.49776983573449e-09
1.264,-1.5738833286726e-08,-2.92211495445623e-09,0.00167991374449503,-0.00167994522216161,0,
1.2633679169992,,,,,,-3.17401290867337e-09
1.2648,-1.5599568034609e-08,-2.60784827350132e-09,0.0016799138837603,-0.00167994508289636,0,
1.26416600159617,,,,,,-2.85595993617703e-09
1.2656,-1.54643320209501e-08,-2.2993546485756e-09,0.00167991401899632,-0.00167994494766036,0,
1.26496408619314,,,,,,-2.54363407681698e-09
1.2664,-1.53331096621214e-08,-1.9966574049922e-09,0.00167991415021868,-0.00167994481643801,0,
1.2657621707901,,,,,,-2.23705848916471e-09
1.2672,-1.52058854624522e-08,-1.69977986806425e-09,0.00167991427744289,-0.00167994468921382,0,
1.26656025538707,,,,,,-1.93625633179172e-09
1.268,-1.50826440142299e-08,-1.40874536310512e-09,0.00167991440068435,-0.00167994456597237,0,
1.26735833998404,,,,,,-1.64125076326951e-09
1.2688,-1.49633699976992e-08,-1.12357721542787e-09,0.00167991451995837,-0.00167994444669836,0,
1.26815642458101,,,,,,-1.35206494216956e-09
1.2696,-1.48480481810625e-08,-8.4429875034586e-10,0.00167991463528019,-0.00167994433137656,0,
1.26895450917797,,,,,,-1.06872202706339e-09
1.2704,-1.47366634204799e-08,-5.70933293172223e-10,0.00167991474666496,-0.0016799442199918,0,
1.26975259377494,,,,,,-7.91245176522476e-10
1.2712,-1.46292006600689e-08,-3.03504169220098e-10,0.00167991485412773,-0.00167994411252905,0,
1.27055067837191,,,,,,-5.19657549118324e-10
1.272,-1.45256449319049e-08,-4.20347038028456e-11,0.00167991495768346,-0.00167994400897332,0,
1.27134876296887,,,,,,-2.53982303422431e-10
1.2728,-1.44259813560207e-08,2.13451777766471e-10,0.00167991505734704,-0.00167994390930975,0,
1.27214684756584,,,,,,5.75740199370916e-12
1.2736,-1.43301951404069e-08,4.62931950174494e-10,0.00167991515313326,-0.00167994381352354,0,
1.27294493216281,,,,,,2.595384085586e-10
1.2744,-1.42382715810116e-08,7.06382488108088e-10,0.00167991524505681,-0.00167994372159997,0,
1.27374301675978,,,,,,5.07337557700741e-10
1.2752,-1.41268871482413e-08,9.43780066254104e-10,0.00167991535644122,-0.00167994361021551,0,
1.27454110135674,,,,,,7.49131690848642e-10
1.276,-1.39987944360598e-08,1.1751013592992e-09,0.00167991548453391,-0.00167994348212279,0,
1.27533918595371,,,,,,9.848976494308e-10
1.2768,-1.38722944077877e-08,1.4003230419303e-09,0.00167991561103394,-0.00167994335562276,0,
1.27613727055068,,,,,,1.21461227487572e-09
1.2776,-1.37473302310795e-08,1.61942178883405e-09,0.00167991573599812,-0.00167994323065859,0,
1.27693535514765,,,,,,1.43825240861191e-09
1.2784,-1.36238450735895e-08,1.83237427469732e-09,0.00167991585948328,-0.00167994310717343,0,
1.27773343974461,,,,,,1.65579489206787e-09
1.2792,-1.35017821029719e-08,2.03915717420694e-09,0.00167991598154626,-0.00167994298511046,0,
1.27853152434158,,,,,,1.86721656667211e-09
1.28,-1.3381084486881e-08,2.2397471620496e-09,0.00167991610224388,-0.00167994286441285,0,
1.27932960893855,,,,,,2.07249427385312e-09
1.2808,-1.32616953929712e-08,2.43412091291219e-09,0.00167991622163297,-0.00167994274502376,0,
1.28012769353551,,,,,,2.27160485503941e-09
1.2816,-1.31435579888967e-08,2.6222551014814e-09,0.00167991633977038,-0.00167994262688636,0,
1.28092577813248,,,,,,2.46452515165949e-09
1.2824,-1.30266154423119e-08,2.80412640244405e-09,0.00167991645671293,-0.00167994250994381,0,
1.28172386272945,,,,,,2.65123200514186e-09
1.2832,-1.29108109208711e-08,2.97971149048701e-09,0.00167991657251745,-0.00167994239413929,0,
1.28252194732642,,,,,,2.83170225691501e-09
1.284,-1.27960875922285e-08,3.14898704029694e-09,0.00167991668724078,-0.00167994227941596,0,
1.28332003192338,,,,,,3.00591274840746e-09
1.2848,-1.26823886240385e-08,3.31192972656075e-09,0.00167991680093975,-0.001679942165717,0,
1.28411811652035,,,,,,3.17384032104771e-09
1.2856,-1.25696571839554e-08,3.46851622396512e-09,0.00167991691367119,-0.00167994205298556,0,
1.28491620111732,,,,,,3.33546181626426e-09
1.2864,-1.24578364396335e-08,3.61872320719689e-09,0.00167991702549194,-0.00167994194116482,0,
1.28571428571429,,,,,,3.49075407548562e-09
1.2872,-1.23468695587271e-08,3.76252735094288e-09,0.00167991713645882,-0.00167994183019794,0,
1.28651237031125,,,,,,3.63969394014028e-09
1.288,-1.22366997088905e-08,3.89990532988982e-09,0.00167991724662867,-0.00167994172002809,0,
1.28731045490822,,,,,,3.78225825165676e-09
1.2888,-1.2127270057778e-08,4.03083381872455e-09,0.00167991735605832,-0.00167994161059844,0,
1.28810853950519,,,,,,3.91842385146352e-09
1.2896,-1.20185237730439e-08,4.15528949213381e-09,0.00167991746480461,-0.00167994150185215,0,
1.28890662410215,,,,,,4.04816758098913e-09
1.2904,-1.19104040223426e-08,4.2732490248044e-09,0.00167991757292436,-0.00167994139373241,0,
1.28970470869912,,,,,,4.17146628166207e-09
1.2912,-1.18028539733282e-08,4.38468909142316e-09,0.00167991768047441,-0.00167994128618236,0,
1.29050279329609,,,,,,4.28829679491083e-09
1.292,-1.16958167936552e-08,4.48958636667681e-09,0.00167991778751159,-0.00167994117914518,0,
1.29130087789306,,,,,,4.39863596216392e-09
1.2928,-1.15892356509778e-08,4.58791752525219e-09,0.00167991789409273,-0.00167994107256404,0,
1.29209896249002,,,,,,4.50246062484985e-09
1.2936,-1.14830537129503e-08,4.67965924183604e-09,0.00167991800027467,-0.0016799409663821,0,
1.29289704708699,,,,,,4.59974762439711e-09
1.2944,-1.13772141472271e-08,4.76478819111518e-09,0.00167991810611424,-0.00167994086054253,0,
1.29369513168396,,,,,,4.69047380223421e-09
1.2952,-1.12716601214625e-08,4.84328104777642e-09,0.00167991821166827,-0.00167994075498851,0,
1.29449321628093,,,,,,4.77461599978966e-09
1.296,-1.11663348033107e-08,4.9151144865065e-09,0.00167991831699358,-0.00167994064966319,0,
1.29529130087789,,,,,,4.85215105849195e-09
1.2968,-1.1061181360426e-08,4.98026518199223e-09,0.00167991842214703,-0.00167994054450975,0,
1.29608938547486,,,,,,4.92305581976959e-09
1.2976,-1.09561429604629e-08,5.03870980892042e-09,0.00167991852718543,-0.00167994043947135,0,
1.29688747007183,,,,,,4.98730712505109e-09
1.2984,-1.08511627710755e-08,5.09042504197783e-09,0.00167991863216562,-0.00167994033449116,0,
1.29768555466879,,,,,,5.04488181576494e-09
1.2992,-1.07461839599181e-08,5.13538755585126e-09,0.00167991873714443,-0.00167994022951235,0,
1.29848363926576,,,,,,5.09575673333966e-09
1.3,-1.06411496946452e-08,5.17357402522749e-09,0.00167991884217869,-0.00167994012447808,0,
1.29928172386273,,,,,,5.13990871920373e-09
1.3008,-1.0536003142911e-08,5.20496112479331e-09,0.00167991894732524,-0.00167994001933153,0,
1.3000798084597,,,,,,5.17731461478568e-09
1.3016,-1.04306874723697e-08,5.22952552923553e-09,0.00167991905264091,-0.00167993991401586,0,
1.30087789305666,,,,,,5.207951261514e-09
1.3024,-1.03251458506757e-08,5.24724391324091e-09,0.00167991915818254,-0.00167993980847424,0,
1.30167597765363,,,,,,5.23179550081719e-09
1.3032,-1.02193214454834e-08,5.25809295149626e-09,0.00167991926400694,-0.00167993970264983,0,
1.3024740622506,,,,,,5.24882417412377e-09
1.304,-1.01131574244469e-08,5.26204931868836e-09,0.00167991937017096,-0.00167993959648581,0,
1.30327214684757,,,,,,5.25901412286222e-09
1.3048,-1.00065969552207e-08,5.25908968950399e-09,0.00167991947673143,-0.00167993948992534,0,
1.30407023144453,,,,,,5.26234218846105e-09
1.3056,-9.89958320545899e-09,5.24919073862995e-09,0.00167991958374518,-0.00167993938291159,0,
1.3048683160415,,,,,,5.25878521234878e-09
1.3064,-9.79205934281612e-09,5.23232914075303e-09,0.00167991969126904,-0.00167993927538773,0,
1.30566640063847,,,,,,5.2483200359539e-09
1.3072,-9.68396853494636e-09,5.20848157056001e-09,0.00167991979935985,-0.00167993916729692,0,
1.30646448523544,,,,,,5.23092350070491e-09
1.308,-9.57525394950406e-09,5.17762470273769e-09,0.00167991990807443,-0.00167993905858233,0,
1.3072625698324,,,,,,5.20657244803033e-09
1.3088,-9.4658587541435e-09,5.13973521197285e-09,0.00167992001746963,-0.00167993894918713,0,
1.30806065442937,,,,,,5.17524371935864e-09
1.3096,-9.35572611651896e-09,5.09478977295228e-09,0.00167992012760226,-0.0016799388390545,0,
1.30885873902634,,,,,,5.13691415611836e-09
1.3104,-9.24479920428481e-09,5.04276506036277e-09,0.00167992023852917,-0.00167993872812758,0,
1.3096568236233,,,,,,5.091560599738e-09
1.3112,-9.13302118509529e-09,4.9836377488911e-09,0.00167992035030719,-0.00167993861634956,0,
1.31045490822027,,,,,,5.03915989164604e-09
1.312,-9.02033522660476e-09,4.91738451322408e-09,0.00167992046299315,-0.0016799385036636,0,
1.31125299281724,,,,,,4.979688873271e-09
1.3128,-8.9066844964675e-09,4.84398202804849e-09,0.00167992057664388,-0.00167993839001287,0,
1.31205107741421,,,,,,4.91312438604138e-09
1.3136,-8.79201216233779e-09,4.76340696805109e-09,0.00167992069131621,-0.00167993827534053,0,
1.31284916201117,,,,,,4.83944327138571e-09
1.3144,-8.67626139186999e-09,4.67563600791872e-09,0.00167992080706698,-0.00167993815958976,0,
1.31364724660814,,,,,,4.75862237073244e-09
1.3152,-8.55937535271834e-09,4.58064582233812e-09,0.00167992092395301,-0.00167993804270372,0,
1.31444533120511,,,,,,4.67063852551011e-09
1.316,-8.44129721253722e-09,4.47841308599612e-09,0.00167992104203115,-0.00167993792462558,0,
1.31524341580207,,,,,,4.5754685771472e-09
1.3168,-8.3219701389809e-09,4.36891447357949e-09,0.00167992116135822,-0.0016799378052985,0,
1.31604150039904,,,,,,4.47308936707224e-09
1.3176,-8.20133729970365e-09,4.25212665977499e-09,0.00167992128199106,-0.00167993768466566,0,
1.31683958499601,,,,,,4.36347773671371e-09
1.3184,-8.07934186235984e-09,4.12802631926947e-09,0.0016799214039865,-0.00167993756267022,0,
1.31763766959298,,,,,,4.24661052750013e-09
1.3192,-7.95592699460371e-09,3.99659012674964e-09,0.00167992152740136,-0.00167993743925535,0,
1.31843575418994,,,,,,4.12246458086e-09
1.32,-7.83103586408963e-09,3.85779475690238e-09,0.00167992165229249,-0.00167993731436422,0,
1.31923383878691,,,,,,3.99101673822182e-09
1.3208,-7.70461163847188e-09,3.71161688441443e-09,0.00167992177871671,-0.00167993718793999,0,
1.32003192338388,,,,,,3.85224384101409e-09
1.3216,-7.57659748540473e-09,3.55803318397255e-09,0.00167992190673086,-0.00167993705992583,0,
1.32083000798085,,,,,,3.70612273066532e-09
1.3224,-7.44693657254254e-09,3.39702033026359e-09,0.00167992203639177,-0.00167993693026492,0,
1.32162809257781,,,,,,3.55263024860402e-09
1.3232,-7.31557206753956e-09,3.22855499797427e-09,0.00167992216775627,-0.00167993679890041,0,
1.32242617717478,,,,,,3.39174323625867e-09
1.324,-7.18244713805017e-09,3.05261386179146e-09,0.0016799223008812,-0.00167993666577547,0,
1.32322426177175,,,,,,3.2234385350578e-09
1.3248,-7.04750495172862e-09,2.86917359640192e-09,0.00167992243582338,-0.00167993653083328,0,
1.32402234636872,,,,,,3.0476929864299e-09
1.3256,-6.9106886762292e-09,2.67821087649236e-09,0.00167992257263965,-0.001679936394017,0,
1.32482043096568,,,,,,2.86448343180347e-09
1.3264,-6.77194147920628e-09,2.47970237674969e-09,0.00167992271138685,-0.0016799362552698,0,
1.32561851556265,,,,,,2.67378671260703e-09
1.3272,-6.63226684935723e-09,2.27362477186059e-09,0.00167992285106154,-0.00167993611559524,0,
1.32641660015962,,,,,,2.47557967026906e-09
1.328,-6.55331805289456e-09,2.05995473651195e-09,0.00167992293001037,-0.00167993603664648,0,
1.32721468475658,,,,,,2.26983914621809e-09
1.3288,-6.47516617249461e-09,1.83866894539052e-09,0.00167992300816225,-0.0016799359584946,0,
1.32801276935355,,,,,,2.0565419818826e-09
1.3296,-6.39779792508251e-09,1.60974407318301e-09,0.0016799230855305,-0.00167993588112635,0,
1.32881085395052,,,,,,1.8356650186911e-09
1.3304,-6.32120002758347e-09,1.37315679457635e-09,0.0016799231621284,-0.00167993580452845,0,
1.32960893854749,,,,,,1.6071850980721e-09
1.3312,-6.24535919692262e-09,1.12888378425718e-09,0.00167992323796923,-0.00167993572868762,0,
1.33040702314445,,,,,,1.3710790614541e-09
1.332,-6.17026215002516e-09,9.086946735953e-10,0.00167992331306628,-0.00167993565359058,0,
1.33120510774142,,,,,,1.12732375026561e-09
1.3328,-6.09589560381622e-09,8.33118522032371e-10,0.00167992338743283,-0.00167993557922403,0,
1.33200319233839,,,,,,9.0781664517494e-10
1.3336,-6.02224627522096e-09,7.56426399033629e-10,0.00167992346108215,-0.0016799355055747,0,
1.33280127693536,,,,,,8.32998813501685e-10
1.33359936153232,,,,,,7.56426399033629e-10
1.3344,-5.94930088116456e-09,6.77884484081599e-10,0.00167992353402755,-0.00167993543262931,0,
1.33439744612929,,,,,,6.7814035201543e-10
1.3352,-5.87704613857217e-09,5.97724716107979e-10,0.00167992360628229,-0.00167993536037457,0,
1.33519553072626,,,,,,5.98181622691739e-10
1.336,-5.80546876436897e-09,5.15925711361609e-10,0.00167992367785967,-0.0016799352887972,0,
1.33599361532322,,,,,,5.16591161307213e-10
1.3368,-5.73455547548011e-09,4.32528714928883e-10,0.00167992374877296,-0.00167993521788391,0,
1.33679169992019,,,,,,4.33409918106502e-10
1.3376,-5.66429298883074e-09,3.47574971896195e-10,0.00167992381903544,-0.00167993514762142,0,
1.33758978451716,,,,,,3.48678843334288e-10
1.3384,-5.59466802134605e-09,2.6110572735001e-10,0.00167992388866041,-0.00167993507799646,0,
1.33838786911413,,,,,,2.62438887235181e-10
1.3392,-5.52566728995117e-09,1.7316222637669e-10,0.00167992395766114,-0.00167993500899572,0,
1.33918595371109,,,,,,1.74731000053852e-10
1.34,-5.45727751157129e-09,8.37857140627055e-11,0.00167992402605092,-0.00167993494060595,0,
1.33998403830806,,,,,,8.55961320349607e-11
1.3408,-5.38948540313157e-09,-6.98256450555577e-12,0.00167992409384303,-0.00167993487281384,0,
1.34078212290503,,,,,,-4.92476657684204e-12
1.3416,-5.32227768155715e-09,-9.91013642417006e-11,0.00167992416105075,-0.00167993480560612,0,
1.341580207502,,,,,,-9.67907455368985e-11
1.3424,-5.25564106377322e-09,-1.92529440059265e-10,0.00167992422768737,-0.0016799347389695,0,
1.34237829209896,,,,,,-1.89960854600558e-10
1.3432,-5.18956226670491e-09,-2.8722554687188e-10,0.00167992429376617,-0.0016799346728907,0,
1.34317637669593,,,,,,-2.8439414352316e-10
1.344,-5.12402800727742e-09,-3.83148439593083e-10,0.00167992435930043,-0.00167993460735644,0,
1.3439744612929,,,,,,-3.80049662060057e-10
1.3448,-5.0590250024159e-09,-4.8025687313648e-10,0.00167992442430344,-0.00167993454235344,0,
1.34477254588986,,,,,,-4.76886459966591e-10
1.3456,-4.99453996904548e-09,-5.78509602415685e-10,0.00167992448878847,-0.00167993447786841,0,
1.34557063048683,,,,,,-5.74863586998108e-10
1.3464,-4.93055962409137e-09,-6.77865382344226e-10,0.00167992455276882,-0.00167993441388806,0,
1.3463687150838,,,,,,-6.73940092909954e-10
1.3472,-4.86707068447869e-09,-7.78282967835743e-10,0.00167992461625776,-0.00167993435039912,0,
1.34716679968077,,,,,,-7.74075027457475e-10
1.348,-4.80405986713265e-09,-8.79721113803763e-10,0.00167992467926857,-0.00167993428738831,0,
1.34796488427773,,,,,,-8.75227440396014e-10
1.3488,-4.74151388897838e-09,-9.82138575161898e-10,0.00167992474181455,-0.00167993422484233,0,
1.3487629688747,,,,,,-9.77356381480918e-10
1.3496,-4.67941946694103e-09,-1.08549410682376e-09,0.00167992480390897,-0.00167993416274791,0,
1.34956105347167,,,,,,-1.08042090046753e-09
1.3504,-4.6177633179458e-09,-1.18974646370288e-09,0.00167992486556512,-0.00167993410109176,0,
1.35035913806864,,,,,,-1.18438004711121e-09
1.3512,-4.55653215891783e-09,-1.29485440071287e-09,0.00167992492679628,-0.0016799340398606,0,
1.3511572226656,,,,,,-1.28919287116728e-09
1.352,-4.49571270678227e-09,-1.40077667276734e-09,0.00167992498761574,-0.00167993397904115,0,
1.35195530726257,,,,,,-1.3948184223911e-09
1.3528,-4.43529167846431e-09,-1.50747203477982e-09,0.00167992504803676,-0.00167993391862012,0,
1.35275339185954,,,,,,-1.50121575053802e-09
1.3536,-4.37525579088909e-09,-1.61489924166394e-09,0.00167992510807265,-0.00167993385858423,0,
1.3535514764565,,,,,,-1.60834390536337e-09
1.3544,-4.3155917609818e-09,-1.72301704833324e-09,0.00167992516773668,-0.0016799337989202,0,
1.35434956105347,,,,,,-1.71616193662251e-09
1.3552,-4.25628630566757e-09,-1.83178420970133e-09,0.00167992522704214,-0.00167993373961475,0,
1.35514764565044,,,,,,-1.82462889407078e-09
1.356,-4.19732614187158e-09,-1.94115948068182e-09,0.0016799252860023,-0.00167993368065459,0,
1.35594573024741,,,,,,-1.93370382746352e-09
1.3568,-4.13869798651899e-09,-2.05110161618824e-09,0.00167992534463046,-0.00167993362202643,0,
1.35674381484437,,,,,,-2.04334578655609e-09
1.3576,-4.08038855653495e-09,-2.16156937113423e-09,0.00167992540293989,-0.001679933563717,0,
1.35754189944134,,,,,,-2.15351382110382e-09
1.3584,-4.02238456884466e-09,-2.27252150043331e-09,0.00167992546094388,-0.00167993350571301,0,
1.35833998403831,,,,,,-2.26416698086206e-09
1.3592,-3.96467274037324e-09,-2.3839167589991e-09,0.0016799255186557,-0.00167993344800119,0,
1.35913806863528,,,,,,-2.37526431558616e-09
1.36,-3.90723978804587e-09,-2.49571390174522e-09,0.00167992557608866,-0.00167993339056823,0,
1.35993615323224,,,,,,-2.48676487503147e-09
1.3608,-3.85007242878771e-09,-2.60787168358518e-09,0.00167992563325602,-0.00167993333340087,0,
1.36073423782921,,,,,,-2.59862770895332e-09
1.3616,-3.79315737952392e-09,-2.72034885943263e-09,0.00167992569017107,-0.00167993327648583,0,
1.36153232242618,,,,,,-2.71081186710707e-09
1.3624,-3.73648135717968e-09,-2.83310418420109e-09,0.00167992574684709,-0.0016799332198098,0,
1.36233040702314,,,,,,-2.82327639924805e-09
1.3632,-3.68003107868013e-09,-2.94609641280419e-09,0.00167992580329737,-0.00167993316335952,0,
1.36312849162011,,,,,,-2.9359803551316e-09
1.364,-3.62379326095043e-09,-3.05928430015553e-09,0.00167992585953519,-0.00167993310712171,0,
1.36392657621708,,,,,,-3.0488827845131e-09
1.3648,-3.56775462091577e-09,-3.17262660116863e-09,0.00167992591557383,-0.00167993305108307,0,
1.36472466081405,,,,,,-3.16194273714788e-09
1.3656,-3.51190187550128e-09,-3.28608207075715e-09,0.00167992597142657,-0.00167993299523032,0,
1.36552274541101,,,,,,-3.27511926279128e-09
1.3664,-3.45622174163215e-09,-3.3996094638346e-09,0.00167992602710671,-0.00167993293955019,0,
1.36632083000798,,,,,,-3.38837141119865e-09
1.3672,-3.40070093623353e-09,-3.5131675353146e-09,0.00167992608262751,-0.00167993288402938,0,
1.36711891460495,,,,,,-3.50165823212534e-09
1.368,-3.34532617623057e-09,-3.62671504011076e-09,0.00167992613800227,-0.00167993282865462,0,
1.36791699920192,,,,,,-3.61493877532668e-09
1.3688,-3.29008417854846e-09,-3.74021073313661e-09,0.00167992619324427,-0.00167993277341263,0,
1.36871508379888,,,,,,-3.72817209055803e-09
1.3696,-3.23496166011233e-09,-3.85361336930579e-09,0.00167992624836679,-0.00167993271829011,0,
1.36951316839585,,,,,,-3.84131722757472e-09
1.3704,-3.17994533784737e-09,-3.96688170353183e-09,0.00167992630338311,-0.00167993266327379,0,
1.37031125299282,,,,,,-3.95433323613211e-09
1.3712,-3.12502192867874e-09,-4.07997449072834e-09,0.00167992635830652,-0.00167993260835038,0,
1.37110933758978,,,,,,-4.06717916598555e-09
1.372,-3.07017814953157e-09,-4.19285048580893e-09,0.0016799264131503,-0.0016799325535066,0,
1.37190742218675,,,,,,-4.17981406689037e-09
1.3728,-3.01540071733107e-09,-4.30546844368712e-09,0.00167992646792773,-0.00167993249872916,0,
1.37270550678372,,,,,,-4.29219698860192e-09
1.3736,-2.96067634900236e-09,-4.41778711927657e-09,0.0016799265226521,-0.0016799324440048,0,
1.37350359138069,,,,,,-4.40428698087555e-09
1.3744,-2.90599176147063e-09,-4.5297652674908e-09,0.00167992657733669,-0.00167993238932021,0,
1.37430167597765,,,,,,-4.51604309346661e-09
1.3752,-2.85133367166104e-09,-4.64136164324341e-09,0.00167992663199478,-0.00167993233466212,0,
1.37509976057462,,,,,,-4.62742437613043e-09
1.376,-2.79668879649873e-09,-4.75253500144803e-09,0.00167992668663965,-0.00167993228001724,0,
1.37589784517159,,,,,,-4.73838987862237e-09
1.3768,-2.74204385290889e-09,-4.86324409701818e-09,0.00167992674128459,-0.0016799322253723,0,
1.37669592976856,,,,,,-4.84889865069776e-09
1.3776,-2.68738555781666e-09,-4.97344768486749e-09,0.00167992679594289,-0.00167993217071401,0,
1.37749401436552,,,,,,-4.95890974211196e-09
1.3784,-2.63270062814723e-09,-5.08310451990951e-09,0.00167992685062782,-0.00167993211602908,0,
1.37829209896249,,,,,,-5.06838220262032e-09
1.3792,-2.57797578082574e-09,-5.19217335705783e-09,0.00167992690535267,-0.00167993206130423,0,
1.37909018355946,,,,,,-5.17727508197817e-09
1.38,-2.52951785534265e-09,-5.30061295122608e-09,0.0016799269538106,-0.00167993201284631,0,
1.37988826815642,,,,,,-5.28554742994086e-09
1.3808,-2.48825780235563e-09,-5.40838205732777e-09,0.00167992699507065,-0.00167993197158626,0,
1.38068635275339,,,,,,-5.39315829626375e-09
1.3816,-2.44752634174256e-09,-5.51543943027656e-09,0.00167992703580212,-0.0016799319308548,0,
1.38148443735036,,,,,,-5.50006673070216e-09
1.3824,-2.40731926811415e-09,-5.62174382498596e-09,0.00167992707600919,-0.00167993189064773,0,
1.38228252194733,,,,,,-5.60623178301145e-09
1.3832,-2.36763237608108e-09,-5.7272539963696e-09,0.00167992711569608,-0.00167993185096083,0,
1.38308060654429,,,,,,-5.71161250294697e-09
1.384,-2.32846146025401e-09,-5.83192869934107e-09,0.001679927154867,-0.00167993181178992,0,
1.38387869114126,,,,,,-5.81616794026406e-09
1.3848,-2.28980231524365e-09,-5.93572668881392e-09,0.00167992719352614,-0.00167993177313077,0,
1.38467677573823,,,,,,-5.91985714471806e-09
1.3856,-2.25165073566065e-09,-6.03860671970178e-09,0.00167992723167772,-0.00167993173497919,0,
1.3854748603352,,,,,,-6.02263916606433e-09
1.3864,-2.21400251611574e-09,-6.14052754691817e-09,0.00167992726932594,-0.00167993169733098,0,
1.38627294493216,,,,,,-6.1244730540582e-09
1.3872,-2.17685345121956e-09,-6.24144792537672e-09,0.00167992730647501,-0.00167993166018191,0,
1.38707102952913,,,,,,-6.22531785845502e-09
1.388,-2.14019933558281e-09,-6.34132660999103e-09,0.00167992734312912,-0.0016799316235278,0,
1.3878691141261,,,,,,-6.32513262901012e-09
1.3888,-2.10403596381618e-09,-6.44012235567462e-09,0.0016799273792925,-0.00167993158736442,0,
1.38866719872306,,,,,,-6.42387641547889e-09
1.3896,-2.06835913053034e-09,-6.53779391734115e-09,0.00167992741496933,-0.00167993155168759,0,
1.38946528332003,,,,,,-6.52150826761664e-09
1.3904,-2.03316463033598e-09,-6.63430004990414e-09,0.00167992745016383,-0.00167993151649309,0,
1.390263367917,,,,,,-6.61798723517873e-09
1.3912,-1.99844825784379e-09,-6.7295995082772e-09,0.0016799274848802,-0.00167993148177672,0,
1.39106145251397,,,,,,-6.7132723679205e-09
1.392,-1.96420580766443e-09,-6.82365104737394e-09,0.00167992751912265,-0.00167993144753427,0,
1.39185953711093,,,,,,-6.8073227155973e-09
1.3928,-1.9304330744086e-09,-6.91641342210789e-09,0.00167992755289539,-0.00167993141376154,0,
1.3926576217079,,,,,,-6.90009732796446e-09
1.3936,-1.89712585268698e-09,-7.0078453873927e-09,0.00167992758620261,-0.00167993138045431,0,
1.39345570630487,,,,,,-6.99155525477735e-09
1.3944,-1.86427993711026e-09,-7.09790569814188e-09,0.00167992761904853,-0.0016799313476084,0,
1.39425379090184,,,,,,-7.08165554579129e-09
1.3952,-1.83189112228911e-09,-7.18655310926905e-09,0.00167992765143734,-0.00167993131521958,0,
1.3950518754988,,,,,,-7.17035725076165e-09
1.396,-1.79995520283422e-09,-7.27374637568783e-09,0.00167992768337326,-0.00167993128328367,0,
1.39584996009577,,,,,,-7.25761941944376e-09
1.3968,-1.76846797335627e-09,-7.35944425231173e-09,0.00167992771486049,-0.00167993125179644,0,
1.39664804469274,,,,,,-7.34340110159297e-09
1.3976,-1.73742522846595e-09,-7.44360549405441e-09,0.00167992774590323,-0.00167993122075369,0,
1.3974461292897,,,,,,-7.42766134696462e-09
1.3984,-1.70682276277393e-09,-7.52618885582939e-09,0.0016799277765057,-0.00167993119015123,0,
1.39824421388667,,,,,,-7.51035920531406e-09
1.3992,-1.67665637089091e-09,-7.60715309255028e-09,0.00167992780667209,-0.00167993115998483,0,
1.39904229848364,,,,,,-7.59145372639664e-09
1.4,-1.64692184742756e-09,-7.68645695913069e-09,0.00167992783640662,-0.00167993113025031,0,
1.39984038308061,,,,,,-7.6709039599677e-09
1.4008,-1.61761498699457e-09,-7.76405921048415e-09,0.00167992786571348,-0.00167993110094345,0,
1.40063846767757,,,,,,-7.74866895578258e-09
1.4016,-1.58873158420262e-09,-7.83991860152428e-09,0.00167992789459688,-0.00167993107206005,0,
1.40143655227454,,,,,,-7.82470776359664e-09
1.4024,-1.56026743366238e-09,-7.91399388716468e-09,0.00167992792306103,-0.0016799310435959,0,
1.40223463687151,,,,,,-7.89897943316522e-09
1.4032,-1.53221832998456e-09,-7.98624382231889e-09,0.00167992795111013,-0.00167993101554679,0,
1.40303272146848,,,,,,-7.97144301424366e-09
1.404,-1.50458006777982e-09,-8.05662716190053e-09,0.0016799279787484,-0.00167993098790853,0,
1.40383080606544,,,,,,-8.04205755658731e-09
1.4048,-1.47734844165885e-09,-8.12510266082316e-09,0.00167992800598002,-0.00167993096067691,0,
1.40462889066241,,,,,,-8.11078210995152e-09
1.4056,-1.45051924623234e-09,-8.19162907400036e-09,0.00167992803280922,-0.00167993093384771,0,
1.40542697525938,,,,,,-8.17757572409162e-09
1.4064,-1.42408827611096e-09,-8.25616515634576e-09,0.00167992805924019,-0.00167993090741674,0,
1.40622505985634,,,,,,-8.24239744876297e-09
1.4072,-1.39805132590541e-09,-8.31866966277288e-09,0.00167992808527714,-0.00167993088137979,0,
1.40702314445331,,,,,,-8.30520633372092e-09
1.408,-1.37240419022636e-09,-8.37910134819536e-09,0.00167992811092427,-0.00167993085573266,0,
1.40782122905028,,,,,,-8.36596142872079e-09
1.4088,-1.3471426636845e-09,-8.43741896752675e-09,0.0016799281361858,-0.00167993083047113,0,
1.40861931364725,,,,,,-8.42462178351796e-09
1.4096,-1.3222625408905e-09,-8.49358127568064e-09,0.00167992816106592,-0.00167993080559101,0,
1.40941739824421,,,,,,-8.48114644786775e-09
1.4104,-1.29775961645506e-09,-8.54754702757063e-09,0.00167992818556885,-0.00167993078108808,0,
1.41021548284118,,,,,,-8.53549447152551e-09
1.4112,-1.27362968498885e-09,-8.59927497811028e-09,0.00167992820969878,-0.00167993075695815,0,
1.41101356743815,,,,,,-8.5876249042466e-09
1.412,-1.24986854110256e-09,-8.64872388221319e-09,0.00167992823345992,-0.00167993073319701,0,
1.41181165203512,,,,,,-8.63749679578634e-09
1.4128,-1.22647197940687e-09,-8.69585249479294e-09,0.00167992825685649,-0.00167993070980044,0,
1.41260973663208,,,,,,-8.68506919590009e-09
1.4136,-1.20343579451247e-09,-8.74061957076311e-09,0.00167992827989267,-0.00167993068676426,0,
1.41340782122905,,,,,,-8.73030115434321e-09
1.4144,-1.18075578103002e-09,-8.7829838650373e-09,0.00167992830257269,-0.00167993066408425,0,
1.41420590582602,,,,,,-8.77315172087102e-09
1.4152,-1.15842773357024e-09,-8.82290413252907e-09,0.00167992832490073,-0.0016799306417562,0,
1.41500399042298,,,,,,-8.81357994523889e-09
1.416,-1.13644744674378e-09,-8.86033912815203e-09,0.00167992834688102,-0.00167993061977591,0,
1.41580207501995,,,,,,-8.85154487720214e-09
1.4168,-1.11481071516134e-09,-8.89524760681973e-09,0.00167992836851775,-0.00167993059813918,0,
1.41660015961692,,,,,,-8.88700556651614e-09
1.4176,-1.0935133334336e-09,-8.92758832344578e-09,0.00167992838981513,-0.0016799305768418,0,
1.41739824421389,,,,,,-8.91992106293622e-09
1.4184,-1.07255109617123e-09,-8.95732003294377e-09,0.00167992841077737,-0.00167993055587956,0,
1.41819632881085,,,,,,-8.95025041621772e-09
1.4192,-1.05191979798494e-09,-8.98440149022726e-09,0.00167992843140867,-0.00167993053524826,0,
1.41899441340782,,,,,,-8.97795267611601e-09
1.42,-1.03161523348539e-09,-9.00879145020986e-09,0.00167992845171323,-0.0016799305149437,0,
1.41979249800479,,,,,,-9.00298689238641e-09
1.4208,-1.01163319728327e-09,-9.03044866780513e-09,0.00167992847169527,-0.00167993049496166,0,
1.42059058260176,,,,,,-9.02531211478428e-09
1.4216,-9.91969483989272e-10,-9.04933189792667e-09,0.00167992849135898,-0.00167993047529795,0,
1.42138866719872,,,,,,-9.04488739306496e-09
1.4224,-9.72619888214061e-10,-9.06539989548806e-09,0.00167992851070858,-0.00167993045594836,0,
1.42218675179569,,,,,,-9.0616717769838e-09
1.4232,-9.53580204568334e-10,-9.07861141540288e-09,0.00167992852974826,-0.00167993043690867,0,
1.42298483639266,,,,,,-9.07562431629614e-09
1.424,-9.34846227662765e-10,-9.08892521258472e-09,0.00167992854848224,-0.00167993041817469,0,
1.42378292098962,,,,,,-9.08670406075733e-09
1.4248,-9.16413752108046e-10,-9.09630004194715e-09,0.00167992856691472,-0.00167993039974222,0,
1.42458100558659,,,,,,-9.09487006012271e-09
1.4256,-8.98278572514855e-10,-9.10069465840378e-09,0.00167992858504989,-0.00167993038160704,0,
1.42537909018356,,,,,,-9.10008136414764e-09
1.4264,-8.8043648349387e-10,-9.10206781686817e-09,0.00167992860289198,-0.00167993036376495,0,
1.42617717478053,,,,,,-9.10229702258745e-09
1.4272,-8.62883279655784e-10,-9.10037827225391e-09,0.00167992862044519,-0.00167993034621175,0,
1.42697525937749,,,,,,-9.10147608519748e-09
1.428,-8.4561475561127e-10,-9.09558477947459e-09,0.00167992863771371,-0.00167993032894322,0,
1.42777334397446,,,,,,-9.0975776017331e-09
1.4288,-8.28626705971021e-10,-9.0876460934438e-09,0.00167992865470176,-0.00167993031195517,0,
1.42857142857143,,,,,,-9.09056062194964e-09
1.4296,-8.11914925345715e-10,-9.07652096907511e-09,0.00167992867141354,-0.00167993029524339,0,
1.4293695131684,,,,,,-9.08038419560244e-09
1.4304,-7.9547520834603e-10,-9.0621681612821e-09,0.00167992868785326,-0.00167993027880368,0,
1.43016759776536,,,,,,-9.06700737244685e-09
1.4312,-7.79303349582659e-10,-9.04454642497837e-09,0.00167992870402512,-0.00167993026263182,0,
1.43096568236233,,,,,,-9.05038920223823e-09
1.432,-7.63395143666275e-10,-9.0236145150775e-09,0.00167992871993332,-0.00167993024672361,0,
1.4317637669593,,,,,,-9.03048873473191e-09
1.4328,-7.48688829549142e-10,-8.99933118649307e-09,0.00167992873463964,-0.0016799302320173,0,
1.43256185155627,,,,,,-9.00726501968323e-09
1.4336,-7.34336700235826e-10,-8.97165519413867e-09,0.00167992874899177,-0.00167993021766517,0,
1.43335993615323,,,,,,-8.98067710684756e-09
1.4344,-7.20281615167782e-10,-8.97184517691753e-09,0.00167992876304685,-0.00167993020361008,0,
1.4341580207502,,,,,,-8.95068404598022e-09
1.4352,-7.06520050741184e-10,-9.04655285559228e-09,0.00167992877680842,-0.00167993018984852,0,
1.43495610534717,,,,,,-9.02047669419033e-09
1.436,-6.93048483352193e-10,-9.13191173429903e-09,0.00167992879027998,-0.00167993017637695,0,
1.43575418994413,,,,,,-9.10580444746898e-09
1.4368,-6.79863389396982e-10,-9.21669915630983e-09,0.00167992880346508,-0.00167993016319186,0,
1.4365522745411,,,,,,-9.19056836574836e-09
1.4376,-6.66961245271715e-10,-9.30089917227305e-09,0.00167992881636722,-0.00167993015028971,0,
1.43735035913807,,,,,,-9.27475261369126e-09
1.4384,-6.54338527372554e-10,-9.38449583283708e-09,0.00167992882898994,-0.001679930137667,0,
1.43814844373504,,,,,,-9.35834135596044e-09
1.4392,-6.41991712095674e-10,-9.46747318865022e-09,0.00167992884133676,-0.00167993012532018,0,
1.438946528332,,,,,,-9.44131875721873e-09
1.44,-6.29917275837234e-10,-9.54981529036088e-09,0.00167992885341119,-0.00167993011324574,0,
1.43974461292897,,,,,,-9.5236689821289e-09
1.4408,-6.18111694993408e-10,-9.63150618861737e-09,0.00167992886521677,-0.00167993010144016,0,
1.44054269752594,,,,,,-9.60537619535374e-09
1.4416,-6.0657144596036e-10,-9.71252993406809e-09,0.00167992887675702,-0.00167993008989991,0,
1.4413407821229,,,,,,-9.68642456155603e-09
1.4424,-5.95293005134252e-10,-9.79287057736139e-09,0.00167992888803546,-0.00167993007862147,0,
1.44213886671987,,,,,,-9.76679824539855e-09
1.4432,-5.84272848911259e-10,-9.87251216914561e-09,0.00167992889905562,-0.00167993006760132,0,
1.44293695131684,,,,,,-9.8464814115441e-09
1.444,-5.73507453687541e-10,-9.95143876006914e-09,0.00167992890982101,-0.00167993005683592,0,
1.44373503591381,,,,,,-9.92545822465546e-09
1.4448,-5.6299329585927e-10,-1.00296344007803e-08,0.00167992892033517,-0.00167993004632176,0,
1.44453312051077,,,,,,-1.00037128493954e-08
1.4456,-5.5272685182261e-10,-1.01070831419275e-08,0.00167992893060162,-0.00167993003605532,0,
1.44533120510774,,,,,,-1.00812294504268e-08
1.4464,-5.42704597973726e-10,-1.0183769034159e-08,0.00167992894062387,-0.00167993002603307,0,
1.44612928970471,,,,,,-1.01579921924123e-08
1.4472,-5.3292301070879e-10,-1.02596761281233e-08,0.00167992895040546,-0.00167993001625148,0,
1.44692737430168,,,,,,-1.02339852400147e-08
1.448,-5.23378566423963e-10,-1.03347884744687e-08,0.0016799289599499,-0.00167993000670704,0,
1.44772545889864,,,,,,-1.03091927578969e-08
1.4488,-5.14067741515417e-10,-1.04090901238435e-08,0.00167992896926073,-0.00167992999739621,0,
1.44852354349561,,,,,,-1.03835989107217e-08
1.4496,-5.04987012379317e-10,-1.04825651268961e-08,0.00167992897834146,-0.00167992998831548,0,
1.44932162809258,,,,,,-1.04571878631517e-08
1.4504,-4.96132855411826e-10,-1.05551975342748e-08,0.00167992898719561,-0.00167992997946132,0,
1.45011971268955,,,,,,-1.05299437798499e-08
1.4512,-4.87501747009117e-10,-1.06269713966281e-08,0.00167992899582672,-0.00167992997083022,0,
1.45091779728651,,,,,,-1.0601850825479e-08
1.452,-4.79090163567352e-10,-1.06978707646043e-08,0.00167992900423831,-0.00167992996241863,0,
1.45171588188348,,,,,,-1.06728931647017e-08
1.4528,-4.70894581482701e-10,-1.07678796888517e-08,0.00167992901243389,-0.00167992995422305,0,
1.45251396648045,,,,,,-1.07430549621809e-08
1.4536,-4.6291147715133e-10,-1.08369822200187e-08,0.00167992902041699,-0.00167992994623995,0,
1.45331205107741,,,,,,-1.08123203825793e-08
1.4544,-4.55137326969403e-10,-1.09051624087536e-08,0.00167992902819114,-0.0016799299384658,0,
1.45411013567438,,,,,,-1.08806735905598e-08
1.4552,-4.47568607333091e-10,-1.09724043057049e-08,0.00167992903575986,-0.00167992993089708,0,
1.45490822027135,,,,,,-1.09480987507851e-08
1.456,-4.40201794638558e-10,-1.10386919615208e-08,0.00167992904312667,-0.00167992992353026,0,
1.45570630486832,,,,,,-1.1014580027918e-08
1.4568,-4.33033365281971e-10,-1.11040094268498e-08,0.0016799290502951,-0.00167992991636183,0,
1.45650438946528,,,,,,-1.10801015866213e-08
1.4576,-4.26059795659498e-10,-1.11683407523401e-08,0.00167992905726867,-0.00167992990938826,0,
1.45730247406225,,,,,,-1.11446475915578e-08
1.4584,-4.19277562167305e-10,-1.12316699886402e-08,0.00167992906405091,-0.00167992990260603,0,
1.45810055865922,,,,,,-1.12082022073902e-08
1.4592,-4.1268314120156e-10,-1.12939811863984e-08,0.00167992907064533,-0.00167992989601161,0,
1.45889864325619,,,,,,-1.12707495987814e-08
1.46,-4.06273009158429e-10,-1.13552583962631e-08,0.00167992907705546,-0.00167992988960148,0,
1.45969672785315,,,,,,-1.13322739303942e-08
1.4608,-4.00043642434076e-10,-1.14154856688826e-08,0.00167992908328483,-0.00167992988337211,0,
1.46049481245012,,,,,,-1.13927593668913e-08
1.4616,-3.93991517424673e-10,-1.14746470549052e-08,0.00167992908933695,-0.00167992987731999,0,
1.46129289704709,,,,,,-1.14521900729355e-08
1.4624,-3.88113110526383e-10,-1.15327266049795e-08,0.00167992909521536,-0.00167992987144158,0,
1.46209098164405,,,,,,-1.15105502131896e-08
1.4632,-3.82404898135375e-10,-1.15897083697536e-08,0.00167992910092357,-0.00167992986573337,0,
1.46288906624102,,,,,,-1.15678239523163e-08
1.464,-3.76863356647815e-10,-1.16455763998759e-08,0.00167992910646511,-0.00167992986019183,0,
1.46368715083799,,,,,,-1.16239954549786e-08
1.4648,-3.71484962459868e-10,-1.17003147459949e-08,0.00167992911184351,-0.00167992985481343,0,
1.46448523543496,,,,,,-1.16790488858391e-08
1.4656,-3.66266191967704e-10,-1.17539074587589e-08,0.00167992911706228,-0.00167992984959466,0,
1.46528332003192,,,,,,-1.17329684095607e-08
1.4664,-3.61203521567487e-10,-1.18063385888162e-08,0.00167992912212495,-0.00167992984453199,0,
1.46608140462889,,,,,,-1.17857381908061e-08
1.4672,-3.56293427655387e-10,-1.18575921868151e-08,0.00167992912703504,-0.0016799298396219,0,
1.46687948922586,,,,,,-1.18373423942381e-08
1.468,-3.51532386627568e-10,-1.19076523034042e-08,0.00167992913179608,-0.00167992983486086,0,
1.46767757382283,,,,,,-1.18877651845195e-08
1.4688,-3.46916874880196e-10,-1.19565029892316e-08,0.00167992913641159,-0.00167992983024534,0,
1.46847565841979,,,,,,-1.19369907263132e-08
1.4696,-3.42443368809442e-10,-1.20041282949458e-08,0.0016799291408851,-0.00167992982577184,0,
1.46927374301676,,,,,,-1.19850031842818e-08
1.4704,-3.38108344811468e-10,-1.20505122711952e-08,0.00167992914522012,-0.00167992982143681,0,
1.47007182761373,,,,,,-1.20317867230882e-08
1.4712,-3.33908279282445e-10,-1.2095638968628e-08,0.00167992914942019,-0.00167992981723675,0,
1.47086991221069,,,,,,-1.20773255073951e-08
1.472,-3.29839648618537e-10,-1.21394924378927e-08,0.00167992915348882,-0.00167992981316812,0,
1.47166799680766,,,,,,-1.21216037018654e-08
1.4728,-3.25898929215911e-10,-1.21820567296375e-08,0.00167992915742954,-0.0016799298092274,0,
1.47246608140463,,,,,,-1.21646054711618e-08
1.4736,-3.22082597470735e-10,-1.2223315894511e-08,0.00167992916124587,-0.00167992980541107,0,
1.4732641660016,,,,,,-1.22063149799471e-08
1.4744,-3.18387129779175e-10,-1.22632539831613e-08,0.00167992916494134,-0.0016799298017156,0,
1.47406225059856,,,,,,-1.22467163928841e-08
1.4752,-3.14809002537399e-10,-1.2301855046237e-08,0.00167992916851947,-0.00167992979813747,0,
1.47486033519553,,,,,,-1.22857938746356e-08
1.476,-3.11344692141572e-10,-1.23391031343862e-08,0.00167992917198378,-0.00167992979467316,0,
1.4756584197925,,,,,,-1.23235315898644e-08
1.4768,-3.07990674987862e-10,-1.23749822982575e-08,0.00167992917533779,-0.00167992979131914,0,
1.47645650438947,,,,,,-1.23599137032332e-08
1.4776,-3.04743427472435e-10,-1.24094765884991e-08,0.00167992917858504,-0.0016799297880719,0,
1.47725458898643,,,,,,-1.23949243794049e-08
1.4784,-3.01599425991458e-10,-1.24425700557594e-08,0.00167992918172904,-0.0016799297849279,0,
1.4780526735834,,,,,,-1.24285477830422e-08
1.4792,-2.98555146941099e-10,-1.24742467506868e-08,0.00167992918477332,-0.00167992978188362,0,
1.47885075818037,,,,,,-1.24607680788079e-08
1.48,-2.95607066717524e-10,-1.25044907239297e-08,0.0016799291877214,-0.00167992977893554,0,
1.47964884277733,,,,,,-1.24915694313649e-08
1.4808,-2.92751661716899e-10,-1.25332860261363e-08,0.00167992919057681,-0.00167992977608013,0,
1.4804469273743,,,,,,-1.25209360053758e-08
1.4816,-2.89985408335392e-10,-1.25606167079551e-08,0.00167992919334306,-0.00167992977331388,0,
1.48124501197127,,,,,,-1.25488519655035e-08
1.4824,-2.87304782969168e-10,-1.25864668200344e-08,0.00167992919602369,-0.00167992977063325,0,
1.48204309656824,,,,,,-1.25753014764108e-08
1.4832,-2.84706262014396e-10,-1.26108204130225e-08,0.00167992919862221,-0.00167992976803473,0,
1.4828411811652,,,,,,-1.26002687027604e-08
1.484,-2.82186321867243e-10,-1.26336615375679e-08,0.00167992920114215,-0.00167992976551479,0,
1.48363926576217,,,,,,-1.26237378092152e-08
1.4848,-2.79741438923873e-10,-1.26549742443188e-08,0.00167992920358703,-0.00167992976306991,0,
1.48443735035914,,,,,,-1.26456929604379e-08
1.4856,-2.77368089580455e-10,-1.26747425839237e-08,0.00167992920596038,-0.00167992976069656,0,
1.48523543495611,,,,,,-1.26661183210913e-08
1.4864,-2.75062750233155e-10,-1.26929506070309e-08,0.00167992920826572,-0.00167992975839122,0,
1.48603351955307,,,,,,-1.26849980558382e-08
1.4872,-2.7282189727814e-10,-1.27095823642887e-08,0.00167992921050657,-0.00167992975615037,0,
1.48683160415004,,,,,,-1.27023163293414e-08
1.488,-2.70642007111577e-10,-1.27246219063456e-08,0.00167992921268646,-0.00167992975397048,0,
1.48762968874701,,,,,,-1.27180573062637e-08
1.4888,-2.68519556129633e-10,-1.27380532838498e-08,0.00167992921480891,-0.00167992975184803,0,
1.48842777334397,,,,,,-1.27322051512678e-08
1.4896,-2.66451020728474e-10,-1.27498605474498e-08,0.00167992921687745,-0.00167992974977949,0,
1.48922585794094,,,,,,-1.27447440290166e-08
1.4904,-2.64432877304268e-10,-1.27600277477939e-08,0.00167992921889559,-0.00167992974776135,0,
1.49002394253791,,,,,,-1.27556581041728e-08
1.4912,-2.6246160225318e-10,-1.27685389355304e-08,0.00167992922086687,-0.00167992974579007,0,
1.49082202713488,,,,,,-1.27649315413992e-08
1.492,-2.60533671971379e-10,-1.27753781613077e-08,0.0016799292227948,-0.00167992974386214,0,
1.49162011173184,,,,,,-1.27725485053586e-08
1.4928,-2.5864556285503e-10,-1.27805294757742e-08,0.00167992922468291,-0.00167992974197403,0,
1.49241819632881,,,,,,-1.27784931607139e-08
1.4936,-2.56793751300301e-10,-1.27839769295782e-08,0.00167992922653472,-0.00167992974012222,0,
1.49321628092578,,,,,,-1.27827496721277e-08
1.4944,-2.54974713703357e-10,-1.27857045733682e-08,0.00167992922835376,-0.00167992973830318,0,
1.49401436552275,,,,,,-1.27853022042628e-08
1.4952,-2.53184926460367e-10,-1.27856964577923e-08,0.00167992923014354,-0.0016799297365134,0,
1.49481245011971,,,,,,-1.27861349217821e-08
1.496,-2.51420865967497e-10,-1.27839366334991e-08,0.0016799292319076,-0.00167992973474934,0,
1.49561053471668,,,,,,-1.27852319893484e-08
1.4968,-2.49679008620913e-10,-1.27804091511368e-08,0.00167992923364946,-0.00167992973300748,0,
1.49640861931365,,,,,,-1.27825775716244e-08
1.4976,-2.47955830816783e-10,-1.27750980613538e-08,0.00167992923537264,-0.0016799297312843,0,
1.49720670391061,,,,,,-1.27781558332728e-08
1.4984,-2.46247808951273e-10,-1.27679874147985e-08,0.00167992923708066,-0.00167992972957628,0,
1.49800478850758,,,,,,-1.27719509389566e-08
1.4992,-2.44551419420551e-10,-1.27590612621193e-08,0.00167992923877705,-0.00167992972787989,0,
1.49880287310455,,,,,,-1.27639470533385e-08
1.5,-2.42863138620782e-10,-1.27485334720411e-08,0.0125994708821004,-0.0125994713678267,,
1.49960095770152,,,,,,-1.27541283410812e-08
1.5,-2.42863138620782e-10,-1.27485334720411e-08,0.0125994708821004,-0.012599483873497,,
1.5008,2.98576451588598e-05,3.6134854162752e-05,0.00177996703446214,-0.00165669220761295,0,
1.50000000030002,,,,,,-1.27485334720411e-08
1.50000000030002,,,,,,-1.27485334720411e-08
1.50039904229848,,,,,,7.6505029441434e-06
1.5016,0.000112397485768129,0.00011679524218734,0.209004854061989,-0.00161748219246137,0,
1.50119712689545,,,,,,6.43470618983624e-05
1.5024,0.000237591348031828,0.00024043618202263,0.210123219318108,-0.00153494235185208,0,
1.50199521149242,,,,,,0.000168245992740227
1.5032,0.000396456415061855,0.000398480293882943,0.210349960205095,-0.00142997820066221,0,
1.50279329608939,,,,,,0.000310576807571408
1.504,0.00058130558330753,0.000582896086073123,0.210576701092083,-0.00130293463777368,0,
1.50359138068635,,,,,,0.00048307187490171
1.5048,0.000785553857278278,0.00078657739370629,0.210807204866749,-0.00114406957074359,0,
1.50438946528332,,,,,,0.000678041037345891
1.5056,0.209003498673897,0.00100371346024121,0.211039451096558,-0.000955420646649884,0,
1.50518754988029,,,,,,0.000889037064485032
1.5064,0.209230239560885,0.00122958487503654,0.211270275876641,-0.000735671138837687,0,
1.50598563447725,,,,,,0.00111093411509682
1.5072,0.209461589833261,0.00146025892812312,0.211500789689831,-0.000515921631025429,0,
1.50678371907422,,,,,,0.001339460232084
1.508,0.209694006636892,0.00169222248281095,0.21173130350302,-0.000296172123213232,0,
1.50758180367119,,,,,,0.00157105282418352
1.5088,0.209924520450082,0.00192242919467287,0.211961817316209,-7.64226154009735e-05,0,
1.50837988826816,,,,,,0.00180229263072444
1.5096,0.00215066573365083,0.0021484293163884,0.212192331129399,0.000143326892411224,0,
1.50917797286512,,,,,,0.00203051558655348
1.5104,0.00237041524146303,0.00236809797343319,0.212422844942588,0.000363076400223421,0,
1.50997605746209,,,,,,0.0022534991906286
1.5112,0.00258210870443437,0.00257971129252679,0.212653358755778,0.000582825908035679,0,
1.51077414205906,,,,,,0.00246923485102887
1.512,0.00278445044970997,0.00278198826306628,0.212883872568967,0.000802575415847876,0,
1.51157222665603,,,,,,0.00267627465893352
1.5128,0.00297640520412458,0.00297387275812897,0.209925878735127,0.00101991860452887,0,
1.51237031125299,,,,,,0.00287350153231558
1.5136,0.00315722003898275,0.00315457794895418,0.00502311436319529,0.00122808380934008,0,
1.51316839584996,,,,,,0.00305992654311305
1.5144,0.00332633796305621,0.00332358602998015,0.00516795934387242,0.00142554631272713,0,
1.51396648044693,,,,,,0.00323494763379555
1.5152,0.00348341514243434,0.00348061424268856,0.00530165810834657,0.00161109889122425,0,
1.51476456504389,,,,,,0.00339812583001165
1.516,0.00362826012311146,0.0036254514329182,0.00542493093987713,0.00178383329879077,0,
1.51556264964086,,,,,,0.00354931426966867
1.5168,0.00376082587052606,0.00375805698799521,0.00553793243393421,0.00194311700085772,0,
1.51636073423783,,,,,,0.00368825069895611
1.5176,0.00388118149103383,0.00387848936726191,0.00564084327208261,0.00208742788529096,0,
1.5171588188348,,,,,,0.00381507898572766
1.5184,0.00398949184146386,0.00398690160496345,0.00573386353021684,0.00221707642168272,0,
1.51795690343176,,,,,,0.00392978662236701
1.5192,0.00408600335234378,0.00408353490355799,0.0058172091111825,0.00233274089856351,0,
1.51875498802873,,,,,,0.00403265942963724
1.52,0.00417102415705813,0.00416868396428719,0.00589116509421671,0.00243465192172502,0,
1.5195530726257,,,,,,0.0041238995191651
1.5208,0.00424491995828261,0.00424271071234521,0.00595428391512401,0.00252316397918507,0,
1.52035115722267,,,,,,0.00420387174259739
1.5216,0.00430809022596994,0.0043060118667324,0.0060087036457011,0.00259867482234851,0,
1.52114924181963,,,,,,0.00427293107714185
1.5224,0.00436097611611597,0.00435903334747285,0.00605464309699277,0.00266036269638481,0,
1.5219473264166,,,,,,0.00433150188024125
1.5232,0.00440403178852093,0.00440223210780078,0.00609239384336456,0.00271036480764413,0,
1.52274541101357,,,,,,0.00438004113840698
1.524,0.00443773838092036,0.00443608629959669,0.00612225231478253,0.00274937632607674,0,
1.52354349561053,,,,,,0.0044190000032135
1.5248,0.00446257716061627,0.00446109037861687,0.00614452263109829,0.0027780632267541,0,
1.5243415802075,,,,,,0.00444887115073656
1.5256,0.00447904227126726,0.00447773278591914,0.0061595191153275,0.00279709680078524,0,
1.52513966480447,,,,,,0.0044701441797761
1.5264,0.00448761981046305,0.00448649038629382,0.00616755963070485,0.00280714296640282,0,
1.52593774940144,,,,,,0.00448330057045405
1.5272,0.00448879846525231,0.00448783810903727,0.00616873828549411,0.00280862333344036,0,
1.5267358339984,,,,,,0.00448880784918295
1.528,0.00448305249413151,0.00448228814409254,0.00616322762594346,0.00280201594445618,0,
1.52753391859537,,,,,,0.00448714048304526
1.5288,0.0044708528016959,0.00447030902762275,0.00615188935137124,0.00278846000976773,0,
1.52833200319234,,,,,,0.00447883168346868
1.5296,0.00445265122223081,0.00445232672112154,0.00613504401415898,0.00276852674565543,0,
1.52913008778931,,,,,,0.00446429782288559
1.5304,0.00442889227979303,0.00442875601469638,0.00611301675636841,0.00274276262278007,0,
1.52992817238627,,,,,,0.00444396646798741
1.5312,0.00439999926935631,0.00440001581382665,0.00608612892636928,0.00271168303247749,0,
1.53072625698324,,,,,,0.00441823836702153
1.532,0.00436638460187177,0.00436651525068569,0.00605470083875059,0.00267577543509667,0,
1.53152434158021,,,,,,0.00438753999573636
1.5328,0.0043284392275409,0.00432864389429293,0.00601904839431599,0.00263549774357629,0,
1.53232242617717,,,,,,0.00435226357786611
1.5336,0.00428654039740352,0.0042867797991776,0.00597948188136812,0.00259127942997929,0,
1.53312051077414,,,,,,0.00431279218152057
1.5344,0.0042410446047559,0.00424128767877316,0.00593630557218013,0.00254352410674903,0,
1.53391859537111,,,,,,0.00426949593927195
1.5352,0.00419229513411374,0.00419251971651319,0.00588981563212061,0.00249260836928718,0,
1.53471667996808,,,,,,0.00422273158168111
1.536,0.00414061456539771,0.00414081539486243,0.00584030133022428,0.0024388823324318,0,
1.53551476456504,,,,,,0.00417284408966011
1.5368,0.00408630820342826,0.00408648527235855,0.00578804043639418,0.00238267100020956,0,
1.53631284916201,,,,,,0.00412016531532182
1.5376,0.00402966311494406,0.00402980387203119,0.00573330031816277,0.00232427523430458,0,
1.53711093375898,,,,,,0.0040649883117778
1.5384,0.00397094863479624,0.00397105185047159,0.00567633651543571,0.00226397108436865,0,
1.53790901835595,,,,,,0.00400757245057251
1.5392,0.00391041458199701,0.00391050042352419,0.00561739213242459,0.00220201090568821,0,
1.53870710295291,,,,,,0.00394820866627324
1.54,0.00384829210546262,0.00384838479587259,0.00555669578177142,0.00213862514888828,0,
1.53950518754988,,,,,,0.00388715257373919
1.5408,0.0037847946934064,0.00378491862811464,0.00549446164998073,0.00207405968765869,0,
1.54030327214685,,,,,,0.00382462389976082
1.5416,0.00372015687446598,0.00372030816423705,0.00543089188021369,0.00200850630203826,0,
1.54110135674381,,,,,,0.00376083008284861
1.5424,0.00365455668753458,0.00365474250107506,0.0053662072599623,0.00194215021406342,0,
1.54189944134078,,,,,,0.00369597425920656
1.5432,0.0035881720925054,0.00358840826851944,0.00530057856597655,0.00187516206314167,0,
1.54269752593775,,,,,,0.00363023484892037
1.544,0.00352116752796106,0.00352147158981621,0.00523417755732478,0.00180770615469216,0,
1.54349561053472,,,,,,0.00356380127140939
1.5448,0.00345370292724978,0.00345407336758062,0.00516716430051869,0.00173992559531918,0,
1.54429369513168,,,,,,0.0034968239271164
1.5456,0.00338591806921116,0.00338634085671899,0.00509969540114177,0.0016719534282867,0,
1.54509177972865,,,,,,0.00342943653818865
1.5464,0.00331794403846911,0.00331843069854609,0.00503190867939356,0.0016039116254115,0,
1.54588986432562,,,,,,0.00336176115899636
1.5472,0.00324990168575968,0.00325046056521617,0.00496393409881728,0.00153591357092714,0,
1.54668794892259,,,,,,0.00329397257881758
1.548,0.00318190398320116,0.00318252345059181,0.0048958920980337,0.00146806147494121,0,
1.54748603351955,,,,,,0.00322615460250618
1.5488,0.00311405324284778,0.00311471300140358,0.00482789575110773,0.00140044888165013,0,
1.54828411811652,,,,,,0.0031584043666143
1.5496,0.0030464435282324,0.00304713688211007,0.00476004788943005,0.0013331614718371,0,
1.54908220271349,,,,,,0.00309081252687001
1.5504,0.00297916133569684,0.00297987917924921,0.00469244339209214,0.00126627243022699,0,
1.54988028731045,,,,,,0.00302349494863337
1.5512,0.00291228074553033,0.00291301136017917,0.00462516965100019,0.00119985079093452,0,
1.55067837190742,,,,,,0.00295651741579528
1.552,0.00284587192670611,0.00284660375750514,0.00455830188130191,0.00113395992500945,0,
1.55147645650439,,,,,,0.00288995368321251
1.5528,0.00277999943393505,0.00278072103417413,0.00449191143563171,0.00106865620493559,0,
1.55227454110136,,,,,,0.0028238714793903
1.5536,0.00271472077632446,0.00271542303972422,0.00442606400532392,0.00100398738400092,0,
1.55307262569832,,,,,,0.00275833313610938
1.5544,0.00265008466547162,0.0026507654423516,0.00436081805779516,0.000939996758238839,0,
1.55387071029529,,,,,,0.0026933965495701
1.5552,0.00258613544139265,0.00258679168020601,0.00429622334862543,0.000876724347300132,0,
1.55466879489226,,,,,,0.00262911562794992
1.556,0.00252291417293011,0.00252353432862917,0.00423232526702263,0.000814204951235026,0,
1.55546687948923,,,,,,0.00256552796607506
1.5568,0.00246045646392647,0.00246102894905913,0.00416916568562156,0.000752467874715571,0,
1.55626496408619,,,,,,0.00250266323935966
1.5576,0.00239879222731614,0.00239930664233034,0.00410678081652705,0.000691538543738492,0,
1.55706304868316,,,,,,0.00244055958437678
1.5584,0.00233794748353882,0.00233839172185263,0.00404520116711648,0.00063144050616681,0,
1.55786113328013,,,,,,0.00237924427217934
1.5592,0.00227794648525941,0.00227830397181186,0.209992542522421,0.000572193939904105,0,
1.5586592178771,,,,,,0.00231873990261963
1.56,0.00221880980390855,0.00221905892618704,0.2119116601962,0.000513814531551541,0,
1.55945730247406,,,,,,0.00225906468005799
1.5608,0.00216055319576717,0.00216066814776733,0.211857037763229,0.000456314185802342,0,
1.56025538707103,,,,,,0.0022002326890713
1.5616,0.00210318856062333,0.00210317799732303,0.211802415330257,0.000399705546694111,0,
1.561053471668,,,,,,0.0021422541701616
1.5624,0.00204672926208391,0.0020466027898562,0.211747792897286,0.000343246248154692,0,
1.56185155626496,,,,,,0.00208519200188098
1.5632,0.209991185351704,0.00199094794399558,0.211693170464315,0.000286786949615257,0,
1.56264964086193,,,,,,0.00202903773525587
1.564,0.209936562918733,0.00193622729317265,0.211638548031344,0.000230327651075838,0,
1.5634477254589,,,,,,0.00197380311915919
1.5648,0.209882862905928,0.00188245586246505,0.211584114020061,0.000173868352536419,0,
1.56424581005587,,,,,,0.00191950279258906
1.5656,0.209830091025994,0.00182964942402215,0.211530615901363,0.000117409053996984,0,
1.56504389465283,,,,,,0.00186615179874688
1.5664,0.209778249366546,0.00177779601074144,0.21147805877066,0.00204537209138794,0.000267576080646492,
1.5658419792498,,,,,,0.00181376607153001
1.5672,0.20972733750473,0.00172684402274559,0.211426444184958,0.208028916842856,0.20630207282011,
1.56664006384677,,,,,,0.0017623214765807
1.568,0.209677349635912,0.00167680756672768,0.211375770297786,0.207979602234618,0.206302794667891,
1.56743814844373,,,,,,0.0017117549802365
1.5688,0.209628285119347,0.00162769728142289,0.211326032520641,0.207931195987065,0.206303498705642,
1.5682362330407,,,,,,0.00166211376786604
1.5696,0.20958014014912,0.00157950710680187,0.211277229281402,0.207883693538309,0.206304186431507,
1.56903431763767,,,,,,0.00161339280744256
1.5704,0.209532909635943,0.00153222968433785,0.211229356246754,0.207837087310597,0.20630485762626,
1.56983240223464,,,,,,0.00156558566771248
1.5712,0.209486584571374,0.00148585651945294,0.211182406896719,0.207791370928018,0.206305514408565,
1.5706304868316,,,,,,0.00151868467871554
1.572,0.209441159367945,0.00144039114077472,0.211136373011301,0.207746537687578,0.206306146546804,
1.57142857142857,,,,,,0.00147268109230496
1.5728,0.209396626427053,0.00139582798500061,0.211091248107419,0.207702579894445,0.206306751909445,
1.57222665602554,,,,,,0.00142758339463703
1.5736,0.20935297756192,0.00135215683870707,0.211047024094528,0.207659487949729,0.206307331111022,
1.57302474062251,,,,,,0.00138338043022108
1.5744,0.209310201868989,0.00130937036609106,0.21100369148118,0.207617252838187,0.206307882472096,
1.57382282521947,,,,,,0.00134006246197191
1.5752,0.209268290843262,0.0012674625514213,0.210961239874064,0.207575865640297,0.206308403088876,
1.57462090981644,,,,,,0.00129762317010126
1.576,0.209227234784671,0.00122642801707469,0.210919659987636,0.207535316927442,0.206308888910368,
1.57541899441341,,,,,,0.00125605671657322
1.5768,0.209187023857473,0.00118625362156377,0.210878941714702,0.000996892511124503,0,
1.57621707901038,,,,,,0.0012153579535258
1.5776,0.209147645479907,0.00114690024549269,0.21083907371795,-0.000549457813997767,0,
1.57701516360734,,,,,,0.0011755108396676
1.5784,0.20910908985776,0.00110836529004596,0.210800044164929,-0.00058483518878374,0,
1.57781324820431,,,,,,0.00113646799827171
1.5792,0.209071346161457,0.00107064368611459,0.210761842459655,-0.000620212563569724,0,
1.57861133280128,,,,,,0.00109824342233897
1.58,0.209034403589701,0.00103372332648598,0.210724457408121,-0.000655589938355698,0,
1.57940941739824,,,,,,0.00106082512485473
1.5808,0.00099824908363079,0.000997592127737736,0.210687514836365,-0.000690967313141671,0,
1.58020750199521,,,,,,0.00102420107300507
1.5816,0.000962871708844805,0.0009622381256977,0.21065057226461,-0.000725948015190943,0,
1.58100558659218,,,,,,0.000988359282504884
1.5824,0.000928260155088337,0.000927648791844551,0.210613629692854,-0.000760177197187644,0,
1.58180367118915,,,,,,0.000953287911925961
1.5832,0.000894403029631814,0.000893812213865011,0.210576687121098,-0.00079366652204392,0,
1.58260175578611,,,,,,0.000918974314386599
1.584,0.000861287629988485,0.00086071732152077,0.209035760162199,-0.000826427784137785,0,
1.58339984038308,,,,,,0.000885406944427175
1.5848,0.000828902293724588,0.000828353326613036,0.00251661770785085,-0.000858472202801573,0,
1.58419792498005,,,,,,0.000852574999072913
1.5856,0.000797235514557348,0.000796709897308688,0.00248461001108351,-0.000889810981305445,0,
1.58499600957702,,,,,,0.000820467798039137
1.5864,0.000766275662977173,0.000765777338301809,0.00245332215883997,-0.000920455611933933,0,
1.58579409417398,,,,,,0.000789075223078186
1.5872,0.000736010617259719,0.000735545522513784,0.00242274189217083,-0.000950417693805203,0,
1.58659217877095,,,,,,0.000758387808989172
1.588,0.000706428609616543,0.000705994366634281,0.00239285692068146,-0.000979708504350569,0,
1.58739026336792,,,,,,0.000728395310991029
1.5888,0.000677518197553698,0.00067711507638034,0.00236365531152081,-0.00100833916277618,0,
1.58818834796488,,,,,,0.000699074703194245
1.5896,0.000649267908760718,0.000648897973164966,0.00233512526909059,-0.00103632093403441,0,
1.58898643256185,,,,,,0.00067042174545168
1.5904,0.000621665968249821,0.0006213317277627,0.00230725481104495,-0.00106366519682963,0,
1.58978451715882,,,,,,0.000642425163393008
1.5912,0.000594700755822099,0.000594405045404749,0.00228003192090155,-0.00109038306993741,0,
1.59058260175579,,,,,,0.00061507371677695
1.592,0.000568361104434864,0.000568106665779044,0.00225344493019437,-0.00111648543015786,0,
1.59138068635275,,,,,,0.000588356199491282
1.5928,0.000542635804690969,0.000542425363030189,0.00222748233928369,-0.00114198313168488,0,
1.59217877094972,,,,,,0.000562261439552838
1.5936,0.000517513788975782,0.000517349945759483,0.00220213272535163,-0.00116688689159193,0,
1.59297685554669,,,,,,0.000536778299107506
1.5944,0.0004929841467112,0.00049286925702494,0.00217738482727891,-0.00119120727502794,0,
1.59377494014366,,,,,,0.00051189567443023
1.5952,0.000469036139609592,0.000468972174341242,0.00215322756134874,-0.00121495468037963,0,
1.59457302474062,,,,,,0.000487602495925012
1.596,0.000445659216927852,0.000445643865797203,0.00212965003691707,-0.00123813942784346,0,
1.59537110933759,,,,,,0.000463887728124906
1.5968,0.000422842725368066,0.000422874055188929,0.00210664137013938,-0.00126077188411374,0,
1.59616919393456,,,,,,0.000440735618571988
1.5976,0.000400576082779371,0.000400652234064015,0.00208419069226118,-0.00128286210747039,0,
1.59696727853152,,,,,,0.000418137486761439
1.5984,0.00037884953548338,0.000378967109620146,0.00206228772573314,-0.00130441964496355,0,
1.59776536312849,,,,,,0.000396082425336842
1.5992,0.000357653248179951,0.000357807313472867,0.00204092242862688,-0.00132545403026843,0,
1.59856344772546,,,,,,0.000374559140984863
1.6,0.000336977618264852,0.000337161485137261,0.00202008489671323,-0.00134597457163275,0,
1.59936153232243,,,,,,0.00035355634821657
1.6008,0.000316813288843965,0.000317018272027915,0.00199976547874156,-0.00136599033903576,0,
1.60015961691939,,,,,,0.000333062769367437
1.6016,0.000297151161747549,0.000297366329458931,0.00197995478962727,-0.00138551015132866,0,
1.60095770151636,,,,,,0.000313067134597344
1.6024,0.000277982410544509,0.00027819432064395,0.00196064372362072,-0.00140454298777117,0,
1.60175578611333,,,,,,0.000293558181890572
1.6032,0.000259296964848912,0.000259490916696107,0.00194182236316459,-0.00142309979964002,0,
1.6025538707103,,,,,,0.000274524657055808
1.604,0.000241080703754441,0.000241268561925414,0.00192347746824337,-0.00144119205929204,0,
1.60335195530726,,,,,,0.000255955313726142
1.6048,0.000223328430286758,0.000223519136969971,0.00190560119333324,-0.00145882579517286,0,
1.60415003990423,,,,,,0.000237868180966626
1.6056,0.000206031298414218,0.000206223906055365,0.00188818552387384,-0.00147600963488384,0,
1.6049481245012,,,,,,0.000220249020852854
1.6064,0.000189180622067031,0.000189372158151144,0.00187122155536509,-0.00149275205310218,0,
1.60574620909816,,,,,,0.000203078214293737
1.6072,0.000172767877207507,0.000172955396167324,0.00185470055237672,-0.00150906136938098,0,
1.60654429369513,,,,,,0.000186347188729048
1.608,0.000156784703900366,0.000156965291599303,0.00183861395048886,-0.00152494574594865,0,
1.6073423782921,,,,,,0.000170047538580896
1.6088,0.000141222908382984,0.000141393684527826,0.001822953358232,-0.0015404132048879,0,
1.60814046288907,,,,,,0.00015417102525372
1.6096,0.000126074379080701,0.000126232583619001,0.00180771049235159,-0.00155547220986277,0,
1.60893854748603,,,,,,0.000138709577134291
1.6104,0.000111328719609318,0.000111474166124313,0.00179287530855278,-0.00157013212934677,0,
1.609736632083,,,,,,0.000123655289591713
1.6112,9.69794790498011e-05,9.71107778805915e-05,0.00177844032800589,-0.00158439959282614,0,
1.61053471667997,,,,,,0.00010900042497742
1.612,8.30187994300318e-05,8.31334778972518e-05,0.00176439787130598,-0.00159828229637186,0,
1.61133280127694,,,,,,9.47374126251804e-05
1.6128,6.94389529089791e-05,6.95336731308102e-05,0.00175074004871087,-0.00161178781162018,0,
1.6121308858739,,,,,,8.0857107926701e-05
1.6136,5.62323412118942e-05,5.63051989830686e-05,0.00173745910574106,-0.00162492358617858,0,
1.61292897047087,,,,,,6.73511026835123e-05
1.6144,4.33914950655014e-05,4.3441121099592e-05,0.00172454742245598,-0.00163769694403478,0,
1.61372705506784,,,,,,5.42137291102016e-05
1.6152,3.09090736331578e-05,3.093439722706e-05,0.00171199751273344,-0.00165011508596885,0,
1.6145251396648,,,,,,4.14378657200128e-05
1.616,1.87778639500453e-05,1.87781409317199e-05,0.00169980202355206,-0.0016621852125316,0,
1.61532322426177,,,,,,2.90165453641093e-05
1.6168,6.99008122661046e-06,6.96562159939666e-06,0.00168795315770825,-0.00167391481781567,0,
1.61612130885874,,,,,,1.69429552315778e-05
1.6176,-4.46105088872887e-06,-4.50973556453074e-06,0.00167644384815355,-0.0016853105872044,0,
1.61691939345571,,,,,,5.21043684942839e-06
1.6184,-1.55823723503907e-05,-1.5654349535103e-05,0.00166526716396528,-0.00169637925786228,0,
1.61771747805267,,,,,,-6.18751391740565e-06
1.6192,-2.63807081299417e-05,-2.64744834678031e-05,0.00165441617738194,-0.00170712753937861,0,
1.61851556264964,,,,,,-1.72572468660676e-05
1.62,-3.68627724231361e-05,-3.69776344718223e-05,0.00164388405882553,-0.00171756203485703,0,
1.61931364724661,,,,,,-2.80049574557774e-05
1.6208,-4.70351699567795e-05,-4.71738611911168e-05,0.00163366409247711,-0.00172768924208551,0,
1.62011173184358,,,,,,-3.84383028232691e-05
1.6216,-5.69043972956217e-05,-5.7066564558313e-05,0.00162374967483311,-0.00173751555470991,0,
1.62090981644054,,,,,,-4.85676608564868e-05
1.6224,-6.64768441492065e-05,-6.66612255499708e-05,0.00161413431326508,-0.00174704720264723,0,
1.62170790103751,,,,,,-5.83952553313064e-05
1.6232,-7.57583545993426e-05,-7.59637336914964e-05,0.00160481200389867,-0.00175628998847961,0,
1.62250598563448,,,,,,-6.79270475576249e-05
1.624,-8.47550284647748e-05,-8.49798453354555e-05,0.00159577660541549,-0.00176524994359912,0,
1.62330407023144,,,,,,-7.7168866938802e-05
1.6248,-9.34730347417427e-05,-9.37151836615663e-05,0.0015870218803926,-0.00177393312375391,0,
1.62410215482841,,,,,,-8.612641097166e-05
1.6256,-0.00010191825068098,-0.000102175238676717,0.00157854183833118,-0.00178234532108647,0,
1.62490023942538,,,,,,-9.4805245246484e-05
1.6264,-0.000110096441178459,-0.000110365367214945,0.00157033062922703,-0.0017904922187395,0,
1.62569832402235,,,,,,-0.000103210803447021
1.6272,-0.000118013259450279,-0.000118290792937456,0.00156238251811077,-0.00179837939142367,0,
1.62649640861931,,,,,,-0.000111348387350482
1.628,-0.000125674247707531,-0.000125956924663668,0.00155469188426586,-0.001806012305988,0,
1.62729449321628,,,,,,-0.00011922316682754
1.6288,-0.000133084837831164,-0.000133377375830529,0.0015472532204493,-0.00181339633692869,0,
1.62809257781325,,,,,,-0.000126840539945331
1.6296,-0.000140250492143517,-0.000140552405812737,0.001540061006954,-0.0018205368755213,0,
1.62889066241022,,,,,,-0.000134215129165997
1.6304,-0.000147176562338168,-0.000147486447868676,0.00153310982103961,-0.00182743918326134,0,
1.62968874700718,,,,,,-0.000141345278408502
1.6312,-0.000153868068343078,-0.000154184640557745,0.00152639455258009,-0.00183410822974417,0,
1.63048683160415,,,,,,-0.000148236177713006
1.632,-0.000160330052647999,-0.000160652022056618,0.0015199101087531,-0.00184054899644542,0,
1.63128491620112,,,,,,-0.000154892917691452
1.6328,-0.000166567456401022,-0.000166893530159241,0.0015136514873964,-0.00184676636603962,0,
1.63208300079808,,,,,,-0.000161320489527574
1.6336,-0.000172585120381308,-0.000172914002276844,0.0015076137892573,-0.00185276512328431,0,
1.63288108539505,,,,,,-0.000167523784976892
1.6344,-0.00017838778597179,-0.000178718175437924,0.00150179221693121,-0.00185854995590642,0,
1.63367916999202,,,,,,-0.000173507596366713
1.6352,-0.000183980096131909,-0.000184310686288261,0.00149618207380272,-0.00186412547346324,0,
1.63447725458899,,,,,,-0.000179276616596131
1.636,-0.000189366820597018,-0.000189696071090913,0.00149077855673431,-0.00186949642778235,0,
1.63527533918595,,,,,,-0.000184835439136028
1.6368,-0.000194553063878895,-0.000194880946596977,0.00148557654330643,-0.00187466779600164,0,
1.63607342378292,,,,,,-0.000190188558029073
1.6376,-0.000199542829964042,-0.000199869152127209,0.0014805719021587,-0.00187964357422367,0,
1.63687150837989,,,,,,-0.000195342763398037
1.6384,-0.000204340504006798,-0.000204664686042877,0.00147576024025283,-0.00188442810469357,0,
1.63766959297686,,,,,,-0.000200301559113605
1.6392,-0.000208950393485671,-0.000209271909042594,0.0014711372072011,-0.00188902565380462,0,
1.63846767757382,,,,,,-0.000205068961789819
1.64,-0.000213376730027435,-0.000213695145347622,0.00146669853029151,-0.00189344041384896,0,
1.63926576217079,,,,,,-0.000209649331507315
1.6408,-0.00021762367123121,-0.000217938646421665,0.00146244001259032,-0.00189767650477082,0,
1.64006384676776,,,,,,-0.000214046955246778
1.6416,-0.000221695302492573,-0.000222006592116466,0.00145835753104704,-0.0019017379759973,0,
1.64086193136472,,,,,,-0.00021826604802094
1.6424,-0.000225595640122408,-0.000225903091817382,0.00145444703338232,-0.0019056288102673,0,
1.64166001596169,,,,,,-0.000222310754006585
1.6432,-0.000229328648725835,-0.000229632185588989,0.00145070452141905,-0.00190935293759141,0,
1.64245810055866,,,,,,-0.000226185147676556
1.644,-0.000232898198960926,-0.000233197845320656,0.00144712608990465,-0.00191291419768711,0,
1.64325618515563,,,,,,-0.000229893234931755
1.6448,-0.00023630810816606,-0.000236603735393719,0.00144370789056012,-0.001916316377657,0,
1.64405426975259,,,,,,-0.00023343895423315
1.6456,-0.000239562130917569,-0.000239853628536198,0.00144044613857337,-0.00191956320314425,0,
1.64485235434956,,,,,,-0.000236825920372457
1.6464,-0.000242663960871202,-0.000242951389636327,0.00143733711135548,-0.00192265834011906,0,
1.64565043894653,,,,,,-0.000240057888950318
1.6472,-0.000245617232603616,-0.000245900698948184,0.00143437714664424,-0.0019256053966672,0,
1.6464485235435,,,,,,-0.000243138703138998
1.648,-0.000248425523453846,-0.000248705161383661,0.00143156264060974,-0.00192840792478051,0,
1.64724660814046,,,,,,-0.000246072003701005
1.6488,-0.000251092355364786,-0.000251368316386036,0.00142889004596187,-0.00193106942214928,0,
1.64804469273743,,,,,,-0.00024886136565297
1.6496,-0.000253621196724672,-0.000253893638901386,0.00142635587005983,-0.00193359333395668,0,
1.6488427773344,,,,,,-0.000251510299225525
1.6504,-0.000256015464208553,-0.000256284540349971,0.00142395667302345,-0.00193598305467477,0,
1.64964086193136,,,,,,-0.000254022250823186
1.6512,-0.000258278524619775,-0.000258544369597642,0.00142168906584644,-0.00193824191624469,0,
1.65043894652833,,,,,,-0.00025640060398423
1.652,-0.000260413268104336,-0.000260676413927234,0.00141955012352058,-0.00194037277547465,0,
1.6512370311253,,,,,,-0.000258648680340576
1.6528,-0.000262422023417079,-0.000262683458605762,0.00141753748395324,-0.00194237799258047,0,
1.65203511572227,,,,,,-0.000260769740577666
1.6536,-0.00026430870697779,-0.000264568067556598,0.0014156472621856,-0.0019442614398818,0,
1.65283320031923,,,,,,-0.000262766524830688
1.6544,-0.000266076370242013,-0.000266333788512056,0.001413876362662,-0.00194602615126983,0,
1.6536312849162,,,,,,-0.000264641569299786
1.6552,-0.000267728009659717,-0.000267983584527779,0.0014122217713681,-0.00194767510644253,0,
1.65442936951317,,,,,,-0.000266398441405547
1.656,-0.00026926656785146,-0.000269520326121724,0.00141068052893135,-0.00194921123204688,0,
1.65522745411014,,,,,,-0.000268040056072316
1.6568,-0.000270694934784556,-0.000270946816054106,0.00140924972941086,-0.00195063740282233,0,
1.6560255387071,,,,,,-0.000269569260668811
1.6576,-0.000272015948949244,-0.000272265789792975,0.00140792651908853,-0.00195195644274541,0,
1.65682362330407,,,,,,-0.000270988835468167
1.6584,-0.000273232398534852,-0.000273479915979763,0.00140670809526132,-0.00195317112617546,0,
1.65762170790104,,,,,,-0.000272301494107977
1.6592,-0.000274347022605965,-0.000274591796894857,0.00140559170503465,-0.00195428417900145,0,
1.658419792498,,,,,,-0.000273509884050333
1.66,-0.000275362512278595,-0.000275603968923157,0.00140457464411689,-0.00195529827978987,0,
1.65921787709497,,,,,,-0.000274616587041868
1.6608,-0.00027628151189634,-0.000276519191239498,0.00140365425561493,-0.00195621605609762,0,
1.66001596169194,,,,,,-0.000275624119573795
1.6616,-0.000277106226258831,-0.000277341379094876,0.00140282831794245,-0.00195703970527831,0,
1.66081404628891,,,,,,-0.000276535226725366
1.6624,-0.000277839028394393,-0.000278071933737906,0.00140209445062509,-0.00195777159429072,0,
1.66161213088587,,,,,,-0.000277353821739085
1.6632,-0.000278482674345546,-0.000278713276727516,0.00140144989155078,-0.00195841446534594,0,
1.66241021548284,,,,,,-0.000278081244752478
1.664,-0.000279039574966564,-0.000279267802980816,0.00140089221603383,-0.00195897071963509,0,
1.66320830007981,,,,,,-0.000278719918939056
1.6648,-0.000279512094640542,-0.000279737862100891,0.00140041905002799,-0.00195944271236984,0,
1.66400638467678,,,,,,-0.000279272221400508
1.6656,-0.000279902552222393,-0.000280125759598116,0.0014000280655069,-0.00195983275370362,0,
1.66480446927374,,,,,,-0.00027974048437354
1.6664,-0.000280213221981839,-0.00028043400371731,0.00139971697949938,-0.00196014310965363,0,
1.66560255387071,,,,,,-0.000280126996436718
1.6672,-0.000280446334546409,-0.000280663958413846,0.00139948355312538,-0.00196037600302362,0,
1.66640063846768,,,,,,-0.00028043400371731
1.66719872306464,,,,,,-0.000280663711098124
1.668,-0.00028060407784443,-0.000280818609677498,0.00139932559063278,-0.0019605336143274,0,
1.66799680766161,,,,,,-0.000280818283424354
1.6688,-0.000280688598048022,-0.000280899911171131,0.00139924087685168,-0.00196061807294772,0,
1.66879489225858,,,,,,-0.000280899846710415
1.6696,-0.000280702000516098,-0.000280909398960797,0.00139922748836204,-0.00196063148939424,0,
1.66959297685555,,,,,,-0.00028090991869731
1.6704,-0.000280646350737351,-0.000280849444238422,0.00139928324545998,-0.00196057585710918,0,
1.67039106145251,,,,,,-0.000280850857729942
1.6712,-0.000280523188489686,-0.000280722049832765,0.00139940655942984,-0.00196045278468702,0,
1.67118914604948,,,,,,-0.000280724653129934
1.672,-0.00028033461609359,-0.00028052915834865,0.00139959533950536,-0.00196026436401312,0,
1.67198723064645,,,,,,-0.00028053323422046
1.6728,-0.000280082682575577,-0.00028027267395094,0.0013998475317002,-0.00196001263817453,0,
1.67278531524342,,,,,,-0.000280278492232378
1.6736,-0.000279769257599837,-0.000279954463356736,0.00140016126143547,-0.00195969947187561,0,
1.67358339984038,,,,,,-0.000279962281284668
1.6744,-0.000279396171552249,-0.000279576356827585,0.00140053469369683,-0.00195932669058755,0,
1.67438148443735,,,,,,-0.000279586419364869
1.6752,-0.000278965216322235,-0.000279140149161682,0.00140096603223875,-0.00195889608157131,0,
1.67517956903432,,,,,,-0.00027915268930952
1.676,-0.000278478146084593,-0.000278647600686073,0.00140145351878938,-0.00195840939464558,0,
1.67597765363128,,,,,,-0.000278662839784595
1.6768,-0.000277936678081352,-0.000278100438248861,0.00140199543225586,-0.00195786834295532,0,
1.67677573822825,,,,,,-0.000278118586265946
1.6776,-0.000277342493403607,-0.000277500356211408,0.00140259008793023,-0.00195727460374082,0,
1.67757382282522,,,,,,-0.000277521612019737
1.6784,-0.000276697237773372,-0.000276849017440538,0.0014032358366957,-0.00195662981910721,0,
1.67837190742219,,,,,,-0.000276873569082885
1.6792,-0.000276002522325417,-0.000276148054300745,0.00140393106423348,-0.00195593559679449,0,
1.67916999201915,,,,,,-0.000276176079243499
1.68,-0.000275259924389117,-0.000275399069646389,0.00140467418977548,-0.00195519351094801,0,
1.67996807661612,,,,,,-0.000275430735021316
1.6808,-0.00027447102698815,-0.000274603637813909,0.00140546362819691,-0.00195440514115275,0,
1.68076616121309,,,,,,-0.000274639100648143
1.6816,-0.000273637318754033,-0.00027376330561402,0.00140629788797539,-0.00195357197393909,0,
1.68156424581006,,,,,,-0.000273802713048292
1.6824,-0.000272760281633748,-0.000272879593323921,0.00140717548469849,-0.00195269548836317,0,
1.68236233040702,,,,,,-0.000272923082819021
1.6832,-0.000271841368231145,-0.000271953995679495,0.00140809496347014,-0.00195177713456339,0,
1.68316041500399,,,,,,-0.000272001695210972
1.684,-0.000270882001487466,-0.000270987982867514,0.0014090548992082,-0.00195081833318875,0,
1.68395849960096,,,,,,-0.000271040011108608
1.6848,-0.000269883575472003,-0.000269982962317774,0.0014100538958454,-0.00194982047616767,0,
1.68475658419793,,,,,,-0.000270039468010654
1.6856,-0.000268847456172742,-0.000268939661581763,0.00141109058553063,-0.00194878492749015,0,
1.68555466879489,,,,,,-0.000269000760420941
1.6864,-0.000267774982287017,-0.00026785931988707,0.00141216362783055,-0.00194771302399039,0,
1.68635275339186,,,,,,-0.000267925076632603
1.6872,-0.000266667466012161,-0.000266743818050662,0.00141327170893161,-0.00194660607612973,0,
1.68715083798883,,,,,,-0.000266814320795904
1.688,-0.000265526193836153,-0.000265594466833934,0.00141441354084234,-0.00194546536877992,0,
1.68794892258579,,,,,,-0.000265669795710805
1.6888,-0.000264352427328272,-0.000264412554675139,0.00141558786157905,-0.00194429216200676,0,
1.68874700718276,,,,,,-0.000264492782009691
1.6896,-0.000263147349110901,-0.000263199348561832,0.00141679349079444,-0.00194308763801822,0,
1.68954509177973,,,,,,-0.000263284539019464
1.6904,-0.000261911928120349,-0.000261956094903306,0.00141802945069965,-0.00194185276802569,0,
1.6903431763767,,,,,,-0.000262046305623648
1.6912,-0.000260647533950958,-0.000260684020403045,0.00141929437416963,-0.00194058891277096,0,
1.69114126097366,,,,,,-0.000260779301124479
1.692,-0.000259355315647832,-0.000259384332931157,0.00142058711118034,-0.00193929722376842,0,
1.69193934557063,,,,,,-0.000259484726105007
1.6928,-0.000258036399409767,-0.000258058222396824,0.00142190653463343,-0.00193797882623794,0,
1.6927374301676,,,,,,-0.000258163763291195
1.6936,-0.000256691889306849,-0.00025670686162074,0.0014232515396335,-0.00193663482335005,0,
1.69353551476456,,,,,,-0.000256817578414012
1.6944,-0.000255322867998044,-0.000255331407207557,0.00142462104276565,-0.00193526629693839,0,
1.69433359936153,,,,,,-0.000255447321071534
1.6952,-0.000253930397448799,-0.000253933000418326,0.00142601398137331,-0.0019338743082125,0,
1.6951316839585,,,,,,-0.00025405412559104
1.696,-0.000252515519648633,-0.00025251276804294,0.00142742931283622,-0.00193245989847074,0,
1.69592976855547,,,,,,-0.00025263911189111
1.6968,-0.000251079257328731,-0.000251071823272578,0.00142886601384871,-0.00193102408981358,0,
1.69672785315243,,,,,,-0.000251203386343725
1.6976,-0.000249622614679543,-0.000249611266572148,0.00143032307969816,-0.00192956788585698,0,
1.6975259377494,,,,,,-0.000249748042636359
1.6984,-0.000248146578068371,-0.000248132186552725,0.00143179953040018,-0.00192809227244608,0,
1.69832402234637,,,,,,-0.000248274162634084
1.6992,-0.000246651808489231,-0.00024663543736146,0.00143329470524959,-0.00192659791695778,0,
1.69912210694334,,,,,,-0.000246782817241661
1.7,-0.000245138929552238,-0.000245119903836555,0.00143480796563599,-0.00192508544329106,0,
1.6999201915403,,,,,,-0.000245272777485501
1.7008,-0.000243609201519994,-0.000243585902204451,0.00143633805933415,-0.00192355609670822,0,
1.70071827613727,,,,,,-0.000243744040996041
1.7016,-0.000242063493978637,-0.000242036330993858,0.00143788411657786,-0.00192201075483278,0,
1.70151636073424,,,,,,-0.000242199716859416
1.7024,-0.000240502657559035,-0.000240472081193802,0.00143944528659348,-0.00192045026811553,0,
1.70231444533121,,,,,,-0.0002406406914247
1.7032,-0.000238927524472604,-0.000238894027454251,0.00144102073706122,-0.00191887546862512,0,
1.70311252992817,,,,,,-0.000239067834793194
1.704,-0.000237338909047128,-0.000237303028683435,0.00144260965357654,-0.00191728717058095,0,
1.70391061452514,,,,,,-0.000237482001408674
1.7048,-0.000235737608262588,-0.000235699928645176,0.00144421123911172,-0.00191568617088626,0,
1.70470869912211,,,,,,-0.00023588403064762
1.7056,-0.000234124402286979,-0.000234085556556201,0.00144582471347754,-0.00191407324966128,0,
1.70550678371907,,,,,,-0.000234274747409468
1.7064,-0.000232500055012131,-0.000232460727683473,0.00144744931278515,-0.00191244917077665,0,
1.70630486831604,,,,,,-0.000232654962706839
1.7072,-0.000230865314589535,-0.000230826243941512,0.001449084288908,-0.00191081468238682,0,
1.70710295291301,,,,,,-0.000231025474255786
1.708,-0.000229220913966161,-0.000229182894489713,0.00145072891843215,-0.00190917051746369,0,
1.70790103750998,,,,,,-0.000229387067066032
1.7088,-0.000227567185828088,-0.000227531456329677,0.0014523828598219,-0.0019075170182264,0,
1.70869912210694,,,,,,-0.000227740514031208
1.7096,-0.000225904814953295,-0.000225872694902525,0.00145404542415617,-0.00190585486060328,0,
1.70949720670391,,,,,,-0.000226086576519096
1.7104,-0.000224234642175428,-0.000224207364686227,0.00145571577543334,-0.0019041848812849,0,
1.71029529130088,,,,,,-0.000224426004961867
1.7112,-0.000222557303001584,-0.000222536209792924,0.00145739327835011,-0.00190250772061035,0,
1.71109337589785,,,,,,-0.000222759539446321
1.712,-0.000220873416691642,-0.000220859964566248,0.00145907731386427,-0.00190082399804333,0,
1.71189146049481,,,,,,-0.000221087910304128
1.7128,-0.00021918358665197,-0.000219179354178646,0.00146076727879934,-0.00189913431720788,0,
1.71268954509178,,,,,,-0.000219411838702067
1.7136,-0.000217488400829134,-0.000217494691336432,0.00146246258544932,-0.00189743926628044,0,
1.71348762968875,,,,,,-0.000217732037232266
1.7144,-0.000215788432103599,-0.000215803924445626,0.00146416266118352,-0.00189573941838205,0,
1.71428571428571,,,,,,-0.000216046341949359
1.7152,-0.000214084238683441,-0.000214106514958522,0.00146586694805149,-0.00189403533197056,0,
1.71508379888268,,,,,,-0.000214353482286422
1.716,-0.00021237636449805,-0.000212405817838603,0.00146757490238799,-0.00189232755123298,0,
1.71588188347965,,,,,,-0.000212657278111286
1.7168,-0.000210665339591837,-0.000210702326833987,0.00146928599441811,-0.00189061660647787,0,
1.71667996807662,,,,,,-0.000210958222214785
1.7176,-0.000208951680517939,-0.0002089965183447,0.00147099971171002,-0.00188890301452789,0,
1.71747805267358,,,,,,-0.000209256790161609
1.7184,-0.000207235740047931,-0.000207288851710304,0.00147271569623375,-0.00188718713227589,0,
1.71827613727055,,,,,,-0.000207553440574513
1.7192,-0.000205518075253829,-0.00020557976949752,0.00147443339260698,-0.00188546951153551,0,
1.71907422186752,,,,,,-0.000205848615418533
1.72,-0.000203799175472799,-0.000203869697787847,0.0014761523123545,-0.00188375064333361,0,
1.71987230646449,,,,,,-0.000204142740285199
1.7208,-0.000202079495306023,-0.000202159046465192,0.001477872001181,-0.00188203098313332,0,
1.72067039106145,,,,,,-0.000202436224676746
1.7216,-0.0002003594767861,-0.000200448209503492,0.00147959201735982,-0.00188031097327312,0,
1.72146847565842,,,,,,-0.00020072946229033
1.7224,-0.00019863954973115,-0.000198737565254336,0.00148131193137808,-0.00187859104387707,0,
1.72226656025539,,,,,,-0.000199022831302238
1.7232,-0.000196920132098922,-0.00019702747673459,0.00148303132558179,-0.00187687161320816,0,
1.72306464485235,,,,,,-0.000197316694652106
1.724,-0.000195201630340897,-0.00019531829191402,0.00148474979382108,-0.00187515308802161,0,
1.72386272944932,,,,,,-0.000195611400327128
1.7248,-0.000193484439756396,-0.000193610344002918,0.00148646694109541,-0.00187343586391837,0,
1.72466081404629,,,,,,-0.00019390728164627
1.7256,-0.000191768944846689,-0.000191903951739724,0.00148818238319893,-0.00187172032569849,0,
1.72545889864326,,,,,,-0.000192204657544485
1.7264,-0.000190055519669093,-0.000190199419678649,0.0014898957465022,-0.00187000684771471,0,
1.72625698324022,,,,,,-0.000190503832856925
1.7272,-0.000188344522833722,-0.000188497038477302,0.00149160667446401,-0.00186829578900501,0,
1.72705506783719,,,,,,-0.000188805098603155
1.728,-0.000186636233094451,-0.000186797149816636,0.00149331488540081,-0.00186658743039219,0,
1.72785315243416,,,,,,-0.000187108732271366
1.7288,-0.000184931045982016,-0.000185100369391001,0.00149501998547975,-0.00186488216447727,0,
1.72865123703113,,,,,,-0.000185415349365225
1.7296,-0.000183229292143057,-0.000183407140106626,0.00149672164433598,-0.00186318032360483,0,
1.72944932162809,,,,,,-0.000183725542636557
1.7304,-0.000181531293079069,-0.000181717327711717,0.00149841954074394,-0.00186148222955811,0,
1.73024740622506,,,,,,-0.000182039088558531
1.7312,-0.000179837361482114,-0.000180031183780299,0.00150011336228142,-0.00185978819530513,0,
1.73104549082203,,,,,,-0.000180356238941307
1.732,-0.000178147801570512,-0.0001783489492636,0.00150180280499352,-0.00185809852533405,0,
1.73184357541899,,,,,,-0.000178677235010483
1.7328,-0.000176462909424552,-0.000176670854817313,0.00150348757305669,-0.00185641351598858,0,
1.73264166001596,,,,,,-0.000177002307730469
1.7336,-0.000174782973322187,-0.000174997121128854,0.00150516737844286,-0.00185473345580343,0,
1.73343974461293,,,,,,-0.000175331678127868
1.7344,-0.000173108274074744,-0.00017332795924462,0.00150684194058347,-0.00185305862583979,0,
1.7342378292099,,,,,,-0.000173665557614851
1.7352,-0.000171439085362618,-0.000171663570897246,0.00150851098603367,-0.00185138930002083,0,
1.73503591380686,,,,,,-0.000172004148312534
1.736,-0.000169775674070981,-0.000170004148832864,0.00151017425004911,-0.00184972574546727,0,
1.73583399840383,,,,,,-0.00017034764337436
1.7368,-0.000168118223078307,-0.000168349877138361,0.00151183155220583,-0.00184806814719839,0,
1.7366320830008,,,,,,-0.000168696227309472
1.7376,-0.000166466817362224,-0.000166700931568639,0.00151348280018733,-0.00184641659264637,0,
1.73743016759777,,,,,,-0.000167050076306093
1.7384,-0.000164821842606931,-0.000165057479873867,0.00151512761234878,-0.00184477146015649,0,
1.73822825219473,,,,,,-0.0001654093585549
1.7392,-0.000163183523349437,-0.000163419682126748,0.00151676576438465,-0.00184313297830515,0,
1.7390263367917,,,,,,-0.000163774234572408
1.74,-0.00016155207734038,-0.000161787691049769,0.00151839703876861,-0.00184150136507447,0,
1.73982442138867,,,,,,-0.000162144857524341
1.7408,-0.000159927715815149,-0.000160161652342462,0.00152002122448234,-0.00183987683192414,0,
1.74062250598563,,,,,,-0.000160521373549014
1.7416,-0.000158310643765004,-0.000158541705008667,0.00152163811674435,-0.00183825958406249,0,
1.7414205905826,,,,,,-0.000158903922080709
1.7424,-0.000156701060208195,-0.000156928215629121,0.00152324751673886,-0.00183664982071755,0,
1.74221867517957,,,,,,-0.000157292636173051
1.7432,-0.000155099158461082,-0.000155322427373409,0.00152484923134463,-0.00183504773540814,0,
1.74301675977654,,,,,,-0.000155688672511388
1.744,-0.000153505126409255,-0.000153725147136375,0.00152644307286386,-0.00183345351621497,0,
1.7438148443735,,,,,,-0.000154093528182215
1.7448,-0.000151919146778654,-0.000152135242960954,0.00152802885875106,-0.00183186734605177,0,
1.74461292897047,,,,,,-0.000152505678846698
1.7456,-0.000150341397406688,-0.000150552912823257,0.00152960641536929,-0.00183028940293641,0,
1.74541101356744,,,,,,-0.000150925320972366
1.7464,-0.000148771879078731,-0.000148978355209683,0.00153117573989197,-0.00182871969185471,0,
1.74620909816441,,,,,,-0.000149352651423763
1.7472,-0.000147210680448396,-0.000147411769580065,0.00153273673931656,-0.0018271582994191,0,
1.74700718276137,,,,,,-0.000147787867920087
1.748,-0.000145658079808422,-0.000145853356830807,0.00153428913868322,-0.00182560549957338,0,
1.74780526735834,,,,,,-0.000146231169492846
1.7488,-0.000144114215027665,-0.000144303319758022,0.00153583280030465,-0.0018240614335193,0,
1.74860335195531,,,,,,-0.000144682756943504
1.7496,-0.000142579218380351,-0.000142761863520679,0.00153736759208168,-0.00182252623371266,0,
1.74940143655227,,,,,,-0.000143142833301127
1.7504,-0.000141053216738116,-0.000141229196103736,0.00153889338731126,-0.00182100002720015,0,
1.75019952114924,,,,,,-0.000141611604280035
1.7512,-0.000139536331762065,-0.000139705528781287,0.00154041006449438,-0.00181948293581144,0,
1.75099760574621,,,,,,-0.000140089278737448
1.752,-0.000138028680094819,-0.000138191076579693,0.00154191750714411,-0.00181797507635126,0,
1.75179569034318,,,,,,-0.000138576069131135
1.7528,-0.000136530373552564,-0.000136685936744793,0.00154341560359361,-0.0018164765607915,0,
1.75259377494014,,,,,,-0.000137072191977065
1.7536,-0.000135041519317105,-0.000135192562092628,0.00154490424680409,-0.00181498749646328,0,
1.75331413764084,,,,,,-0.000135722967675858
1.75331413764084,,,,,,-0.000135722967675858
1.75339185953711,,,,,,-0.000135578387279109
1.7544,-0.000133562220127914,-0.000133712145438074,0.00154638333417286,-0.00181350798624911,0,
1.75418994413408,,,,,,-0.000134098996226649
1.7552,-0.000132092574474182,-0.000132241385001356,0.00154785277027435,-0.00181203812877496,0,
1.75498802873105,,,,,,-0.000132629198397719
1.756,-0.000130632541789704,-0.000130780370149618,0.00154931259217302,-0.00181057788653823,0,
1.75578611332801,,,,,,-0.000131169057598157
1.7568,-0.000129182242940666,-0.000129329214432997,0.00155076267917012,-0.00180912737690339,0,
1.75658419792498,,,,,,-0.000129718731297636
1.7576,-0.000127741793433766,-0.000127887908369233,0.00155220291675798,-0.00180768671554455,0,
1.75738228252195,,,,,,-0.000128278210348527
1.7584,-0.000126311264231354,-0.000126456532643555,0.00155363323409845,-0.0018062559744231,0,
1.75818036711891,,,,,,-0.000126847484617977
1.7592,-0.00012489072190807,-0.000125035321903162,0.0015550535647355,-0.00180483522023787,0,
1.75897845171588,,,,,,-0.000125426874245803
1.76,-0.00012348022880115,-0.000123624252405071,0.00155646384644505,-0.00180342451544472,0,
1.75977653631285,,,,,,-0.000124016383097962
1.7608,-0.000122079843160731,-0.000122223255411552,0.00155786402108468,-0.00180202391840693,0,
1.76057462090982,,,,,,-0.000122615916337635
1.7616,-0.000120689619300165,-0.000120832330922609,0.00155925403444346,-0.00180063348354558,0,
1.76137270550678,,,,,,-0.000121225473964822
1.7624,-0.000119309607746318,-0.000119451478938239,0.00156063383609166,-0.00179925326148994,0,
1.76217079010375,,,,,,-0.000119845055979523
1.7632,-0.000117939855389886,-0.000118080753224489,0.00156200337923059,-0.00179788329922786,0,
1.76296887470072,,,,,,-0.000118474662381739
1.764,-0.000116580405635694,-0.000116720373272257,0.00156336262054236,-0.00179652364025617,0,
1.76376695929769,,,,,,-0.000117114478827701
1.7648,-0.000115231298553009,-0.000115370457558115,0.00156471152105408,-0.00179517432473106,0,
1.76456504389465,,,,,,-0.000115764802267962
1.7656,-0.000113892520107473,-0.000114030781211071,0.00156605009324608,-0.00179383533971456,0,
1.76536312849162,,,,,,-0.000114425316161147
1.7664,-0.000112564134547238,-0.000112701344231126,0.00156737827358214,-0.00179250674790079,0,
1.76616121308859,,,,,,-0.000113096020507256
1.7672,-0.000111246171341531,-0.000111382146618279,0.00156869603269987,-0.00179118857947091,0,
1.76695929768555,,,,,,-0.000111776915306289
1.768,-0.000109938655173898,-0.00011007318837253,0.00157000334598307,-0.0017898808592153,0,
1.76775738228252,,,,,,-0.000110468000558246
1.7688,-0.000108641607834398,-0.000108774638462575,0.00157130019170462,-0.00178858360899137,0,
1.76855546687949,,,,,,-0.000109169276263127
1.7696,-0.000107355048358243,-0.00010748676821803,0.0015725865508879,-0.00178729684789726,0,
1.76935355147646,,,,,,-0.000107881293885347
1.7704,-0.000106078993164433,-0.000106209313432511,0.00157386240716828,-0.00178602059241058,0,
1.77015163607342,,,,,,-0.000106603684859063
1.7712,-0.000104813456194393,-0.000104942256978736,0.00157512774665454,-0.0017847548565271,0,
1.77094972067039,,,,,,-0.000105336424490965
1.772,-0.000103558449050612,-0.000103685598856706,0.00157638255779042,-0.00178349965189955,0,
1.77174780526736,,,,,,-0.000104079512781052
1.7728,-0.000102313981135279,-0.00010243933906642,0.001577626831216,-0.00178225498797631,0,
1.77254588986433,,,,,,-0.000102832949729324
1.7736,-0.000101080059788922,-0.000101203518161792,0.00157886055988095,-0.0017810208721402,0,
1.77334397446129,,,,,,-0.000101596735335781
1.7744,-9.98566766020248e-05,-9.99782289899338e-05,0.00158008375314457,-0.0017797972962719,0,
1.77414205905826,,,,,,-0.000100370996015368
1.7752,-9.86437703249007e-05,-9.87634582517704e-05,0.00158129647025759,-0.0017785842000715,0,
1.77494014365523,,,,,,-9.91557515059793e-05
1.776,-9.74413898180399e-05,-9.75591501418843e-05,0.00158249866333669,-0.00177738163040053,0,
1.77573822825219,,,,,,-9.79509196441589e-05
1.7768,-9.62495301405036e-05,-9.63653046602748e-05,0.00158369033735322,-0.00177618958329524,0,
1.77653631284916,,,,,,-9.67565004299071e-05
1.7776,-9.50681844914648e-05,-9.51819218069427e-05,0.00158487149913511,-0.00177500805198519,0,
1.77733439744613,,,,,,-9.55724938632241e-05
1.7784,-9.38973443297512e-05,-9.40089925019512e-05,0.00158604215724754,-0.00177383702795633,0,
1.7781324820431,,,,,,-9.43988999441096e-05
1.7792,-9.27369994933911e-05,-9.28464537275055e-05,0.00158720232187338,-0.00177267650107068,0,
1.77893056664006,,,,,,-9.32356915844482e-05
1.78,-9.15871383191601e-05,-9.16942447905536e-05,0.00158835200469385,-0.00177152645968593,0,
1.77972865123703,,,,,,-9.2082735847059e-05
1.7808,-9.04477477621236e-05,-9.05524169308996e-05,0.00158949121876898,-0.00177038689077514,0,
1.780526735834,,,,,,-9.09401150926312e-05
1.7816,-8.93188135151853e-05,-8.94209598130325e-05,0.00159061997841822,-0.00176925778004629,0,
1.78132482043097,,,,,,-8.9807819059537e-05
1.7824,-8.82003201286294e-05,-8.82998631014403e-05,0.00159173829910093,-0.00176813911206203,0,
1.78212290502793,,,,,,-8.86858374861482e-05
1.7832,-8.70922511296674e-05,-8.7189116460611e-05,0.00159284619821534,-0.00176703087035923,0,
1.7829209896249,,,,,,-8.75741601108371e-05
1.784,-8.59945329247162e-05,-8.60887095550337e-05,0.00159394374943727,-0.00176593298226972,0,
1.78371907422187,,,,,,-8.64727766719756e-05
1.7848,-8.49070847360704e-05,-8.4998632049196e-05,0.0015950310315432,-0.00176484536709805,0,
1.78451715881883,,,,,,-8.53816769079359e-05
1.7856,-8.38299483157916e-05,-8.3918873607587e-05,0.00159610800392563,-0.00176376806459507,0,
1.7853152434158,,,,,,-8.430085055709e-05
1.7864,-8.27630945333386e-05,-8.28494238946946e-05,0.00159717469572215,-0.00176270104677476,0,
1.78611332801277,,,,,,-8.32302873578101e-05
1.7872,-8.17064929577187e-05,-8.17902725750069e-05,0.00159823113736876,-0.00176164428321321,0,
1.78691141260974,,,,,,-8.21699770484681e-05
1.788,-8.06601119433242e-05,-8.07414093130129e-05,0.00159927736051402,-0.0017605977422698,0,
1.7877094972067,,,,,,-8.11199093674364e-05
1.7888,-7.96239187157673e-05,-7.97027549895028e-05,0.00160031339793335,-0.00175956139117311,0,
1.78850758180367,,,,,,-8.00800740530865e-05
1.7896,-7.85978794577188e-05,-7.86741231670943e-05,0.00160133928344321,-0.00175853519610684,0,
1.78930566640064,,,,,,-7.90502731153591e-05
1.7904,-7.7581959394742e-05,-7.76554864646704e-05,0.00160235505181537,-0.00175751912229567,0,
1.79010375099761,,,,,,-7.80303437545551e-05
1.7912,-7.65761228811306e-05,-7.66469671773086e-05,0.00160336073869113,-0.00175651313409124,0,
1.79090183559457,,,,,,-7.70204911417193e-05
1.792,-7.55803334857456e-05,-7.56485445428439e-05,0.00160435638049555,-0.00175551719505801,0,
1.79169992019154,,,,,,-7.60206946631047e-05
1.7928,-7.45945540778496e-05,-7.466019779911e-05,0.00160534201539311,-0.00175453126805915,0,
1.79249800478851,,,,,,-7.50309337049647e-05
1.7936,-7.36186752003637e-05,-7.36819061839416e-05,0.0016063177518407,-0.00175355524467132,0,
1.79329608938547,,,,,,-7.40511876535524e-05
1.7944,-7.26526536012936e-05,-7.27136489351727e-05,0.00160728363259633,-0.00175258908064236,0,
1.79409417398244,,,,,,-7.30814358951211e-05
1.7952,-7.16964794075832e-05,-7.17554052906374e-05,0.00160823966805105,-0.00175163276560521,0,
1.79489225857941,,,,,,-7.21216578159241e-05
1.796,-7.07501056573001e-05,-7.08071544881704e-05,0.00160918590515975,-0.00175068625311593,0,
1.79569034317638,,,,,,-7.11718328022144e-05
1.7968,-6.98134844182739e-05,-6.98688757656054e-05,0.00161012239184631,-0.00174974949523532,0,
1.79648842777334,,,,,,-7.02319402402455e-05
1.7976,-6.8886566847205e-05,-6.89405483607773e-05,0.0016110491769445,-0.00174882244311179,0,
1.79728651237031,,,,,,-6.93019595162705e-05
1.7984,-6.79693032487712e-05,-6.80221515115199e-05,0.00161196631013893,-0.00174790504704047,0,
1.79808459696728,,,,,,-6.83818700165426e-05
1.7992,-6.70616431347349e-05,-6.7113240536894e-05,0.00161287384190601,-0.00174699725652244,0,
1.79888268156425,,,,,,-6.74716511273151e-05
1.8,-6.61635352830522e-05,-6.62132270053737e-05,0.00161377182345486,-0.0017460990203238,0,
1.79968076616121,,,,,,-6.65702160407434e-05
1.8008,-6.52749277969782e-05,-6.53223987954182e-05,0.00161466030666825,-0.00174521028653489,0,
1.80047885075818,,,,,,-6.56777434523193e-05
1.8016,-6.43957681641765e-05,-6.4441005519604e-05,0.0016155393440436,-0.00174433100262941,0,
1.80127693535515,,,,,,-6.47946801896432e-05
1.8024,-6.3526003315825e-05,-6.35689985188981e-05,0.00161640898910606,-0.0017434611155236,0,
1.80207501995211,,,,,,-6.39209779415229e-05
1.8032,-6.26655428051139e-05,-6.27063291342678e-05,0.00161726933160255,-0.001742600535227,0,
1.80287310454908,,,,,,-6.30565883967665e-05
1.804,-6.18143484715075e-05,-6.18529487066808e-05,0.00161812040984453,-0.00174174922287917,0,
1.80367118914605,,,,,,-6.2201463244182e-05
1.8048,-6.09723688496557e-05,-6.10088085771042e-05,0.00161896227535276,-0.00174090712716569,0,
1.80446927374302,,,,,,-6.13555541725773e-05
1.8056,-6.0139546293944e-05,-6.01738600865058e-05,0.00161979498575566,-0.00174007419049636,0,
1.80526735833998,,,,,,-6.05188128707604e-05
1.8064,-5.93158226396951e-05,-5.93480545758527e-05,0.00162061859919998,-0.0017392503546893,0,
1.80606544293695,,,,,,-5.96911910275393e-05
1.8072,-5.85011392525011e-05,-5.85313433861121e-05,0.00162143317430149,-0.00173843556109217,0,
1.80686352753392,,,,,,-5.88726403317219e-05
1.808,-5.76954370775563e-05,-5.77236778582519e-05,0.00162223877009573,-0.00173762975063155,0,
1.80766161213089,,,,,,-5.80631124721163e-05
1.8088,-5.68986566889872e-05,-5.6925009333239e-05,0.00162303544598868,-0.00173683286386228,0,
1.80845969672785,,,,,,-5.72625591375304e-05
1.8096,-5.61107383391859e-05,-5.61352891520412e-05,0.00162382326170745,-0.00173604484101685,0,
1.80925778132482,,,,,,-5.64709320167722e-05
1.8104,-5.53316220081408e-05,-5.53544686556258e-05,0.00162460227725104,-0.00173526562205478,0,
1.81005586592179,,,,,,-5.56881827986496e-05
1.8112,-5.45612474527687e-05,-5.45824991849598e-05,0.00162537255287121,-0.00173449514671195,0,
1.81085395051876,,,,,,-5.49142631719708e-05
1.812,-5.37995515890369e-05,-5.38193320810112e-05,0.00162613415206458,-0.00173373335191302,0,
1.81165203511572,,,,,,-5.41491248255435e-05
1.8128,-5.30464323396034e-05,-5.30648826074621e-05,0.00162688717610203,-0.00173298013599322,0,
1.81245011971269,,,,,,-5.33927194481758e-05
1.8136,-5.23018568772851e-05,-5.23188677913255e-05,0.0016276316581338,-0.00173223546531892,0,
1.81324820430966,,,,,,-5.26449164355994e-05
1.8144,-5.15657617412404e-05,-5.1581178852835e-05,0.00162836766159922,-0.00173149927675232,0,
1.81404628890662,,,,,,-5.19052416527642e-05
1.8152,-5.08380832372352e-05,-5.08519926169252e-05,0.00162909525017067,-0.00173077150657769,0,
1.81484437350359,,,,,,-5.11740530247652e-05
1.816,-5.01187574769463e-05,-5.0131254415876e-05,0.00162981448771429,-0.00173005209088485,0,
1.81564245810056,,,,,,-5.04512962746758e-05
1.8168,-4.94077204172637e-05,-4.94189095819667e-05,0.0016305254382507,-0.0017293409656085,0,
1.81644054269753,,,,,,-4.97369171255694e-05
1.8176,-4.87049078995955e-05,-4.87149034474771e-05,0.00163122816591573,-0.00172863806656756,0,
1.81723862729449,,,,,,-4.90308613005194e-05
1.8184,-4.80102556891697e-05,-4.80191813446866e-05,0.00163192273492111,-0.00172794332950449,0,
1.81803671189146,,,,,,-4.83330745225993e-05
1.8192,-4.73236995143385e-05,-4.73316886058746e-05,0.00163260920951524,-0.00172725669012462,0,
1.81883479648843,,,,,,-4.76435025148825e-05
1.82,-4.66451751058821e-05,-4.6652370563321e-05,0.00163328765394388,-0.00172657808413546,0,
1.8196328810854,,,,,,-4.69620910004425e-05
1.8208,-4.59746182363105e-05,-4.59811725493051e-05,0.00163395813241088,-0.00172590744728607,0,
1.82043096568236,,,,,,-4.62887857023526e-05
1.8216,-4.53119647591689e-05,-4.53180398961067e-05,0.00163462070903888,-0.00172524471540636,0,
1.82122905027933,,,,,,-4.56235323436863e-05
1.8224,-4.46571506483393e-05,-4.46629179360053e-05,0.00163527544783005,-0.00172458982444639,0,
1.8220271348763,,,,,,-4.49662766475171e-05
1.8232,-4.40101120373446e-05,-4.40157520012801e-05,0.00163592241262682,-0.00172394271051574,0,
1.82282521947326,,,,,,-4.43169643369183e-05
1.824,-4.33707852586529e-05,-4.33764874242112e-05,0.00163656166707255,-0.00172330330992282,0,
1.82362330407023,,,,,,-4.36755411349634e-05
1.8248,-4.27391068829789e-05,-4.27450695370779e-05,0.00163719327457229,-0.00172267155921418,0,
1.8244213886672,,,,,,-4.30419527647258e-05
1.8256,-4.21150137585888e-05,-4.21214436721595e-05,0.00163781729825348,-0.00172204739521385,0,
1.82521947326417,,,,,,-4.2416144949279e-05
1.8264,-4.14984430506035e-05,-4.15055551617361e-05,0.00163843380092667,-0.00172143075506267,0,
1.82601755786113,,,,,,-4.17980634116964e-05
1.8272,-4.08893322803011e-05,-4.089704253168e-05,0.00163904284504624,-0.00172082157625758,0,
1.8268156424581,,,,,,-4.11876538750514e-05
1.828,-4.02876193644217e-05,-4.02955946344185e-05,0.00163964449267109,-0.00172021979669096,0,
1.82761372705507,,,,,,-4.0584225005925e-05
1.8288,-3.96932426544693e-05,-3.97013876225715e-05,0.00164023880542539,-0.00171962535468998,0,
1.82841181165204,,,,,,-3.9987881263143e-05
1.8296,-3.9106140976016e-05,-3.91145202923461e-05,0.00164082584445926,-0.00171903818905587,0,
1.829209896249,,,,,,-3.93988729560469e-05
1.8304,-3.85262536680054e-05,-3.85349288403519e-05,0.00164140567110048,-0.00171845823910328,0,
1.83000798084597,,,,,,-3.88171367373465e-05
1.8312,-3.79534395593381e-05,-3.79625494631979e-05,0.00164197842598274,-0.00171788536432782,0,
1.83080606544294,,,,,,-3.82426092597516e-05
1.832,-3.73876160027915e-05,-3.73973183574938e-05,0.00164254419098609,-0.00171731948154487,0,
1.8316041500399,,,,,,-3.7675227175972e-05
1.8328,-3.68287894942146e-05,-3.68391717198486e-05,0.00164310296018405,-0.0017167605964831,0,
1.83240223463687,,,,,,-3.71149271387175e-05
1.8336,-3.62768974465372e-05,-3.62880457468717e-05,0.00164365479614079,-0.0017162086471248,0,
1.83320031923384,,,,,,-3.6561645800698e-05
1.8344,-3.57318777059447e-05,-3.57438766351726e-05,0.00164419976098735,-0.00171566357129328,0,
1.83399840383081,,,,,,-3.60153198146232e-05
1.8352,-3.5193668583386e-05,-3.52066005813602e-05,0.00164473791639009,-0.00171512530727668,0,
1.83479648842777,,,,,,-3.54758858332029e-05
1.836,-3.46622088860838e-05,-3.46761537820444e-05,0.00164526932351923,-0.00171459379385956,0,
1.83559457302474,,,,,,-3.49432805091471e-05
1.8368,-3.41374379490424e-05,-3.41524724338341e-05,0.00164579404301733,-0.00171406897035436,0,
1.83639265762171,,,,,,-3.44174404951653e-05
1.8376,-3.36192956665572e-05,-3.36354927333386e-05,0.00164631213496782,-0.00171355077663293,0,
1.83719074221868,,,,,,-3.38983024439676e-05
1.8384,-3.31077225237238e-05,-3.31251508771675e-05,0.00164682365886347,-0.0017130391531581,0,
1.83798882681564,,,,,,-3.33858030082638e-05
1.8392,-3.26026596279461e-05,-3.26213830619299e-05,0.0016473286735749,-0.00171253404101514,0,
1.83878691141261,,,,,,-3.28798788407634e-05
1.84,-3.21040487404464e-05,-3.21241254842352e-05,0.0016478272373191,-0.00171203538194329,0,
1.83958499600958,,,,,,-3.23804665941765e-05
1.8408,-3.16118323077733e-05,-3.16333170642358e-05,0.0016483194076279,-0.00171154311836732,0,
1.84038308060654,,,,,,-3.18875029212127e-05
1.8416,-3.11259534933112e-05,-3.11489113784189e-05,0.00164880524131651,-0.00171105719342899,0,
1.84118116520351,,,,,,-3.14009296881023e-05
1.8424,-3.06463562087893e-05,-3.06708438888281e-05,0.00164928479445196,-0.00171057755101861,0,
1.84197924980048,,,,,,-3.09207118723948e-05
1.8432,-3.01729851457899e-05,-3.01990379903065e-05,0.00164975812232166,-0.00171010413580654,0,
1.84277733439745,,,,,,-3.04467589445369e-05
1.844,-2.97057858072583e-05,-2.97334302227087e-05,0.00165022527940186,-0.00170963689327471,0,
1.84357541899441,,,,,,-2.99790078980296e-05
1.8448,-2.92447045390109e-05,-2.92739571258886e-05,0.00165068631932618,-0.00170917576974813,0,
1.84437350359138,,,,,,-2.95173957263739e-05
1.8456,-2.87896885612443e-05,-2.88205552397002e-05,0.00165114129485407,-0.00170872071242644,0,
1.84517158818835,,,,,,-2.90618594230706e-05
1.8464,-2.83406860000449e-05,-2.83731611039981e-05,0.00165159025783934,-0.00170827166941536,0,
1.84596967278532,,,,,,-2.86123359816208e-05
1.8472,-2.78976459188967e-05,-2.79317112586361e-05,0.00165203325919864,-0.00170782858975828,0,
1.84676775738228,,,,,,-2.81687623955254e-05
1.848,-2.74605183501914e-05,-2.74961422434685e-05,0.00165247034887998,-0.00170739142346773,0,
1.84756584197925,,,,,,-2.77310756582853e-05
1.8488,-2.70292543267365e-05,-2.70663905983495e-05,0.00165290157583118,-0.00170696012155691,0,
1.84836392657622,,,,,,-2.72992127634016e-05
1.8496,-2.66038059132644e-05,-2.66423928631332e-05,0.00165332699185791,-0.00170653463607118,0,
1.84916201117318,,,,,,-2.68731107043751e-05
1.8504,-2.61835039342513e-05,-2.62240855776738e-05,0.00165374725921802,-0.00170611430170543,0,
1.84996009577015,,,,,,-2.64527064747069e-05
1.8512,-2.57687737030802e-05,-2.58114052818253e-05,0.00165416195547267,-0.00170569953685535,0,
1.85075818036712,,,,,,-2.60379370678979e-05
1.852,-2.53595855944368e-05,-2.54042885154422e-05,0.00165457111039974,-0.00170529031477019,0,
1.85155626496409,,,,,,-2.5628739477449e-05
1.8528,-2.49558833670616e-05,-2.50026718183784e-05,0.00165497478022361,-0.00170488657936124,0,
1.85235434956105,,,,,,-2.52250506968612e-05
1.8536,-2.45576113029164e-05,-2.4606491730488e-05,0.00165537302064566,-0.00170448827489359,0,
1.85315243415802,,,,,,-2.48268077196355e-05
1.8544,-2.41647142231998e-05,-2.42156847916254e-05,0.00165576588682825,-0.00170409534617178,0,
1.85395051875499,,,,,,-2.44339475392727e-05
1.8552,-2.37771375043612e-05,-2.38302572876392e-05,0.0016561534333787,-0.00170370773855581,0,
1.85474860335196,,,,,,-2.4046407149274e-05
1.856,-2.33948270941177e-05,-2.34501835829991e-05,0.0016565357143333,-0.00170332539797718,0,
1.85554668794892,,,,,,-2.36642468564262e-05
1.8568,-2.30177295274677e-05,-2.30753530906017e-05,0.00165691278314127,-0.00170294827095489,0,
1.85634477254589,,,,,,-2.32873748961672e-05
1.8576,-2.26457919427072e-05,-2.27056770420684e-05,0.00165728469264874,-0.00170257630461144,0,
1.85714285714286,,,,,,-2.29156676634086e-05
1.8584,-2.22789620974445e-05,-2.23410937634062e-05,0.00165765149508277,-0.00170220944668889,0,
1.85794094173982,,,,,,-2.25490639250355e-05
1.8592,-2.19171883846155e-05,-2.19815415806216e-05,0.00165801324203534,-0.00170184764556484,0,
1.85873902633679,,,,,,-2.21875024479331e-05
1.86,-2.15604198484992e-05,-2.16269588197216e-05,0.00165836998444726,-0.00170149085026845,0,
1.85953711093376,,,,,,-2.18309219989867e-05
1.8608,-2.12086062007323e-05,-2.1277283806713e-05,0.00165872177259227,-0.0017011390104965,0,
1.86033519553073,,,,,,-2.14792613450814e-05
1.8616,-2.08616978363248e-05,-2.09324548676024e-05,0.00165906865606091,-0.00170079207662932,0,
1.86113328012769,,,,,,-2.11324592531026e-05
1.8624,-2.05196458496756e-05,-2.05924103283969e-05,0.00165941068374461,-0.00170044999974691,0,
1.86193136472466,,,,,,-2.07904544899355e-05
1.8632,-2.01824020505865e-05,-2.02570885151031e-05,0.00165974790381959,-0.00170011273164487,0,
1.86272944932163,,,,,,-2.04531858224653e-05
1.864,-1.98499189802791e-05,-1.99264277537279e-05,0.0016600803637309,-0.00169978022485045,0,
1.8635275339186,,,,,,-2.01205920175771e-05
1.8648,-1.95221499274084e-05,-1.96003663702781e-05,0.00166040811017638,-0.00169945243263859,0,
1.86432561851556,,,,,,-1.97926118421563e-05
1.8656,-1.91990489440788e-05,-1.92788426907603e-05,0.00166073118909067,-0.00169912930904787,0,
1.86512370311253,,,,,,-1.9469184063088e-05
1.8664,-1.88805708618594e-05,-1.89617950411816e-05,0.00166104964562914,-0.00169881080889661,0,
1.8659217877095,,,,,,-1.91502474472576e-05
1.8672,-1.8566671307799e-05,-1.86491617475486e-05,0.00166136352415196,-0.0016984968877988,0,
1.86671987230646,,,,,,-1.88357407615501e-05
1.868,-1.82573067204412e-05,-1.83408811358682e-05,0.00166167286919449,-0.0016981875021802,0,
1.86751795690343,,,,,,-1.85256027728509e-05
1.8688,-1.79522170078874e-05,-1.80369236949762e-05,0.00166197794063842,-0.00169788239292282,0,
1.8683160415004,,,,,,-1.82197722480452e-05
1.8696,-1.76511779216013e-05,-1.77374399810197e-05,0.00166227896059101,-0.00169758133556791,0,
1.86911412609737,,,,,,-1.79182409929843e-05
1.8704,-1.73544405468365e-05,-1.74423207099564e-05,0.00166257567932378,-0.00169728457905945,0,
1.86991221069433,,,,,,-1.76212616697838e-05
1.8712,-1.70619551797974e-05,-1.71513982064014e-05,0.00166286814652925,-0.00169699207505041,0,
1.8707102952913,,,,,,-1.73284917747784e-05
1.872,-1.67736725463259e-05,-1.68646186915979e-05,0.00166315641147049,-0.00169670377425538,0,
1.87150837988827,,,,,,-1.70398777454809e-05
1.8728,-1.64895438081198e-05,-1.65819286643975e-05,0.00166344052297491,-0.00169641962782494,0,
1.87230646448524,,,,,,-1.67553662943723e-05
1.8736,-1.62095205689527e-05,-1.63032749012598e-05,0.00166372052942801,-0.00169613958735198,0,
1.8731045490822,,,,,,-1.64749044089022e-05
1.8744,-1.59335548808931e-05,-1.60286044562526e-05,0.0016639964787672,-0.00169586360487785,0,
1.87390263367917,,,,,,-1.61984393514886e-05
1.8752,-1.56615992505234e-05,-1.57578646610517e-05,0.00166426841847556,-0.00169559163289862,0,
1.87470071827614,,,,,,-1.59259186595181e-05
1.876,-1.53936066451598e-05,-1.54910031249415e-05,0.00166453639557563,-0.00169532362437125,0,
1.8754988028731,,,,,,-1.56572901453456e-05
1.8768,-1.51295304990707e-05,-1.52279677348142e-05,0.00166480045662315,-0.00169505953271986,0,
1.87629688747007,,,,,,-1.53925018962946e-05
1.8776,-1.48693247196964e-05,-1.49687066551701e-05,0.00166506064770089,-0.00169479931184191,0,
1.87709497206704,,,,,,-1.51315022746569e-05
1.8784,-1.46129436938688e-05,-1.47131683281181e-05,0.0016653170144124,-0.00169454291611445,0,
1.87789305666401,,,,,,-1.4874239917693e-05
1.8792,-1.43603422940296e-05,-1.44613014733747e-05,0.00166556960187582,-0.0016942903004003,0,
1.87869114126097,,,,,,-1.46206637376317e-05
1.88,-1.41114758844506e-05,-1.4213055088265e-05,0.0016658184547176,-0.0016940414200543,0,
1.87948922585794,,,,,,-1.43707229216703e-05
1.8808,-1.38663003274524e-05,-1.39683784477221e-05,0.00166606361706634,-0.0016937962309295,0,
1.88028731045491,,,,,,-1.41243669319746e-05
1.8816,-1.36247719896236e-05,-1.37272211042873e-05,0.00166630513254654,-0.00169355468938341,0,
1.88108539505188,,,,,,-1.38815455056787e-05
1.8824,-1.33868477480405e-05,-1.348953288811e-05,0.00166654304427238,-0.0016933167522842,0,
1.88188347964884,,,,,,-1.36422086548856e-05
1.8832,-1.3152484996486e-05,-1.32554286907103e-05,0.00166677739484151,-0.00169308237701691,0,
1.88268156424581,,,,,,-1.34063066666662e-05
1.884,-1.29216416516687e-05,-1.30249217804468e-05,0.00166700822632882,-0.00169285152148967,0,
1.88347964884278,,,,,,-1.31740437726454e-05
1.8848,-1.26942761594429e-05,-1.27978684465892e-05,0.00166723558028021,-0.00169262414413993,0,
1.88427773343974,,,,,,-1.29453290606844e-05
1.8856,-1.24703475010269e-05,-1.25741821559683e-05,0.0016674594977064,-0.00169240020394068,0,
1.88507581803671,,,,,,-1.27199919364558e-05
1.8864,-1.2249815199223e-05,-1.23538222410517e-05,0.00166768001907668,-0.00169217966040665,0,
1.88587390263368,,,,,,-1.24979916616576e-05
1.8872,-1.20326393246364e-05,-1.21367485919229e-05,0.00166789718488203,-0.00169196247360054,0,
1.88667198723065,,,,,,-1.22792880503016e-05
1.888,-1.18186016836211e-05,-1.19229216562813e-05,0.00166811121237686,-0.00169174842589029,0,
1.88747007182761,,,,,,-1.20638414687134e-05
1.8888,-1.16077735062776e-05,-1.17123024394426e-05,0.00166832203059361,-0.00169153758756675,0,
1.88826815642458,,,,,,-1.18516128355326e-05
1.8896,-1.14001443356578e-05,-1.15048525043381e-05,0.00166852965008115,-0.00169132994843554,0,
1.88906624102155,,,,,,-1.16425636217121e-05
1.8904,-1.11956730150685e-05,-1.13005339715157e-05,0.00166873411198911,-0.00169112546743187,0,
1.88986432561852,,,,,,-1.14366558505191e-05
1.8912,-1.09943188063514e-05,-1.10993095191389e-05,0.00166893545704875,-0.00169092410381053,0,
1.89066241021548,,,,,,-1.12338520975344e-05
1.892,-1.0796041392892e-05,-1.09011423829871e-05,0.00166913372556991,-0.00169072581724799,0,
1.89146049481245,,,,,,-1.10341154906527e-05
1.8928,-1.06008008826293e-05,-1.07059963564562e-05,0.001669328957438,-0.00169053056784543,0,
1.89225857940942,,,,,,-1.08374097100824e-05
1.8936,-1.0408557811064e-05,-1.05138357905577e-05,0.00166952119211105,-0.0016903383161317,0,
1.89305666400638,,,,,,-1.06436989883457e-05
1.8944,-1.02192731442683e-05,-1.03246255939192e-05,0.00166971046861662,-0.00169014902306639,0,
1.89385474860335,,,,,,-1.04529481102787e-05
1.8952,-1.00329082818941e-05,-1.01383312327846e-05,0.00166989682554883,-0.00168996265004278,0,
1.89465283320032,,,,,,-1.02651224130313e-05
1.896,-9.84942506018298e-06,-9.95491873101332e-06,0.00167008030106535,-0.00168977915889091,0,
1.89545091779729,,,,,,-1.0080187786067e-05
1.8968,-9.66878575497459e-06,-9.77432707408511e-06,0.00167026093288439,-0.00168959851188051,0,
1.89624900239425,,,,,,-9.89811067116344e-06
1.8976,-9.4909530847158e-06,-9.59633712861365e-06,0.00167043875828165,-0.00168942067172408,0,
1.89704708699122,,,,,,-9.71881809138604e-06
1.8984,-9.31589021347e-06,-9.42099353769648e-06,0.00167061381408737,-0.00168924560157984,0,
1.89784517158819,,,,,,-9.54202686336591e-06
1.8992,-9.14356075392581e-06,-9.24832944345971e-06,0.00167078613668329,-0.00168907326505477,0,
1.89864325618516,,,,,,-9.36792829364582e-06
1.9,-8.97392877040626e-06,-9.07830741708455e-06,0.00167095576199962,-0.00168890362620762,0,
1.89944134078212,,,,,,-9.19648498775977e-06
1.9008,-8.80695878187797e-06,-8.91089036852705e-06,0.00167112272551206,-0.00168873664955191,0,
1.90023942537909,,,,,,-9.0276598867952e-06
1.9016,-8.6426157649599e-06,-8.74604154651781e-06,0.00167128706223878,-0.0016885723000589,0,
1.90103750997606,,,,,,-8.86141626739294e-06
1.9024,-8.48086515693269e-06,-8.58372453856233e-06,0.00167144880673739,-0.00168841054316067,0,
1.90183559457302,,,,,,-8.69771774174723e-06
1.9032,-8.32167285874743e-06,-8.42390327094071e-06,0.00167160799310196,-0.00168825134475307,0,
1.90263367916999,,,,,,-8.53652825760571e-06
1.904,-8.16500523803484e-06,-8.26654200870777e-06,0.00167176465495999,-0.00168809467119874,0,
1.90343176376696,,,,,,-8.37781209826946e-06
1.9048,-8.01082913211441e-06,-8.11160535569317e-06,0.00167191882546941,-0.00168794048933014,0,
1.90422984836393,,,,,,-8.22153388259296e-06
1.9056,-7.85911185100314e-06,-7.95905825450114e-06,0.00167207053736031,-0.00168778876645253,0,
1.90502793296089,,,,,,-8.06765856498408e-06
1.9064,-7.70980103672165e-06,-7.8088659865108e-06,0.0016722198430253,-0.00168763945024803,0,
1.90582601755786,,,,,,-7.91615143540413e-06
1.9072,-7.56282592519644e-06,-7.66099417187584e-06,0.00167236681303814,-0.00168749246998722,0,
1.90662410215483,,,,,,-7.76697811936781e-06
1.908,-7.41820072174842e-06,-7.51540876952473e-06,0.00167251143329276,-0.00168734783968509,0,
1.9074221867518,,,,,,-7.62010457794323e-06
1.9088,-7.27589346770443e-06,-7.37207607716072e-06,0.00167265373574362,-0.00168720552748221,0,
1.90822027134876,,,,,,-7.47549710775194e-06
1.9096,-7.13587263653425e-06,-7.23096273126168e-06,0.00167279375191313,-0.00168706550184786,0,
1.90901835594573,,,,,,-7.33312234096887e-06
1.9104,-6.99810713573432e-06,-7.09203570708033e-06,0.0016729315128898,-0.0016869277316854,0,
1.9098164405427,,,,,,-7.19294724532237e-06
1.9112,-6.86256630871097e-06,-6.95540768120421e-06,0.00167306704932631,-0.00168679218633425,0,
1.91061452513966,,,,,,-7.0549391240942e-06
1.912,-6.72921993666401e-06,-6.82107850717331e-06,0.00167320039143763,-0.00168665883557169,0,
1.91141260973663,,,,,,-6.91926376573814e-06
1.9128,-6.59803824047035e-06,-6.68893615055819e-06,0.00167333156899917,-0.00168652764961477,0,
1.9122106943336,,,,,,-6.78585988181854e-06
1.9136,-6.46899188256715e-06,-6.55892751080722e-06,0.00167346061134484,-0.0016863985991222,0,
1.91300877893057,,,,,,-6.65459805725146e-06
1.9144,-6.34205196883564e-06,-6.43102767807451e-06,0.00167358754736523,-0.00168627165519624,0,
1.91380686352753,,,,,,-6.5254531511443e-06
1.9152,-6.21719005048434e-06,-6.30521230227818e-06,0.00167371240550567,-0.00168614678938455,0,
1.9146049481245,,,,,,-6.39840057704613e-06
1.916,-6.09437812593264e-06,-6.18145759310056e-06,0.00167383521376438,-0.00168602397368209,0,
1.91540303272147,,,,,,-6.27341630294751e-06
1.9168,-5.97358864269434e-06,-6.05974031998823e-06,0.00167395599969054,-0.001685903180533,0,
1.91620111731844,,,,,,-6.15047685128052e-06
1.9176,-5.85479449926096e-06,-5.9400378121518e-06,0.00167407479038247,-0.0016857843828325,0,
1.9169992019154,,,,,,-6.02955929891876e-06
1.9184,-5.73796904698543e-06,-5.8223279585662e-06,0.0016741916124857,-0.00168566755392872,0,
1.91779728651237,,,,,,-5.91064127717737e-06
1.9192,-5.62308609196535e-06,-5.70658920797041e-06,0.00167430649219109,-0.00168555266762465,0,
1.91859537110934,,,,,,-5.79370097181304e-06
1.92,-5.51011989692658e-06,-5.59280056886757e-06,0.00167441945523295,-0.00168543969817998,0,
1.9193934557063,,,,,,-5.67871712302394e-06
1.9208,-5.39904518310678e-06,-5.48094160952512e-06,0.00167453052688717,-0.00168532862031299,0,
1.92019154030327,,,,,,-5.56566902544981e-06
1.9216,-5.28983713213869e-06,-5.3709924579745e-06,0.0016746397319693,-0.00168521940920241,0,
1.92098962490024,,,,,,-5.4545365281719e-06
1.9224,-5.18247138793387e-06,-5.26293380201147e-06,0.00167474709483269,-0.00168511204048937,0,
1.92178770949721,,,,,,-5.345300034713e-06
1.9232,-5.07692405856591e-06,-5.15674688919586e-06,0.00167485263936663,-0.00168500649027919,0,
1.92258579409417,,,,,,-5.23794050303742e-06
1.924,-4.97317171815405e-06,-5.05241352685165e-06,0.00167495638899439,-0.00168490273514335,0,
1.92338387869114,,,,,,-5.13243944555099e-06
1.9248,-4.87119140874671e-06,-4.94986603059707e-06,0.0016750583668422,-0.00168480075212129,0,
1.92418196328811,,,,,,-5.0287789291011e-06
1.9256,-4.77084621312247e-06,-4.84873800609448e-06,0.00167515870957919,-0.00168470040446407,0,
1.92498004788508,,,,,,-4.92687694239653e-06
1.9264,-4.67216120020921e-06,-4.74921151743205e-06,0.00167525739215218,-0.00168460171699252,0,
1.92577813248204,,,,,,-4.82628613871215e-06
1.9272,-4.57515182145454e-06,-4.65134851748068e-06,0.00167535439916636,-0.00168450470517384,0,
1.92657621707901,,,,,,-4.72737107033422e-06
1.928,-4.47979442072756e-06,-4.55512300624853e-06,0.00167544975427561,-0.00168440934540854,0,
1.92737430167598,,,,,,-4.63010577753287e-06
1.9288,-4.38606569962608e-06,-4.46050917259073e-06,0.00167554348077616,-0.00168431561439597,0,
1.92817238627294,,,,,,-4.5344644876294e-06
1.9296,-4.29394271695989e-06,-4.36748139420918e-06,0.00167563560160708,-0.00168422348919275,0,
1.92897047086991,,,,,,-4.44042161499631e-06
1.9304,-4.20340288823431e-06,-4.27601423765266e-06,0.00167572613935078,-0.00168413294721227,0,
1.92976855546688,,,,,,-4.34795176105724e-06
1.9312,-4.11442398513371e-06,-4.1860824583169e-06,0.00167581511623358,-0.00168404396622415,0,
1.93056664006385,,,,,,-4.25702971428705e-06
1.932,-4.0269841350048e-06,-4.09766100044439e-06,0.00167590255412616,-0.00168395652435371,0,
1.93136472466081,,,,,,-4.16763045021175e-06
1.9328,-3.94106182034028e-06,-4.01072499712459e-06,0.00167598847454413,-0.0016838706000815,0,
1.93216280925778,,,,,,-4.07972913140854e-06
1.9336,-3.85663587826214e-06,-3.92524977029377e-06,0.00167607289864853,-0.00168378617224273,0,
1.93296089385475,,,,,,-3.9933011075058e-06
1.9344,-3.77368550000516e-06,-3.84121083073506e-06,0.0016761558472463,-0.00168370322002679,0,
1.93375897845172,,,,,,-3.90832191518308e-06
1.9352,-3.69219023040047e-06,-3.75858387807853e-06,0.00167623734079089,-0.00168362172297671,0,
1.93455706304868,,,,,,-3.82476727817111e-06
1.936,-3.61212996735883e-06,-3.67734480080102e-06,0.00167631739938266,-0.00168354166098865,0,
1.93535514764565,,,,,,-3.74261310725181e-06
1.9368,-3.53348496135428e-06,-3.59746967622636e-06,0.0016763960427695,-0.00168346301431138,0,
1.93615323224262,,,,,,-3.66183550025827e-06
1.9376,-3.45623581490741e-06,-3.51893477052514e-06,0.00167647329034729,-0.00168338576354577,0,
1.93695131683959,,,,,,-3.58241074207476e-06
1.9384,-3.38036348206891e-06,-3.44171653871486e-06,0.0016765491611604,-0.00168330988964426,0,
1.93774940143655,,,,,,-3.50431530463675e-06
1.9392,-3.30584926790311e-06,-3.36579162465993e-06,0.00167662367390226,-0.00168323537391037,0,
1.93854748603352,,,,,,-3.42752584693083e-06
1.94,-3.23267482797125e-06,-3.29113686107155e-06,0.00167669684691584,-0.00168316219799813,0,
1.93934557063049,,,,,,-3.35201921499481e-06
1.9408,-3.16082216781511e-06,-3.21772926950789e-06,0.00167676869819416,-0.00168309034391162,0,
1.94014365522745,,,,,,-3.2777724419177e-06
1.9416,-3.09027364244034e-06,-3.14554606037389e-06,0.00167683924538084,-0.00168301979400442,0,
1.94094173982442,,,,,,-3.20476274783964e-06
1.9424,-3.02101195579998e-06,-3.07456463292141e-06,0.00167690850577057,-0.00168295053097908,0,
1.94173982442139,,,,,,-3.13296753995198e-06
1.9432,-2.95302016027796e-06,-3.0047625752492e-06,0.0016769764963349,-0.00168288253788665,0,
1.94253790901836,,,,,,-3.06236441249725e-06
1.944,-2.8862562623946e-06,-2.93611766430282e-06,0.00167704319444419,-0.00168281570696898,0,
1.94333599361532,,,,,,-2.99293114676914e-06
1.9448,-2.82058907392232e-06,-2.86860786587477e-06,0.00167710886275107,-0.00168275004089891,0,
1.94413407821229,,,,,,-2.92464571111253e-06
1.9456,-2.75611409980642e-06,-2.80221133460437e-06,0.00167717333886043,-0.00168268556706004,0,
1.94493216280926,,,,,,-2.85748626092347e-06
1.9464,-2.69281326125673e-06,-2.7369064139778e-06,0.00167723664079662,-0.00168262226731914,0,
1.94573024740623,,,,,,-2.79143113864921e-06
1.9472,-2.63066870721021e-06,-2.67267163632818e-06,0.00167729878641186,-0.00168256012382628,0,
1.94652833200319,,,,,,-2.72645887378816e-06
1.948,-2.56966281141754e-06,-2.60948572283541e-06,0.0016773597933335,-0.00168249911895633,0,
1.94732641660016,,,,,,-2.6625481828899e-06
1.9488,-2.50977816952992e-06,-2.54732758352635e-06,0.00167741967896697,-0.00168243923530603,0,
1.94812450119713,,,,,,-2.59967796955522e-06
1.9496,-2.45099759618568e-06,-2.48617631727465e-06,0.00167747846049867,-0.00168238045569104,0,
1.94892258579409,,,,,,-2.53782732443605e-06
1.9504,-2.39330412209698e-06,-2.42601121180087e-06,0.00167753615489892,-0.00168232276314311,0,
1.94972067039106,,,,,,-2.47697552523553e-06
1.9512,-2.33668099113656e-06,-2.36681174367245e-06,0.00167759277892482,-0.00168226614090709,0,
1.95051875498803,,,,,,-2.41710203670798e-06
1.952,-2.28111165742432e-06,-2.30855757830366e-06,0.00167764834912322,-0.00168221057243807,0,
1.951316839585,,,,,,-2.35818651065886e-06
1.9528,-2.2265797824141e-06,-2.25145994324284e-06,0.00167770288183361,-0.00168215604139843,0,
1.95211492418196,,,,,,-2.30020878594485e-06
1.9536,-2.17306923198032e-06,-2.19704265986083e-06,0.001677756393191,-0.00168210253165496,0,
1.95291300877893,,,,,,-2.24341842864988e-06
1.9544,-2.12056407350464e-06,-2.14395325332969e-06,0.0016778088991289,-0.00168205002727591,0,
1.9537110933759,,,,,,-2.18954323256595e-06
1.9552,-2.06904857296276e-06,-2.09191458443973e-06,0.00167786041538219,-0.00168199851252812,0,
1.95450917797287,,,,,,-2.13672815004018e-06
1.956,-2.01850719201096e-06,-2.04090982254603e-06,0.00167791095749004,-0.00168194797187406,0,
1.95530726256983,,,,,,-2.08495647074207e-06
1.9568,-1.96892458507291e-06,-1.99092213700372e-06,0.00167796054079884,-0.00168189838996898,0,
1.9561053471668,,,,,,-2.03421148434111e-06
1.9576,-1.92028559642625e-06,-1.94193469716791e-06,0.00167800918046508,-0.00168184975165793,0,
1.95690343176377,,,,,,-1.9844764805068e-06
1.9584,-1.87257525728936e-06,-1.89393067239371e-06,0.00167805689145831,-0.00168180204197289,0,
1.95770151636073,,,,,,-1.93573474890862e-06
1.9592,-1.82577878290804e-06,-1.84689323203624e-06,0.00167810368856403,-0.00168175524612985,0,
1.9584996009577,,,,,,-1.88796957921608e-06
1.96,-1.77988156964213e-06,-1.8008055454506e-06,0.00167814958638659,-0.00168170934952587,0,
1.95929768555467,,,,,,-1.84116426109867e-06
1.9608,-1.73486919205227e-06,-1.75565078199193e-06,0.00167819459935211,-0.00168166433773622,0,
1.96009577015164,,,,,,-1.79530208422587e-06
1.9616,-1.69072739998654e-06,-1.71141211101533e-06,0.00167823874171144,-0.00168162019651142,0,
1.9608938547486,,,,,,-1.75036633826719e-06
1.9624,-1.64744211566718e-06,-1.6680727018759e-06,0.0016782820275414,-0.00168157691177274,0,
1.96169193934557,,,,,,-1.70634031289211e-06
1.9632,-1.60499445987076e-06,-1.62561572392877e-06,0.00167832447572219,-0.00168153446464193,0,
1.96249002394254,,,,,,-1.66320729777014e-06
1.964,-1.56337134595495e-06,-1.58402434652904e-06,0.00167836609934349,-0.0016814928420354,0,
1.96328810853951,,,,,,-1.62095058257077e-06
1.9648,-1.52256194732502e-06,-1.54328173903185e-06,0.00167840690923218,-0.00168145203312683,0,
1.96408619313647,,,,,,-1.57955345696347e-06
1.9656,-1.48255271256619e-06,-1.5033710707923e-06,0.00167844691893936,-0.0016814120243645,0,
1.96488427773344,,,,,,-1.53899921061776e-06
1.9664,-1.44333024186128e-06,-1.46427551116548e-06,0.00167848614186543,-0.00168137280234915,0,
1.96568236233041,,,,,,-1.49927113320311e-06
1.9672,-1.40488128395256e-06,-1.42597822950655e-06,0.00167852459126218,-0.00168133435383008,0,
1.96648044692737,,,,,,-1.46035251438904e-06
1.968,-1.36719273310353e-06,-1.38846239517058e-06,0.00167856228023588,-0.00168129666570208,0,
1.96727853152434,,,,,,-1.42222664384502e-06
1.9688,-1.33025162606073e-06,-1.35171117751271e-06,0.0016785992217503,-0.00168125972500242,0,
1.96807661612131,,,,,,-1.38487681124056e-06
1.9696,-1.29404513901553e-06,-1.31570774588805e-06,0.00167863542862974,-0.00168122351890778,0,
1.96887470071828,,,,,,-1.34828630624515e-06
1.9704,-1.25856058456594e-06,-1.2804352696517e-06,0.00167867091356211,-0.00168118803473124,0,
1.96967278531524,,,,,,-1.31243841852827e-06
1.9712,-1.22378540867845e-06,-1.24587691815879e-06,0.00167870568910189,-0.00168115325991925,0,
1.97047086991221,,,,,,-1.27731643775943e-06
1.972,-1.18970718764977e-06,-1.21201586076442e-06,0.00167873976767325,-0.00168111918204855,0,
1.97126895450918,,,,,,-1.24290365360812e-06
1.9728,-1.15631362506869e-06,-1.17883526682373e-06,0.00167877316157305,-0.00168108578882319,0,
1.97206703910615,,,,,,-1.20918335574383e-06
1.9736,-1.12359254877787e-06,-1.1463183056918e-06,0.00167880588297387,-0.00168105306807142,0,
1.97286512370311,,,,,,-1.17613883383606e-06
1.9744,-1.09153190783559e-06,-1.11444814672376e-06,0.00167883794392707,-0.00168102100774274,0,
1.97366320830008,,,,,,-1.14375337755429e-06
1.9752,-1.06011976947767e-06,-1.08320795927473e-06,0.00167886935636581,-0.00168098959590477,0,
1.97446129289705,,,,,,-1.11201027656802e-06
1.976,-1.02934431607916e-06,-1.05258091269981e-06,0.00167890013210812,-0.00168095882074028,0,
1.97525937749401,,,,,,-1.08089282054675e-06
1.9768,-9.99193842116208e-07,-1.02255017635413e-06,0.0016789302828599,-0.00168092867054414,0,
1.97605746209098,,,,,,-1.05038429915997e-06
1.9776,-9.69656751127848e-07,-9.93098919592787e-07,0.00167895982021799,-0.00168089913372024,0,
1.97685554668795,,,,,,-1.02046800207717e-06
1.9784,-9.4072155267779e-07,-9.64210311770898e-07,0.00167898875567316,-0.00168087019877852,0,
1.97765363128492,,,,,,-9.91127218967841e-07
1.9792,-9.12376859316264e-07,-9.35867522243589e-07,0.00167901710061322,-0.00168084185433186,0,
1.97845171588188,,,,,,-9.62345239501483e-07
1.98,-8.84611383541768e-07,-9.08053720365958e-07,0.00167904486632602,-0.0016808140890931,0,
1.97924980047885,,,,,,-9.34105353347587e-07
1.9808,-8.57413934762935e-07,-8.80491456795694e-07,0.00167907206400323,-0.00168078689187276,0,
1.98004788507582,,,,,,-9.06390850175647e-07
1.9816,-8.30777273379843e-07,-8.514744101388e-07,0.00167909870089829,-0.00168076025544505,0,
1.98084596967279,,,,,,-8.78908471801336e-07
1.9824,-8.04758804891802e-07,-8.22892431947984e-07,0.00167912471959263,-0.00168073423720241,0,
1.98164405426975,,,,,,-8.49871573343951e-07
1.9832,-7.79288752518257e-07,-7.94866964467924e-07,0.00167915018985104,-0.00168070876735608,0,
1.98244213886672,,,,,,-8.21388527106658e-07
1.984,-7.5435745649965e-07,-7.67398007698611e-07,0.00167917512134518,-0.00168068383625818,0,
1.98324022346369,,,,,,-7.93459333089457e-07
1.9848,-7.29955393975019e-07,-7.40485561640039e-07,0.00167919952359819,-0.00168065943438614,0,
1.98403830806065,,,,,,-7.66083991292347e-07
1.9856,-7.06073177066044e-07,-7.14129626292223e-07,0.00167922340599821,-0.00168063555235234,0,
1.98483639265762,,,,,,-7.39262501715328e-07
1.9864,-6.82701550961035e-07,-6.88330201655147e-07,0.00167924677780031,-0.00168061218090223,0,
1.98563447725459,,,,,,-7.12994864358401e-07
1.9872,-6.59831391999027e-07,-6.63087287728826e-07,0.00167926964812841,-0.00168058931091241,0,
1.98643256185156,,,,,,-6.87281079221566e-07
1.988,-6.37453705753759e-07,-6.38400884513253e-07,0.00167929202597718,-0.00168056693338869,0,
1.98723064644852,,,,,,-6.62121146304822e-07
1.9888,-6.15559625117736e-07,-6.14270992008422e-07,0.00167931392021396,-0.0016805450394642,0,
1.98802873104549,,,,,,-6.37515065608177e-07
1.9896,-5.94140408386277e-07,-5.90697610214345e-07,0.00167933533958069,-0.00168052362039746,0,
1.98882681564246,,,,,,-6.13462837131616e-07
1.9904,-5.73187437341511e-07,-5.6768073913101e-07,0.00167935629269579,-0.00168050266757047,0,
1.98962490023943,,,,,,-5.89964460875147e-07
1.9912,-5.52692215336453e-07,-5.45220378758429e-07,0.00167937678805613,-0.0016804821724868,0,
1.99042298483639,,,,,,-5.67019936838769e-07
1.992,-5.32646365379007e-07,-5.23316529096595e-07,0.00167939683403891,-0.00168046212676967,0,
1.99122106943336,,,,,,-5.44629265022483e-07
1.9928,-5.13041628216009e-07,-5.01969190145504e-07,0.00167941643890358,-0.00168044252216001,0,
1.99201915403033,,,,,,-5.22792445426289e-07
1.9936,-4.93869860417284e-07,-4.81178361905167e-07,0.00167943561079376,-0.00168042335051459,0,
1.99281723862729,,,,,,-5.01509478050186e-07
1.9944,-4.75123032459638e-07,-4.60944044375572e-07,0.00167945435773916,-0.00168040460380408,0,
1.99361532322426,,,,,,-4.80780362894174e-07
1.9952,-4.5679322681094e-07,-4.41266237556731e-07,0.0016794726876575,-0.00168038627411112,0,
1.99441340782123,,,,,,-4.60605099958254e-07
1.996,-4.38872636014115e-07,-4.22144941448638e-07,0.0016794906083564,-0.00168036835362843,0,
1.9952114924182,,,,,,-4.40983689242426e-07
1.9968,-4.213535607712e-07,-4.03580156051287e-07,0.00167950812753534,-0.00168035083465688,0,
1.99600957701516,,,,,,-4.21916130746689e-07
1.9976,-4.04228408027387e-07,-3.85571881364689e-07,0.00167952525278752,-0.00168033370960357,0,
1.99680766161213,,,,,,-4.03402424471044e-07
1.9984,-3.87489689055027e-07,-3.68120117388835e-07,0.00167954199160183,-0.00168031697097994,0,
1.9976057462091,,,,,,-3.85442570415491e-07
1.9992,-3.71130017537703e-07,-3.51224864123733e-07,0.00167955835136474,-0.00168030061139982,0,
1.99840383080607,,,,,,-3.68036568580029e-07
2,-3.55142107654231e-07,-3.3488612156938e-07,0.00167957433936379,-0.0016802846235791,0,
1.99920191540303,,,,,,-3.51184418964658e-07
2.0008,-3.39531969855077e-07,-3.19105218971102e-07,0.00167958994958895,-0.00168026901352866,0,
2,,,,,,-3.3488612156938e-07
2.00079808459697,,,,,,-3.19141676394192e-07
2.0016,-3.24296150958024e-07,-3.03880827083564e-07,0.00167960518549059,-0.00168025377779251,0,
2.00159616919393,,,,,,-3.03951083439097e-07
2.0024,-3.09415924043691e-07,-2.89212945906782e-07,0.00167962006579553,-0.00168023889764362,0,
2.0023942537909,,,,,,-2.89314342704092e-07
2.0032,-2.94884825240497e-07,-2.75101575440748e-07,0.00167963459696915,-0.00168022436661963,0,
2.00319233838787,,,,,,-2.7523145418918e-07
2.004,-2.80696502002653e-07,-2.61546715685463e-07,0.0016796487853641,-0.00168021017836811,0,
2.00399042298484,,,,,,-2.61702417894359e-07
2.0048,-2.66844711605588e-07,-2.48548366640925e-07,0.00167966263722324,-0.00168019632664645,0,
2.0047885075818,,,,,,-2.48727233819629e-07
2.0056,-2.53323319641364e-07,-2.36156723710132e-07,0.00167967615868108,-0.00168018280532036,0,
2.00558659217877,,,,,,-2.36305901964991e-07
2.0064,-2.40126298514146e-07,-2.27294246106569e-07,0.00167968935576533,-0.00168016960836236,0,
2.00638467677574,,,,,,-2.27426243937798e-07
2.0072,-2.27247725935576e-07,-2.20402859334555e-07,0.00167970223439838,-0.00168015672985025,0,
2.00718276137271,,,,,,-2.20551356894687e-07
2.008,-2.14681783420244e-07,-2.13511472562541e-07,0.00167971480039882,-0.00168014416396566,0,
2.00798084596967,,,,,,-2.13676469851575e-07
2.0088,-2.02422754781103e-07,-2.06620085790527e-07,0.00167972705948294,-0.0016801319049925,0,
2.00877893056664,,,,,,-2.06801582808463e-07
2.0096,-1.90465024624895e-07,-1.99728699018508e-07,0.00167973901726622,-0.00168011994731547,0,
2.00957701516361,,,,,,-1.99926695765352e-07
2.0104,-1.78803076847609e-07,-1.92837312246494e-07,0.00167975067926486,-0.00168010828541856,0,
2.01037509976057,,,,,,-1.9305180872224e-07
2.0112,-1.67431493129869e-07,-1.8594592547448e-07,0.00167976205089727,-0.00168009691388353,0,
2.01117318435754,,,,,,-1.86176921679128e-07
2.012,-1.56344951432394e-07,-1.79054538702466e-07,0.00167977313748556,-0.00168008582738843,0,
2.01197126895451,,,,,,-1.79302034636017e-07
2.0128,-1.45538224491418e-07,-1.72163151930451e-07,0.00167978394425709,-0.00168007502070607,0,
2.01276935355148,,,,,,-1.72427147592905e-07
2.0136,-1.35006178314116e-07,-1.65271765158433e-07,0.00167979447634592,-0.00168006448870255,0,
2.01356743814844,,,,,,-1.65552260549794e-07
2.0144,-1.24743770674057e-07,-1.58380378386419e-07,0.00167980473879437,-0.00168005422633571,0,
2.01436552274541,,,,,,-1.58677373506682e-07
2.0152,-1.147460496066e-07,-1.51488991614405e-07,0.00167981473655445,-0.00168004422865367,0,
2.01516360734238,,,,,,-1.5180248646357e-07
2.016,-1.05008151904347e-07,-1.4459760484239e-07,0.00167982447448946,-0.00168003449079327,0,
2.01596169193935,,,,,,-1.44927599420459e-07
2.0168,-9.55253016125689e-08,-1.37706218070376e-07,0.00167983395737541,-0.00168002500797864,0,
2.01675977653631,,,,,,-1.38052712377347e-07
2.0176,-8.62928085246259e-08,-1.30814831298358e-07,0.00167984318990258,-0.00168001577551963,0,
2.01755786113328,,,,,,-1.31177825334235e-07
2.0184,-7.73060666774236e-08,-1.23923444526344e-07,0.00167985217667699,-0.00168000678881035,0,
2.01835594573025,,,,,,-1.24302938291124e-07
2.0192,-6.85605528468092e-08,-1.17032057754329e-07,0.00167986092222113,-0.00167999804332682,0,
2.01915403032721,,,,,,-1.17428051248012e-07
2.02,-6.00395378634204e-08,-1.10140670982315e-07,0.00167986944326489,-0.00167998952234062,0,
2.01995211492418,,,,,,-1.105531642049e-07
2.0208,-5.17479387689047e-08,-1.03249284210301e-07,0.00167987773489206,-0.0016799812307696,0,
2.02075019952115,,,,,,-1.03678277161789e-07
2.0216,-4.36819669788125e-08,-9.63578974382827e-08,0.00167988580089067,-0.00167997316482463,0,
2.02154828411812,,,,,,-9.68033901186772e-08
2.0224,-3.58372025928281e-08,-8.94665106662685e-08,0.00167989364568063,-0.00167996532008581,0,
2.02234636871508,,,,,,-8.99285030755656e-08
2.0232,-2.82092911576709e-08,-8.25751238942542e-08,0.00167990127361643,-0.00167995769219875,0,
2.02314445331205,,,,,,-8.30536160324539e-08
2.024,-2.07939419673799e-08,-7.56837371222399e-08,0.00167990868898885,-0.00167995027687278,0,
2.02394253790902,,,,,,-7.61787289893423e-08
2.0248,-1.35869263635743e-08,-6.87923503502256e-08,0.00167991589602657,-0.0016799430698793,0,
2.02474062250599,,,,,,-6.93038419462306e-08
2.0256,-6.58407603571577e-09,-6.19009635782075e-08,0.00167992289889796,-0.00167993606705003,0,
2.02553870710295,,,,,,-6.24289549031228e-08
2.0264,2.18718678610542e-10,-5.50095768061932e-08,0.00167992970171272,-0.00167992926427537,0,
2.02633679169992,,,,,,-5.55540678600112e-08
2.0272,6.82551049345353e-09,-4.8118190034179e-08,0.00167993630852361,-0.00167992265750263,0,
2.02713487629689,,,,,,-4.86791808168996e-08
2.028,1.32402968742148e-08,-4.12268032621647e-08,0.00167994272332814,-0.00167991624273439,0,
2.02793296089385,,,,,,-4.18042937737879e-08
2.0288,1.94670217373869e-08,-3.43354164901504e-08,0.00167994895007025,-0.00167991001602677,0,
2.02873104549082,,,,,,-3.49294067306763e-08
2.0296,2.55095771502907e-08,-2.74440297181323e-08,0.00167995499264205,-0.00167990397348775,0,
2.02952913008779,,,,,,-2.80545196875647e-08
2.0304,3.13718050307966e-08,-2.05878394723386e-08,0.00167996085488549,-0.00167989811127543,0,
2.03032721468476,,,,,,-2.1179632644453e-08
2.0312,3.70574988470786e-08,-1.43876771587343e-08,0.00167996654059409,-0.00167989242559639,0,
2.03112529928172,,,,,,-1.46906724239334e-08
2.032,4.25704053173355e-08,-1.11427791476826e-08,0.00167997205351458,-0.00167988691270395,0,
2.03192338387869,,,,,,-1.14535435222455e-08
2.0328,4.79142261095282e-08,-7.89788113663099e-09,0.00167997739734867,-0.00167988156889646,0,
2.03272146847566,,,,,,-8.21641462055747e-09
2.0336,5.30926195411168e-08,-4.65298312557752e-09,0.00167998257575471,-0.00167987639051563,0,
2.03351955307263,,,,,,-4.97928571886946e-09
2.0344,5.81092022787837e-08,-1.40808511452587e-09,0.0016799875923494,-0.00167987137394484,0,
2.03431763766959,,,,,,-1.74215681718148e-09
2.0352,6.29675510381849e-08,1.83681289652578e-09,0.00167999245070947,-0.00167986651560739,0,
2.03511572226656,,,,,,1.49497208450651e-09
2.036,6.76712042836728e-08,5.08171090757745e-09,0.00167999715437342,-0.00167986181196486,0,
2.03591380686353,,,,,,4.73210098619452e-09
2.0368,7.22236639280333e-08,8.32660891862911e-09,0.00168000170684319,-0.00167985725951534,0,
2.03671189146049,,,,,,7.96922988788251e-09
2.0376,7.66283970322225e-08,1.15715069296826e-08,0.00168000611158604,-0.00167985285479197,0,
2.03750997605746,,,,,,1.12063587895705e-08
2.0384,8.08836322721613e-08,1.48164049407342e-08,0.00168001036683079,-0.00167984859956624,0,
2.03830806065443,,,,,,1.44434876912585e-08
2.0392,8.49879613188256e-08,1.80613029517859e-08,0.00168001447116872,-0.00167984449524609,0,
2.0391061452514,,,,,,1.76806165929465e-08
2.04,8.89521625882234e-08,2.13062009628375e-08,0.00168001843537817,-0.00167984053105299,0,
2.03990422984836,,,,,,2.09177454946345e-08
2.0408,9.27793551720296e-08,2.45510989738892e-08,0.00168002226257847,-0.00167983670386812,0,
2.04070231444533,,,,,,2.41548743963225e-08
2.0416,9.64726212939441e-08,2.77959969849427e-08,0.00168002595585187,-0.00167983301060928,0,
2.0415003990423,,,,,,2.73920032980105e-08
2.0424,1.00035007796992e-07,3.10408949959943e-08,0.00168002951824523,-0.00167982944822963,0,
2.04229848363927,,,,,,3.06291321996985e-08
2.0432,1.03469527630843e-07,3.4285793007046e-08,0.00168003295277152,-0.00167982601371626,0,
2.04309656823623,,,,,,3.38662611013865e-08
2.044,1.06779161339111e-07,3.75306910180977e-08,0.00168003626241131,-0.00167982270408863,0,
2.0438946528332,,,,,,3.71033900030745e-08
2.0448,1.09966858546664e-07,4.07755890291493e-08,0.00168003945011423,-0.00167981951639714,0,
2.04469273743017,,,,,,4.03405189047625e-08
2.0456,1.13035539446931e-07,4.40204870402028e-08,0.0016800425188005,-0.00167981644772161,0,
2.04549082202713,,,,,,4.35776478064504e-08
2.0464,1.15988096289207e-07,4.72653850512544e-08,0.00168004547136238,-0.0016798134951698,0,
2.0462889066241,,,,,,4.68147767081384e-08
2.0472,1.18827394865969e-07,5.05102830623061e-08,0.00168004831066568,-0.00167981065587595,0,
2.04708699122107,,,,,,5.00519056098264e-08
2.048,1.21556276000173e-07,5.37551810733577e-08,0.00168005103955124,-0.00167980792699924,0,
2.04788507581804,,,,,,5.32890345115144e-08
2.0488,1.24177557032569e-07,5.70000790844094e-08,0.00168005366083642,-0.00167980530572235,0,
2.048683160415,,,,,,5.65261634132024e-08
2.0496,1.26694033309008e-07,6.02449770954629e-08,0.00168005617731657,-0.00167980278924995,0,
2.04948124501197,,,,,,5.97632923148904e-08
2.0504,1.29108479667742e-07,6.34898751065145e-08,0.00168005859176654,-0.00167980037480721,0,
2.05027932960894,,,,,,6.30004212165784e-08
2.0512,1.31423651926742e-07,6.67347731175662e-08,0.00168006090694218,-0.00167979805963832,0,
2.05107741420591,,,,,,6.62375501182664e-08
2.052,1.33642288371e-07,6.99796711286178e-08,0.00168006312558176,-0.00167979584100502,0,
2.05187549880287,,,,,,6.94746790199544e-08
2.0528,1.35767111239836e-07,7.32245691396695e-08,0.00168006525040756,-0.00167979371618508,0,
2.05267358339984,,,,,,7.27118079216424e-08
2.0536,1.37800828214211e-07,7.6469467150723e-08,0.00168006728412725,-0.00167979168247082,0,
2.05347166799681,,,,,,7.59489368233304e-08
2.0544,1.39746133904023e-07,7.97143651617746e-08,0.00168006922943546,-0.00167978973716765,0,
2.05426975259377,,,,,,7.91860657250184e-08
2.0552,1.41605711335429e-07,8.29592631728263e-08,0.00168007108901522,-0.00167978787759255,0,
2.05506783719074,,,,,,8.24231946267064e-08
2.056,1.43382233438143e-07,8.59273145639163e-08,0.00168007286553949,-0.00167978610107261,0,
2.05586592178771,,,,,,8.56603235283944e-08
2.0568,1.45078364532747e-07,8.73335900167216e-08,0.00168007456167292,-0.00167978440494386,0,
2.05666400638468,,,,,,8.72495558826915e-08
2.0576,1.4666926866209e-07,8.78279316596314e-08,0.00168007615257932,-0.001679782814042,0,
2.05746209098164,,,,,,8.77427139462486e-08
2.0584,1.4817396668804e-07,8.8322273302541e-08,0.00168007765727919,-0.00167978130934582,0,
2.05826017557861,,,,,,8.82358720098057e-08
2.0592,1.49599831827845e-07,8.88166149454505e-08,0.00168007908314598,-0.00167977988348233,0,
2.05905826017558,,,,,,8.87290300733627e-08
2.06,1.50948965167763e-07,8.93109565883601e-08,0.00168008043228084,-0.00167977853435051,0,
2.05985634477255,,,,,,8.92221881369198e-08
2.0608,1.52223441565076e-07,8.98052982312696e-08,0.00168008170675864,-0.00167977725987551,0,
2.06065442936951,,,,,,8.97153462004769e-08
2.0616,1.53425310633687e-07,9.02996398741792e-08,0.00168008290862899,-0.00167977605800772,0,
2.06145251396648,,,,,,9.0208504264034e-08
2.0624,1.54556597729711e-07,9.0793981517089e-08,0.00168008403991725,-0.00167977492672179,0,
2.06225059856345,,,,,,9.07016623275911e-08
2.0632,1.55619304937069e-07,9.12883231599986e-08,0.00168008510262553,-0.00167977386401566,0,
2.06304868316042,,,,,,9.11948203911482e-08
2.064,1.56615412053087e-07,9.17826648029082e-08,0.00168008609873362,-0.00167977286790951,0,
2.06384676775738,,,,,,9.16879784547052e-08
2.0648,1.57546877574082e-07,9.22770064458177e-08,0.00168008703020002,-0.00167977193644487,0,
2.06464485235435,,,,,,9.21811365182623e-08
2.0656,1.58415639680961e-07,9.27713480887273e-08,0.00168008789896293,-0.00167977106768357,0,
2.06544293695132,,,,,,9.26742945818194e-08
2.0664,1.59223617224816e-07,9.32656897316371e-08,0.00168008870694119,-0.00167977025970674,0,
2.06624102154828,,,,,,9.31674526453765e-08
2.0672,1.59972710712511e-07,9.37600313745467e-08,0.00168008945603532,-0.0016797695106139,0,
2.06703910614525,,,,,,9.36606107089336e-08
2.068,1.60664803292284e-07,9.42543730174562e-08,0.00168009014812848,-0.0016797688185219,0,
2.06783719074222,,,,,,9.41537687724906e-08
2.0688,1.61301761739336e-07,9.47487146603658e-08,0.00168009078508744,-0.00167976818156396,0,
2.06863527533919,,,,,,9.46469268360477e-08
2.0696,1.61885437441427e-07,9.52430563032754e-08,0.0016800913687636,-0.00167976759788872,0,
2.06943335993615,,,,,,9.51400848996048e-08
2.0704,1.62417667384469e-07,9.57373979461852e-08,0.00168009190099389,-0.00167976706565913,0,
2.07023144453312,,,,,,9.56332429631619e-08
2.0707963267949,1.62662844495357e-07,9.5982299215484e-08,0.012599633787808,-0.012599308462119,,
2.0707963267949,1.62662844495357e-07,9.5982299215484e-08,0.012599633787808,-0.0125993751426643,,
2.0712,8.00154941945143e-06,1.24929943863011e-05,0.00172090399947076,-0.0016737227333127,0,
2.07079632715198,,,,,,9.5982299215484e-08
2.07079632715198,,,,,,9.5982299215484e-08
2.07102952913009,,,,,,2.75570477936476e-06
2.072,6.57104510663394e-05,6.87789414685883e-05,0.0018577218157939,-0.00163881910344087,0,
2.07182761372706,,,,,,4.83422666096007e-05
2.0728,0.000170994515933657,0.000172365173111036,0.209118602851114,-0.00158111020179397,0,
2.07262569832402,,,,,,0.000142956502067949
2.0736,0.000314210745880721,0.000314422284640856,0.210233624188245,-0.00148419903247076,0,
2.07342378292099,,,,,,0.000277611589261745
2.0744,0.000487085912170178,0.000486982236181917,0.210463172274004,-0.00136875354152595,0,
2.07422186751796,,,,,,0.000444326695145705
2.0752,0.000682475641430981,0.000682499387967396,0.210692720359763,-0.00122553731157888,0,
2.07501995211492,,,,,,0.000635435749967307
2.076,0.000894298982240047,0.000894271680996588,0.210924553110463,-0.00105642515774301,0,
2.07581803671189,,,,,,0.000844051166633933
2.0768,0.209117247495626,0.00111670451662245,0.211156428417503,-0.000869792973914467,0,
2.07661612130886,,,,,,0.00106431658050488
2.0776,0.209346795581385,0.00134544051712331,0.211388224828024,-0.000646647173975562,0,
2.07741420590583,,,,,,0.00129169477545936
2.0784,0.209579089474077,0.00157698014276961,0.211620021238544,-0.000423501374036533,0,
2.07821229050279,,,,,,0.00152256136336281
2.0792,0.209810885884598,0.00180834865417531,0.211851817649065,-0.000200355574097628,0,
2.07901037509976,,,,,,0.00175393372478573
2.08,0.00203947420448445,0.00203672620260574,0.212083614059586,2.27902258412771e-05,0,
2.07980845969673,,,,,,0.00198295278787275
2.0808,0.00226262000442336,0.00225971827640404,0.212315410470106,0.000245936025780182,0,
2.08060654429369,,,,,,0.00220700868259323
2.0816,0.00247849236075539,0.00247566256131979,0.212547206880627,0.000469081825719087,0,
2.08140462889066,,,,,,0.0024244575019446
2.0824,0.00268560635154754,0.00268290731972182,0.212779003291147,0.000692227625658116,0,
2.08220271348763,,,,,,0.00263362849612422
2.0832,0.00288282387300016,0.00288011347554255,0.209812244185673,0.000913443412405679,0,
2.0830007980846,,,,,,0.00283297648802347
2.084,0.00306923369586908,0.00306659758742964,0.00494706617378242,0.00112636829630663,0,
2.08379888268156,,,,,,0.00302182659827589
2.0848,0.00324421004220771,0.00324165227783587,0.00509799236505931,0.00132930310579201,0,
2.08459696727853,,,,,,0.00319948925364774
2.0856,0.0034072804406115,0.00340473091585137,0.00523689983807348,0.00152088738820592,0,
2.0853950518755,,,,,,0.00336522441161986
2.0864,0.00355820663188842,0.00355579519420783,0.00536532329861981,0.0017000716300522,0,
2.08619313647247,,,,,,0.0035190659390011
2.0872,0.00369684986877516,0.00369465375991922,0.00548339067192804,0.00186608036338309,0,
2.08699122106943,,,,,,0.00366076831248358
2.088,0.00382324384711219,0.00382130352874796,0.00559127647287919,0.00201815666258998,0,
2.0877893056664,,,,,,0.00379029983937805
2.0888,0.00393749128683081,0.00393582704083439,0.0056891709476689,0.00215477041726753,0,
2.08858739026337,,,,,,0.0039077380566882
2.0896,0.00403981614715826,0.00403837314477056,0.00577727917594541,0.00227734446201496,0,
2.08938547486034,,,,,,0.00401317718636605
2.0904,0.00413048331336858,0.0041292408168459,0.00585583295467595,0.00238603096110993,0,
2.0901835594573,,,,,,0.00410691215066854
2.0912,0.00420984477336108,0.00420874651192434,0.0059242617372932,0.00248112851285792,0,
2.09098164405427,,,,,,0.00418924499055545
2.092,0.00427827355597833,0.00427725713112976,0.00598298705817337,0.00256304891078423,0,
2.09177972865124,,,,,,0.00426052248093871
2.0928,0.00433619938980395,0.00433519050857073,0.00603309124037449,0.0026314858876089,0,
2.0925778132482,,,,,,0.00432115527148596
2.0936,0.00438406540429291,0.00438298948887479,0.00607486194776255,0.00268717355372237,0,
2.09337589784517,,,,,,0.0043715691977962
2.0944,0.00442234327385361,0.00442114095916699,0.00610859221711661,0.00273154673038397,0,
2.09417398244214,,,,,,0.00441223975007038
2.0952,0.00445151341591655,0.00445016677241915,0.0061345826066799,0.00276526447265355,0,
2.09497206703911,,,,,,0.00444367057315158
2.096,0.00447206465134467,0.00447063170481463,0.00615314213455161,0.00278899546058132,0,
2.09577015163607,,,,,,0.00446641636890637
2.0968,0.00448448791273469,0.00448303995229931,0.00616458757531553,0.00280341042952775,0,
2.09656823623304,,,,,,0.00448105295192118
2.0976,0.00448927041102733,0.0044877965027454,0.00616924187550595,0.0028091707484465,0,
2.09736632083001,,,,,,0.00448789523972465
2.0984,0.00448689510046939,0.00448549677462962,0.00616686656494801,0.00280635472963827,0,
2.09816440542698,,,,,,0.00448755802326546
2.0992,0.00447783338090425,0.00447660347204874,0.00615837375173537,0.00279616644542591,0,
2.09896249002394,,,,,,0.00448057547368607
2.1,0.00446254860033684,0.0044614694790194,0.00614421553581518,0.00277932170283076,0,
2.09976057462091,,,,,,0.00446722869399073
2.1008,0.00444148705288024,0.00444058827398023,0.00612471395038632,0.00275637870656754,0,
2.10055865921788,,,,,,0.00444803131075297
2.1016,0.00441508472733382,0.00441333249199906,0.00610019307364652,0.00272586858540912,0,
2.10135674381484,,,,,,0.00442341809391189
2.10186614411177,0.00440518899676495,0.00440229793778581,0.0170046601217285,-0.00819717318717771,,
2.10186614411177,0.00440518899676495,0.00440229793778581,0.0170046601217285,-0.00819717318717771,,
2.1024,0.00437650742533733,0.00437190674448011,0.00607012651077407,0.00265062047460473,0,
2.10215482841181,,,,,,0.00439032884879103
2.1032,0.00430458730548669,0.00430145804810864,0.00602257323672698,0.00253115754241122,0,
2.10295291300878,,,,,,0.00433036106132064
2.104,0.00420186694013171,0.00419898675271549,0.00595065311687632,0.00237841866041224,0,
2.10375099760575,,,,,,0.00423700507549384
2.1048,0.00407259888154903,0.00406962740432958,0.00585583377101366,0.00220373515654693,0,
2.10454908220271,,,,,,0.0041151514768453
2.1056,0.0039210976226998,0.00391842316240469,0.00574330827926953,0.00201398073068682,0,
2.10534716679968,,,,,,0.00397035480853827
2.1064,0.00375128719414791,0.00374908366628525,0.00561241454662892,0.00181350072925325,0,
2.10614525139665,,,,,,0.00380642915786401
2.1072,0.00356678565845412,0.00356500253692807,0.0054609132877797,0.00160589314471621,0,
2.10694333599362,,,,,,0.00362677536219136
2.108,0.00337093278799557,0.00336943789779643,0.00529396615643545,0.00139419403279065,0,
2.10774142059058,,,,,,0.0034346956816464
2.1088,0.00316677899412211,0.0031654387918641,0.00511433769605526,0.00118096121289137,0,
2.10853950518755,,,,,,0.00323328276852922
2.1096,0.00295707247054852,0.0029558443946815,0.209906268953848,0.000968338627459764,0,
2.10933758978452,,,,,,0.00302542744786396
2.1104,0.00274435165758528,0.00274321241384299,0.212651194103125,0.000758122241667946,0,
2.11013567438148,,,,,,0.0028138001571629
2.1112,0.00253087568936705,0.00252978164202397,0.212452530048283,0.000548951365400061,0,
2.11093375897845,,,,,,0.00260067291283964
2.112,0.0023186626119286,0.00231762550979003,0.212253865993441,0.000339780489132176,0,
2.11173184357542,,,,,,0.00238816910344022
2.1128,0.00210949173566071,0.00210856190160643,0.2120552019386,0.000130609612864292,0,
2.11252992817239,,,,,,0.00217821793186227
2.1136,0.209904910809723,0.00190413154108454,0.211856537883758,-7.85612634035928e-05,0,
2.11332801276935,,,,,,0.00197237859895487
2.1144,0.209706246754881,0.00170572008983043,0.211657873828916,-0.000238030543521837,0,
2.11412609736632,,,,,,0.00177212314745728
2.1152,0.209514629676353,0.00151443559146641,0.211459209774075,-0.000393838062028486,0,
2.11492418196329,,,,,,0.00157864104481504
2.116,0.20933098960068,0.00133114497639556,0.211260545719233,-0.000549645580535135,0,
2.11572226656026,,,,,,0.00139286137656094
2.1168,0.209156087232131,0.00115655953091162,0.211065326926702,-0.000704980726640067,0,
2.11652035115722,,,,,,0.00121551539907419
2.1176,0.000990512219366599,0.000991324010701538,0.210878195020913,-0.000850719031162272,0,
2.11731843575419,,,,,,0.00104726235066494
2.1184,0.000834704700859853,0.000835895054438947,0.210700202776369,-0.000986926914050505,0,
2.11811652035116,,,,,,0.000888706965281015
2.1192,0.000688966396337658,0.000690481924856979,0.21052530040782,-0.00111408630322776,0,
2.11891460494812,,,,,,0.000740024783856337
2.12,0.000553473881675472,0.000555318981012174,0.210350398039271,-0.00123225686224811,0,
2.11971268954509,,,,,,0.00060148211327649
2.1208,0.000428292575693088,0.000430458622566048,0.209157442961164,-0.00134153878045589,0,
2.12051077414206,,,,,,0.000473251190320027
2.1216,0.0003133892087301,0.000315795010515429,0.00209585276059629,-0.00144207207704787,0,
2.12130885873903,,,,,,0.000355170153471233
2.1224,0.000208645323891549,0.000211279563159807,0.00197393864667124,-0.00153402782879518,0,
2.12210694333599,,,,,,0.000247233906333515
2.1232,0.000113851787623735,0.000116691572234337,0.00186357331307754,-0.00161759919993143,0,
2.12290502793296,,,,,,0.000149319028409502
2.124,2.87454115381303e-05,3.17133867860565e-05,0.0017645691885632,-0.00169300204828618,0,
2.12370311252993,,,,,,6.10412790178196e-05
2.1248,-4.69906498762508e-05,-4.39085267804268e-05,0.00167662502795706,-0.00175975800611796,0,
2.1245011971269,,,,,,-1.77971409600656e-05
2.1256,-0.000113746607708021,-0.000110581194082366,0.00159935396159329,-0.00181867250977399,0,
2.12529928172386,,,,,,-8.75390902665933e-05
2.1264,-0.000171921950450219,-0.000168759590324977,0.00153300395161576,-0.00187037978338065,0,
2.12609736632083,,,,,,-0.000148691170457042
2.1272,-0.000221960312248528,-0.000218842920564439,0.0014764975206819,-0.00191520126456659,0,
2.1268954509178,,,,,,-0.00020161421863189
2.128,-0.000264340427232199,-0.000261307621250458,0.00142890052508587,-0.00195346087393115,0,
2.12769353551476,,,,,,-0.000246762808601821
2.1288,-0.000299534071260759,-0.000296648033588788,0.00138958637543819,-0.00198550074598523,0,
2.12849162011173,,,,,,-0.000284639924874276
2.1296,-0.000328044111124104,-0.000325341147439964,0.00135792256360037,-0.00201167802612727,0,
2.1292897047087,,,,,,-0.000315716810781376
2.1304,-0.000350369066481392,-0.000347862111282117,0.00133326484852177,-0.00203235465334118,0,
2.13008778930567,,,,,,-0.00034047076309255
2.1312,-0.000366997290015863,-0.000364704508972358,0.00131498829684393,-0.00204790041483919,0,
2.13088587390263,,,,,,-0.000359364802431906
2.132,-0.000378437999931896,-0.000376372853002889,0.00130246512489143,-0.00205870400395023,0,
2.1316839584996,,,,,,-0.000372931130024502
2.1328,-0.000385163400450798,-0.000383321934331631,0.00129510260356754,-0.00206513863109605,0,
2.13248204309657,,,,,,-0.000381622349666886
2.1336,-0.00038764296997238,-0.000386019531557334,0.00129233226067287,-0.00206758497900304,0,
2.13328012769354,,,,,,-0.000385888375431806
2.1344,-0.000386345514775326,-0.000384929626380669,0.00129374470415566,-0.00206628752380599,0,
2.1340782122905,,,,,,-0.000386215611273941
2.1352,-0.000381697612920493,-0.000380475095645793,0.00129865850550239,-0.00206178783185148,0,
2.13487629688747,,,,,,-0.000383026164614044
2.136,-0.000374124989161316,-0.000373077947982494,0.00130656270096327,-0.00205448110758419,0,
2.13567438148444,,,,,,-0.000376736546842229
2.1368,-0.000364029360839987,-0.000363144349469363,0.00131701649651835,-0.00204471705096457,0,
2.1364724660814,,,,,,-0.000367769392774258
2.1376,-0.00035177847420207,-0.000351045885794894,0.00132961718021379,-0.00203282433156041,0,
2.13727055067837,,,,,,-0.000356499794078125
2.1384,-0.000337738135556148,-0.00033713987918897,0.00134397959502794,-0.00201913378997201,0,
2.13806863527534,,,,,,-0.000343287806957897
2.1392,-0.00032223141906989,-0.000321760097282603,0.00135976420878118,-0.00200394914965398,0,
2.13886671987231,,,,,,-0.000328480659152215
2.14,-0.000305562618088616,-0.000305209076932589,0.00137665499617367,-0.00198755824593968,0,
2.13966480446927,,,,,,-0.000312387359656032
2.1408,-0.000288020630997039,-0.000287772529350785,0.00139436189337675,-0.00197023824525932,0,
2.14046288906624,,,,,,-0.000295296210314513
2.1416,-0.000269857052756981,-0.000269711158274624,0.00141263062212764,-0.00195223957713077,0,
2.14126097366321,,,,,,-0.000277484465608724
2.1424,-0.000251307974955214,-0.000251253053788493,0.00143122735266431,-0.00193379564983983,0,
2.14205905826018,,,,,,-0.000259185719530337
2.1432,-0.000232586800065274,-0.00023261272538697,0.00144994536157442,-0.0019151221276848,0,
2.14285714285714,,,,,,-0.000240616745415554
2.144,-0.00021387701011918,-0.000213981115465846,0.00146860409829563,-0.00189640917175887,0,
2.14365522745411,,,,,,-0.000221985413877896
2.1448,-0.000195351771965283,-0.00019551931442907,0.00148703976144123,-0.0018778328803801,0,
2.14445331205108,,,,,,-0.000203456945331493
2.1456,-0.00017715484615716,-0.000177376808166526,0.00150511536246025,-0.00185954637956367,0,
2.14525139664804,,,,,,-0.000185184314340652
2.1464,-0.000159412258019674,-0.000159682595351761,0.00152271052095516,-0.00184168246663708,0,
2.14604948124501,,,,,,-0.000167309987018935
2.1472,-0.000142237888057716,-0.000142542051703149,0.00153972007706981,-0.00182436066703255,0,
2.14684756584198,,,,,,-0.000149943430399705
2.148,-0.00012572180196001,-0.000126048549531239,0.00155606003979123,-0.00180767976708754,0,
2.14764565043895,,,,,,-0.000133183061974546
2.1488,-0.000109939413943097,-0.000110278787166121,0.00157166098017011,-0.00179172125569433,0,
2.14844373503591,,,,,,-0.000117114340255394
2.1496,-9.49503292139547e-05,-9.5292442480697e-05,0.00158646858377928,-0.00177655072332716,0,
2.14924181963288,,,,,,-0.000101801721327814
2.1504,-8.07990154727008e-05,-8.11369800825056e-05,0.00160044270299695,-0.00176221792846593,0,
2.15003990422985,,,,,,-8.72979805811166e-05
2.1512,-6.75164751034555e-05,-6.78470148060188e-05,0.00161355596599641,-0.0017487581935731,0,
2.15083798882682,,,,,,-7.36432808944905e-05
2.152,-5.51205350113033e-05,-5.54448354796862e-05,0.00162579235096663,-0.00173619297611117,0,
2.15163607342378,,,,,,-6.08649165019237e-05
2.1528,-4.36226025181792e-05,-4.3941741778445e-05,0.00163714130530014,-0.00172453548849611,0,
2.15243415802075,,,,,,-4.89787739093013e-05
2.1536,-3.30315782646702e-05,-3.33395073324809e-05,0.00164759720211688,-0.00171379548608299,0,
2.15323224261772,,,,,,-3.7990483920523e-05
2.1544,-2.33361597785958e-05,-2.3631437540085e-05,0.00165717117830588,-0.00170396494016014,0,
2.15403032721468,,,,,,-2.78972187554992e-05
2.1552,-1.45228870618201e-05,-1.48030499553304e-05,0.00166587704543524,-0.00169503022514629,0,
2.15482841181165,,,,,,-1.86878465287916e-05
2.156,-6.57087051285447e-06,-6.83325262150063e-06,0.00167373552468332,-0.00168697080300992,0,
2.15562649640862,,,,,,-1.03442112765165e-05
2.1568,5.46749260330801e-07,3.04005979803874e-07,0.00168077255209731,-0.00167975964593584,0,
2.15642458100559,,,,,,-2.84216286836462e-06
2.1576,6.85762737007223e-06,6.63902431237894e-06,0.00168701509489668,-0.0016733681754669,0,
2.15722266560255,,,,,,3.84612124764001e-06
2.1584,1.23931372080254e-05,1.22060371721245e-05,0.00169249405199369,-0.00166776433031858,0,
2.15802075019952,,,,,,9.7532766299152e-06
2.1592,1.71931993216237e-05,1.70415157533986e-05,0.00169724822929879,-0.00166290771546404,0,
2.15881883479649,,,,,,1.49148097574568e-05
2.16,2.13009227559319e-05,2.11830378993906e-05,0.00170131904507251,-0.00165875410722124,0,
2.15961691939346,,,,,,1.93677117590082e-05
2.1608,2.47524288378933e-05,2.46683506998924e-05,0.00170474170260727,-0.00165526569347868,0,
2.16041500399042,,,,,,2.31496412181376e-05
2.1616,2.75871494513204e-05,2.75512036629281e-05,0.00170755483928675,-0.00165240212431806,0,
2.16121308858739,,,,,,2.62978781206148e-05
2.1624,2.98531585839652e-05,2.98824179831613e-05,0.00170980527563535,-0.00165011453125146,0,
2.16201117318436,,,,,,2.88831205758823e-05
2.1632,3.15972529525218e-05,3.16960700434195e-05,0.00171153856654255,-0.00164835486409886,0,
2.16280925778132,,,,,,3.09342236285885e-05
2.164,3.28581756358441e-05,3.30311372114283e-05,0.00171279264233078,-0.00164708313795418,0,
2.16360734237829,,,,,,3.24902824824095e-05
2.1648,3.36765504478819e-05,3.3924556656625e-05,0.00171360736429029,-0.00164625791624705,0,
2.16440542697526,,,,,,3.35895807121224e-05
2.1656,3.40994140643498e-05,3.44117376925271e-05,0.00171402893350534,-0.00164583139977806,0,
2.16520351157223,,,,,,3.42671210529449e-05
2.1664,3.41690798313945e-05,3.45551413378701e-05,0.00171409859927238,-0.00164576085845119,0,
2.16600159616919,,,,,,3.45582173484003e-05
2.1672,3.39218081705424e-05,3.44015455501593e-05,0.00171385174645312,-0.00164600975163457,0,
2.16679968076616,,,,,,3.45520554683317e-05
2.168,3.33935403224859e-05,3.3968127030243e-05,0.0017133251001276,-0.0016465403313636,0,
2.16759776536313,,,,,,3.42519958228524e-05
2.1688,3.26255746479689e-05,3.32835659237431e-05,0.00171255944633405,-0.00164731096146608,0,
2.1683958499601,,,,,,3.36887640914844e-05
2.1696,3.16519953831824e-05,3.23717035829557e-05,0.00171158853149723,-0.00164828732402747,0,
2.16919393455706,,,,,,3.28886097318054e-05
2.1704,3.0502248530178e-05,3.12605047070464e-05,0.00171044156794083,-0.0016494397716697,0,
2.16999201915403,,,,,,3.18726778354808e-05
2.1712,2.92042149868775e-05,3.00118070907727e-05,0.00170914623518676,-0.00165074010759536,0,
2.170790103751,,,,,,3.0675156066242e-05
2.172,2.77920107520899e-05,2.86593577769878e-05,0.00170773633333432,-0.00165215425895734,0,
2.17158818834797,,,,,,2.93835887464031e-05
2.1728,2.62900100283127e-05,2.72045555776276e-05,0.00170623627973774,-0.00165365782387425,0,
2.17238627294493,,,,,,2.79800403560633e-05
2.1736,2.47195874399948e-05,2.56650887284611e-05,0.00170466742134256,-0.00165522940635925,0,
2.1731843575419,,,,,,2.64841206445743e-05
2.1744,2.31002936331187e-05,2.40544789827284e-05,0.00170304928743236,-0.00165684925804524,0,
2.17398244213887,,,,,,2.49114787165527e-05
2.1752,2.14580119512554e-05,2.23952975152429e-05,0.00170140756362962,-0.00165849172929477,0,
2.17478052673583,,,,,,2.3273482283401e-05
2.176,1.98079918746577e-05,2.07301962351403e-05,0.00169975773312068,-0.00166014158804927,0,
2.1755786113328,,,,,,2.16026589041057e-05
2.1768,1.81645548626072e-05,1.90762023471743e-05,0.00169811413478653,-0.00166178455994898,0,
2.17637669592977,,,,,,1.99502674856121e-05
2.1776,1.65402470103262e-05,1.74328947069658e-05,0.00169648936182191,-0.00166340800992649,0,
2.17717478052674,,,,,,1.83023317042447e-05
2.1784,1.49518260486676e-05,1.58107145494822e-05,0.00169490008298548,-0.00166499540088678,0,
2.1779728651237,,,,,,1.66705055081513e-05
2.1792,1.34075937882589e-05,1.42176168508746e-05,0.00169335482072371,-0.00166653844319948,0,
2.17877094972067,,,,,,1.50640201593679e-05
2.18,1.1916041113346e-05,1.26676623908145e-05,0.00169186207810109,-0.0016680286982003,0,
2.17956903431764,,,,,,1.34896092432734e-05
2.1808,1.04841445898577e-05,1.11790204883623e-05,0.00169042888390351,-0.00166945917041939,0,
2.1803671189146,,,,,,1.19674854424249e-05
2.1816,9.12072700141708e-06,9.75748538472278e-06,0.00168906404201067,-0.0016708211605314,0,
2.18116520351157,,,,,,1.05138258663516e-05
2.1824,7.82957974292638e-06,8.40437811559522e-06,0.00168777146727575,-0.00167211088839992,0,
2.18196328810854,,,,,,9.12553570183514e-06
2.1832,6.61454809339645e-06,7.12399325054079e-06,0.00168655501623624,-0.00167332454051427,0,
2.18276137270551,,,,,,7.8076307562214e-06
2.184,5.47837071795164e-06,5.91925066871958e-06,0.00168541745932562,-0.00167445940390058,0,
2.18355945730247,,,,,,6.56374883176727e-06
2.1848,4.42276408640243e-06,4.79435695541617e-06,0.00168436053870494,-0.00167551378185314,0,
2.18435754189944,,,,,,5.39617969581212e-06
2.1856,3.44850689182478e-06,3.75262140680092e-06,0.00168338505283137,-0.00167648690984194,0,
2.18515562649641,,,,,,4.31064084228458e-06
2.1864,2.55552446913617e-06,2.79388759266994e-06,0.0016824909412029,-0.00167737887831226,0,
2.18595371109338,,,,,,3.30845076418918e-06
2.1872,1.74241458166149e-06,1.9171275086932e-06,0.00168167681736306,-0.00167819112090229,0,
2.18675179569034,,,,,,2.38827341884007e-06
2.188,1.00445286589234e-06,1.12107675297337e-06,0.00168093798834984,-0.00167892831038454,0,
2.18754988028731,,,,,,1.54933839365046e-06
2.1888,3.40522569151335e-07,4.0362662523973e-07,0.00168027328581958,-0.00167959158116339,0,
2.18834796488428,,,,,,7.90009243514237e-07
2.1896,-2.52914706120641e-07,-2.36260335843555e-07,0.00167967918902642,-0.00168018446511609,0,
2.18914604948124,,,,,,1.07836541758667e-07
2.1904,-7.79986108175867e-07,-8.00835607360101e-07,0.00167915156430179,-0.00168071108073599,0,
2.18994413407821,,,,,,-4.97115774700825e-07
2.1912,-1.24533505874793e-06,-1.29415081426888e-06,0.00167868575956907,-0.00168117606134743,0,
2.19074221867518,,,,,,-1.02883817081302e-06
2.192,-1.6540487758386e-06,-1.72028337427082e-06,0.00167827667751284,-0.00168158447300378,0,
2.19154030327215,,,,,,-1.49137764685148e-06
2.1928,-2.00964913725037e-06,-2.08352383033271e-06,0.00167792077509069,-0.00168193978230395,0,
2.19233838786911,,,,,,-1.88878342362096e-06
2.1936,-2.30517343273534e-06,-2.38849502781854e-06,0.00167762495973397,-0.00168223510796619,0,
2.19313647246608,,,,,,-2.2254715403424e-06
2.1944,-2.55142414380589e-06,-2.63753543612141e-06,0.00167737851038965,-0.00168248120577056,0,
2.19393455706305,,,,,,-2.50615936313187e-06
2.1952,-2.75164804296972e-06,-2.83460652432357e-06,0.00167717813358378,-0.00168268131494763,0,
2.19473264166002,,,,,,-2.73142697799735e-06
2.196,-2.90872001962683e-06,-2.98483240092606e-06,0.00167702094688503,-0.00168283830402463,0,
2.19553072625698,,,,,,-2.90762155847233e-06
2.1968,-3.02504008604622e-06,-3.09233761334447e-06,0.00167690454391895,-0.00168295456797932,0,
2.19632881085395,,,,,,-3.03893251502623e-06
2.1976,-3.10243038334154e-06,-3.16104717399705e-06,0.0016768270297761,-0.00168303189054278,0,
2.19712689545092,,,,,,-3.12938830486062e-06
2.1984,-3.14266523463732e-06,-3.19479128046775e-06,0.0016767868148227,-0.00168307214529198,0,
2.19792498004789,,,,,,-3.18279395455096e-06
2.1992,-3.15359161669133e-06,-3.19841203435933e-06,0.00167677589306341,-0.00168308307629679,0,
2.19872306464485,,,,,,-3.20295075212621e-06
2.2,-3.13696660712577e-06,-3.17535886542739e-06,0.0016767925116938,-0.00168306644490805,0,
2.19952114924182,,,,,,-3.19535584287775e-06
2.2008,-3.09632462910842e-06,-3.12813081681027e-06,0.00167683314023247,-0.00168302578949069,0,
2.20031923383879,,,,,,-3.16202754712716e-06
2.2016,-3.03525857121705e-06,-3.05923602746272e-06,0.00167689426984007,-0.00168296476964686,0,
2.20111731843575,,,,,,-3.10575807448957e-06
2.2024,-2.95741978743942e-06,-2.97063200208761e-06,0.00167697212502514,-0.00168288694819873,0,
2.20191540303272,,,,,,-3.02883670043723e-06
2.2032,-2.86651809717329e-06,-2.86519877767804e-06,0.00167706305574707,-0.00168279606290975,0,
2.20271348762969,,,,,,-2.93297916033573e-06
2.204,-2.75622390087224e-06,-2.74932270575708e-06,0.00167717337426305,-0.00168268579774512,0,
2.20351157222666,,,,,,-2.82179086857449e-06
2.2048,-2.63199331775477e-06,-2.62477131067861e-06,0.001677297623913,-0.00168256159148168,0,
2.20430965682362,,,,,,-2.70337883782713e-06
2.2056,-2.49784522027181e-06,-2.49152770233452e-06,0.00167743178777373,-0.00168242746245102,0,
2.20510774142059,,,,,,-2.57543689910885e-06
2.2064,-2.35602066840852e-06,-2.35074567935788e-06,0.00167757362419184,-0.00168228565366241,0,
2.20590582601756,,,,,,-2.43939734532426e-06
2.2072,-2.20868105917292e-06,-2.20308469321321e-06,0.00167772097141684,-0.00168213832591942,0,
2.20670391061453,,,,,,-2.29622605015887e-06
2.208,-2.05790812659629e-06,-2.05119426167775e-06,0.00167787174950954,-0.00168198756060261,0,
2.20750199521149,,,,,,-2.14638474233129e-06
2.2088,-1.90485268628619e-06,-1.89986863644285e-06,0.00167802480750874,-0.00168183451032242,0,
2.20830007980846,,,,,,-1.99383589513014e-06
2.2096,-1.7506778885812e-06,-1.7495844199152e-06,0.00167817897973954,-0.0016816803380836,0,
2.20909816440543,,,,,,-1.84382430718747e-06
2.2104,-1.59762596418684e-06,-1.59998518869358e-06,0.00167833202574382,-0.00168152728359231,0,
2.20989624900239,,,,,,-1.69395171292493e-06
2.2112,-1.44719571225443e-06,-1.45179812834266e-06,0.00167848244712073,-0.00168137684742026,0,
2.21069433359936,,,,,,-1.54508206110081e-06
2.212,-1.30078359318374e-06,-1.30551959712475e-06,0.00167862884787522,-0.00168123042642617,0,
2.21149241819633,,,,,,-1.39785363187398e-06
2.2128,-1.15968372862242e-06,-1.1637164141214e-06,0.00167876993522385,-0.00168108931519702,0,
2.2122905027933,,,,,,-1.25267433195383e-06
2.2136,-1.02467594677776e-06,-1.02901024855204e-06,0.00167890493342665,-0.00168095429489925,0,
2.21308858739026,,,,,,-1.11332922256719e-06
2.2144,-8.9452322033518e-07,-9.01488678171904e-07,0.00167903507315738,-0.00168082413259376,0,
2.21388667198723,,,,,,-9.81745305564739e-07
2.2152,-7.71262597207408e-07,-7.81256140770544e-07,0.00167915832063316,-0.00168070085897492,0,
2.2146847565842,,,,,,-8.5696821073752e-07
2.216,-6.55390894629614e-07,-6.68943612175004e-07,0.00167927417942111,-0.00168058497412499,0,
2.21548284118117,,,,,,-7.39694248583005e-07
2.2168,-5.47267825226336e-07,-5.65072464125765e-07,0.00167938229013724,-0.00168047683814096,0,
2.21628092577813,,,,,,-6.30511167706471e-07
2.2176,-4.47115997011753e-07,-4.70054464277017e-07,0.00167948243044054,-0.00168037667395948,0,
2.2170790103751,,,,,,-5.29898154820998e-07
2.2184,-3.55020913389617e-07,-3.84191776196588e-07,0.001679574514854,-0.00168028456735094,0,
2.21787709497207,,,,,,-4.38225834747473e-07
2.2192,-2.71071551163049e-07,-3.07676959365904e-07,0.00167965845478104,-0.00168020060731855,0,
2.21867517956903,,,,,,-3.55756270414583e-07
2.22,-1.95048794526314e-07,-2.40592969180158e-07,0.00167973446936381,-0.00168012457512673,0,
2.219473264166,,,,,,-2.82642962858821e-07
2.2208,-1.2663141799039e-07,-1.82913156948048e-07,0.00167980282072904,-0.00168005608356502,0,
2.22027134876297,,,,,,-2.18930851224485e-07
2.2216,-6.53807472740522e-08,-1.34501269891959e-07,0.00167986407767077,-0.00167999483916532,0,
2.22106943335994,,,,,,-1.64556312763673e-07
2.2224,-1.07230510985462e-08,-8.30425823541611e-08,0.00167991874044136,-0.00167994018654356,0,
2.2218675179569,,,,,,-1.1934716283629e-07
2.2232,3.80504588124417e-08,-3.08492376999067e-08,0.00167996751862015,-0.00167989141770252,0,
2.22266560255387,,,,,,-6.49338227851102e-08
2.224,7.98431739054249e-08,1.66521115713372e-08,0.00168000931579888,-0.00167984962945107,0,
2.22346368715084,,,,,,-1.40309179386371e-08
2.2248,1.14262807373075e-07,5.89487342366868e-08,0.00168004373873599,-0.00167981521312125,0,
2.22426177174781,,,,,,3.16283521654925e-08
2.2256,1.43156139233233e-07,9.61363286084313e-08,0.00168007263429725,-0.00167978632201878,0,
2.22505985634477,,,,,,7.21390017372373e-08
2.2264,1.67205988317548e-07,1.28310592998864e-07,0.00168009668574225,-0.00167976227376561,0,
2.22585794094174,,,,,,1.07596044986622e-07
2.2272,1.87181073564358e-07,1.5556722572029e-07,0.00168011666191174,-0.00167974229976461,0,
2.22665602553871,,,,,,1.38094496123602e-07
2.228,2.03936014018646e-07,1.7800192508497e-07,0.00168013341767631,-0.00167972554564828,0,
2.22745411013567,,,,,,1.63729369358157e-07
2.2288,2.17300696766753e-07,1.95710389405212e-07,0.00168014678340905,-0.00167971218201552,0,
2.22825219473264,,,,,,1.84595678900266e-07
2.2296,2.23497028440521e-07,2.08788316993307e-07,0.00168015298024961,-0.00167970598619273,0,
2.22905027932961,,,,,,2.0078843895991e-07
2.2304,2.25824344730535e-07,2.17331406161548e-07,0.00168015530769391,-0.00167970365900445,0,
2.22984836392658,,,,,,2.12402663747068e-07
2.2312,2.24628583595574e-07,2.22053471160334e-07,0.00168015411187325,-0.00167970485470605,0,
2.23064644852354,,,,,,2.19533367471719e-07
2.232,2.20265471557778e-07,2.25626614696522e-07,0.00168014974856742,-0.0016797092176243,0,
2.23144453312051,,,,,,2.23166734958185e-07
2.2328,2.13100523702635e-07,2.27083795135241e-07,0.00168014258334082,-0.00167971638229342,0,
2.23224261771748,,,,,,2.26701044927058e-07
2.2336,2.03509043678993e-07,2.25672806636919e-07,0.00168013299154193,-0.00167972597345457,0,
2.23304070231445,,,,,,2.27249083598569e-07
2.2344,1.91876123699049e-07,2.21583988820672e-07,0.00168012135830272,-0.00167973760605532,0,
2.23383878691141,,,,,,2.24999829943247e-07
2.2352,1.78596644538349e-07,2.15007681305615e-07,0.00168010807853815,-0.00167975088524908,0,
2.23463687150838,,,,,,2.20142262931622e-07
2.236,1.64075275535816e-07,2.06134223710872e-07,0.00168009355694556,-0.00167976540639449,0,
2.23543495610535,,,,,,2.12865361534225e-07
2.2368,1.48726474593705e-07,1.95153955655558e-07,0.00168007820796894,-0.00167978075501975,0,
2.23623304070231,,,,,,2.03358104721585e-07
2.2376,1.32666846370816e-07,1.82257216758791e-07,0.00168006214821509,-0.00167979681452235,0,
2.23703112529928,,,,,,1.91809471464232e-07
2.2384,1.16266744734456e-07,1.67634346639688e-07,0.0016800457480821,-0.00167981321459263,0,
2.23782920989625,,,,,,1.78408440732696e-07
2.2392,9.99501955662e-08,1.51475684917358e-07,0.00168002943159623,-0.0016798295312051,0,
2.23862729449322,,,,,,1.63343991497507e-07
2.24,8.4071453363203e-08,1.33971571210937e-07,0.00168001355299934,-0.00167984541009261,0,
2.23942537909018,,,,,,1.46805102729195e-07
2.2408,6.89847726225919e-08,1.16136604394199e-07,0.00167999846653619,-0.00167986049699095,0,
2.24022346368715,,,,,,1.2898075339829e-07
2.2416,5.50444078415031e-08,9.87820155993863e-08,0.00167998452644596,-0.00167987443763028,0,
2.24102154828412,,,,,,1.11200923658414e-07
2.2424,4.2604613517073e-08,8.15307610602252e-08,0.00167997208696222,-0.00167988687773519,0,
2.24181963288109,,,,,,9.406666861009e-08
2.2432,3.20196441464327e-08,6.43464838134573e-08,0.00167996150231293,-0.00167989746302463,0,
2.24261771747805,,,,,,7.68280718693523e-08
2.244,2.36437542267303e-08,4.74663781130488e-08,0.00167995312672044,-0.00167990583921199,0,
2.24341580207502,,,,,,5.97206320997701e-08
2.2448,1.7831198255096e-08,3.11276382129372e-08,0.00167994731428736,-0.00167991165189085,0,
2.24421388667199,,,,,,4.29798479649127e-08
2.2456,1.2296709320027e-08,1.55674583670692e-08,0.00167994177960589,-0.00167991718618725,0,
2.24501197126895,,,,,,2.68412181283495e-08
2.2464,1.80896627440042e-09,1.02303282939177e-09,0.00167993129153835,-0.0016799276736058,0,
2.24581005586592,,,,,,1.15402412536497e-08
2.2472,-7.88377049139209e-09,-1.22684441461553e-08,0.00167992159892444,-0.00167993736646542,0,
2.24660814046289,,,,,,-2.68758399561736e-09
2.248,-1.66681349796677e-08,-2.40697783056098e-08,0.0016799128146861,-0.00167994615095606,0,
2.24740622505986,,,,,,-1.56067589558823e-08
2.2488,-2.44307611927601e-08,-3.41437753950328e-08,0.00167990505218447,-0.00167995391370686,0,
2.24820430965682,,,,,,-2.6981784963576e-08
2.2496,-3.10582831329971e-08,-4.22532411604774e-08,0.00167989842478007,-0.00167996054134634,0,
2.24900239425379,,,,,,-3.65771633551289e-08
2.2504,-3.64373348027069e-08,-5.18448958617856e-08,0.00167989304583288,-0.00167996592050249,0,
2.24980047885076,,,,,,-4.41573954669719e-08
2.2512,-4.04545502042192e-08,-6.21472517695079e-08,0.00167988902870228,-0.00167996993780269,0,
2.25059856344773,,,,,,-5.43910221906331e-08
2.252,-4.29965633398574e-08,-7.16373016131455e-08,0.0016798864867471,-0.00167997247987378,0,
2.25139664804469,,,,,,-6.46832588929564e-08
2.2528,-4.39500082119523e-08,-7.99411510045103e-08,0.00167988553332557,-0.00167997343334199,0,
2.25219473264166,,,,,,-7.38817280995526e-08
2.2536,-4.32015188228317e-08,-8.69430159387908e-08,0.00167988628181733,-0.00167997268485498,0,
2.25299281723863,,,,,,-8.18714734911093e-08
2.2544,-4.45813553056824e-08,-9.25271124111754e-08,0.0016798849019577,-0.00167997406466831,0,
2.25379090183559,,,,,,-8.8537538748314e-08
2.2552,-4.60874145695937e-08,-9.65776564168547e-08,0.0016798833959038,-0.00167997557073293,0,
2.25458898643256,,,,,,-9.37649675518542e-08
2.256,-4.69891086026777e-08,-9.89788639510124e-08,0.00167988249421785,-0.00167997647243505,0,
2.25538707102953,,,,,,-9.74388035824176e-08
2.2568,-4.72900673979343e-08,-9.96149510088398e-08,0.00167988219326173,-0.00167997677339653,0,
2.2561851556265,,,,,,-9.94440905206915e-08
2.2576,-4.69939209483621e-08,-9.83701335855255e-08,0.00167988248940556,-0.00167997647724746,0,
2.25698324022346,,,,,,-9.96658720473637e-08
2.2584,-4.61042992469598e-08,-9.51286276762579e-08,0.00167988337901943,-0.00167997558761792,0,
2.25778132482043,,,,,,-9.79891918431216e-08
2.2592,-4.4624832286725e-08,-9.0353826445631e-08,0.00167988485847344,-0.00167997410813802,0,
2.2585794094174,,,,,,-9.42990935886528e-08
2.26,-4.25591500606581e-08,-8.90672553702252e-08,0.0016798869241377,-0.00167997204243783,0,
2.25937749401437,,,,,,-8.92254475713942e-08
2.2608,-3.99108825617572e-08,-8.85057292223833e-08,0.00167988957238231,-0.00167996939414744,0,
2.26017557861133,,,,,,-8.9022637057075e-08
2.2616,-3.66836597830209e-08,-8.75103889788314e-08,0.00167989279958897,-0.00167996616690853,0,
2.2609736632083,,,,,,-8.83619675342074e-08
2.2624,-3.33638401174074e-08,-8.61149140267497e-08,0.00167989611941999,-0.00167996284710022,0,
2.26177174780527,,,,,,-8.72768776318423e-08
2.2632,-3.05963633418282e-08,-8.43529837533177e-08,0.00167989888690496,-0.00167996007963165,0,
2.26256983240223,,,,,,-8.58008059790312e-08
2.264,-2.76746899626968e-08,-8.22582775457175e-08,0.00167990180857248,-0.0016799571579524,0,
2.2633679169992,,,,,,-8.39671912048252e-08
2.2648,-2.46374534564655e-08,-7.98644747911288e-08,0.00167990484580463,-0.00167995412071155,0,
2.26416600159617,,,,,,-8.18094719382755e-08
2.2656,-2.15232872995879e-08,-7.72052548767319e-08,0.00167990795996812,-0.00167995100654272,0,
2.26496408619314,,,,,,-7.93610868084333e-08
2.2664,-1.83708249685176e-08,-7.43142971897072e-08,0.00167991111242956,-0.0016799478540795,0,
2.2657621707901,,,,,,-7.66554744443499e-08
2.2672,-1.52186999397066e-08,-7.12252811172333e-08,0.00167991426455551,-0.00167994470195539,0,
2.26656025538707,,,,,,-7.37260734750764e-08
2.268,-1.2105545689612e-08,-6.79718860464939e-08,0.00167991737771246,-0.00167994158880384,0,
2.26735833998404,,,,,,-7.06063225296641e-08
2.2688,-9.06999569468574e-09,-6.45877913646678e-08,0.00167992041326684,-0.00167993855325823,0,
2.26815642458101,,,,,,-6.73296602371642e-08
2.2696,-6.15068343138145e-09,-6.11066764589354e-08,0.00167992333258499,-0.00167993563395185,0,
2.26895450917797,,,,,,-6.39295252266279e-08
2.2704,-3.38624237615277e-09,-5.75622207164771e-08,0.00167992609701743,-0.00167993286950218,0,
2.26975259377494,,,,,,-6.04393561271064e-08
2.2712,-4.81731111794298e-11,-5.39881035244712e-08,0.0016799294350704,-0.00167992953141663,0,
2.27055067837191,,,,,,-5.6892591567651e-08
2.272,3.37218311334925e-09,-5.0418004270102e-08,0.0016799328554249,-0.00167992611105867,0,
2.27134876296887,,,,,,-5.33226701773128e-08
2.2728,6.77828522783533e-09,-4.68856023405481e-08,0.00167993626152819,-0.00167992270495773,0,
2.27214684756584,,,,,,-4.9763030585143e-08
2.2736,1.01522550907833e-08,-4.34245771229896e-08,0.00167993963550011,-0.00167991933098993,0,
2.27294493216281,,,,,,-4.62471114201929e-08
2.2744,1.34762145606977e-08,-4.00686080046072e-08,0.0016799429594625,-0.00167991600703338,0,
2.27374301675978,,,,,,-4.28083513115137e-08
2.2752,1.67322854960831e-08,-3.68513743725809e-08,0.00167994621553716,-0.00167991275096616,0,
2.27454110135674,,,,,,-3.94801888881566e-08
2.276,1.99025897554457e-08,-3.38065556140897e-08,0.00167994938584588,-0.00167990958066637,0,
2.27533918595371,,,,,,-3.62960627791746e-08
2.2768,2.29692491972864e-08,-3.09678311163173e-08,0.00167995245251046,-0.00167990651401207,0,
2.27613727055068,,,,,,-3.32894116136152e-08
2.2776,2.59143856801117e-08,-2.83688802664423e-08,0.00167995539765266,-0.0016799035688813,0,
2.27693535514765,,,,,,-3.04936740205316e-08
2.2784,2.87201210624259e-08,-2.43477458584641e-08,0.00167995820339424,-0.00167990076315212,0,
2.27773343974461,,,,,,-2.79422886289749e-08
2.2792,3.13685772027337e-08,-1.93195359062569e-08,0.00167996085185693,-0.00167989811470253,0,
2.27853152434158,,,,,,-2.36384778405292e-08
2.28,3.38418759595408e-08,-1.40874876317973e-08,0.00167996332516246,-0.00167989564141055,0,
2.27932960893855,,,,,,-1.84821479285524e-08
2.2808,3.61221391913491e-08,-8.79115268106697e-09,0.00167996560543255,-0.00167989336115417,0,
2.28012769353551,,,,,,-1.32504094800378e-08
2.2816,3.81914887566644e-08,-3.44426147280982e-09,0.00167996767478889,-0.00167989129181137,0,
2.28092577813248,,,,,,-7.95689476141406e-09
2.2824,4.00320465139913e-08,1.93945557422719e-09,0.00167996951535316,-0.00167988945126013,0,
2.28172386272945,,,,,,-2.61523603910978e-09
2.2832,4.16259343218343e-08,7.34626804129717e-09,0.00167997110924703,-0.00167988785737838,0,
2.28252194732642,,,,,,2.76093442044643e-09
2.284,4.29552740386986e-08,1.27624455096562e-08,0.00167997243859215,-0.00167988652804408,0,
2.28332003192338,,,,,,8.15798435082594e-09
2.2848,4.40021875230872e-08,1.81742575605515e-08,0.00167997348551018,-0.00167988548113513,0,
2.28411811652035,,,,,,1.35622814856001e-08
2.2856,4.47487966335054e-08,2.3567973775239e-08,0.00167997423212272,-0.00167988473452946,0,
2.28491620111732,,,,,,1.89601935583404e-08
2.2864,4.51772232284577e-08,2.89298637349719e-08,0.0016799746605514,-0.00167988430610495,0,
2.28571428571429,,,,,,2.43380883026182e-08
2.2872,4.52695891664488e-08,3.42461970210033e-08,0.00167997475291687,-0.00167988421373853,0,
2.28651237031125,,,,,,2.96823334520048e-08
2.288,4.63911446563124e-08,3.95032432145892e-08,0.00167997587446462,-0.00167988309217531,0,
2.28731045490822,,,,,,3.49792967400716e-08
2.2888,4.74098603500213e-08,4.46872718969768e-08,0.00167997689318227,-0.00167988207346157,0,
2.28810853950519,,,,,,4.02153459003901e-08
2.2896,4.82743118151006e-08,4.97845526494223e-08,0.00167997775763575,-0.00167988120901212,0,
2.28890662410215,,,,,,4.53768486665316e-08
2.2904,4.89787525151983e-08,5.47813550531786e-08,0.00167997846207816,-0.00167988050457313,0,
2.28970470869912,,,,,,5.04501727720675e-08
2.2912,4.95174359139626e-08,5.96639486894989e-08,0.00167997900076291,-0.00167987996589108,0,
2.29050279329609,,,,,,5.54216859505691e-08
2.292,4.98846154750419e-08,6.4418603139639e-08,0.00167997936794343,-0.00167987959871248,0,
2.29130087789306,,,,,,6.02777559356079e-08
2.2928,5.00745446620839e-08,6.90315879848466e-08,0.00167997955787312,-0.0016798794087838,0,
2.29209896249002,,,,,,6.50047504607553e-08
2.2936,5.00814769387371e-08,7.34891728063775e-08,0.00167997956480542,-0.00167987940185154,0,
2.29289704708699,,,,,,6.95890372595826e-08
2.2944,4.98996657686495e-08,7.77776271854848e-08,0.00167997938299373,-0.00167987958366219,0,
2.29369513168396,,,,,,7.40169840656613e-08
2.2952,4.95233646154694e-08,8.18832207034216e-08,0.00167997900669147,-0.00167987995996224,0,
2.29449321628093,,,,,,7.82749586125626e-08
2.296,4.89468269428446e-08,8.57922229414432e-08,0.00167997843015206,-0.00167988053649817,0,
2.29529130087789,,,,,,8.2349328633858e-08
2.2968,4.81643062144239e-08,8.94365315682614e-08,0.00167997764762889,-0.00167988131901647,0,
2.29608938547486,,,,,,8.6226461863119e-08
2.2976,4.71700558938552e-08,9.27175655418222e-08,0.0016799766533754,-0.00167988231326361,0,
2.29688747007183,,,,,,8.98316614421189e-08
2.2984,4.59583294447866e-08,9.57216312849524e-08,0.00167997544164498,-0.00167988352498609,0,
2.29768555466879,,,,,,9.3064080908632e-08
2.2992,4.45233803308663e-08,9.84475113299164e-08,0.00167997400669103,-0.00167988495993037,0,
2.29848363926576,,,,,,9.60327475488469e-08
2.3,4.28594620157415e-08,1.00880431100421e-07,0.00167997234276698,-0.00167988662384295,0,
2.29928172386273,,,,,,9.87229924029798e-08
2.3008,4.09608279630622e-08,1.0300561602017e-07,0.00167997044412621,-0.00167988852247029,0,
2.3000798084597,,,,,,1.01120146511247e-07
2.3016,3.88217316364758e-08,1.0480829151287e-07,0.00167996830502214,-0.00167989066155887,0,
2.30087789305666,,,,,,1.03209540913865e-07
2.3024,3.64364264996303e-08,1.06273683002227e-07,0.00167996591970816,-0.00167989304685516,0,
2.30167597765363,,,,,,1.0497650665105e-07
2.3032,3.37991660161741e-08,1.07387015911947e-07,0.00167996328243877,-0.00167989568410674,0,
2.3024740622506,,,,,,1.06406374763017e-07
2.304,3.09599458934069e-08,1.08133515665736e-07,0.00167996044324237,-0.00167989852335058,0,
2.30327214684757,,,,,,1.07484476289985e-07
2.3048,2.94455377250453e-08,1.08498407687298e-07,0.00167995892884868,-0.00167990003777323,0,
2.30407023144453,,,,,,1.08196142272167e-07
2.3056,2.78913271855826e-08,1.08466917400341e-07,0.00167995737463727,-0.0016799015919829,0,
2.3048683160415,,,,,,1.08526703749782e-07
2.3064,2.63020110408651e-08,1.08024270228571e-07,0.00167995578532036,-0.00167990318129827,0,
2.30566640063847,,,,,,1.08461491763045e-07
2.3072,2.46822860567392e-08,1.07155691595692e-07,0.0016799541655947,-0.00167990480102258,0,
2.30646448523544,,,,,,1.07985837352172e-07
2.308,2.30368489990502e-08,1.0584640692541e-07,0.00167995252015707,-0.00167990644645907,0,
2.3072625698324,,,,,,1.0708507155738e-07
2.3088,2.13703966336463e-08,1.04081641641432e-07,0.00167995085370424,-0.00167990811291097,0,
2.30806065442937,,,,,,1.05744525418885e-07
2.3096,1.9687625726373e-08,1.01846621167464e-07,0.00167994917093298,-0.00167990979568153,0,
2.30885873902634,,,,,,1.03949529976902e-07
2.3104,1.79932330430766e-08,9.91265709272107e-08,0.00167994747654006,-0.00167991149007398,0,
2.3096568236233,,,,,,1.0168541627165e-07
2.3112,1.62919153496033e-08,9.59067163443786e-08,0.00167994577522225,-0.00167991319139155,0,
2.31045490822027,,,,,,9.89375153433429e-08
2.312,1.45883694117987e-08,9.21722828426713e-08,0.00167994407167632,-0.0016799148949375,0,
2.31125299281724,,,,,,9.56911582321979e-08
2.3128,1.28872919955109e-08,8.79084958457985e-08,0.00167994237059902,-0.00167991659601503,0,
2.31205107741421,,,,,,9.1931675978431e-08
2.3136,1.11933798665852e-08,8.31005807774642e-08,0.00167994067668714,-0.0016799182899274,0,
2.31284916201117,,,,,,8.76443996222587e-08
2.3144,9.51132979086813e-09,7.77337630613742e-08,0.00167993899463742,-0.00167991997197783,0,
2.31364724660814,,,,,,8.28146602038971e-08
2.3152,7.84583853420589e-09,7.17932681212344e-08,0.00167993732914663,-0.00167992163746956,0,
2.31444533120511,,,,,,7.74277887635624e-08
2.316,6.20160286244393e-09,6.88663540076378e-08,0.00167993568491153,-0.00167992328170581,0,
2.31524341580208,,,,,,7.1469116341471e-08
2.3168,4.58331954143041e-09,6.63298703429355e-08,0.00167993406662889,-0.00167992489998981,0,
2.31604150039904,,,,,,6.87235864534618e-08
2.3176,2.99568533701074e-09,6.37334659222967e-08,0.00167993247899547,-0.0016799264876248,0,
2.31683958499601,,,,,,6.62049457647769e-08
2.3184,1.44339701503126e-09,6.10678112807685e-08,0.00167993092670802,-0.00167992803991399,0,
2.31763766959298,,,,,,6.36110332516783e-08
2.3192,-6.88486586617126e-11,5.83396368048886e-08,0.0016799294144633,-0.00167992955216062,0,
2.31843575418994,,,,,,6.094853118833e-08
2.32,-1.53635491822264e-09,5.55556728811933e-08,0.00167992794695805,-0.00167993101966789,0,
2.31923383878691,,,,,,5.82241218488958e-08
2.3208,-2.95560208903764e-09,5.27226498962235e-08,0.00167992652771185,-0.00167993243891603,0,
2.32003192338388,,,,,,5.54444875075394e-08
2.3216,-4.33137891312737e-09,4.98472982365155e-08,0.00167992515193606,-0.00167993381469388,0,
2.32083000798085,,,,,,5.26163104384249e-08
2.3224,-5.64996748399008e-09,4.69363482886071e-08,0.00167992383334866,-0.00167993513328362,0,
2.32162809257781,,,,,,4.97462729157158e-08
2.3232,-6.90674552407448e-09,4.39965304390361e-08,0.00167992257657181,-0.00167993639006286,0,
2.32242617717478,,,,,,4.68410572135763e-08
2.324,-8.09709075582994e-09,4.10345750743386e-08,0.0016799213862278,-0.00167993758040931,0,
2.32322426177175,,,,,,4.39073456061699e-08
2.3248,-9.21638090170388e-09,3.80572125810559e-08,0.00167992026693888,-0.00167993869970068,0,
2.32402234636872,,,,,,4.09518203676607e-08
2.3256,-1.02599936841457e-08,3.5071173345724e-08,0.00167991922332731,-0.00167993974331467,0,
2.32482043096568,,,,,,3.79811637722123e-08
2.3264,-1.12233068256041e-08,3.20831877548807e-08,0.00167991826001535,-0.001679940706629,0,
2.32561851556265,,,,,,3.50020580939904e-08
2.3272,-1.21016980485278e-08,2.90999861950639e-08,0.00167991738162526,-0.00167994158502136,0,
2.32641660015962,,,,,,3.20211856071554e-08
2.328,-1.28905450753661e-08,2.61282990528098e-08,0.00167991659277932,-0.00167994237386947,0,
2.32721468475658,,,,,,2.90452285858728e-08
2.3288,-1.35852256285666e-08,2.31748567146594e-08,0.00167991589809976,-0.00167994306855102,0,
2.32801276935355,,,,,,2.60808693043065e-08
2.3296,-1.41811174305786e-08,2.02463895671489e-08,0.00167991530220886,-0.00167994366444372,0,
2.32881085395052,,,,,,2.31347900366203e-08
2.3304,-1.46735982038509e-08,1.73496279968161e-08,0.00167991480972886,-0.00167994415692526,0,
2.32960893854749,,,,,,2.0213673056978e-08
2.3312,-1.50580456708322e-08,1.44913023901989e-08,0.00167991442528202,-0.00167994454137336,0,
2.33040702314445,,,,,,1.73242006395434e-08
2.332,-1.53298375539712e-08,1.16781431338335e-08,0.0016799141534906,-0.00167994481316571,0,
2.33120510774142,,,,,,1.44730550584805e-08
2.3328,-1.54843515757165e-08,8.91688061426082e-09,0.00167991399897686,-0.00167994496768001,0,
2.33200319233839,,,,,,1.1666918587953e-08
2.3336,-1.5516965458517e-08,6.21640207515959e-09,0.00167991396636303,-0.00167994500029395,0,
2.33280127693535,,,,,,8.91247350212473e-09
2.33359936153232,,,,,,6.21640207515959e-09
2.3344,-1.54230569248213e-08,3.57719689390324e-09,0.00167991406027139,-0.00167994490638524,0,
2.33439744612929,,,,,,3.58538658122138e-09
2.3352,-1.51980036970782e-08,1.0122164963635e-09,0.00167991428532417,-0.00167994468133156,0,
2.33519553072626,,,,,,1.02610929447393e-09
2.336,-1.48371834977362e-08,-1.47391354331917e-09,0.00167991464614363,-0.00167994432051062,0,
2.33599361532322,,,,,,-1.45474751091891e-09
2.3368,-1.43359740492444e-08,-3.87446283860425e-09,0.00167991514735249,-0.00167994381930059,0,
2.33679169992019,,,,,,-3.85050156079331e-09
2.3376,-1.38182711755077e-08,-6.1827010029553e-09,0.00167991566505724,-0.00167994330159959,0,
2.33758978451716,,,,,,-6.15447058098543e-09
2.3384,-1.38044376636869e-08,-8.39189764983451e-09,0.0016799156788908,-0.00167994328776613,0,
2.33838786911413,,,,,,-8.35997229733144e-09
2.3392,-1.37440795599384e-08,-1.04953223927041e-08,0.00167991573924886,-0.00167994322740798,0,
2.33918595371109,,,,,,-1.04603244356675e-08
2.34,-1.36374476828401e-08,-1.24862448450272e-08,0.00167991584588067,-0.00167994312077603,0,
2.33998403830806,,,,,,-1.24488447218298e-08
2.3408,-1.34847928509701e-08,-1.43579346202639e-08,0.00167991599853539,-0.0016799429681211,0,
2.34078212290503,,,,,,-1.43188508816545e-08
2.3416,-1.32863658829063e-08,-1.61036613318776e-08,0.00167991619696223,-0.00167994276969399,0,
2.341580207502,,,,,,-1.60636606409777e-08
2.3424,-1.30424175972266e-08,-1.77166945933304e-08,0.00167991644091035,-0.00167994252574554,0,
2.34237829209896,,,,,,-1.76765917256356e-08
2.3432,-1.2753198812509e-08,-1.91903040180844e-08,0.00167991673012894,-0.00167994223652656,0,
2.34317637669593,,,,,,-1.91509618614644e-08
2.344,-1.24189603473314e-08,-2.05177592196026e-08,0.00167991706436718,-0.00167994190228787,0,
2.3439744612929,,,,,,-2.04800887743003e-08
2.3448,-1.20399530202719e-08,-2.16923298113456e-08,0.00167991744337425,-0.0016799415232803,0,
2.34477254588986,,,,,,-2.16572901899794e-08
2.3456,-1.16164276499085e-08,-2.27072854067766e-08,0.00167991786689935,-0.00167994109975465,0,
2.34557063048683,,,,,,-2.26758838343378e-08
2.3464,-1.1148635054819e-08,-2.35558956193575e-08,0.00167991833469163,-0.00167994063196174,0,
2.3463687150838,,,,,,-2.35291874332118e-08
2.3472,-1.06368260535814e-08,-2.42314300625507e-08,0.0016799188465003,-0.00167994012015241,0,
2.34716679968077,,,,,,-2.42105187124375e-08
2.348,-1.00812514647735e-08,-2.47271583498184e-08,0.00167991940207453,-0.00167993956457746,0,
2.34796488427773,,,,,,-2.4713195397851e-08
2.3488,-9.48216210697366e-09,-2.50363500946225e-08,0.0016799200011635,-0.00167993896548771,0,
2.3487629688747,,,,,,-2.50305352152886e-08
2.3496,-8.83980879875967e-09,-2.51522749104253e-08,0.0016799206435164,-0.00167993832313399,0,
2.34956105347167,,,,,,-2.51558558905864e-08
2.3504,-8.15444235870947e-09,-2.50682024106891e-08,0.0016799213288824,-0.00167993763776712,0,
2.35035913806864,,,,,,-2.50824751495806e-08
2.3512,-7.42631360540102e-09,-2.47774022088761e-08,0.00167992205701069,-0.0016799369096379,0,
2.3511572226656,,,,,,-2.48037107181073e-08
2.352,-6.65567335741184e-09,-2.42926515397969e-08,0.00167992282765045,-0.00167993613899717,0,
2.35195530726257,,,,,,-2.43128803220026e-08
2.3528,-5.84277243332075e-09,-2.40621769962133e-08,0.00167992364055087,-0.00167993532609573,0,
2.35275339185954,,,,,,-2.39516520683318e-08
2.3536,-4.9878616517053e-09,-2.59572131038045e-08,0.00167992449546126,-0.00167993447118456,0,
2.3535514764565,,,,,,-2.58442022032804e-08
2.3544,-4.11414949012408e-09,-2.78181587014357e-08,0.00167992536917355,-0.00167993359747253,0,
2.35434956105347,,,,,,-2.77029341197926e-08
2.3552,-3.27831816507359e-09,-2.96432613236527e-08,0.00167992620500496,-0.00167993276164129,0,
2.35514764565044,,,,,,-2.95261078799674e-08
2.356,-2.41859324757531e-09,-3.14307685050023e-08,0.00167992706472958,-0.00167993190191607,0,
2.35594573024741,,,,,,-3.13119835459036e-08
2.3568,-1.53652872198527e-09,-3.31789277800287e-08,0.00167992794679382,-0.00167993101985127,0,
2.35674381484437,,,,,,-3.30588211797e-08
2.3576,-6.33717892299095e-10,-3.48859866832787e-08,0.00167992884960438,-0.00167993011704017,0,
2.35754189944134,,,,,,-3.47648808434554e-08
2.3584,2.88206617846047e-10,-3.65501927492983e-08,0.00167992977152864,-0.00167992919511541,0,
2.35833998403831,,,,,,-3.64284225992686e-08
2.3592,1.22757286517196e-09,-3.81697935126333e-08,0.00167993071089466,-0.00167992825574893,0,
2.35913806863528,,,,,,-3.80477065092384e-08
2.36,2.18266958675993e-09,-3.97430365078306e-08,0.00167993166599117,-0.001679927300652,0,
2.35993615323224,,,,,,-3.96209926354638e-08
2.3608,3.1517462000486e-09,-4.12681692694344e-08,0.00167993263506759,-0.00167992633157519,0,
2.36073423782921,,,,,,-4.11465410400434e-08
2.3616,4.13301280283715e-09,-4.27434393319914e-08,0.00167993361633403,-0.00167992535030843,0,
2.36153232242618,,,,,,-4.26226117850761e-08
2.3624,5.1246401732832e-09,-4.41670942300477e-08,0.00167993460796126,-0.00167992435868092,0,
2.36233040702314,,,,,,-4.40474649326608e-08
2.3632,6.1247597699033e-09,-4.55373814981491e-08,0.00167993560808075,-0.00167992335856121,0,
2.36312849162011,,,,,,-4.54193605448963e-08
2.364,7.13146373157355e-09,-4.68525486708423e-08,0.00167993661478463,-0.00167992235185716,0,
2.36392657621708,,,,,,-4.67365586838813e-08
2.3648,8.14280487752729e-09,-4.81108432826717e-08,0.00167993762612572,-0.00167992134051596,0,
2.36472466081405,,,,,,-4.79973194117147e-08
2.3656,9.1567967073585e-09,-4.93105128681842e-08,0.00167993864011752,-0.00167992032652411,0,
2.36552274541101,,,,,,-4.91999027904953e-08
2.3664,1.01714134010196e-08,-5.04498049619255e-08,0.00167993965473422,-0.00167991931190742,0,
2.36632083000798,,,,,,-5.0342568882322e-08
2.3672,1.11845898188218e-08,-5.15269670984416e-08,0.00167994066791068,-0.00167991829873104,0,
2.36711891460495,,,,,,-5.14235777492935e-08
2.368,1.21942215014362e-08,-5.2540246812279e-08,0.00167994167754243,-0.00167991728909943,0,
2.36791699920192,,,,,,-5.24411894535088e-08
2.3688,1.31981646698906e-08,-5.34878916379825e-08,0.0016799426814857,-0.00167991628515636,0,
2.36871508379888,,,,,,-5.33936640570665e-08
2.3696,1.4194236225574e-08,-5.43681491100986e-08,0.00167994367755739,-0.00167991528908494,0,
2.36951316839585,,,,,,-5.42792616220656e-08
2.3704,1.51802137502335e-08,-5.51792667631733e-08,0.00167994466353508,-0.00167991430310758,0,
2.37031125299282,,,,,,-5.50962422106048e-08
2.3712,1.61538355059751e-08,-5.59194921317524e-08,0.00167994563715703,-0.00167991332948602,0,
2.37110933758978,,,,,,-5.58428658847829e-08
2.372,1.71128004352644e-08,-5.65870727503823e-08,0.00167994659612218,-0.00167991237052131,0,
2.37190742218675,,,,,,-5.65173927066989e-08
2.3728,1.80547681609245e-08,-5.71802561536081e-08,0.00167994753809016,-0.00167991142855384,0,
2.37270550678372,,,,,,-5.71180827384515e-08
2.3736,1.89773589861388e-08,-5.76972898759763e-08,0.00167994846068127,-0.0016799105059633,0,
2.37350359138069,,,,,,-5.76431960421395e-08
2.3744,1.98781538944492e-08,-5.81364214520326e-08,0.00167994936147649,-0.0016799096051687,0,
2.37430167597765,,,,,,-5.80909926798617e-08
2.3752,2.07546945497565e-08,-5.84958984163231e-08,0.00167995023801748,-0.00167990872862838,0,
2.37509976057462,,,,,,-5.84597327137168e-08
2.376,2.16044832963212e-08,-5.87739683033938e-08,0.00167995108780658,-0.00167990787883999,0,
2.37589784517159,,,,,,-5.87476762058041e-08
2.3768,2.24249831587609e-08,-5.89688786477903e-08,0.00167995190830681,-0.0016799070583405,0,
2.37669592976856,,,,,,-5.89530832182221e-08
2.3776,2.3213617842054e-08,-5.90788769840587e-08,0.00167995269694189,-0.0016799062697062,0,
2.37749401436552,,,,,,-5.90742138130696e-08
2.3784,2.3967771731537e-08,-5.91022108467451e-08,0.00167995345109618,-0.00167990551555271,0,
2.37829209896249,,,,,,-5.91093280524455e-08
2.3792,2.46847898929057e-08,-5.90371277703952e-08,0.00167995416811475,-0.00167990479853496,0,
2.37909018355946,,,,,,-5.90566859984485e-08
2.38,2.53619780722147e-08,-5.88818752895551e-08,0.00167995484530334,-0.0016799041213472,0,
2.37988826815642,,,,,,-5.89145477131776e-08
2.3808,2.59966026958778e-08,-5.86347009387705e-08,0.00167995547992838,-0.00167990348672299,0,
2.38068635275339,,,,,,-5.86811732587315e-08
2.3816,2.65858908706668e-08,-5.82938522525876e-08,0.00167995606921697,-0.00167990289743523,0,
2.38148443735036,,,,,,-5.8354822697209e-08
2.3824,2.71270303837135e-08,-5.78575767655523e-08,0.00167995661035688,-0.00167990235629611,0,
2.38228252194733,,,,,,-5.7933756090709e-08
2.3832,2.76171697025084e-08,-5.73241220122104e-08,0.00167995710049658,-0.00167990186615718,0,
2.38308060654429,,,,,,-5.74162335013302e-08
2.384,2.80534179749008e-08,-5.66917355271079e-08,0.00167995753674521,-0.00167990142990926,0,
2.38387869114126,,,,,,-5.68005149911716e-08
2.3848,2.84328450290992e-08,-5.59586648447904e-08,0.0016799579161726,-0.00167990105048254,0,
2.38467677573823,,,,,,-5.60848606223319e-08
2.3856,2.87524813736705e-08,-5.51231574998045e-08,0.00167995823580923,-0.00167990073084648,0,
2.3854748603352,,,,,,-5.526753045691e-08
2.3864,2.90093181975411e-08,-5.41834610266958e-08,0.0016799584926463,-0.00167990047400991,0,
2.38627294493216,,,,,,-5.43467845570046e-08
2.3872,2.92003073699962e-08,-5.31378229600102e-08,0.00167995868363544,-0.0016799002830207,0,
2.38707102952913,,,,,,-5.33208829847146e-08
2.388,2.9484534906345e-08,-5.19844908342937e-08,0.00167995896786233,-0.00167989999879252,0,
2.3878691141261,,,,,,-5.21880858021388e-08
2.3888,2.99784478659991e-08,-5.07217121840915e-08,0.00167995946177464,-0.0016798995048789,0,
2.38866719872306,,,,,,-5.0946653071376e-08
2.3896,3.04408816339833e-08,-4.94185071678288e-08,0.00167995992420862,-0.00167989904244536,0,
2.38946528332003,,,,,,-4.95948448545252e-08
2.3904,3.08706619151053e-08,-4.85028333045877e-08,0.00167996035398912,-0.00167989861266529,0,
2.390263367917,,,,,,-4.85501903124869e-08
2.3912,3.12666144141726e-08,-4.82196145703022e-08,0.00167996074994182,-0.00167989821671299,0,
2.39106145251397,,,,,,-4.8273572275693e-08
2.392,3.16275648359929e-08,-4.790202487792e-08,0.00167996111089243,-0.00167989785576276,0,
2.39185953711093,,,,,,-4.79627560004007e-08
2.3928,3.19523388853737e-08,-4.75500151948066e-08,0.00167996143566666,-0.00167989753098889,0,
2.3926576217079,,,,,,-4.76176928044873e-08
2.3936,3.22397622671223e-08,-4.71635364883285e-08,0.0016799617230902,-0.00167989724356567,0,
2.39345570630487,,,,,,-4.72383340058298e-08
2.3944,3.24886606860464e-08,-4.67425397258513e-08,0.00167996197198877,-0.0016798969946674,0,
2.39425379090184,,,,,,-4.68246309223056e-08
2.3952,3.26978598469534e-08,-4.6286975874741e-08,0.00167996218118805,-0.00167989678546836,0,
2.3950518754988,,,,,,-4.63765348717917e-08
2.396,3.2866185454651e-08,-4.57967959023634e-08,0.00167996234951377,-0.00167989661714286,0,
2.39584996009577,,,,,,-4.58939971721653e-08
2.3968,3.29924632139466e-08,-4.52719507760841e-08,0.00167996247579161,-0.00167989649086518,0,
2.39664804469274,,,,,,-4.53769691413037e-08
2.3976,3.30755188296477e-08,-4.47123914632696e-08,0.00167996255884728,-0.00167989640780962,0,
2.3974461292897,,,,,,-4.4825402097084e-08
2.3984,3.3114178006562e-08,-4.41180689312855e-08,0.00167996259750648,-0.00167989636915046,0,
2.39824421388667,,,,,,-4.42392473573834e-08
2.3992,3.31072664494968e-08,-4.34889341474978e-08,0.00167996259059492,-0.00167989637606202,0,
2.39904229848364,,,,,,-4.36184562400791e-08
2.4,3.30536098632598e-08,-4.28249380792723e-08,0.00167996253693829,-0.00167989642971857,0,
2.39984038308061,,,,,,-4.29629800630483e-08
2.4008,3.29520339526584e-08,-4.21260316939746e-08,0.00167996243536231,-0.0016798965312944,0,
2.40063846767757,,,,,,-4.22727701441681e-08
2.4016,3.28013644225002e-08,-4.13921659589712e-08,0.00167996228469267,-0.00167989668196382,0,
2.40143655227454,,,,,,-4.15477778013158e-08
2.4024,3.26004269775928e-08,-4.06232918416278e-08,0.00167996208375507,-0.00167989688290111,0,
2.40223463687151,,,,,,-4.07879543523685e-08
2.4032,3.23480473227436e-08,-3.98193603093103e-08,0.00167996183137522,-0.00167989713528057,0,
2.40303272146848,,,,,,-3.99932511152034e-08
2.404,3.20430511627601e-08,-3.89803223293844e-08,0.00167996152637882,-0.00167989744027649,0,
2.40383080606544,,,,,,-3.91636194076978e-08
2.4048,3.16842642024498e-08,-3.81061288692157e-08,0.00167996116759157,-0.00167989779906316,0,
2.40462889066241,,,,,,-3.82990105477287e-08
2.4056,3.12705121466204e-08,-3.71967308961711e-08,0.00167996075383917,-0.00167989821281488,0,
2.40542697525938,,,,,,-3.73993758531733e-08
2.4064,3.08006207000795e-08,-3.62520793776158e-08,0.00167996028394733,-0.00167989868270593,0,
2.40622505985634,,,,,,-3.6464666641909e-08
2.4072,3.02734155676343e-08,-3.52721252809159e-08,0.00167995975674174,-0.0016798992099106,0,
2.40702314445331,,,,,,-3.54948342318127e-08
2.408,2.96877224540926e-08,-3.42568195734372e-08,0.00167995917104811,-0.0016798997956032,0,
2.40782122905028,,,,,,-3.44898299407618e-08
2.4088,2.90423670642615e-08,-3.32061132225451e-08,0.00167995852569214,-0.00167990044095801,0,
2.40861931364725,,,,,,-3.34496050866334e-08
2.4096,2.83361751029491e-08,-3.21199571956066e-08,0.00167995781949954,-0.00167990114714933,0,
2.40941739824421,,,,,,-3.23741109873047e-08
2.4104,2.75679722749627e-08,-3.0998302459987e-08,0.00167995705129599,-0.00167990191535144,0,
2.41021548284118,,,,,,-3.12632989606528e-08
2.4112,2.67365842851098e-08,-2.98410999830523e-08,0.00167995621990721,-0.00167990274673864,0,
2.41101356743815,,,,,,-3.01171203245551e-08
2.412,2.58408368381979e-08,-2.86483007321683e-08,0.0016799553241589,-0.00167990364248522,0,
2.41181165203512,,,,,,-2.89355263968885e-08
2.4128,2.4879555639034e-08,-2.74198556747002e-08,0.00167995436287676,-0.00167990460376548,0,
2.41260973663208,,,,,,-2.77184684955304e-08
2.4136,2.38515663924268e-08,-2.61557157780154e-08,0.00167995333488648,-0.00167990563175369,0,
2.41340782122905,,,,,,-2.64658979383579e-08
2.4144,2.27556948031831e-08,-2.4855832009479e-08,0.00167995223901377,-0.00167990672762417,0,
2.41420590582602,,,,,,-2.51777660432483e-08
2.4152,2.15907665761106e-08,-2.3520155336457e-08,0.00167995107408434,-0.00167990789255119,0,
2.41500399042298,,,,,,-2.38540241280785e-08
2.416,2.03556074160167e-08,-2.21486367263152e-08,0.00167994983892388,-0.00167990912770905,0,
2.41580207501995,,,,,,-2.2494623510726e-08
2.4168,1.90490430277082e-08,-2.07412271464187e-08,0.00167994853235809,-0.00167991043427203,0,
2.41660015961692,,,,,,-2.10995155090679e-08
2.4176,1.76698991159942e-08,-1.92978775641351e-08,0.00167994715321268,-0.00167991181341444,0,
2.41739824421389,,,,,,-1.96686514409812e-08
2.4184,1.62170013856814e-08,-1.78185389468294e-08,0.00167994570031334,-0.00167991326631057,0,
2.41819632881085,,,,,,-1.82019826243433e-08
2.4192,1.46891755415774e-08,-1.63031622618675e-08,0.00167994417248578,-0.00167991479413469,0,
2.41899441340782,,,,,,-1.66994603770313e-08
2.42,1.30852472884896e-08,-1.47516984766154e-08,0.00167994256855569,-0.00167991639806112,0,
2.41979249800479,,,,,,-1.51610360169224e-08
2.4208,1.14040423312247e-08,-1.31640985584381e-08,0.00167994088735639,-0.00167991807927173,0,
2.42059058260176,,,,,,-1.35866608618938e-08
2.4216,1.02522100333183e-08,-1.15403134747032e-08,0.00167993973553305,-0.00167991923111298,0,
2.42138866719872,,,,,,-1.19762862298226e-08
2.4224,9.61570734184736e-09,-9.88029419277568e-09,0.00167993909903281,-0.00167991986761812,0,
2.42218675179569,,,,,,-1.03298634385861e-08
2.4232,8.98152989162329e-09,-8.18399168002155e-09,0.00167993846485538,-0.0016799205017956,0,
2.42298483639266,,,,,,-8.6473438060614e-09
2.424,8.35041909640187e-09,-6.45135690380666e-09,0.00167993783374462,-0.00167992113290643,0,
2.42378292098963,,,,,,-6.92867865012574e-09
2.4248,7.72311636993847e-09,-4.68234083149593e-09,0.00167993720644193,-0.00167992176020919,0,
2.42458100558659,,,,,,-5.17381928865627e-09
2.4256,7.10036312598953e-09,-2.87689443045721e-09,0.00167993658368873,-0.00167992238296248,0,
2.42537909018356,,,,,,-3.3827170395312e-09
2.4264,6.48290077831043e-09,-1.03496866805545e-09,0.00167993596622644,-0.00167992300042488,0,
2.42617717478053,,,,,,-1.55532322062572e-09
2.4272,5.8714707406569e-09,7.57424024184681e-10,0.00167993535479646,-0.00167992361185498,0,
2.42697525937749,,,,,,3.0841085018201e-10
2.428,5.26681442678468e-09,2.28544663145447e-09,0.00167993475014021,-0.00167992421651136,0,
2.42777334397446,,,,,,1.90291786013307e-09
2.4288,4.66967325044917e-09,3.63558668025735e-09,0.0016799341529991,-0.0016799248136526,0,
2.42857142857143,,,,,,3.24985015351749e-09
2.4296,4.08078862540677e-09,4.98543497385665e-09,0.00167993356411455,-0.0016799254025373,0,
2.4293695131684,,,,,,4.59669556810914e-09
2.4304,3.50090196541287e-09,6.33427845304441e-09,0.00167993298422798,-0.00167992598242404,0,
2.43016759776536,,,,,,5.94274614202487e-09
2.4312,2.9307546842232e-09,7.68140405861193e-09,0.00167993241408078,-0.00167992655257141,0,
2.43096568236233,,,,,,7.28729391338152e-09
2.432,2.37108819559351e-09,9.02609873135048e-09,0.00167993185441438,-0.00167992711223799,0,
2.4317637669593,,,,,,8.62963092029595e-09
2.4328,1.82264391327923e-09,1.03676494120521e-08,0.00167993130597019,-0.00167992766068237,0,
2.43256185155626,,,,,,9.96904920088502e-09
2.4336,1.28616325103669e-09,1.17053430415066e-08,0.00167993076948963,-0.00167992819716313,0,
2.43335993615323,,,,,,1.13048407932656e-08
2.4344,7.62387622621314e-10,1.30384665605061e-08,0.0016799302457141,-0.00167992872093886,0,
2.4341580207502,,,,,,1.26362977355544e-08
2.4352,2.52058441788845e-10,1.43663069098417e-08,0.00167992973538503,-0.00167992923126814,0,
2.43495610534717,,,,,,1.39627120658685e-08
2.436,-2.44082877704988e-10,1.56881510303049e-08,0.00167992923924382,-0.00167992972740957,0,
2.43575418994413,,,,,,1.52833758223246e-08
2.4368,-7.25294922104715e-10,1.70032858626876e-08,0.00167992875803188,-0.00167993020862172,0,
2.4365522745411,,,,,,1.65975810430395e-08
2.4376,-1.19083627765407e-09,1.83109983477796e-08,0.00167992829249064,-0.00167993067416319,0,
2.43735035913807,,,,,,1.79046197661302e-08
2.4384,-1.63996553059759e-09,1.9610575426373e-08,0.0016799278433615,-0.00167993112329256,0,
2.43814844373504,,,,,,1.92037840297135e-08
2.4392,-2.07194126717954e-09,2.09013040392591e-08,0.00167992741138587,-0.00167993155526841,0,
2.438946528332,,,,,,2.04943658719062e-08
2.44,-2.48602207364419e-09,2.21824711272292e-08,0.00167992699730518,-0.00167993196934932,0,
2.43974461292897,,,,,,2.17756573308252e-08
2.4408,-2.88146653623602e-09,2.34533636310752e-08,0.00167992660186083,-0.0016799323647939,0,
2.44054269752594,,,,,,2.30469504445874e-08
2.4416,-3.25753324119886e-09,2.4713268491587e-08,0.00167992622579423,-0.00167993274086071,0,
2.4413407821229,,,,,,2.43075372513095e-08
2.4424,-3.6134807747772e-09,2.59614726495567e-08,0.00167992586984681,-0.00167993309680836,0,
2.44213886671987,,,,,,2.55567097891084e-08
2.4432,-3.9485677232153e-09,2.71972630457756e-08,0.00167992553475996,-0.00167993343189541,0,
2.44293695131684,,,,,,2.67937600961011e-08
2.444,-4.26205267275745e-09,2.84199266210348e-08,0.00167992522127512,-0.00167993374538046,0,
2.44373503591381,,,,,,2.80179802104043e-08
2.4448,-4.55319420964804e-09,2.96287503161265e-08,0.00167992493013368,-0.0016799340365221,0,
2.44453312051077,,,,,,2.92286621701349e-08
2.4456,-4.82125092013104e-09,3.08230210718405e-08,0.00167992466207706,-0.0016799343045789,0,
2.44533120510774,,,,,,3.04250980134097e-08
2.4464,-5.06548139045088e-09,3.20020258289687e-08,0.00167992441784668,-0.00167993454880946,0,
2.44612928970471,,,,,,3.16065797783456e-08
2.4472,-5.28514420685181e-09,3.31650515283026e-08,0.00167992419818395,-0.00167993476847236,0,
2.44692737430168,,,,,,3.27723995030594e-08
2.448,-5.47949795557812e-09,3.43113851106334e-08,0.00167992400383027,-0.00167993496282618,0,
2.44772545889864,,,,,,3.39218492256681e-08
2.4488,-5.64780122287415e-09,3.5440313516753e-08,0.00167992383552707,-0.00167993513112952,0,
2.44852354349561,,,,,,3.50542209842883e-08
2.4496,-5.78931259498398e-09,3.65511236874514e-08,0.00167992369401575,-0.00167993527264094,0,
2.44932162809258,,,,,,3.61688068170371e-08
2.4504,-5.90329065815199e-09,3.76431025635205e-08,0.00167992358003774,-0.00167993538661905,0,
2.45011971268955,,,,,,3.72648987620312e-08
2.4512,-5.98899399862243e-09,3.87155370857518e-08,0.00167992349433443,-0.00167993547232243,0,
2.45091779728651,,,,,,3.83417888573875e-08
2.452,-6.04568120263957e-09,3.97677141949363e-08,0.00167992343764726,-0.00167993552900966,0,
2.45171588188348,,,,,,3.93987691412229e-08
2.4528,-6.0726108564477e-09,4.07989208318661e-08,0.00167992341071761,-0.00167993555593933,0,
2.45251396648045,,,,,,4.04351316516541e-08
2.4536,-6.06904154629104e-09,4.18084439373313e-08,0.00167992341428692,-0.00167993555237001,0,
2.45331205107741,,,,,,4.14501684267981e-08
2.4544,-6.03423185841389e-09,4.27955704521236e-08,0.00167992344909665,-0.00167993551756036,0,
2.45411013567438,,,,,,4.24431715047717e-08
2.4552,-6.16840159875877e-09,4.37595873170345e-08,0.00167992331492666,-0.00167993565172985,0,
2.45490822027135,,,,,,4.34134329236918e-08
2.456,-6.3844180634075e-09,4.46997814728552e-08,0.00167992309891008,-0.0016799358677462,0,
2.45570630486832,,,,,,4.43602447216751e-08
2.4568,-6.58863742362537e-09,4.56154398603775e-08,0.00167992289469075,-0.0016799360719656,0,
2.45650438946528,,,,,,4.52828989368386e-08
2.4576,-6.78081599142417e-09,4.65058494203916e-08,0.00167992270251222,-0.0016799362641442,0,
2.45730247406225,,,,,,4.61806876072991e-08
2.4584,-6.96071007881598e-09,4.73702970936895e-08,0.00167992252261817,-0.00167993644403832,0,
2.45810055865922,,,,,,4.70529027711735e-08
2.4592,-7.12807599781282e-09,4.82080698210623e-08,0.00167992235525228,-0.00167993661140428,0,
2.45889864325619,,,,,,4.78988364665785e-08
2.46,-7.28267006042665e-09,4.90184545433014e-08,0.00167992220065825,-0.00167993676599837,0,
2.45969672785315,,,,,,4.87177807316311e-08
2.4608,-7.42424857866955e-09,4.98007382011985e-08,0.00167992205907976,-0.00167993690757691,0,
2.46049481245012,,,,,,4.95090276044481e-08
2.4616,-7.55256786455334e-09,5.0554207735544e-08,0.0016799219307605,-0.00167993703589622,0,
2.46129289704709,,,,,,5.02718691231464e-08
2.4624,-7.66738423009011e-09,5.12781500871297e-08,0.00167992181594415,-0.00167993715071261,0,
2.46209098164405,,,,,,5.10055973258427e-08
2.4632,-7.76845398729183e-09,5.19718521967468e-08,0.00167992171487442,-0.00167993725178239,0,
2.46288906624102,,,,,,5.1709504250654e-08
2.464,-7.8555334481705e-09,5.26346010051866e-08,0.00167992162779497,-0.00167993733886187,0,
2.46368715083799,,,,,,5.23828819356971e-08
2.4648,-7.92837892473814e-09,5.32656834532408e-08,0.00167992155494951,-0.00167993741170736,0,
2.46448523543496,,,,,,5.30250224190889e-08
2.4656,-7.98674672900666e-09,5.38643864816999e-08,0.00167992149658172,-0.00167993747007518,0,
2.46528332003192,,,,,,5.36352177389462e-08
2.4664,-8.0303931729881e-09,5.44299970313557e-08,0.00167992145293529,-0.00167993751372163,0,
2.46608140462889,,,,,,5.42127599333858e-08
2.4672,-8.05907456869444e-09,5.49618020429993e-08,0.0016799214242539,-0.00167993754240304,0,
2.46687948922586,,,,,,5.47569410405247e-08
2.468,-8.07254722813767e-09,5.54590884574221e-08,0.00167992141078124,-0.0016799375558757,0,
2.46767757382283,,,,,,5.52670530984796e-08
2.4688,-8.07056746332978e-09,5.59211432154157e-08,0.00167992141276101,-0.00167993755389593,0,
2.46847565841979,,,,,,5.57423881453674e-08
2.4696,-8.05289158628275e-09,5.63472532577708e-08,0.00167992143043688,-0.00167993753622005,0,
2.46927374301676,,,,,,5.6182238219305e-08
2.4704,-8.01927590900858e-09,5.67367055252789e-08,0.00167992146405255,-0.00167993750260437,0,
2.47007182761373,,,,,,5.65858953584091e-08
2.4712,-7.96947674351926e-09,5.70887869587315e-08,0.0016799215138517,-0.00167993745280519,0,
2.47086991221069,,,,,,5.69526516007968e-08
2.472,-7.90325040182678e-09,5.74027844989196e-08,0.00167992158007803,-0.00167993738657883,0,
2.47166799680766,,,,,,5.72817989845848e-08
2.4728,-7.82035319594308e-09,5.76779850866349e-08,0.00167992166297521,-0.0016799373036816,0,
2.47246608140463,,,,,,5.75726295478899e-08
2.4736,-7.72054143788023e-09,5.79136756626682e-08,0.00167992176278694,-0.00167993720386982,0,
2.4732641660016,,,,,,5.7824435328829e-08
2.4744,-7.60357143965019e-09,5.8109143167811e-08,0.00167992187975691,-0.00167993708689979,0,
2.47406225059856,,,,,,5.8036508365519e-08
2.4752,-7.46919951326494e-09,5.82636745428547e-08,0.0016799220141288,-0.00167993695252783,0,
2.47486033519553,,,,,,5.82081406960767e-08
2.476,-7.31718197073647e-09,5.83765567285905e-08,0.00167992216614631,-0.00167993680051025,0,
2.4756584197925,,,,,,5.8338624358619e-08
2.4768,-7.14727512407668e-09,5.84470766658097e-08,0.00167992233605311,-0.00167993663060336,0,
2.47645650438947,,,,,,5.84272513912627e-08
2.4776,-6.95923528529773e-09,5.84745212953036e-08,0.0016799225240929,-0.00167993644256347,0,
2.47725458898643,,,,,,5.84733138321247e-08
2.4784,-6.75281876641154e-09,5.84581775578634e-08,0.00167992273050936,-0.00167993623614689,0,
2.4780526735834,,,,,,5.84761037193218e-08
2.4792,-6.52778187943008e-09,5.83973323942806e-08,0.00167992295554618,-0.00167993601110994,0,
2.47885075818037,,,,,,5.84349130909709e-08
2.48,-6.28388093636535e-09,5.82912727453463e-08,0.00167992319944706,-0.00167993576720893,0,
2.47964884277733,,,,,,5.83490339851888e-08
2.4808,-6.02087224922919e-09,5.81392855518518e-08,0.00167992346245567,-0.00167993550420017,0,
2.4804469273743,,,,,,5.82177584400923e-08
2.4816,-5.73851213003387e-09,5.79406577545885e-08,0.00167992374481571,-0.00167993522183997,0,
2.48124501197127,,,,,,5.80403784937984e-08
2.4824,-5.43655689079125e-09,5.76946762943477e-08,0.00167992404677086,-0.00167993491988464,0,
2.48204309656824,,,,,,5.78161861844239e-08
2.4832,-5.11476284351332e-09,5.74006281119206e-08,0.00167992436856481,-0.00167993459809049,0,
2.4828411811652,,,,,,5.75444735500855e-08
2.484,-4.77288630021206e-09,5.70578001480985e-08,0.00167992471044125,-0.00167993425621385,0,
2.48363926576217,,,,,,5.72245326289003e-08
2.4848,-4.41068357289945e-09,5.66654793436728e-08,0.00167992507264386,-0.00167993389401101,0,
2.48443735035914,,,,,,5.6855655458985e-08
2.4856,-4.02791097358729e-09,5.62229526394344e-08,0.00167992545541635,-0.00167993351123829,0,
2.48523543495611,,,,,,5.64371340784564e-08
2.4864,-3.62432481428797e-09,5.57295069761752e-08,0.00167992585900238,-0.00167993310765201,0,
2.48603351955307,,,,,,5.59682605254315e-08
2.4872,-3.19968140701327e-09,5.51844292946862e-08,0.00167992628364565,-0.00167993268300847,0,
2.48683160415004,,,,,,5.54483268380271e-08
2.488,-2.7537370637752e-09,5.45870065357587e-08,0.00167992672959066,-0.00167993223706479,0,
2.48762968874701,,,,,,5.48766250543599e-08
2.4888,-2.52970575253285e-09,5.39365256401839e-08,0.00167992695362243,-0.00167993201303394,0,
2.48842777334397,,,,,,5.4252447212547e-08
2.4896,-2.35773853924149e-09,5.32322735487529e-08,0.00167992712558971,-0.00167993184106679,0,
2.48922585794094,,,,,,5.35750853507051e-08
2.4904,-2.18539114301536e-09,5.24735372022576e-08,0.00167992729793711,-0.00167993166871939,0,
2.49002394253791,,,,,,5.28438315069511e-08
2.4912,-2.01291562534309e-09,5.16596035414889e-08,0.00167992747041262,-0.00167993149624387,0,
2.49082202713488,,,,,,5.20579777194018e-08
2.492,-1.84056404771344e-09,5.07897595072383e-08,0.0016799276427642,-0.0016799313238923,0,
2.49162011173184,,,,,,5.1216816026174e-08
2.4928,-1.66858847161513e-09,4.98632920402968e-08,0.00167992781473978,-0.00167993115191672,0,
2.49241819632881,,,,,,5.03196384653847e-08
2.4936,-1.49724095853682e-09,4.88794880814554e-08,0.00167992798608729,-0.00167993098056921,0,
2.49321628092578,,,,,,4.93657370751507e-08
2.4944,-1.32677356996743e-09,4.78376345715063e-08,0.00167992815655468,-0.00167993081010182,0,
2.49401436552275,,,,,,4.83544038935888e-08
2.4952,-1.1574383673956e-09,4.67370184512403e-08,0.00167992832588989,-0.00167993064076663,0,
2.49481245011971,,,,,,4.72849309588159e-08
2.496,-9.89487412310091e-10,4.55769266614488e-08,0.00167992849384085,-0.00167993047281567,0,
2.49561053471668,,,,,,4.61566103089489e-08
2.4968,-8.23172766199626e-10,4.43566461429229e-08,0.0016799286601555,-0.00167993030650103,0,
2.49640861931365,,,,,,4.49687339821045e-08
2.4976,-6.58746490552858e-10,4.30754638364534e-08,0.00167992882458178,-0.00167993014207476,0,
2.49720670391061,,,,,,4.37205940163996e-08
2.4984,-4.96460646858709e-10,4.17326666828328e-08,0.00167992898686763,-0.00167992997978892,0,
2.49800478850758,,,,,,4.24114824499512e-08
2.4992,-3.36567296605829e-10,4.03275416228518e-08,0.00167992914676099,-0.00167992981989558,0,
2.49880287310455,,,,,,4.1040691320876e-08
2.5,-1.79318501282955e-10,3.88593755973017e-08,0.00167992930400979,-0.00167992966264679,0,
2.49960095770152,,,,,,3.96075126672908e-08
2.5008,-2.49663223788293e-11,3.73274555469738e-08,0.00167992945836197,-0.00167992950829462,0,
2.50039904229848,,,,,,3.81112385273126e-08
2.5016,1.26237178617892e-10,3.57310684126584e-08,0.00167992960956548,-0.00167992935709112,0,
2.50119712689545,,,,,,3.65511609390582e-08
2.5024,2.74039940218302e-10,3.48764044151704e-08,0.00167992975736825,-0.00167992920928837,0,
2.50199521149242,,,,,,3.49265719406444e-08
2.5032,4.18189900933746e-10,3.48071106796713e-08,0.00167992990151822,-0.00167992906513842,0,
2.50279329608939,,,,,,3.48276612042998e-08
2.504,5.58434999275482e-10,3.47630397619107e-08,0.00167993004176333,-0.00167992892489333,0,
2.50359138068635,,,,,,3.47873344291262e-08
2.5048,6.94523173754771e-10,3.47118296430447e-08,0.00167993017785151,-0.00167992878880516,0,
2.50438946528332,,,,,,3.47398839072209e-08
2.5056,8.26202362882945e-10,3.46535170154057e-08,0.00167993030953071,-0.00167992865712598,0,
2.50518754988029,,,,,,3.46853460686201e-08
2.5064,9.53220505171119e-10,3.45881385713264e-08,0.00167993043654886,-0.00167992853010785,0,
2.50598563447725,,,,,,3.462375734336e-08
2.5072,1.07532553913063e-09,3.45157310031392e-08,0.0016799305586539,-0.00167992840800282,0,
2.50678371907422,,,,,,3.4555154161477e-08
2.508,1.19226540327273e-09,3.44363310031768e-08,0.00167993067559378,-0.00167992829106297,0,
2.50758180367119,,,,,,3.44795729530073e-08
2.5088,1.30378803610868e-09,3.43499752637716e-08,0.00167993078711642,-0.00167992817954035,0,
2.50837988826816,,,,,,3.43970501479872e-08
2.5096,1.40964137614981e-09,3.42567004772561e-08,0.00167993089296977,-0.00167992807368701,0,
2.50917797286512,,,,,,3.4307622176453e-08
2.5104,1.50957336190725e-09,3.4156543335963e-08,0.00167993099290176,-0.00167992797375504,0,
2.50997605746209,,,,,,3.42113254684408e-08
2.5112,1.60333193189232e-09,3.40495405322247e-08,0.00167993108666034,-0.00167992787999648,0,
2.51077414205906,,,,,,3.41081964539871e-08
2.512,1.69066502461629e-09,3.39357287583738e-08,0.00167993117399344,-0.00167992779266339,0,
2.51157222665603,,,,,,3.39982715631281e-08
2.5128,1.77132057859042e-09,3.38151447067429e-08,0.001679931254649,-0.00167992771200785,0,
2.51237031125299,,,,,,3.38815872259e-08
2.5136,1.84504653232599e-09,3.36878250696643e-08,0.00167993132837497,-0.0016799276382819,0,
2.51316839584996,,,,,,3.37581798723392e-08
2.5144,1.9115908243342e-09,3.35538065394707e-08,0.00167993139491926,-0.00167992757173762,0,
2.51396648044693,,,,,,3.36280859324818e-08
2.5152,1.97070139312635e-09,3.34131258084947e-08,0.00167993145402984,-0.00167992751262705,0,
2.51476456504389,,,,,,3.34913418363642e-08
2.516,2.02212617721369e-09,3.32658195690687e-08,0.00167993150545463,-0.00167992746120228,0,
2.51556264964086,,,,,,3.33479840140227e-08
2.5168,2.06561311510748e-09,3.31119245135254e-08,0.00167993154894157,-0.00167992741771534,0,
2.51636073423783,,,,,,3.31980488954935e-08
2.5176,2.10091014531901e-09,3.2951477334197e-08,0.00167993158423861,-0.00167992738241832,0,
2.5171588188348,,,,,,3.30415729108129e-08
2.5184,2.12776520635949e-09,3.27845147234164e-08,0.00167993161109367,-0.00167992735556326,0,
2.51795690343176,,,,,,3.28785924900172e-08
2.5192,2.1459262367402e-09,3.2611073373516e-08,0.00167993162925471,-0.00167992733740223,0,
2.51875498802873,,,,,,3.27091440631426e-08
2.52,2.15514117497242e-09,3.24311899768283e-08,0.00167993163846964,-0.00167992732818729,0,
2.5195530726257,,,,,,3.25332640602254e-08
2.5208,2.15515795956738e-09,3.22449012256859e-08,0.00167993163848643,-0.00167992732817051,0,
2.52035115722267,,,,,,3.23509889113019e-08
2.5216,2.14572452903636e-09,3.20522438124212e-08,0.00167993162905301,-0.00167992733760395,0,
2.52114924181963,,,,,,3.21623550464084e-08
2.5224,2.24688195418674e-09,3.18532544293669e-08,0.00167993173021035,-0.00167992723644644,0,
2.5219473264166,,,,,,3.19673988955812e-08
2.5232,2.3519809398722e-09,3.16479697688555e-08,0.00167993183530933,-0.00167992713134745,0,
2.52274541101357,,,,,,3.17661568888564e-08
2.524,2.45597250559408e-09,3.14364265232194e-08,0.0016799319393009,-0.00167992702735588,0,
2.52354349561053,,,,,,3.15586654562704e-08
2.5248,2.55881224949627e-09,3.12186613847913e-08,0.00167993204214064,-0.00167992692451614,0,
2.5243415802075,,,,,,3.13449610278595e-08
2.5256,2.66045576972268e-09,3.09947110459036e-08,0.00167993214378416,-0.00167992682287262,0,
2.52513966480447,,,,,,3.11250800336601e-08
2.5264,2.76085866441707e-09,3.0764612198889e-08,0.00167993224418706,-0.00167992672246973,0,
2.52593774940144,,,,,,3.08990589037081e-08
2.5272,2.85997653172338e-09,3.052840153608e-08,0.00167993234330493,-0.00167992662335187,0,
2.5267358339984,,,,,,3.066693406804e-08
2.528,2.95776496978546e-09,3.0286115749809e-08,0.00167993244109337,-0.00167992652556343,0,
2.52753391859537,,,,,,3.04287419566921e-08
2.5288,3.05417957674719e-09,3.00377915324086e-08,0.00167993253750798,-0.00167992642914882,0,
2.52833200319234,,,,,,3.01845189997006e-08
2.5296,3.1491759507525e-09,2.97834655762112e-08,0.00167993263250435,-0.00167992633415245,0,
2.52913008778931,,,,,,2.99343016271018e-08
2.5304,3.24270968994514e-09,2.95231745735497e-08,0.0016799327260381,-0.00167992624061872,0,
2.52992817238627,,,,,,2.96781262689319e-08
2.5312,3.33473639246904e-09,2.92569552167563e-08,0.0016799328180648,-0.00167992614859202,0,
2.53072625698324,,,,,,2.94160293552274e-08
2.532,3.42521165646807e-09,2.89848441981638e-08,0.00167993290854007,-0.00167992605811675,0,
2.53152434158021,,,,,,2.91480473160243e-08
2.5328,3.5140910800861e-09,2.87068782101045e-08,0.00167993299741949,-0.00167992596923733,0,
2.53232242617717,,,,,,2.88742165813591e-08
2.5336,3.60133026146705e-09,2.84230939449108e-08,0.00167993308465868,-0.00167992588199815,0,
2.53312051077414,,,,,,2.85945735812679e-08
2.5344,3.68688479875468e-09,2.81335280949157e-08,0.00167993317021321,-0.00167992579644362,0,
2.53391859537111,,,,,,2.8309154745787e-08
2.5352,3.77071029009293e-09,2.78382173524515e-08,0.00167993325403871,-0.00167992571261813,0,
2.53471667996808,,,,,,2.80179965049528e-08
2.536,3.85276233362565e-09,2.75371984098507e-08,0.00167993333609075,-0.00167992563056609,0,
2.53551476456504,,,,,,2.77211352888015e-08
2.5368,3.93299652749672e-09,2.72305079594458e-08,0.00167993341632495,-0.0016799255503319,0,
2.53631284916201,,,,,,2.74186075273693e-08
2.5376,4.01136846985006e-09,2.69181826935693e-08,0.00167993349469689,-0.00167992547195996,0,
2.53711093375898,,,,,,2.71104496506926e-08
2.5384,4.08783375882943e-09,2.6600259304554e-08,0.00167993357116219,-0.00167992539549467,0,
2.53790901835595,,,,,,2.67966980888076e-08
2.5392,4.16234799257876e-09,2.62767744847322e-08,0.00167993364567642,-0.00167992532098044,0,
2.53870710295291,,,,,,2.64773892717506e-08
2.54,4.23486676924193e-09,2.59477649264366e-08,0.0016799337181952,-0.00167992524846166,0,
2.53950518754988,,,,,,2.61525596295578e-08
2.5408,4.30534568696278e-09,2.56132673219995e-08,0.00167993378867412,-0.00167992517798275,0,
2.54030327214685,,,,,,2.58222455922656e-08
2.5416,4.37374034388525e-09,2.52733183637535e-08,0.00167993385706878,-0.00167992510958809,0,
2.54110135674381,,,,,,2.54864835899101e-08
2.5424,4.44000633815311e-09,2.49279547440313e-08,0.00167993392333478,-0.0016799250433221,0,
2.54189944134078,,,,,,2.51453100525278e-08
2.5432,4.50409926791028e-09,2.45772131551654e-08,0.00167993398742771,-0.00167992497922917,0,
2.54269752593775,,,,,,2.47987614101548e-08
2.544,4.56597473130063e-09,2.42211302894883e-08,0.00167993404930317,-0.00167992491735371,0,
2.54349561053472,,,,,,2.44468740928275e-08
2.5448,4.62558832646802e-09,2.38597428393325e-08,0.00167993410891677,-0.00167992485774012,0,
2.54429369513168,,,,,,2.4089684530582e-08
2.5456,4.68289565155636e-09,2.34930874970303e-08,0.0016799341662241,-0.00167992480043279,0,
2.54509177972865,,,,,,2.37272291534547e-08
2.5464,4.73785230470945e-09,2.31212009549147e-08,0.00167993422118075,-0.00167992474547614,0,
2.54588986432562,,,,,,2.33595443914819e-08
2.5472,4.79041388407121e-09,2.2744119905318e-08,0.00167993427374233,-0.00167992469291457,0,
2.54668794892259,,,,,,2.29866666746998e-08
2.548,4.84053598778548e-09,2.23618810405727e-08,0.00167993432386444,-0.00167992464279246,0,
2.54748603351955,,,,,,2.26086324331447e-08
2.5488,4.88817421399616e-09,2.19745210530114e-08,0.00167993437150267,-0.00167992459515424,0,
2.54828411811652,,,,,,2.22254780968528e-08
2.5496,4.93328416084712e-09,2.15820766349665e-08,0.00167993441661262,-0.00167992455004429,0,
2.54908220271349,,,,,,2.18372400958606e-08
2.5504,4.9758214264822e-09,2.11845844787708e-08,0.00167993445914988,-0.00167992450750703,0,
2.54988028731045,,,,,,2.14439548602041e-08
2.5512,5.01574160904527e-09,2.07820812767567e-08,0.00167993449907007,-0.00167992446758685,0,
2.55067837190742,,,,,,2.10456588199197e-08
2.552,5.05300030668023e-09,2.03746037212567e-08,0.00167993453632877,-0.00167992443032815,0,
2.55147645650439,,,,,,2.06423884050437e-08
2.5528,5.08755311753093e-09,1.99621885046034e-08,0.00167993457088158,-0.00167992439577534,0,
2.55227454110136,,,,,,2.02341800456123e-08
2.5536,5.11935563974126e-09,1.9544872319129e-08,0.0016799346026841,-0.00167992436397282,0,
2.55307262569832,,,,,,1.98210701716618e-08
2.5544,5.14836347145506e-09,1.91226918571666e-08,0.00167993463169194,-0.00167992433496499,0,
2.55387071029529,,,,,,1.94030952132286e-08
2.5552,5.17453221081621e-09,1.86956838110484e-08,0.00167993465786068,-0.00167992430879625,0,
2.55466879489226,,,,,,1.89802916003488e-08
2.556,5.19781745596859e-09,1.82638848731071e-08,0.00167993468114592,-0.00167992428551101,0,
2.55546687948923,,,,,,1.85526957630587e-08
2.5568,5.21817480505607e-09,1.78273317356751e-08,0.00167993470150327,-0.00167992426515366,0,
2.55626496408619,,,,,,1.81203441313946e-08
2.5576,5.23555985622251e-09,1.73860610910847e-08,0.00167993471888832,-0.00167992424776861,0,
2.55706304868316,,,,,,1.76832731353928e-08
2.5584,5.24992820761178e-09,1.69401096316689e-08,0.00167993473325668,-0.00167992423340026,0,
2.55786113328013,,,,,,1.72415192050896e-08
2.5592,5.26123545736776e-09,1.64895140497601e-08,0.00167993474456393,-0.00167992422209301,0,
2.5586592178771,,,,,,1.67951187705212e-08
2.56,5.2694372036343e-09,1.60343110376908e-08,0.00167993475276567,-0.00167992421389127,0,
2.55945730247406,,,,,,1.63441082617239e-08
2.5608,5.2744890445553e-09,1.55745372877934e-08,0.00167993475781751,-0.00167992420883943,0,
2.56025538707103,,,,,,1.5888524108734e-08
2.5616,5.2763465782746e-09,1.51102294924004e-08,0.00167993475967505,-0.00167992420698189,0,
2.561053471668,,,,,,1.54284027415877e-08
2.5624,5.27496540293609e-09,1.46414243438446e-08,0.00167993475829387,-0.00167992420836307,0,
2.56185155626496,,,,,,1.49637805903213e-08
2.5632,5.27030111668363e-09,1.41681585344585e-08,0.00167993475362959,-0.00167992421302735,0,
2.56264964086193,,,,,,1.44946940849712e-08
2.564,5.2623093176611e-09,1.36904687565745e-08,0.00167993474563779,-0.00167992422101915,0,
2.5634477254589,,,,,,1.40211796555735e-08
2.5648,5.25094560401236e-09,1.32083917025253e-08,0.00167993473427407,-0.00167992423238286,0,
2.56424581005587,,,,,,1.35432737321646e-08
2.5656,5.23616557388127e-09,1.27219640646429e-08,0.00167993471949404,-0.00167992424716289,0,
2.56504389465283,,,,,,1.30610127447806e-08
2.5664,5.21792482541172e-09,1.22312225352606e-08,0.00167993470125329,-0.00167992426540364,0,
2.5658419792498,,,,,,1.2574433123458e-08
2.5672,5.19617895674757e-09,1.17362038067105e-08,0.00167993467950742,-0.00167992428714951,0,
2.56664006384677,,,,,,1.20835712982329e-08
2.568,5.1708835660327e-09,1.12369445713253e-08,0.00167993465421203,-0.0016799243124449,0,
2.56743814844374,,,,,,1.15884636991417e-08
2.5688,5.14199425141097e-09,1.07334815214375e-08,0.00167993462532271,-0.00167992434133421,0,
2.5682362330407,,,,,,1.10891467562206e-08
2.5696,5.10946661102623e-09,1.02258513493792e-08,0.00167993459279507,-0.00167992437386185,0,
2.56903431763767,,,,,,1.05856568995059e-08
2.5704,5.0732562430224e-09,9.71409074748365e-09,0.0016799345565847,-0.00167992441007222,0,
2.56983240223464,,,,,,1.00780305590338e-08
2.5712,5.03331874554331e-09,9.19823640808306e-09,0.0016799345166472,-0.00167992445000971,0,
2.5706304868316,,,,,,9.56630416484071e-09
2.572,4.98960971673284e-09,8.67832502350995e-09,0.00167993447293817,-0.00167992449371874,0,
2.57142857142857,,,,,,9.0505141469628e-09
2.5728,4.94208475473487e-09,8.15439328609688e-09,0.00167993442541321,-0.0016799245412437,0,
2.57222665602554,,,,,,8.53069693543636e-09
2.5736,4.89069945769323e-09,7.62647788817608e-09,0.00167993437402791,-0.00167992459262899,0,
2.57302474062251,,,,,,8.00688896029768e-09
2.5744,4.83540942375185e-09,7.09461552208067e-09,0.00167993431873787,-0.00167992464791902,0,
2.57382282521947,,,,,,7.47912665158303e-09
2.5752,4.77617025105457e-09,6.55884288014289e-09,0.00167993425949869,-0.00167992470715819,0,
2.57462090981644,,,,,,6.94744643932869e-09
2.576,4.71293753774526e-09,6.01919665469529e-09,0.00167993419626598,-0.0016799247703909,0,
2.57541899441341,,,,,,6.41188475357122e-09
2.5768,4.64566688196779e-09,5.52641226440297e-09,0.00167993412899532,-0.00167992483766155,0,
2.57621707901037,,,,,,5.8724780243463e-09
2.5776,4.57431388186599e-09,5.13634099186593e-09,0.00167993405764231,-0.00167992490901455,0,
2.57701516360734,,,,,,5.39867495761133e-09
2.5784,4.49883413558382e-09,4.77914261636344e-09,0.00167993398216256,-0.00167992498449429,0,
2.57781324820431,,,,,,5.04068646723857e-09
2.5792,4.41918324126509e-09,4.42427163988312e-09,0.00167993390251166,-0.00167992506414518,0,
2.57861133280128,,,,,,4.68494129466658e-09
2.58,4.33531679705368e-09,4.07182817244618e-09,0.00167993381864521,-0.00167992514801162,0,
2.57940941739824,,,,,,4.33153883427706e-09
2.5808,4.24719040109346e-09,3.72191232407387e-09,0.00167993373051881,-0.00167992523613801,0,
2.58020750199521,,,,,,3.9805784804517e-09
2.5816,4.15475965152825e-09,3.37462420478723e-09,0.00167993363808805,-0.00167992532856875,0,
2.58100558659218,,,,,,3.63215962757217e-09
2.5824,4.05798014650202e-09,3.03006392460787e-09,0.00167993354130854,-0.00167992542534825,0,
2.58180367118915,,,,,,3.28638167002017e-09
2.5832,3.95680748415859e-09,2.68833159355683e-09,0.00167993344013587,-0.00167992552652091,0,
2.58260175578611,,,,,,2.94334400217739e-09
2.584,3.85119726264183e-09,2.34952732165536e-09,0.00167993333452565,-0.00167992563213112,0,
2.58339984038308,,,,,,2.60314601842549e-09
2.5848,3.74110508009561e-09,2.01375121892467e-09,0.00167993322443346,-0.0016799257422233,0,
2.58419792498005,,,,,,2.26588711314618e-09
2.5856,3.62648653466374e-09,1.68110339538583e-09,0.0016799331098149,-0.00167992585684183,0,
2.58499600957702,,,,,,1.93166668072113e-09
2.5864,3.5072972244902e-09,1.35168396106043e-09,0.00167993299062558,-0.00167992597603114,0,
2.58579409417398,,,,,,1.60058411553204e-09
2.5872,3.38349274771882e-09,1.02559302596953e-09,0.0016799328668211,-0.0016799260998356,0,
2.58659217877095,,,,,,1.27273881196058e-09
2.588,3.25502870249345e-09,7.02930700134349e-10,0.00167993273835707,-0.00167992622829966,0,
2.58739026336792,,,,,,9.48230164388444e-10
2.5888,3.14680524071826e-09,3.83797093576129e-10,0.00167993263013368,-0.0016799263365232,0,
2.58818834796488,,,,,,6.27157567197317e-10
2.5896,3.114332616458e-09,6.82923163159282e-11,0.00167993259766108,-0.00167992636899585,0,
2.58898643256185,,,,,,3.09620414768882e-10
2.5904,3.08121702266043e-09,-2.43483521624669e-10,0.00167993256454548,-0.00167992640211144,0,
2.58978451715882,,,,,,-4.28189851517285e-12
2.5912,3.04747250050804e-09,-5.51430310224605e-10,0.00167993253080096,-0.00167992643585596,0,
2.59058260175579,,,,,,-3.14449978273164e-10
2.592,3.01311309118331e-09,-8.55447939462648e-10,0.00167993249644155,-0.00167992647021537,0,
2.59138068635275,,,,,,-6.20784430123405e-10
2.5928,2.97815283586876e-09,-1.15543629931756e-09,0.0016799324614813,-0.00167992650517562,0,
2.59217877094972,,,,,,-9.23185859684211e-10
2.5936,2.94260577574686e-09,-1.45129527976812e-09,0.00167993242593424,-0.00167992654072268,0,
2.59297685554669,,,,,,-1.2215548725739e-09
2.5944,2.9064859520001e-09,-1.74292477079324e-09,0.00167993238981441,-0.00167992657684251,0,
2.59377494014366,,,,,,-1.51579207441078e-09
2.5952,2.86980740581102e-09,-2.03022466237137e-09,0.00167993235313587,-0.00167992661352105,0,
2.59457302474062,,,,,,-1.80579807081316e-09
2.596,2.83258417836209e-09,-2.31309484448144e-09,0.00167993231591264,-0.00167992665074428,0,
2.59537110933759,,,,,,-2.09147346739938e-09
2.5968,2.79483031083581e-09,-2.59143520710221e-09,0.00167993227815877,-0.00167992668849815,0,
2.59616919393456,,,,,,-2.37271886978772e-09
2.5976,2.75655984441467e-09,-2.86514564021246e-09,0.0016799322398883,-0.00167992672676861,0,
2.59696727853152,,,,,,-2.64943488359653e-09
2.5984,2.71778682028114e-09,-3.13412603379109e-09,0.00167993220111528,-0.00167992676554164,0,
2.59776536312849,,,,,,-2.9215221144441e-09
2.5992,2.67852527961778e-09,-3.39827627781657e-09,0.00167993216185374,-0.00167992680480318,0,
2.59856344772546,,,,,,-3.18888116794875e-09
2.6,2.63878926360705e-09,-3.65749626226783e-09,0.00167993212211772,-0.00167992684453919,0,
2.59936153232243,,,,,,-3.45141264972879e-09
2.6008,2.59859281343144e-09,-3.91168587712362e-09,0.00167993208192127,-0.00167992688473564,0,
2.60015961691939,,,,,,-3.70901716540255e-09
2.6016,2.55794997027347e-09,-4.16074501236272e-09,0.00167993204127843,-0.00167992692537849,0,
2.60095770151636,,,,,,-3.96159532058834e-09
2.6024,2.51687477531559e-09,-4.40457355796402e-09,0.00167993200020323,-0.00167992696645368,0,
2.60175578611333,,,,,,-4.20904772090446e-09
2.6032,2.47538126974035e-09,-4.64307140390602e-09,0.00167993195870973,-0.00167992700794719,0,
2.6025538707103,,,,,,-4.45127497196924e-09
2.604,2.43348349473022e-09,-4.87613844016763e-09,0.00167993191681195,-0.00167992704984496,0,
2.60335195530726,,,,,,-4.68817767940098e-09
2.6048,2.39119549146771e-09,-5.1036745567276e-09,0.00167993187452395,-0.00167992709213296,0,
2.60415003990423,,,,,,-4.91965644881801e-09
2.6056,2.3485313011353e-09,-5.32557964356472e-09,0.00167993183185976,-0.00167992713479715,0,
2.6049481245012,,,,,,-5.14561188583864e-09
2.6064,2.30550496491547e-09,-5.54175359065785e-09,0.00167993178883342,-0.00167992717782349,0,
2.60574620909816,,,,,,-5.36594459608119e-09
2.6072,2.26213052399077e-09,-5.75209628798553e-09,0.00167993174545898,-0.00167992722119793,0,
2.60654429369513,,,,,,-5.58055518516396e-09
2.608,2.21842201954366e-09,-5.95650762552664e-09,0.00167993170175048,-0.00167992726490644,0,
2.6073423782921,,,,,,-5.78934425870526e-09
2.6088,2.17439349275664e-09,-6.15488749325996e-09,0.00167993165772195,-0.00167992730893496,0,
2.60814046288907,,,,,,-5.99221242232343e-09
2.6096,2.13005898481221e-09,-6.34713578116425e-09,0.00167993161338744,-0.00167992735326947,0,
2.60893854748603,,,,,,-6.18906028163677e-09
2.6104,2.08543253689285e-09,-6.53315237921837e-09,0.00167993156876099,-0.00167992739789592,0,
2.609736632083,,,,,,-6.3797884422636e-09
2.6112,2.04052819018108e-09,-6.71283717740089e-09,0.00167993152385664,-0.00167992744280026,0,
2.61053471667997,,,,,,-6.56429750982222e-09
2.612,1.9953599858594e-09,-6.88609006569068e-09,0.00167993147868844,-0.00167992748796847,0,
2.61133280127694,,,,,,-6.74248808993096e-09
2.6128,1.94994196511028e-09,-7.0528109340665e-09,0.00167993143327042,-0.00167992753338649,0,
2.6121308858739,,,,,,-6.91426078820813e-09
2.6136,1.90428816911624e-09,-7.21289967250712e-09,0.00167993138761662,-0.00167992757904028,0,
2.61292897047087,,,,,,-7.07951621027205e-09
2.6144,1.85841263905974e-09,-7.3662561709914e-09,0.00167993134174109,-0.00167992762491581,0,
2.61372705506784,,,,,,-7.23815496174102e-09
2.6152,1.81232941612332e-09,-7.51278031949792e-09,0.00167993129565787,-0.00167992767099904,0,
2.6145251396648,,,,,,-7.39007764823337e-09
2.616,1.76605254148947e-09,-7.65237200800554e-09,0.001679931249381,-0.00167992771727591,0,
2.61532322426177,,,,,,-7.5351848753674e-09
2.6168,1.71959605634067e-09,-7.78493112649302e-09,0.00167993120292451,-0.0016799277637324,0,
2.61612130885874,,,,,,-7.67337724876144e-09
2.6176,1.67297400185942e-09,-7.91035756493915e-09,0.00167993115630246,-0.00167992781035445,0,
2.61691939345571,,,,,,-7.80455537403379e-09
2.6184,1.62620041922819e-09,-8.02855121332273e-09,0.00167993110952887,-0.00167992785712803,0,
2.61771747805267,,,,,,-7.92861985680278e-09
2.6192,1.57928934962953e-09,-8.13941196162242e-09,0.0016799310626178,-0.0016799279040391,0,
2.61851556264964,,,,,,-8.04547130268671e-09
2.62,1.53225483424592e-09,-8.24283969981704e-09,0.00167993101558329,-0.00167992795107362,0,
2.61931364724661,,,,,,-8.1550103173039e-09
2.6208,1.48511091425984e-09,-8.33873431788535e-09,0.00167993096843937,-0.00167992799821754,0,
2.62011173184358,,,,,,-8.25713750627267e-09
2.6216,1.43787163085379e-09,-8.42699570580613e-09,0.00167993092120008,-0.00167992804545682,0,
2.62090981644054,,,,,,-8.35175347521133e-09
2.6224,1.39055102521025e-09,-8.50752375355819e-09,0.00167993087387948,-0.00167992809277743,0,
2.62170790103751,,,,,,-8.43875882973819e-09
2.6232,1.34316313851175e-09,-8.5802183511202e-09,0.00167993082649159,-0.00167992814016531,0,
2.62250598563448,,,,,,-8.51805417547157e-09
2.624,1.29572201194078e-09,-8.64497938847097e-09,0.00167993077905046,-0.00167992818760644,0,
2.62330407023144,,,,,,-8.58954011802979e-09
2.6248,1.24824168667983e-09,-8.70170675558928e-09,0.00167993073157014,-0.00167992823508677,0,
2.62410215482841,,,,,,-8.65311726303116e-09
2.6256,1.20073620391139e-09,-8.75030034245388e-09,0.00167993068406466,-0.00167992828259225,0,
2.62490023942538,,,,,,-8.70868621609398e-09
2.6264,1.15321960481794e-09,-8.79066003904357e-09,0.00167993063654806,-0.00167992833010885,0,
2.62569832402235,,,,,,-8.75614758283656e-09
2.6272,1.10570593058202e-09,-8.82268573533706e-09,0.00167993058903438,-0.00167992837762252,0,
2.62649640861931,,,,,,-8.79540196887726e-09
2.628,1.0582092223861e-09,-8.84627732131316e-09,0.00167993054153767,-0.00167992842511923,0,
2.62729449321628,,,,,,-8.82634997983437e-09
2.6288,1.01074352141269e-09,-8.86133468695061e-09,0.00167993049407197,-0.00167992847258493,0,
2.62809257781325,,,,,,-8.8488922213262e-09
2.6296,9.63322868844266e-10,-8.8677577222282e-09,0.00167993044665132,-0.00167992852000558,0,
2.62889066241022,,,,,,-8.86292929897107e-09
2.6304,9.15961305863312e-10,-8.86544631712468e-09,0.00167993039928976,-0.00167992856736715,0,
2.62968874700718,,,,,,-8.86836181838728e-09
2.6312,8.68672873652372e-10,-8.85430036161883e-09,0.00167993035200133,-0.00167992861465558,0,
2.63048683160415,,,,,,-8.86509038519316e-09
2.632,8.21471613393918e-10,-8.83421974568939e-09,0.00167993030480007,-0.00167992866185684,0,
2.63128491620112,,,,,,-8.85301560500703e-09
2.6328,7.74371566270445e-10,-8.80510435931516e-09,0.00167993025770002,-0.00167992870895689,0,
2.63208300079808,,,,,,-8.83203808344718e-09
2.6336,7.2738677346445e-10,-8.7668540924749e-09,0.00167993021071523,-0.00167992875594168,0,
2.63288108539505,,,,,,-8.80205842613194e-09
2.6344,6.80531276158403e-10,-8.71936883514733e-09,0.00167993016385973,-0.00167992880279718,0,
2.63367916999202,,,,,,-8.76297723867963e-09
2.6352,6.33819115534852e-10,-8.66254847731128e-09,0.00167993011714757,-0.00167992884950934,0,
2.63447725458899,,,,,,-8.71469512670855e-09
2.636,5.87264332776267e-10,-8.5962929089455e-09,0.00167993007059279,-0.00167992889606412,0,
2.63527533918595,,,,,,-8.65711269583703e-09
2.6368,5.40880969065145e-10,-8.52050202002874e-09,0.00167993002420942,-0.00167992894244748,0,
2.63607342378292,,,,,,-8.59013055168338e-09
2.6376,4.94683065583983e-10,-8.43507570053978e-09,0.00167992997801152,-0.00167992898864539,0,
2.63687150837989,,,,,,-8.51364929986591e-09
2.6384,4.48684663515251e-10,-8.33991384045732e-09,0.00167992993201312,-0.00167992903464379,0,
2.63766959297686,,,,,,-8.42756954600293e-09
2.6392,4.02899804041496e-10,-8.23491632976024e-09,0.00167992988622826,-0.00167992908042865,0,
2.63846767757382,,,,,,-8.33179189571276e-09
2.64,3.57342528345189e-10,-8.11998305842726e-09,0.00167992984067098,-0.00167992912598593,0,
2.63926576217079,,,,,,-8.22621695461372e-09
2.6408,3.12026877608826e-10,-7.99501391643714e-09,0.00167992979535533,-0.00167992917130158,0,
2.64006384676776,,,,,,-8.11074532832412e-09
2.6416,2.66966893014905e-10,-7.85990879376864e-09,0.00167992975029535,-0.00167992921636156,0,
2.64086193136472,,,,,,-7.98527762246228e-09
2.6424,2.22176615745895e-10,-7.71456758040046e-09,0.00167992970550507,-0.00167992926115184,0,
2.64166001596169,,,,,,-7.8497144426465e-09
2.6432,1.77670086984344e-10,-7.55889016631152e-09,0.00167992966099854,-0.00167992930565837,0,
2.64245810055866,,,,,,-7.70395639449511e-09
2.644,1.33461347912723e-10,-7.3927764414805e-09,0.0016799296167898,-0.00167992934986711,0,
2.64325618515563,,,,,,-7.54790408362641e-09
2.6448,8.95644397135273e-11,-7.21612629588618e-09,0.0016799295728929,-0.00167992939376402,0,
2.64405426975259,,,,,,-7.38145811565874e-09
2.6456,4.59934035692543e-11,-7.02883961950731e-09,0.00167992952932186,-0.00167992943733505,0,
2.64485235434956,,,,,,-7.20451909621038e-09
2.6464,2.76228066237586e-12,-6.83081630232256e-09,0.00167992948609074,-0.00167992948056618,0,
2.64565043894653,,,,,,-7.01698763089967e-09
2.6472,-4.01148878245636e-11,-6.62195623431091e-09,0.00167992944321357,-0.00167992952344334,0,
2.6464485235435,,,,,,-6.81876432534492e-09
2.648,-8.26240607090919e-11,-6.40215930545102e-09,0.0016799294007044,-0.00167992956595252,0,
2.64724660814046,,,,,,-6.60974978516444e-09
2.6488,-1.24751196808713e-10,-6.17132540572165e-09,0.00167992935857726,-0.00167992960807965,0,
2.64804469273743,,,,,,-6.38984461597654e-09
2.6496,-1.66482254940929e-10,-5.92935442510158e-09,0.0016799293168462,-0.00167992964981071,0,
2.6488427773344,,,,,,-6.15894942339954e-09
2.6504,-2.07803193923269e-10,-5.67614625356943e-09,0.00167992927552526,-0.00167992969113165,0,
2.64964086193136,,,,,,-5.91696481305176e-09
2.6512,-2.48699972573189e-10,-5.41160078110423e-09,0.00167992923462848,-0.00167992973202843,0,
2.65043894652833,,,,,,-5.66379139055151e-09
2.652,-2.89158549708216e-10,-5.38132655107319e-09,0.00167992919416991,-0.00167992977248701,0,
2.6512370311253,,,,,,-5.39932976151711e-09
2.6528,-3.29164884145854e-10,-5.42539863964728e-09,0.00167992915416357,-0.00167992981249334,0,
2.65203511572227,,,,,,-5.38049795142933e-09
2.6536,-3.68704934703607e-10,-5.47129864178885e-09,0.00167992911462352,-0.00167992985203339,0,
2.65283320031923,,,,,,-5.42734758437794e-09
2.6544,-4.07764660198999e-10,-5.51609804762554e-09,0.0016799290755638,-0.00167992989109312,0,
2.6536312849162,,,,,,-5.47309181565491e-09
2.6552,-4.46330019449492e-10,-5.55980743034676e-09,0.00167992903699844,-0.00167992992965848,0,
2.65442936951317,,,,,,-5.51774114286693e-09
2.656,-4.90879684998267e-10,-5.60243736314199e-09,0.00167992899244877,-0.00167992997420814,0,
2.65522745411014,,,,,,-5.56130606362068e-09
2.6568,-5.41090293599611e-10,-5.64399841920068e-09,0.00167992894223816,-0.00167993002441874,0,
2.6560255387071,,,,,,-5.60379707552285e-09
2.6576,-5.91210435728104e-10,-5.6845011717123e-09,0.00167992889211802,-0.00167993007453889,0,
2.65682362330407,,,,,,-5.64522467618014e-09
2.6584,-6.41231302610874e-10,-5.72395619386633e-09,0.00167992884209715,-0.00167993012455975,0,
2.65762170790104,,,,,,-5.68559936319923e-09
2.6592,-6.91144085474968e-10,-5.76237405885218e-09,0.00167992879218437,-0.00167993017447254,0,
2.658419792498,,,,,,-5.72493163418681e-09
2.66,-7.40939975547514e-10,-5.79976533985934e-09,0.00167992874238848,-0.00167993022426843,0,
2.65921787709497,,,,,,-5.76323198674958e-09
2.6608,-7.90610164055613e-10,-5.83614061007725e-09,0.00167992869271829,-0.00167993027393862,0,
2.66001596169194,,,,,,-5.80051091849423e-09
2.6616,-8.40145842226368e-10,-5.87151044269539e-09,0.00167992864318261,-0.00167993032347429,0,
2.66081404628891,,,,,,-5.83677892702744e-09
2.6624,-8.89538201286907e-10,-5.90588541090322e-09,0.00167992859379025,-0.00167993037286665,0,
2.66161213088587,,,,,,-5.87204650995591e-09
2.6632,-9.38778432464276e-10,-5.93927608789017e-09,0.00167992854455002,-0.00167993042210688,0,
2.66241021548284,,,,,,-5.90632416488632e-09
2.664,-9.87857726985604e-10,-5.97169304684572e-09,0.00167992849547072,-0.00167993047118618,0,
2.66320830007981,,,,,,-5.93962238942537e-09
2.6648,-1.03676727607799e-09,-6.00314686095931e-09,0.00167992844656118,-0.00167993052009573,0,
2.66400638467678,,,,,,-5.97195168117975e-09
2.6656,-1.08549827096854e-09,-6.03364810342042e-09,0.00167992839783018,-0.00167993056882672,0,
2.66480446927374,,,,,,-6.00332253775614e-09
2.6664,-1.13404190288438e-09,-6.06323093580175e-09,0.00167992834928655,-0.00167993061737035,0,
2.66560255387071,,,,,,-6.03374545676125e-09
2.6672,-1.18238936305256e-09,-6.09183369983143e-09,0.00167992830093909,-0.00167993066571782,0,
2.66640063846768,,,,,,-6.06323093580175e-09
2.66719872306465,,,,,,-6.09178947248433e-09
2.668,-1.2305318427002e-09,-6.11953850899485e-09,0.00167992825279661,-0.00167993071386029,0,
2.66799680766161,,,,,,-6.1194315644157e-09
2.6688,-1.27846053305442e-09,-6.14633308965213e-09,0.00167992820486792,-0.00167993076178899,0,
2.66879489225858,,,,,,-6.14616770920254e-09
2.6696,-1.3261666253423e-09,-6.17222801499272e-09,0.00167992815716183,-0.00167993080949508,0,
2.66959297685555,,,,,,-6.17200840445153e-09
2.6704,-1.37364131079097e-09,-6.1972338582061e-09,0.00167992810968714,-0.00167993085696976,0,
2.67039106145251,,,,,,-6.19696414776937e-09
2.6712,-1.42087578062749e-09,-6.22136119248171e-09,0.00167992806245267,-0.00167993090420423,0,
2.67118914604948,,,,,,-6.22104543676276e-09
2.672,-1.46786122607898e-09,-6.244620591009e-09,0.00167992801546723,-0.00167993095118968,0,
2.67198723064645,,,,,,-6.24426276903837e-09
2.6728,-1.51458883837255e-09,-6.26702262697744e-09,0.00167992796873961,-0.00167993099791729,0,
2.67278531524342,,,,,,-6.2666266422029e-09
2.6736,-1.56104980873529e-09,-6.2885778735765e-09,0.00167992792227864,-0.00167993104437826,0,
2.67358339984038,,,,,,-6.28814755386304e-09
2.6744,-1.60723532839434e-09,-6.30929690399563e-09,0.00167992787609313,-0.00167993109056378,0,
2.67438148443735,,,,,,-6.30883600162549e-09
2.6752,-1.65313658857673e-09,-6.32919029142427e-09,0.00167992783019187,-0.00167993113646504,0,
2.67517956903432,,,,,,-6.32870248309691e-09
2.676,-1.69874478050961e-09,-6.3482686090519e-09,0.00167992778458367,-0.00167993118207323,0,
2.67597765363128,,,,,,-6.34775749588403e-09
2.6768,-1.74405109542006e-09,-6.36654243006798e-09,0.00167992773927736,-0.00167993122737955,0,
2.67677573822825,,,,,,-6.36601153759352e-09
2.6776,-1.7890467245352e-09,-6.38402232766195e-09,0.00167992769428173,-0.00167993127237518,0,
2.67757382282522,,,,,,-6.38347510583207e-09
2.6784,-1.83372285908215e-09,-6.40071887502329e-09,0.0016799276496056,-0.00167993131705131,0,
2.67837190742219,,,,,,-6.40015869820637e-09
2.6792,-1.87807069028795e-09,-6.41664264534144e-09,0.00167992760525777,-0.00167993136139915,0,
2.67916999201915,,,,,,-6.41607281232312e-09
2.68,-1.92208140937974e-09,-6.43180421180587e-09,0.00167992756124705,-0.00167993140540986,0,
2.67996807661612,,,,,,-6.431227945789e-09
2.6808,-1.96574620758462e-09,-6.44621414760603e-09,0.00167992751758225,-0.00167993144907466,0,
2.68076616121309,,,,,,-6.4456345962107e-09
2.6816,-2.00905627612969e-09,-6.45988302593139e-09,0.00167992747427218,-0.00167993149238473,0,
2.68156424581006,,,,,,-6.45930326119491e-09
2.6824,-2.05200280624207e-09,-6.4728214199714e-09,0.00167992743132565,-0.00167993153533126,0,
2.68236233040702,,,,,,-6.47224443834833e-09
2.6832,-2.09457698914882e-09,-6.48503990291552e-09,0.00167992738875147,-0.00167993157790545,0,
2.68316041500399,,,,,,-6.48446862527765e-09
2.684,-2.13677001607706e-09,-6.49654904795321e-09,0.00167992734655844,-0.00167993162009847,0,
2.68395849960096,,,,,,-6.49598631958954e-09
2.6848,-2.17857307825389e-09,-6.50735942827392e-09,0.00167992730475538,-0.00167993166190154,0,
2.68475658419792,,,,,,-6.50680801889071e-09
2.6856,-2.21997736690642e-09,-6.51748161706712e-09,0.00167992726335109,-0.00167993170330582,0,
2.68555466879489,,,,,,-6.51694422078785e-09
2.6864,-2.26097407326177e-09,-6.52692618752227e-09,0.00167992722235438,-0.00167993174430253,0,
2.68635275339186,,,,,,-6.52640542288764e-09
2.6872,-2.301554388547e-09,-6.53570371282882e-09,0.00167992718177407,-0.00167993178488285,0,
2.68715083798883,,,,,,-6.53520212279678e-09
2.688,-2.34170950398922e-09,-6.54382476617622e-09,0.00167992714161895,-0.00167993182503796,0,
2.68794892258579,,,,,,-6.54334481812196e-09
2.6888,-2.38143061081554e-09,-6.55129992075395e-09,0.00167992710189785,-0.00167993186475907,0,
2.68874700718276,,,,,,-6.55084400646985e-09
2.6896,-2.42070890025307e-09,-6.55813974975146e-09,0.00167992706261956,-0.00167993190403736,0,
2.68954509177973,,,,,,-6.55771018544717e-09
2.6904,-2.45953556352892e-09,-6.5643548263582e-09,0.00167992702379289,-0.00167993194286402,0,
2.6903431763767,,,,,,-6.5639538526606e-09
2.6912,-2.49790179187016e-09,-6.56995572376364e-09,0.00167992698542667,-0.00167993198123025,0,
2.69114126097366,,,,,,-6.56958550571682e-09
2.692,-2.5357987765039e-09,-6.57495301515723e-09,0.00167992694752968,-0.00167993201912724,0,
2.69193934557063,,,,,,-6.57461564222252e-09
2.6928,-2.57321770865724e-09,-6.57935727372843e-09,0.00167992691011075,-0.00167993205654617,0,
2.6927374301676,,,,,,-6.57905475978441e-09
2.6936,-2.6101497795573e-09,-6.5831790726667e-09,0.00167992687317868,-0.00167993209347824,0,
2.69353551476456,,,,,,-6.58291335600916e-09
2.6944,-2.64658618043119e-09,-6.58642898516151e-09,0.00167992683674228,-0.00167993212991464,0,
2.69433359936153,,,,,,-6.58620192850347e-09
2.6952,-2.68251810250596e-09,-6.58911758440229e-09,0.00167992680081036,-0.00167993216584656,0,
2.6951316839585,,,,,,-6.58893097487403e-09
2.696,-2.71793673700875e-09,-6.59125544357853e-09,0.00167992676539172,-0.0016799322012652,0,
2.69592976855547,,,,,,-6.59111099272753e-09
2.6968,-2.75283327516666e-09,-6.59285313587967e-09,0.00167992673049519,-0.00167993223616174,0,
2.69672785315243,,,,,,-6.59275247967066e-09
2.6976,-2.78719890820678e-09,-6.59392123449517e-09,0.00167992669612955,-0.00167993227052737,0,
2.6975259377494,,,,,,-6.59386593331011e-09
2.6984,-2.82102482735621e-09,-6.59447031261449e-09,0.00167992666230363,-0.00167993230435329,0,
2.69832402234637,,,,,,-6.59446185125257e-09
2.6992,-2.85430222384208e-09,-6.5945109434271e-09,0.00167992662902624,-0.00167993233763069,0,
2.69912210694334,,,,,,-6.59455073110473e-09
2.7,-2.88702228889146e-09,-6.59405370012244e-09,0.00167992659630617,-0.00167993237035075,0,
2.6999201915403,,,,,,-6.59414307047327e-09
2.7008,-2.91917621373145e-09,-6.59310915588997e-09,0.00167992656415225,-0.00167993240250468,0,
2.70071827613727,,,,,,-6.5932493669649e-09
2.7016,-2.95075518958917e-09,-6.59168788391917e-09,0.00167992653257327,-0.00167993243408365,0,
2.70151636073424,,,,,,-6.5918801181863e-09
2.7024,-2.98175040769171e-09,-6.58980045739947e-09,0.00167992650157805,-0.00167993246507887,0,
2.70231444533121,,,,,,-6.59004582174416e-09
2.7032,-3.01215305926619e-09,-6.58745744952035e-09,0.0016799264711754,-0.00167993249548152,0,
2.70311252992817,,,,,,-6.58775697524518e-09
2.704,-3.04195433553968e-09,-6.58466943347126e-09,0.00167992644137413,-0.0016799325252828,0,
2.70391061452514,,,,,,-6.58502407629603e-09
2.7048,-3.07114542773929e-09,-6.58144698244166e-09,0.00167992641218304,-0.00167993255447389,0,
2.70470869912211,,,,,,-6.58185762250342e-09
2.7056,-3.09971752709214e-09,-6.577800669621e-09,0.00167992638361094,-0.00167993258304599,0,
2.70550678371907,,,,,,-6.57826811147403e-09
2.7064,-3.12766182482532e-09,-6.57374106819875e-09,0.00167992635566664,-0.00167993261099029,0,
2.70630486831604,,,,,,-6.57426604081455e-09
2.7072,-3.15496951216594e-09,-6.56927875136436e-09,0.00167992632835895,-0.00167993263829798,0,
2.70710295291301,,,,,,-6.56986190813168e-09
2.708,-3.18163178034108e-09,-6.5644242923073e-09,0.00167992630169668,-0.00167993266496024,0,
2.70790103750998,,,,,,-6.56506621103209e-09
2.7088,-3.20763982057785e-09,-6.55918826421702e-09,0.00167992627568864,-0.00167993269096829,0,
2.70869912210694,,,,,,-6.55988944712249e-09
2.7096,-3.23298482410336e-09,-6.55358124028298e-09,0.00167992625034364,-0.00167993271631329,0,
2.70949720670391,,,,,,-6.55434211400957e-09
2.7104,-3.25765798214471e-09,-6.54761379369464e-09,0.00167992622567048,-0.00167993274098645,0,
2.71029529130088,,,,,,-6.54843470930001e-09
2.7112,-3.28165048592901e-09,-6.54129649764145e-09,0.00167992620167798,-0.00167993276497895,0,
2.71109337589785,,,,,,-6.54217773060051e-09
2.712,-3.30495352668333e-09,-6.53463992531288e-09,0.00167992617837494,-0.00167993278828199,0,
2.71189146049481,,,,,,-6.53558167551775e-09
2.7128,-3.3275582956348e-09,-6.52765464989838e-09,0.00167992615577017,-0.00167993281088676,0,
2.71268954509178,,,,,,-6.52865704165842e-09
2.7136,-3.3494559840105e-09,-6.52035124458742e-09,0.00167992613387248,-0.00167993283278445,0,
2.71348762968875,,,,,,-6.52141432662922e-09
2.7144,-3.37063778303755e-09,-6.51274028256944e-09,0.00167992611269068,-0.00167993285396625,0,
2.71428571428571,,,,,,-6.51386402803684e-09
2.7152,-3.39109488394306e-09,-6.50483233703391e-09,0.00167992609223358,-0.00167993287442335,0,
2.71508379888268,,,,,,-6.50601664348796e-09
2.716,-3.4108184779541e-09,-6.49663798117029e-09,0.00167992607250999,-0.00167993289414694,0,
2.71588188347965,,,,,,-6.49788267058928e-09
2.7168,-3.42979975629779e-09,-6.48816778816804e-09,0.00167992605352871,-0.00167993291312822,0,
2.71667996807662,,,,,,-6.48947260694749e-09
2.7176,-3.44802991020123e-09,-6.47943233121662e-09,0.00167992603529856,-0.00167993293135838,0,
2.71747805267358,,,,,,-6.48079695016927e-09
2.7184,-3.46550013089151e-09,-6.47044218350547e-09,0.00167992601782834,-0.0016799329488286,0,
2.71827613727055,,,,,,-6.47186619786132e-09
2.7192,-3.48220160959576e-09,-6.46120791822406e-09,0.00167992600112686,-0.00167993296553008,0,
2.71907422186752,,,,,,-6.46269084763033e-09
2.72,-3.49812553754105e-09,-6.45174010856186e-09,0.00167992598520293,-0.00167993298145401,0,
2.71987230646449,,,,,,-6.45328139708298e-09
2.7208,-3.5132631059545e-09,-6.44204932770832e-09,0.00167992597006536,-0.00167993299659157,0,
2.72067039106145,,,,,,-6.44364834382598e-09
2.7216,-3.5276055060632e-09,-6.43214614885289e-09,0.00167992595572296,-0.00167993301093397,0,
2.72146847565842,,,,,,-6.433802185466e-09
2.7224,-3.54114392909426e-09,-6.42204114518504e-09,0.00167992594218454,-0.0016799330244724,0,
2.72226656025539,,,,,,-6.42375341960974e-09
2.7232,-3.55386956627478e-09,-6.41174488989421e-09,0.0016799259294589,-0.00167993303719803,0,
2.72306464485235,,,,,,-6.41351254386389e-09
2.724,-3.56577360883186e-09,-6.40126795616989e-09,0.00167992591755486,-0.00167993304910208,0,
2.72386272944932,,,,,,-6.40309005583514e-09
2.7248,-3.57684724799259e-09,-6.39062091720151e-09,0.00167992590648122,-0.00167993306017572,0,
2.72466081404629,,,,,,-6.39249645313018e-09
2.7256,-3.58708167498409e-09,-6.37981434617854e-09,0.00167992589624679,-0.00167993307041014,0,
2.72545889864326,,,,,,-6.3817422333557e-09
2.7264,-3.59646808103346e-09,-6.36885881629045e-09,0.00167992588686039,-0.00167993307979655,0,
2.72625698324022,,,,,,-6.37083789411839e-09
2.7272,-3.60499765736779e-09,-6.35776490072667e-09,0.00167992587833081,-0.00167993308832613,0,
2.72705506783719,,,,,,-6.35979393302494e-09
2.728,-3.61266159521418e-09,-6.34654317267668e-09,0.00167992587066687,-0.00167993309599006,0,
2.72785315243416,,,,,,-6.34862084768204e-09
2.7288,-3.61945108579974e-09,-6.33520420532993e-09,0.00167992586387738,-0.00167993310277956,0,
2.72865123703113,,,,,,-6.33732913569639e-09
2.7296,-3.62535732035157e-09,-6.32375857187589e-09,0.00167992585797115,-0.00167993310868579,0,
2.72944932162809,,,,,,-6.32592929467466e-09
2.7304,-3.63037149009677e-09,-6.31221684550401e-09,0.00167992585295698,-0.00167993311369996,0,
2.73024740622506,,,,,,-6.31443182222356e-09
2.7312,-3.63448478626244e-09,-6.30058959940373e-09,0.00167992584884368,-0.00167993311781326,0,
2.73104549082203,,,,,,-6.30284721594976e-09
2.732,-3.63768840007569e-09,-6.28888740676454e-09,0.00167992584564007,-0.00167993312101687,0,
2.73184357541899,,,,,,-6.29118597345997e-09
2.7328,-3.63997352276361e-09,-6.27712084077589e-09,0.00167992584335495,-0.00167993312330199,0,
2.73264166001596,,,,,,-6.27945859236088e-09
2.7336,-3.6413313455533e-09,-6.26530047462723e-09,0.00167992584199712,-0.00167993312465982,0,
2.73343974461293,,,,,,-6.26767557025916e-09
2.7344,-3.64175305967187e-09,-6.25343688150803e-09,0.00167992584157541,-0.00167993312508153,0,
2.7342378292099,,,,,,-6.25584740476152e-09
2.7352,-3.64122985634642e-09,-6.24154063460772e-09,0.00167992584209861,-0.00167993312455833,0,
2.73503591380686,,,,,,-6.24398459347464e-09
2.736,-3.63975292680405e-09,-6.2296223071158e-09,0.00167992584357554,-0.0016799331230814,0,
2.73583399840383,,,,,,-6.23209763400522e-09
2.7368,-3.63731346227186e-09,-6.2176924722217e-09,0.00167992584601501,-0.00167993312064193,0,
2.7366320830008,,,,,,-6.22019702395994e-09
2.7376,-3.63390265397695e-09,-6.20576170311489e-09,0.00167992584942582,-0.00167993311723112,0,
2.73743016759777,,,,,,-6.2082932609455e-09
2.7384,-3.62951169314643e-09,-6.19384057298482e-09,0.00167992585381678,-0.00167993311284016,0,
2.73822825219473,,,,,,-6.19639684256858e-09
2.7392,-3.62413177100738e-09,-6.18193965502095e-09,0.0016799258591967,-0.00167993310746024,0,
2.7390263367917,,,,,,-6.18451826643587e-09
2.74,-3.61775407878693e-09,-6.17006952241274e-09,0.00167992586557439,-0.00167993310108255,0,
2.73982442138867,,,,,,-6.17266803015407e-09
2.7408,-3.61036980771217e-09,-6.15824074834966e-09,0.00167992587295866,-0.00167993309369828,0,
2.74062250598563,,,,,,-6.16085663132987e-09
2.7416,-3.60197014901019e-09,-6.14646390602116e-09,0.00167992588135832,-0.00167993308529862,0,
2.7414205905826,,,,,,-6.14909456756995e-09
2.7424,-3.5925462939081e-09,-6.13474956861669e-09,0.00167992589078217,-0.00167993307587476,0,
2.74221867517957,,,,,,-6.13739233648101e-09
2.7432,-3.582089433633e-09,-6.12310830932571e-09,0.00167992590123904,-0.0016799330654179,0,
2.74301675977654,,,,,,-6.12576043566973e-09
2.744,-3.570590759412e-09,-6.11155070133769e-09,0.00167992591273771,-0.00167993305391923,0,
2.7438148443735,,,,,,-6.11420936274282e-09
2.7448,-3.55804146247219e-09,-6.10008731784208e-09,0.00167992592528701,-0.00167993304136993,0,
2.74461292897047,,,,,,-6.10274961530695e-09
2.7456,-3.54443273404068e-09,-6.08872873202835e-09,0.00167992593889573,-0.0016799330277612,0,
2.74541101356744,,,,,,-6.09139169096881e-09
2.7464,-3.52975576534456e-09,-6.07748551708595e-09,0.0016799259535727,-0.00167993301308423,0,
2.74620909816441,,,,,,-6.08014608733511e-09
2.7472,-3.51400174761094e-09,-6.06636824620432e-09,0.00167992596932672,-0.00167993299733022,0,
2.74700718276137,,,,,,-6.06902330201252e-09
2.748,-3.49716187206692e-09,-6.05538749257295e-09,0.0016799259861666,-0.00167993298049034,0,
2.74780526735834,,,,,,-6.05803383260774e-09
2.7488,-3.47922732993961e-09,-6.04455382938128e-09,0.00167992600410114,-0.0016799329625558,0,
2.74860335195531,,,,,,-6.04718817672746e-09
2.7496,-3.46018931245609e-09,-6.03387782981878e-09,0.00167992602313915,-0.00167993294351778,0,
2.74940143655227,,,,,,-6.03649683197837e-09
2.7504,-3.44003901084348e-09,-6.0233700670749e-09,0.00167992604328946,-0.00167993292336748,0,
2.75019952114924,,,,,,-6.02597029596716e-09
2.7512,-3.41876761632886e-09,-6.01304111433909e-09,0.00167992606456085,-0.00167993290209608,0,
2.75099760574621,,,,,,-6.01561906630051e-09
2.752,-3.39636632013937e-09,-6.00290154480083e-09,0.00167992608696215,-0.00167993287969479,0,
2.75179569034318,,,,,,-6.00545364058513e-09
2.7528,-3.37282631350207e-09,-5.99296193164956e-09,0.00167992611050215,-0.00167993285615478,0,
2.75259377494014,,,,,,-5.9954845164277e-09
2.7536,-3.34813878764409e-09,-5.98323284807475e-09,0.00167992613518968,-0.00167993283146725,0,
2.75339185953711,,,,,,-5.98572219143491e-09
2.7544,-3.32229493379252e-09,-5.97372486726586e-09,0.00167992616103353,-0.0016799328056234,0,
2.75418994413408,,,,,,-5.97617716321345e-09
2.7552,-3.29528594317445e-09,-5.96444856241233e-09,0.00167992618804252,-0.00167993277861441,0,
2.75498802873105,,,,,,-5.96685992937001e-09
2.756,-3.267103007017e-09,-5.95541450670363e-09,0.00167992621622546,-0.00167993275043147,0,
2.75578611332801,,,,,,-5.95778098751128e-09
2.7568,-3.23773731654727e-09,-5.94663327332923e-09,0.00167992624559115,-0.00167993272106578,0,
2.75658419792498,,,,,,-5.94895083524395e-09
2.7576,-3.20718006299235e-09,-5.93811543547858e-09,0.0016799262761484,-0.00167993269050853,0,
2.75738228252195,,,,,,-5.94037997017472e-09
2.7584,-3.17542243757935e-09,-5.92987156634113e-09,0.00167992630790602,-0.0016799326587509,0,
2.75818036711891,,,,,,-5.93207888991027e-09
2.7592,-3.14245563153535e-09,-5.92191223910634e-09,0.00167992634087283,-0.00167993262578409,0,
2.75897845171588,,,,,,-5.92405809205729e-09
2.76,-3.10827083608749e-09,-5.91424802696368e-09,0.00167992637505762,-0.0016799325915993,0,
2.75977653631285,,,,,,-5.91632807422247e-09
2.7608,-3.07285924246285e-09,-5.9068895031026e-09,0.00167992641046922,-0.0016799325561877,0,
2.76057462090982,,,,,,-5.90889933401251e-09
2.7616,-3.03621204188853e-09,-5.89984724071256e-09,0.00167992644711642,-0.0016799325195405,0,
2.76137270550678,,,,,,-5.90178236903409e-09
2.7624,-2.99832042559163e-09,-5.89313181298302e-09,0.00167992648500803,-0.00167993248164888,0,
2.76217079010375,,,,,,-5.8949876768939e-09
2.7632,-2.95917558479924e-09,-5.88675379310344e-09,0.00167992652415287,-0.00167993244250404,0,
2.76296887470072,,,,,,-5.88852575519864e-09
2.764,-2.9187687107385e-09,-5.88072375426327e-09,0.00167992656455975,-0.00167993240209717,0,
2.76376695929769,,,,,,-5.88240710155499e-09
2.7648,-2.87709099463648e-09,-5.87505226965198e-09,0.00167992660623746,-0.00167993236041945,0,
2.76456504389465,,,,,,-5.87664221356965e-09
2.7656,-2.8341336277203e-09,-5.86974991245902e-09,0.00167992664919483,-0.00167993231746208,0,
2.76536312849162,,,,,,-5.8712415888493e-09
2.7664,-2.78988780121704e-09,-5.86482725587385e-09,0.00167992669344065,-0.00167993227321626,0,
2.76616121308859,,,,,,-5.86621572500064e-09
2.7672,-2.74434470635379e-09,-5.86029487308592e-09,0.00167992673898375,-0.00167993222767316,0,
2.76695929768555,,,,,,-5.86157511963035e-09
2.768,-2.6974955343577e-09,-5.85616333728471e-09,0.00167992678583292,-0.00167993218082399,0,
2.76775738228252,,,,,,-5.85733027034513e-09
2.7688,-2.64933147645584e-09,-5.85244322165967e-09,0.00167992683399698,-0.00167993213265993,0,
2.76855546687949,,,,,,-5.85349167475166e-09
2.7696,-2.59984372387532e-09,-5.84914509940025e-09,0.00167992688348473,-0.00167993208317217,0,
2.76935355147646,,,,,,-5.85006983045664e-09
2.7704,-2.54902346784324e-09,-5.84627954369591e-09,0.00167992693430498,-0.00167993203235192,0,
2.77015163607342,,,,,,-5.84707523506676e-09
2.7712,-2.49686189958667e-09,-5.84385712773612e-09,0.00167992698646655,-0.00167993198019035,0,
2.77094972067039,,,,,,-5.84451838618871e-09
2.772,-2.44335021033276e-09,-5.84188842471032e-09,0.00167992703997824,-0.00167993192667866,0,
2.77174780526736,,,,,,-5.84240978142917e-09
2.7728,-2.3884795913086e-09,-5.84038400780799e-09,0.00167992709484886,-0.00167993187180804,0,
2.77254588986433,,,,,,-5.84075991839484e-09
2.7736,-2.33224123374128e-09,-5.83935445021857e-09,0.00167992715108721,-0.00167993181556968,0,
2.77334397446129,,,,,,-5.83957929469241e-09
2.7744,-2.2746263288579e-09,-5.83881032513153e-09,0.00167992720870212,-0.00167993175795477,0,
2.77414205905826,,,,,,-5.83887840792857e-09
2.7752,-2.21562606788553e-09,-5.83876220573632e-09,0.00167992726770238,-0.00167993169895451,0,
2.77494014365523,,,,,,-5.83866775571e-09
2.776,-2.15523164205135e-09,-5.8392206652224e-09,0.0016799273280968,-0.00167993163856008,0,
2.77573822825219,,,,,,-5.83895783564341e-09
2.7768,-2.09343424258241e-09,-5.84019627677924e-09,0.0016799273898942,-0.00167993157676268,0,
2.77653631284916,,,,,,-5.83975914533547e-09
2.7776,-2.03022506070582e-09,-5.84169961359628e-09,0.00167992745310338,-0.0016799315135535,0,
2.77733439744613,,,,,,-5.84108218239288e-09
2.7784,-1.96559528764868e-09,-5.843741248863e-09,0.00167992751773315,-0.00167993144892373,0,
2.7781324820431,,,,,,-5.84293744442233e-09
2.7792,-1.89953611463806e-09,-5.84633175576884e-09,0.00167992758379232,-0.00167993138286455,0,
2.77893056664006,,,,,,-5.84533542903052e-09
2.78,-1.83203873290112e-09,-5.84948170750326e-09,0.0016799276512897,-0.00167993131536717,0,
2.77972865123703,,,,,,-5.84828663382412e-09
2.7808,-1.76309433366494e-09,-5.85320167725573e-09,0.0016799277202341,-0.00167993124642277,0,
2.780526735834,,,,,,-5.85180155640983e-09
2.7816,-1.69269410815662e-09,-5.8575022382157e-09,0.00167992779063432,-0.00167993117602254,0,
2.78132482043097,,,,,,-5.85589069439435e-09
2.7824,-1.62082924760325e-09,-5.86239396357264e-09,0.00167992786249918,-0.00167993110415768,0,
2.78212290502793,,,,,,-5.86056454538436e-09
2.7832,-1.5474909432319e-09,-5.86788742651599e-09,0.00167992793583749,-0.00167993103081937,0,
2.7829209896249,,,,,,-5.86583360698654e-09
2.784,-1.47267038626976e-09,-5.87399320023522e-09,0.00167992801065804,-0.00167993095599881,0,
2.78371907422187,,,,,,-5.8717083768076e-09
2.7848,-1.39635876794387e-09,-5.88072185791978e-09,0.00167992808696966,-0.00167993087968719,0,
2.78451715881883,,,,,,-5.87819935245422e-09
2.7856,-1.31854727948135e-09,-5.88808397275914e-09,0.00167992816478114,-0.0016799308018757,0,
2.7853152434158,,,,,,-5.8853170315331e-09
2.7864,-1.23922711210929e-09,-5.89609011794275e-09,0.00167992824410131,-0.00167993072255553,0,
2.78611332801277,,,,,,-5.89307191165092e-09
2.7872,-1.15838945705475e-09,-5.90475086666008e-09,0.00167992832493896,-0.00167993064171788,0,
2.78691141260974,,,,,,-5.90147449041437e-09
2.788,-1.07602550554492e-09,-5.91407679210057e-09,0.00167992840730291,-0.00167993055935392,0,
2.7877094972067,,,,,,-5.91053526543014e-09
2.7888,-9.92126448806857e-10,-5.92407846745369e-09,0.00167992849120197,-0.00167993047545487,0,
2.78850758180367,,,,,,-5.92026473430493e-09
2.7896,-9.13743143031368e-10,-5.93476646590889e-09,0.00167992856958532,-0.00167993039707161,0,
2.78930566640064,,,,,,-5.93067339464542e-09
2.7904,-9.02908185161418e-10,-5.94615136065565e-09,0.00167992858042028,-0.00167993038623665,0,
2.79010375099761,,,,,,-5.9417717440583e-09
2.7912,-8.92021931159569e-10,-5.95824372488341e-09,0.00167992859130654,-0.0016799303753504,0,
2.79090183559457,,,,,,-5.95357028015028e-09
2.792,-8.81086312027389e-10,-5.97105413178163e-09,0.00167992860224216,-0.00167993036441478,0,
2.79169992019154,,,,,,-5.96607950052802e-09
2.7928,-8.70103258766427e-10,-5.98459315453976e-09,0.00167992861322521,-0.00167993035343173,0,
2.79249800478851,,,,,,-5.97930990279823e-09
2.7936,-8.59074702378239e-10,-5.99887136634728e-09,0.00167992862425377,-0.00167993034240317,0,
2.79329608938547,,,,,,-5.9932719845676e-09
2.7944,-8.4800257386438e-10,-6.01389934039364e-09,0.0016799286353259,-0.00167993033133104,0,
2.79409417398244,,,,,,-6.00797624344281e-09
2.7952,-8.368888042264e-10,-6.02968764986829e-09,0.00167992864643966,-0.00167993032021727,0,
2.79489225857941,,,,,,-6.02343317703056e-09
2.796,-8.25735324465868e-10,-6.0462468679607e-09,0.00167992865759314,-0.00167993030906379,0,
2.79569034317638,,,,,,-6.03965328293753e-09
2.7968,-8.14544065584331e-10,-6.06358756786032e-09,0.0016799286687844,-0.00167993029787253,0,
2.79648842777334,,,,,,-6.05664705877042e-09
2.7976,-8.03316958583346e-10,-6.08172032275661e-09,0.00167992868001151,-0.00167993028664543,0,
2.79728651237031,,,,,,-6.07442500213592e-09
2.7984,-7.92055934464469e-10,-6.10065570583903e-09,0.00167992869127253,-0.0016799302753844,0,
2.79808459696728,,,,,,-6.09299761064072e-09
2.7992,-7.80762924229249e-10,-6.12040429029705e-09,0.00167992870256554,-0.00167993026409139,0,
2.79888268156425,,,,,,-6.1123753818915e-09
2.8,-7.69439858879253e-10,-6.1409766493201e-09,0.00167992871388861,-0.00167993025276833,0,
2.79968076616121,,,,,,-6.13256881349496e-09
2.8008,-7.58088669416032e-10,-6.14739340043357e-09,0.0016799287252398,-0.00167993024141714,0,
2.80047885075818,,,,,,-6.15358840305779e-09
2.8016,-7.4671128684114e-10,-6.12281165274313e-09,0.00167992873661718,-0.00167993023003976,0,
2.80127693535515,,,,,,-6.13819326731171e-09
2.8024,-7.35309642156134e-10,-6.08463560147277e-09,0.00167992874801883,-0.00167993021863811,0,
2.80207501995211,,,,,,-6.10019520760673e-09
2.8032,-7.2388566636257e-10,-6.04624689002727e-09,0.0016799287594428,-0.00167993020721414,0,
2.80287310454908,,,,,,-6.06198399411468e-09
2.804,-7.12441290461995e-10,-6.0076492480715e-09,0.00167992877088718,-0.00167993019576976,0,
2.80367118914605,,,,,,-6.02356332983878e-09
2.8048,-7.00978445455979e-10,-5.96884640527036e-09,0.00167992878235002,-0.00167993018430691,0,
2.80446927374302,,,,,,-5.9849369177823e-09
2.8056,-6.89499062346071e-10,-5.92984209128869e-09,0.00167992879382941,-0.00167993017282753,0,
2.80526735833998,,,,,,-5.94610846094848e-09
2.8064,-6.78005072133826e-10,-5.89064003579137e-09,0.0016799288053234,-0.00167993016133354,0,
2.80606544293695,,,,,,-5.90708166234056e-09
2.8072,-6.66498405820801e-10,-5.85124396844326e-09,0.00167992881683006,-0.00167993014982687,0,
2.80686352753392,,,,,,-5.86786022496177e-09
2.808,-6.54980994408543e-10,-5.81165761890921e-09,0.00167992882834747,-0.00167993013830946,0,
2.80766161213089,,,,,,-5.82844785181538e-09
2.8088,-6.43454768898622e-10,-5.77188471685412e-09,0.0016799288398737,-0.00167993012678324,0,
2.80845969672785,,,,,,-5.78884824590462e-09
2.8096,-6.31921660292588e-10,-5.73192899194285e-09,0.00167992885140681,-0.00167993011525013,0,
2.80925778132482,,,,,,-5.74906511023273e-09
2.8104,-6.20383599591994e-10,-5.69179417384026e-09,0.00167992886294487,-0.00167993010371207,0,
2.81005586592179,,,,,,-5.70910214780297e-09
2.8112,-6.08842517798398e-10,-5.65148399221121e-09,0.00167992887448595,-0.00167993009217099,0,
2.81085395051876,,,,,,-5.66896306161856e-09
2.812,-5.97300345913348e-10,-5.61100217672056e-09,0.00167992888602812,-0.00167993008062881,0,
2.81165203511572,,,,,,-5.62865155468277e-09
2.8128,-5.85759014938412e-10,-5.57035245703321e-09,0.00167992889756945,-0.00167993006908748,0,
2.81245011971269,,,,,,-5.58817132999882e-09
2.8136,-5.74220455875141e-10,-5.52953856281401e-09,0.00167992890910801,-0.00167993005754892,0,
2.81324820430966,,,,,,-5.54752609056997e-09
2.8144,-5.62686599725088e-10,-5.48856422372784e-09,0.00167992892064187,-0.00167993004601507,0,
2.81404628890662,,,,,,-5.50671953939946e-09
2.8152,-5.51159377489811e-10,-5.44743316943954e-09,0.00167992893216909,-0.00167993003448785,0,
2.81484437350359,,,,,,-5.46575537949054e-09
2.816,-5.39640720170859e-10,-5.40614912961398e-09,0.00167992894368775,-0.00167993002296919,0,
2.81564245810056,,,,,,-5.42463731384644e-09
2.8168,-5.28132558769798e-10,-5.36471583391605e-09,0.00167992895519591,-0.00167993001146103,0,
2.81644054269753,,,,,,-5.38336904547042e-09
2.8176,-5.1663682428818e-10,-5.32313701201062e-09,0.00167992896669164,-0.00167992999996529,0,
2.81723862729449,,,,,,-5.34195427736571e-09
2.8184,-5.05155447727559e-10,-5.28141639356254e-09,0.00167992897817302,-0.00167992998848392,0,
2.81803671189146,,,,,,-5.30039671253556e-09
2.8192,-4.93690360089491e-10,-5.23955770823668e-09,0.00167992898963811,-0.00167992997701883,0,
2.81883479648843,,,,,,-5.25870005398321e-09
2.82,-4.82243492375526e-10,-5.19756468569788e-09,0.00167992900108498,-0.00167992996557196,0,
2.8196328810854,,,,,,-5.21686800471191e-09
2.8208,-4.70816775587231e-10,-5.15544105561107e-09,0.00167992901251169,-0.00167992995414524,0,
2.82043096568236,,,,,,-5.1749042677249e-09
2.8216,-4.59412140726155e-10,-5.11319054764108e-09,0.00167992902391633,-0.00167992994274061,0,
2.82122905027933,,,,,,-5.13281254602543e-09
2.8224,-4.48031518793856e-10,-5.07081689145278e-09,0.00167992903529695,-0.00167992993135999,0,
2.8220271348763,,,,,,-5.09059654261674e-09
2.8232,-4.36676840791887e-10,-5.02832381671103e-09,0.00167992904665163,-0.00167992992000531,0,
2.82282521947326,,,,,,-5.04825996050207e-09
2.824,-4.25350037721799e-10,-4.9857150530807e-09,0.00167992905797843,-0.00167992990867851,0,
2.82362330407023,,,,,,-5.00580650268467e-09
2.8248,-4.14053040585159e-10,-4.94299433022667e-09,0.00167992906927543,-0.00167992989738151,0,
2.8244213886672,,,,,,-4.96323987216778e-09
2.8256,-4.02787780383517e-10,-4.90016537781381e-09,0.00167992908054069,-0.00167992988611625,0,
2.82521947326417,,,,,,-4.92056377195467e-09
2.8264,-3.91556188118429e-10,-4.85723192550698e-09,0.00167992909177228,-0.00167992987488466,0,
2.82601755786113,,,,,,-4.87778190504854e-09
2.8272,-3.80360194791449e-10,-4.81419770297104e-09,0.00167992910296827,-0.00167992986368866,0,
2.8268156424581,,,,,,-4.83489797445265e-09
2.828,-3.69201731404128e-10,-4.77106643987084e-09,0.00167992911412674,-0.0016799298525302,0,
2.82761372705507,,,,,,-4.79191568317025e-09
2.8288,-3.58082728958034e-10,-4.7278418658713e-09,0.00167992912524574,-0.0016799298414112,0,
2.82841181165203,,,,,,-4.74883873420458e-09
2.8296,-3.47005118454715e-10,-4.68452771063725e-09,0.00167992913632335,-0.00167992983033359,0,
2.829209896249,,,,,,-4.70567083055889e-09
2.8304,-3.35970830895727e-10,-4.64112770383357e-09,0.00167992914735764,-0.0016799298192993,0,
2.83000798084597,,,,,,-4.66241567523642e-09
2.8312,-3.24981797282627e-10,-4.59764557512511e-09,0.00167992915834667,-0.00167992980831027,0,
2.83080606544294,,,,,,-4.61907697124041e-09
2.832,-3.14039948616963e-10,-4.55408505417674e-09,0.00167992916928852,-0.00167992979736842,0,
2.8316041500399,,,,,,-4.57565842157411e-09
2.8328,-3.03147215900304e-10,-4.51044987065336e-09,0.00167992918018125,-0.00167992978647568,0,
2.83240223463687,,,,,,-4.53216372924076e-09
2.8336,-2.92305530134198e-10,-4.46674375421981e-09,0.00167992919102294,-0.001679929775634,0,
2.83320031923384,,,,,,-4.4885965972436e-09
2.8344,-2.81516822320202e-10,-4.42297043454096e-09,0.00167992920181165,-0.00167992976484529,0,
2.83399840383081,,,,,,-4.44496072858589e-09
2.8352,-2.70783023459871e-10,-4.37913364128168e-09,0.00167992921254545,-0.00167992975411149,0,
2.83479648842777,,,,,,-4.40125982627086e-09
2.836,-2.60106064554755e-10,-4.33523710410681e-09,0.0016799292232224,-0.00167992974343453,0,
2.83559457302474,,,,,,-4.35749759330176e-09
2.8368,-2.4948787660642e-10,-4.29128455268127e-09,0.00167992923384059,-0.00167992973281635,0,
2.83639265762171,,,,,,-4.31367773268183e-09
2.8376,-2.38930390616418e-10,-4.24727971666991e-09,0.00167992924439808,-0.00167992972225886,0,
2.83719074221868,,,,,,-4.26980394741432e-09
2.8384,-2.28435537586303e-10,-4.20322632573758e-09,0.00167992925489293,-0.00167992971176401,0,
2.83798882681564,,,,,,-4.22587994050247e-09
2.8392,-2.18005248517631e-10,-4.15912810954915e-09,0.00167992926532322,-0.00167992970133372,0,
2.83878691141261,,,,,,-4.18190941494952e-09
2.84,-2.07641454411952e-10,-4.11498879776948e-09,0.00167992927568701,-0.00167992969096992,0,
2.83958499600958,,,,,,-4.13789607375871e-09
2.8408,-1.97346086270832e-10,-4.07081212006347e-09,0.00167992928598238,-0.00167992968067456,0,
2.84038308060654,,,,,,-4.09384361993331e-09
2.8416,-1.87121075095823e-10,-4.02660180609597e-09,0.00167992929620739,-0.00167992967044954,0,
2.84118116520351,,,,,,-4.04975575647653e-09
2.8424,-1.76968351888479e-10,-3.98236158553185e-09,0.00167992930636012,-0.00167992966029682,0,
2.84197924980048,,,,,,-4.00563618639164e-09
2.8432,-1.66889847650356e-10,-3.93809518803596e-09,0.00167992931643862,-0.00167992965021832,0,
2.84277733439745,,,,,,-3.96148861268187e-09
2.844,-1.56887493383004e-10,-3.89380634327317e-09,0.00167992932644098,-0.00167992964021596,0,
2.84357541899441,,,,,,-3.91731673835047e-09
2.8448,-1.4696322008799e-10,-3.84949878090837e-09,0.00167992933636525,-0.00167992963029169,0,
2.84437350359138,,,,,,-3.87312426640068e-09
2.8456,-1.37118958766864e-10,-3.80517623060642e-09,0.00167992934620951,-0.00167992962044743,0,
2.84517158818835,,,,,,-3.82891489983575e-09
2.8464,-1.27356640421181e-10,-3.76084242203218e-09,0.00167992935597183,-0.00167992961068511,0,
2.84596967278532,,,,,,-3.78469234165892e-09
2.8472,-1.17678196052497e-10,-3.71650108485053e-09,0.00167992936565027,-0.00167992960100666,0,
2.84676775738228,,,,,,-3.74046029487344e-09
2.848,-1.08085556662363e-10,-3.67215594872629e-09,0.00167992937524291,-0.00167992959141403,0,
2.84756584197925,,,,,,-3.69622246248254e-09
2.8488,-9.85806532523438e-11,-3.62781074332439e-09,0.00167992938474782,-0.00167992958190912,0,
2.84836392657622,,,,,,-3.65198254748947e-09
2.8496,-8.91654168239906e-11,-3.58346919830968e-09,0.00167992939416305,-0.00167992957249389,0,
2.84916201117318,,,,,,-3.60774425289748e-09
2.8504,-7.98417783788588e-11,-3.53913504334701e-09,0.00167992940348669,-0.00167992956317025,0,
2.84996009577015,,,,,,-3.56351128170981e-09
2.8512,-7.06116689185041e-11,-3.49481200810126e-09,0.0016799294127168,-0.00167992955394014,0,
2.85075818036712,,,,,,-3.5192873369297e-09
2.852,-6.14770194444768e-11,-3.45050382223728e-09,0.00167992942185145,-0.00167992954480549,0,
2.85155626496409,,,,,,-3.47507612156041e-09
2.8528,-5.24397609583429e-11,-3.40621421541996e-09,0.00167992943088871,-0.00167992953576823,0,
2.85235434956105,,,,,,-3.43088133860516e-09
2.8536,-4.35018244616526e-11,-3.36194691731416e-09,0.00167992943982664,-0.00167992952683029,0,
2.85315243415802,,,,,,-3.38670669106721e-09
2.8544,-3.4665140955962e-11,-3.31770565758476e-09,0.00167992944866333,-0.00167992951799361,0,
2.85395051875499,,,,,,-3.3425558819498e-09
2.8552,-2.59316414428263e-11,-3.2734941658966e-09,0.00167992945739683,-0.00167992950926011,0,
2.85474860335196,,,,,,-3.29843261425618e-09
2.856,-1.73032569237963e-11,-3.22931617191454e-09,0.00167992946602521,-0.00167992950063173,0,
2.85554668794892,,,,,,-3.25434059098959e-09
2.8568,-8.78191840043765e-12,-3.18517540530349e-09,0.00167992947454655,-0.00167992949211039,0,
2.85634477254589,,,,,,-3.21028351515326e-09
2.8576,-3.69556874300333e-13,-3.1410755957283e-09,0.00167992948295891,-0.00167992948369803,0,
2.85714285714286,,,,,,-3.16626508975046e-09
2.8584,7.9318966530592e-12,-3.09702047285383e-09,0.00167992949126037,-0.00167992947539657,0,
2.85794094173982,,,,,,-3.12228901778441e-09
2.8592,1.61205111800859e-11,-3.05301376634495e-09,0.00167992949944898,-0.00167992946720796,0,
2.85873902633679,,,,,,-3.07835900225837e-09
2.86,2.41943557052286e-11,-3.00905920586651e-09,0.00167992950752282,-0.00167992945913411,0,
2.85953711093376,,,,,,-3.03447874617558e-09
2.8608,3.21514992269223e-11,-2.96516052108341e-09,0.00167992951547997,-0.00167992945117697,0,
2.86033519553073,,,,,,-2.99065195253927e-09
2.8616,3.99900107436165e-11,-2.92132144166051e-09,0.00167992952331848,-0.00167992944333846,0,
2.86113328012769,,,,,,-2.94688232435271e-09
2.8624,4.77079592537551e-11,-2.87754569726267e-09,0.00167992953103643,-0.00167992943562051,0,
2.86193136472466,,,,,,-2.90317356461913e-09
2.8632,5.53034137557829e-11,-2.83383701755475e-09,0.00167992953863188,-0.00167992942802506,0,
2.86272944932163,,,,,,-2.85952937634177e-09
2.864,6.2774443248148e-11,-2.7901991322016e-09,0.00167992954610291,-0.00167992942055403,0,
2.8635275339186,,,,,,-2.81595346252388e-09
2.8648,7.0119116729287e-11,-2.74663577086814e-09,0.00167992955344759,-0.00167992941320935,0,
2.86432561851556,,,,,,-2.7724495261687e-09
2.8656,7.7335503197648e-11,-2.70315066321921e-09,0.00167992956066397,-0.00167992940599297,0,
2.86512370311253,,,,,,-2.72902127027948e-09
2.8664,8.44216716516757e-11,-2.65974753891968e-09,0.00167992956775014,-0.0016799293989068,0,
2.8659217877095,,,,,,-2.68567239785946e-09
2.8672,9.13756910898145e-11,-2.61643012763441e-09,0.00167992957470416,-0.00167992939195278,0,
2.86671987230646,,,,,,-2.64240661191188e-09
2.868,9.81956305105121e-11,-2.57320215902824e-09,0.0016799295815241,-0.00167992938513284,0,
2.86751795690343,,,,,,-2.59922761544e-09
2.8688,1.04879558912206e-10,-2.5300673627661e-09,0.00167992958820803,-0.00167992937844891,0,
2.8683160415004,,,,,,-2.55613911144704e-09
2.8696,1.11425545293344e-10,-2.48702946851283e-09,0.00167992959475401,-0.00167992937190292,0,
2.86911412609737,,,,,,-2.51314480293626e-09
2.8704,1.17831658652371e-10,-2.44409220593329e-09,0.00167992960116013,-0.00167992936549681,0,
2.86991221069433,,,,,,-2.47024839291091e-09
2.8712,1.24095967987731e-10,-2.40125930469235e-09,0.00167992960742444,-0.0016799293592325,0,
2.8707102952913,,,,,,-2.42745358437421e-09
2.872,1.30216542297871e-10,-2.35853449445485e-09,0.00167992961354501,-0.00167992935311193,0,
2.87150837988827,,,,,,-2.38476408032943e-09
2.8728,1.3619145058123e-10,-2.31592150488571e-09,0.00167992961951992,-0.00167992934713702,0,
2.87230646448524,,,,,,-2.3421835837798e-09
2.8736,1.42018761836255e-10,-2.27342406564978e-09,0.00167992962534723,-0.00167992934130971,0,
2.8731045490822,,,,,,-2.29971579772856e-09
2.8744,1.47696545061391e-10,-2.23104590641192e-09,0.00167992963102501,-0.00167992933563192,0,
2.87390263367917,,,,,,-2.25736442517897e-09
2.8752,1.53222869255082e-10,-2.18879075683699e-09,0.00167992963655134,-0.0016799293301056,0,
2.87470071827614,,,,,,-2.21513316913426e-09
2.876,1.58595803415775e-10,-2.14666234658985e-09,0.00167992964192427,-0.00167992932473267,0,
2.8754988028731,,,,,,-2.17302573259771e-09
2.8768,1.63813416541909e-10,-2.1046644053354e-09,0.00167992964714189,-0.00167992931951505,0,
2.87629688747007,,,,,,-2.1310458185725e-09
2.8776,1.68873777631931e-10,-2.06280066273849e-09,0.00167992965220225,-0.00167992931445469,0,
2.87709497206704,,,,,,-2.08919713006191e-09
2.8784,1.73774955684286e-10,-2.02107484846399e-09,0.00167992965710342,-0.00167992930955351,0,
2.87789305666401,,,,,,-2.04748337006918e-09
2.8792,1.78515019697418e-10,-1.97949069217676e-09,0.00167992966184349,-0.00167992930481345,0,
2.87869114126097,,,,,,-2.00590824159755e-09
2.88,1.83092038669774e-10,-1.93805192354165e-09,0.00167992966642051,-0.00167992930023643,0,
2.87948922585794,,,,,,-1.96447544765028e-09
2.8808,1.87504081599793e-10,-1.89676227222358e-09,0.00167992967083255,-0.00167992929582439,0,
2.88028731045491,,,,,,-1.92318869123059e-09
2.8816,1.91749217485922e-10,-1.85562546788738e-09,0.00167992967507769,-0.00167992929157925,0,
2.88108539505188,,,,,,-1.88205167534175e-09
2.8824,1.95825515326606e-10,-1.81464524019792e-09,0.00167992967915398,-0.00167992928750295,0,
2.88188347964884,,,,,,-1.84106810298698e-09
2.8832,1.99731044120289e-10,-1.77382531882008e-09,0.00167992968305951,-0.00167992928359743,0,
2.88268156424581,,,,,,-1.80024167716954e-09
2.884,2.03463872865417e-10,-1.73316943341869e-09,0.00167992968679234,-0.0016799292798646,0,
2.88347964884278,,,,,,-1.75957610089267e-09
2.8848,2.07022070560431e-10,-1.69268131365867e-09,0.00167992969035054,-0.0016799292763064,0,
2.88427773343974,,,,,,-1.71907507715961e-09
2.8856,2.10403706203778e-10,-1.65236468920487e-09,0.00167992969373218,-0.00167992927292476,0,
2.88507581803671,,,,,,-1.67874230897361e-09
2.8864,2.13606848793901e-10,-1.61222328972214e-09,0.00167992969693532,-0.00167992926972162,0,
2.88587390263368,,,,,,-1.63858149933791e-09
2.8872,2.16629567329245e-10,-1.57226084487537e-09,0.00167992969995804,-0.0016799292666989,0,
2.88667198723065,,,,,,-1.59859635125576e-09
2.888,2.19469930808256e-10,-1.53248108432939e-09,0.0016799297027984,-0.00167992926385854,0,
2.88747007182761,,,,,,-1.55879056773039e-09
2.8888,2.22126008229375e-10,-1.49288773774911e-09,0.00167992970545448,-0.00167992926120246,0,
2.88826815642458,,,,,,-1.51916785176506e-09
2.8896,2.24595868591049e-10,-1.45348453479938e-09,0.00167992970792434,-0.0016799292587326,0,
2.88906624102155,,,,,,-1.479731906363e-09
2.8904,2.26877580891721e-10,-1.41427520514507e-09,0.00167992971020605,-0.00167992925645089,0,
2.88986432561852,,,,,,-1.44048643452746e-09
2.8912,2.28969214129836e-10,-1.37526347845105e-09,0.00167992971229768,-0.00167992925435926,0,
2.89066241021548,,,,,,-1.40143513926169e-09
2.892,2.3086883730384e-10,-1.33645308438215e-09,0.00167992971419731,-0.00167992925245963,0,
2.89146049481245,,,,,,-1.36258172356893e-09
2.8928,2.32574519412174e-10,-1.2978477526033e-09,0.00167992971590299,-0.00167992925075395,0,
2.89225857940942,,,,,,-1.32392989045243e-09
2.8936,2.34084329453285e-10,-1.25945121277934e-09,0.0016799297174128,-0.00167992924924414,0,
2.89305666400638,,,,,,-1.28548334291541e-09
2.8944,2.35396336425616e-10,-1.22126719457513e-09,0.00167992971872481,-0.00167992924793213,0,
2.89385474860335,,,,,,-1.24724578396115e-09
2.8952,2.36508609327612e-10,-1.18329942765554e-09,0.00167992971983708,-0.00167992924681986,0,
2.89465283320032,,,,,,-1.20922091659286e-09
2.896,2.37419217157719e-10,-1.14555164168542e-09,0.00167992972074769,-0.00167992924590925,0,
2.89545091779729,,,,,,-1.17141244381381e-09
2.8968,2.38126228914378e-10,-1.10802756632968e-09,0.0016799297214547,-0.00167992924520224,0,
2.89624900239425,,,,,,-1.13382406862722e-09
2.8976,2.38627713596036e-10,-1.07073093125316e-09,0.00167992972195618,-0.00167992924470076,0,
2.89704708699122,,,,,,-1.09645949403636e-09
2.8984,2.38921740201136e-10,-1.03366546612073e-09,0.00167992972225021,-0.00167992924440673,0,
2.89784517158819,,,,,,-1.05932242304445e-09
2.8992,2.39006377728124e-10,-9.96834900597264e-10,0.00167992972233485,-0.00167992924432209,0,
2.89864325618516,,,,,,-1.02241655865476e-09
2.9,2.38879695175443e-10,-9.60242964347601e-10,0.00167992972220816,-0.00167992924444877,0,
2.89944134078212,,,,,,-9.85745603870507e-10
2.9008,2.38539761541537e-10,-9.23893387036653e-10,0.00167992972186823,-0.00167992924478871,0,
2.90023942537909,,,,,,-9.49313261694951e-10
2.9016,2.37984645824853e-10,-8.87789898329266e-10,0.00167992972131312,-0.00167992924534382,0,
2.90103750997606,,,,,,-9.13123235131332e-10
2.9024,2.37212417023832e-10,-8.51936227890307e-10,0.00167992972054089,-0.00167992924611605,0,
2.90183559457302,,,,,,-8.77179227182895e-10
2.9032,2.36221144136921e-10,-8.16336105384644e-10,0.00167992971954961,-0.00167992924710733,0,
2.90263367916999,,,,,,-8.41484940852883e-10
2.904,2.35008896162562e-10,-7.80993260477124e-10,0.00167992971833737,-0.00167992924831957,0,
2.90343176376696,,,,,,-8.0604407914454e-10
2.9048,2.33573742099202e-10,-7.45911422832654e-10,0.00167992971690221,-0.00167992924975473,0,
2.90422984836393,,,,,,-7.7086034506111e-10
2.9056,2.31913750945284e-10,-7.11094322116082e-10,0.00167992971524222,-0.00167992925141472,0,
2.90502793296089,,,,,,-7.35937441605838e-10
2.9064,2.30026991699253e-10,-6.76545687992275e-10,0.00167992971335546,-0.00167992925330148,0,
2.90582601755786,,,,,,-7.01279071781968e-10
2.9072,2.27911533359553e-10,-6.42269250126101e-10,0.00167992971124,-0.00167992925541694,0,
2.90662410215483,,,,,,-6.66888938592742e-10
2.908,2.25565444924629e-10,-6.08268738182426e-10,0.00167992970889391,-0.00167992925776302,0,
2.9074221867518,,,,,,-6.32770745041406e-10
2.9088,2.22986795392922e-10,-5.745478818261e-10,0.00167992970631527,-0.00167992926034167,0,
2.90822027134876,,,,,,-5.98928194131204e-10
2.9096,2.20173653762882e-10,-5.41110410722028e-10,0.00167992970350212,-0.00167992926315482,0,
2.90901835594573,,,,,,-5.65364988865379e-10
2.9104,2.1712408903295e-10,-5.07960054535057e-10,0.00167992970045256,-0.00167992926620438,0,
2.9098164405427,,,,,,-5.32084832247175e-10
2.9112,2.13836170201571e-10,-4.75100542930056e-10,0.00167992969716464,-0.0016799292694923,0,
2.91061452513966,,,,,,-4.99091427279837e-10
2.912,2.1030796626719e-10,-4.42535605571891e-10,0.00167992969363644,-0.0016799292730205,0,
2.91141260973663,,,,,,-4.66388476966608e-10
2.9128,2.06537546228248e-10,-4.10268972125413e-10,0.00167992968986602,-0.00167992927679092,0,
2.9122106943336,,,,,,-4.33979684310733e-10
2.9136,2.02522979083195e-10,-3.78304372255525e-10,0.00167992968585145,-0.00167992928080549,0,
2.91300877893057,,,,,,-4.01868752315455e-10
2.9144,1.98262333830472e-10,-3.46645535627075e-10,0.0016799296815908,-0.00167992928506614,0,
2.91380686352753,,,,,,-3.70059383984019e-10
2.9152,1.93753679468524e-10,-3.15296191904931e-10,0.00167992967708215,-0.00167992928957479,0,
2.9146049481245,,,,,,-3.38555282319669e-10
2.916,1.88995084995796e-10,-2.84260070753961e-10,0.00167992967232355,-0.00167992929433338,0,
2.91540303272147,,,,,,-3.07360150325647e-10
2.9168,1.83984619410729e-10,-2.53540901839015e-10,0.00167992966731309,-0.00167992929934385,0,
2.91620111731844,,,,,,-2.764776910052e-10
2.9176,1.78720351711773e-10,-2.23142414824994e-10,0.00167992966204882,-0.00167992930460812,0,
2.9169992019154,,,,,,-2.4591160736157e-10
2.9184,1.7320035089737e-10,-1.9306833937675e-10,0.00167992965652882,-0.00167992931012812,0,
2.91779728651237,,,,,,-2.15665602398002e-10
2.9192,1.67422685965963e-10,-1.63322405159147e-10,0.00167992965075116,-0.00167992931590578,0,
2.91859537110934,,,,,,-1.85743379117739e-10
2.92,1.61385425915999e-10,-1.33908341837056e-10,0.0016799296447139,-0.00167992932194304,0,
2.91939345570631,,,,,,-1.56148640524026e-10
2.9208,1.55086639745916e-10,-1.04829879075327e-10,0.00167992963841511,-0.00167992932824183,0,
2.92019154030327,,,,,,-1.26885089620107e-10
2.9216,1.48524396454167e-10,-7.60907465388583e-11,0.00167992963185287,-0.00167992933480407,0,
2.92098962490024,,,,,,-9.79564294092247e-11
2.9224,1.41696765039193e-10,-4.76946738925026e-11,0.00167992962502523,-0.0016799293416317,0,
2.92178770949721,,,,,,-6.93663628946245e-11
2.9232,1.34601814499438e-10,-1.96453908011268e-11,0.00167992961793028,-0.00167992934872666,0,
2.92258579409417,,,,,,-4.11185930795501e-11
2.924,1.35937919605665e-10,8.05337307040174e-12,0.00167992961926639,-0.00167992934739055,0,
2.92338387869114,,,,,,-1.32168229672453e-11
2.9248,1.41656048382272e-10,3.53978880572307e-11,0.00167992962498452,-0.00167992934167242,0,
2.92418196328811,,,,,,1.43352444390458e-11
2.9256,1.47337759843325e-10,6.23844244944623e-11,0.00167992963066623,-0.00167992933599071,0,
2.92498004788508,,,,,,4.15339061360791e-11
2.9264,1.52982522772165e-10,8.90092527172443e-11,0.00167992963631099,-0.00167992933034595,0,
2.92577813248204,,,,,,6.83754591205957e-11
2.9272,1.58589805952125e-10,1.1526864306071e-10,0.00167992964191828,-0.00167992932473866,0,
2.92657621707901,,,,,,9.48562003893815e-11
2.928,1.64159078166541e-10,1.41158865859991e-10,0.00167992964748755,-0.00167992931916939,0,
2.92737430167598,,,,,,1.20972426939178e-10
2.9288,1.69689808198751e-10,1.66676191450235e-10,0.00167992965301828,-0.00167992931363866,0,
2.92817238627294,,,,,,1.4672043576674e-10
2.9296,1.75181464832084e-10,1.91816890166546e-10,0.00167992965850993,-0.001679929308147,0,
2.92897047086991,,,,,,1.72096523868825e-10
2.9304,1.80633516849878e-10,2.1657723234407e-10,0.00167992966396199,-0.00167992930269495,0,
2.92976855546688,,,,,,1.97096988242188e-10
2.9312,1.86045433035469e-10,2.4095348831794e-10,0.0016799296693739,-0.00167992929728304,0,
2.93056664006385,,,,,,2.21718125883584e-10
2.932,1.91416682172192e-10,2.6494192842329e-10,0.00167992967474515,-0.00167992929191179,0,
2.93136472466081,,,,,,2.45956233789771e-10
2.9328,1.96746733043384e-10,2.88538822995264e-10,0.0016799296800752,-0.00167992928658174,0,
2.93216280925778,,,,,,2.69807608957505e-10
2.9336,2.02035054432375e-10,3.1174044236897e-10,0.00167992968536352,-0.00167992928129342,0,
2.93296089385475,,,,,,2.9326854838354e-10
2.9344,2.07281115122503e-10,3.34543056879552e-10,0.00167992969060958,-0.00167992927604735,0,
2.93375897845172,,,,,,3.16335349064633e-10
2.9352,2.12484383897103e-10,3.56942936862144e-10,0.00167992969581285,-0.00167992927084409,0,
2.93455706304868,,,,,,3.39004307997541e-10
2.936,2.17644329539511e-10,3.78936352651878e-10,0.0016799297009728,-0.00167992926568414,0,
2.93535514764565,,,,,,3.61271722179019e-10
2.9368,2.22760420833064e-10,4.00519574583898e-10,0.00167992970608889,-0.00167992926056805,0,
2.93615323224262,,,,,,3.83133888605822e-10
2.9376,2.27832126561092e-10,4.21688872993314e-10,0.0016799297111606,-0.00167992925549634,0,
2.93695131683958,,,,,,4.04587104274708e-10
2.9384,2.32858915506933e-10,4.4244051821527e-10,0.00167992971618738,-0.00167992925046955,0,
2.93774940143655,,,,,,4.25627666182431e-10
2.9392,2.37840256453921e-10,4.62770780584898e-10,0.00167992972116873,-0.00167992924548821,0,
2.93854748603352,,,,,,4.46251871325749e-10
2.94,2.42775618185393e-10,4.82675930437332e-10,0.00167992972610409,-0.00167992924055285,0,
2.93934557063049,,,,,,4.66456016701417e-10
2.9408,2.47664469484686e-10,5.02152238107714e-10,0.00167992973099294,-0.001679929235664,0,
2.94014365522745,,,,,,4.8623639930619e-10
2.9416,2.52506279135129e-10,5.21195973931156e-10,0.00167992973583475,-0.00167992923082219,0,
2.94094173982442,,,,,,5.05589316136826e-10
2.9424,2.57300515920061e-10,5.39803408242802e-10,0.00167992974062899,-0.00167992922602795,0,
2.94173982442139,,,,,,5.2451106419008e-10
2.9432,2.62046648622817e-10,5.57970811377783e-10,0.00167992974537512,-0.00167992922128182,0,
2.94253790901836,,,,,,5.42997940462707e-10
2.944,2.66744146026731e-10,5.75694453671232e-10,0.00167992975007262,-0.00167992921658432,0,
2.94333599361532,,,,,,5.61046241951464e-10
2.9448,2.71392476915142e-10,5.92970605458292e-10,0.00167992975472095,-0.00167992921193599,0,
2.94413407821229,,,,,,5.78652265653108e-10
2.9456,2.7599111007138e-10,6.09795537074076e-10,0.00167992975931958,-0.00167992920733736,0,
2.94493216280926,,,,,,5.95812308564393e-10
2.9464,2.80539514278782e-10,6.26165518853726e-10,0.00167992976386798,-0.00167992920278895,0,
2.94573024740623,,,,,,6.12522667682076e-10
2.9472,2.85037158320683e-10,6.42076821132375e-10,0.00167992976836563,-0.00167992919829131,0,
2.94652833200319,,,,,,6.28779640002913e-10
2.948,2.8948351098042e-10,6.57525714245156e-10,0.00167992977281198,-0.00167992919384496,0,
2.94732641660016,,,,,,6.4457952252366e-10
2.9488,2.93878041041328e-10,6.72508468527209e-10,0.00167992977720651,-0.00167992918945043,0,
2.94812450119713,,,,,,6.59918612241073e-10
2.9496,2.98220217286739e-10,6.8702135431365e-10,0.00167992978154869,-0.00167992918510825,0,
2.94892258579409,,,,,,6.74793206151907e-10
2.9504,3.0250950849999e-10,7.11450512930363e-10,0.00167992978583798,-0.00167992918081896,0,
2.94972067039106,,,,,,6.89199601252919e-10
2.9512,3.06745383464416e-10,7.5004601989997e-10,0.00167992979007385,-0.00167992917658309,0,
2.95051875498803,,,,,,7.15340239971716e-10
2.952,3.10927310963352e-10,7.90761842091137e-10,0.00167992979425578,-0.00167992917240116,0,
2.951316839585,,,,,,7.55998370159453e-10
2.9528,3.15054759780137e-10,8.31429633614604e-10,0.00167992979838323,-0.00167992916827371,0,
2.95211492418196,,,,,,7.96609902789928e-10
2.9536,3.19127198698099e-10,8.72047975376467e-10,0.00167992980245567,-0.00167992916420127,0,
2.95291300877893,,,,,,8.37173428913718e-10
2.9544,3.23144096500578e-10,9.12615448282888e-10,0.00167992980647257,-0.00167992916018437,0,
2.9537110933759,,,,,,8.77687539581398e-10
2.9552,3.27104921970907e-10,9.53130633240005e-10,0.00167992981043339,-0.00167992915622355,0,
2.95450917797287,,,,,,9.18150825843544e-10
2.956,3.31009143892423e-10,9.93592111153958e-10,0.00167992981433761,-0.00167992915231933,0,
2.95530726256983,,,,,,9.5856187875073e-10
2.9568,3.34856231048462e-10,1.03399846293091e-09,0.0016799298181847,-0.00167992914847224,0,
2.9561053471668,,,,,,9.98919289353533e-10
2.9576,3.38645652222355e-10,1.07434826947696e-09,0.00167992982197412,-0.00167992914468282,0,
2.95690343176377,,,,,,1.03922164870253e-09
2.9584,3.4237687619744e-10,1.11464011169826e-09,0.00167992982570535,-0.00167992914095159,0,
2.95770151636073,,,,,,1.07946754784829e-09
2.9592,3.46049371757052e-10,1.15487257050095e-09,0.00167992982937784,-0.0016799291372791,0,
2.9584996009577,,,,,,1.11965557784139e-09
2.96,3.49662607684525e-10,1.19504422679118e-09,0.00167992983299108,-0.00167992913366586,0,
2.95929768555467,,,,,,1.15978432973241e-09
2.9608,3.53216052763198e-10,1.23515366147511e-09,0.00167992983654452,-0.00167992913011242,0,
2.96009577015164,,,,,,1.19985239457193e-09
2.9616,3.56709175776401e-10,1.27519945545883e-09,0.00167992984003765,-0.00167992912661929,0,
2.9608938547486,,,,,,1.23985836341051e-09
2.9624,3.60141445507471e-10,1.3151801896485e-09,0.00167992984346992,-0.00167992912318702,0,
2.96169193934557,,,,,,1.27980082729874e-09
2.9632,3.63512330739743e-10,1.35509444495026e-09,0.0016799298468408,-0.00167992911981614,0,
2.96249002394254,,,,,,1.31967837728719e-09
2.964,3.66821300256554e-10,1.39494080227025e-09,0.00167992985014977,-0.00167992911650717,0,
2.96328810853951,,,,,,1.35948960442643e-09
2.9648,3.70067822841238e-10,1.43471784251464e-09,0.00167992985339629,-0.00167992911326065,0,
2.96408619313647,,,,,,1.39923309976705e-09
2.9656,3.73251367277129e-10,1.47442414658952e-09,0.00167992985657984,-0.0016799291100771,0,
2.96488427773344,,,,,,1.43890745435961e-09
2.9664,3.76371402347563e-10,1.51405829540105e-09,0.00167992985969987,-0.00167992910695707,0,
2.96568236233041,,,,,,1.47851125925469e-09
2.9672,3.79427396835876e-10,1.55361886985537e-09,0.00167992986275587,-0.00167992910390107,0,
2.96648044692737,,,,,,1.51804310550286e-09
2.968,3.82418819525402e-10,1.59310445085862e-09,0.00167992986574729,-0.00167992910090965,0,
2.96727853152434,,,,,,1.55750158415471e-09
2.9688,3.85345139199477e-10,1.63251361931696e-09,0.00167992986867361,-0.00167992909798333,0,
2.96807661612131,,,,,,1.59688528626081e-09
2.9696,3.88205824641435e-10,1.67184495613648e-09,0.00167992987153429,-0.00167992909512264,0,
2.96887470071828,,,,,,1.63619280287173e-09
2.9704,3.91000344634612e-10,1.71109704222336e-09,0.00167992987432881,-0.00167992909232812,0,
2.96967278531524,,,,,,1.67542272503805e-09
2.9712,3.93728167962343e-10,1.75026845848373e-09,0.00167992987705664,-0.0016799290896003,0,
2.97047086991221,,,,,,1.71457364381034e-09
2.972,3.96388763407963e-10,1.78935778582372e-09,0.00167992987971723,-0.00167992908693971,0,
2.97126895450918,,,,,,1.75364415023918e-09
2.9728,3.98981599754809e-10,1.8283636051495e-09,0.00167992988231007,-0.00167992908434687,0,
2.97206703910615,,,,,,1.79263283537515e-09
2.9736,4.01506145786212e-10,1.86728449736717e-09,0.00167992988483462,-0.00167992908182232,0,
2.97286512370311,,,,,,1.83153829026882e-09
2.9744,4.03961870285511e-10,1.90611904338288e-09,0.00167992988729034,-0.0016799290793666,0,
2.97366320830008,,,,,,1.87035910597076e-09
2.9752,4.06348242036039e-10,1.94486582410278e-09,0.00167992988967671,-0.00167992907698023,0,
2.97446129289705,,,,,,1.90909387353155e-09
2.976,4.08664729821132e-10,1.983523420433e-09,0.0016799298919932,-0.00167992907466374,0,
2.97525937749401,,,,,,1.94774118400175e-09
2.9768,4.10910802424126e-10,2.02209041327971e-09,0.00167992989423927,-0.00167992907241767,0,
2.97605746209098,,,,,,1.98629962843197e-09
2.9776,4.13085928628354e-10,2.06056538354901e-09,0.0016799298964144,-0.00167992907024254,0,
2.97685554668795,,,,,,2.02476779787277e-09
2.9784,4.15189577217153e-10,2.09894691214705e-09,0.00167992989851805,-0.00167992906813889,0,
2.97765363128492,,,,,,2.06314428337472e-09
2.9792,4.17221216973857e-10,2.13723357997997e-09,0.00167992990054969,-0.00167992906610725,0,
2.97845171588188,,,,,,2.1014276759884e-09
2.98,4.19180316681802e-10,2.17542396795392e-09,0.00167992990250879,-0.00167992906414815,0,
2.97924980047885,,,,,,2.13961656676438e-09
2.9808,4.21066345124324e-10,2.21351665697505e-09,0.00167992990439481,-0.00167992906226212,0,
2.98004788507582,,,,,,2.17770954675324e-09
2.9816,4.22878771084755e-10,2.25151022794946e-09,0.00167992990620724,-0.0016799290604497,0,
2.98084596967279,,,,,,2.21570520700556e-09
2.9824,4.24617063346433e-10,2.28940326178331e-09,0.00167992990794553,-0.00167992905871141,0,
2.98164405426975,,,,,,2.2536021385719e-09
2.9832,4.26280690692692e-10,2.32719433938275e-09,0.00167992990960916,-0.00167992905704778,0,
2.98244213886672,,,,,,2.29139893250285e-09
2.984,4.27869121906867e-10,2.36488204165391e-09,0.00167992991119759,-0.00167992905545935,0,
2.98324022346369,,,,,,2.32909417984898e-09
2.9848,4.29381825772295e-10,2.40246494950295e-09,0.0016799299127103,-0.00167992905394664,0,
2.98403830806065,,,,,,2.36668647166087e-09
2.9856,4.30818271072308e-10,2.43994164383596e-09,0.00167992991414674,-0.0016799290525102,0,
2.98483639265762,,,,,,2.40417439898909e-09
2.9864,4.32177926590244e-10,2.47731070555912e-09,0.0016799299155064,-0.00167992905115054,0,
2.98563447725459,,,,,,2.44155655288422e-09
2.9872,4.33460261109437e-10,2.51457071557856e-09,0.00167992991678873,-0.00167992904986821,0,
2.98643256185156,,,,,,2.47883152439682e-09
2.988,4.34664743413221e-10,2.55172025480042e-09,0.00167992991799321,-0.00167992904866373,0,
2.98723064644852,,,,,,2.51599790457749e-09
2.9888,4.35790842284934e-10,2.58875790413085e-09,0.00167992991911931,-0.00167992904753763,0,
2.98802873104549,,,,,,2.55305428447679e-09
2.9896,4.36838026507908e-10,2.62568224447596e-09,0.0016799299201665,-0.00167992904649044,0,
2.98882681564246,,,,,,2.58999925514529e-09
2.9904,4.37805764865481e-10,2.66249185674192e-09,0.00167992992113423,-0.0016799290455227,0,
2.98962490023943,,,,,,2.62683140763358e-09
2.9912,4.38693526140986e-10,2.69918532183484e-09,0.001679929922022,-0.00167992904463494,0,
2.99042298483639,,,,,,2.66354933299223e-09
2.992,4.39500779117758e-10,2.73576122066089e-09,0.00167992992282925,-0.00167992904382769,0,
2.99122106943336,,,,,,2.70015162227182e-09
2.9928,4.40226992579135e-10,2.77221813412621e-09,0.00167992992355546,-0.00167992904310148,0,
2.99201915403033,,,,,,2.73663686652291e-09
2.9936,4.40871635308449e-10,2.80855464313691e-09,0.0016799299242001,-0.00167992904245683,0,
2.99281723862729,,,,,,2.77300365679609e-09
2.9944,4.41434176089036e-10,2.84476932859914e-09,0.00167992992476265,-0.00167992904189429,0,
2.99361532322426,,,,,,2.80925058414194e-09
2.9952,4.41914083704233e-10,2.88086077141905e-09,0.00167992992524255,-0.00167992904141439,0,
2.99441340782123,,,,,,2.84537623961101e-09
2.996,4.42310826937372e-10,2.91682755250278e-09,0.0016799299256393,-0.00167992904101764,0,
2.9952114924182,,,,,,2.8813792142539e-09
2.9968,4.42623874571791e-10,2.95266825275647e-09,0.00167992992595234,-0.0016799290407046,0,
2.99600957701516,,,,,,2.91725809912118e-09
2.9976,4.42852695390824e-10,2.98838145308624e-09,0.00167992992618117,-0.00167992904047577,0,
2.99680766161213,,,,,,2.95301148526342e-09
2.9984,4.42996758177805e-10,3.02396573439825e-09,0.00167992992632523,-0.00167992904033171,0,
2.9976057462091,,,,,,2.9886379637312e-09
2.9992,4.43055531716072e-10,3.05941967759863e-09,0.001679929926384,-0.00167992904027294,0,
2.99840383080607,,,,,,3.02413612557509e-09
3,4.43028484788957e-10,3.09474186359352e-09,0.00167992992635695,-0.00167992904029999,0,
2.99920191540303,,,,,,3.05950456184567e-09
3.0008,4.42915086179797e-10,3.12993055180327e-09,0.00167992992624356,-0.00167992904041338,0,
3,,,,,,3.09474186359352e-09
3.00079808459697,,,,,,3.1298466218692e-09
3.0016,4.42714804671927e-10,3.16498463785683e-09,0.00167992992604327,-0.00167992904061366,0,
3.00159616919393,,,,,,3.1648174277233e-09
3.0024,4.42427109048681e-10,3.19990270266037e-09,0.00167992992575558,-0.00167992904090136,0,
3.0023942537909,,,,,,3.19965287220639e-09
3.0032,4.42051468093396e-10,3.23468332712002e-09,0.00167992992537994,-0.001679929041277,0,
3.00319233838787,,,,,,3.23435154636905e-09
3.004,4.41587350589406e-10,3.26932509214193e-09,0.00167992992491582,-0.00167992904174112,0,
3.00399042298484,,,,,,3.26891204126185e-09
3.0048,4.41034225320046e-10,3.30382657863225e-09,0.00167992992436269,-0.00167992904229424,0,
3.0047885075818,,,,,,3.30333294793536e-09
3.0056,4.40391561068652e-10,3.33818636749708e-09,0.00167992992372003,-0.00167992904293691,0,
3.00558659217877,,,,,,3.33761285744017e-09
3.0064,4.39658826618558e-10,3.37240303964258e-09,0.0016799299229873,-0.00167992904366964,0,
3.00638467677574,,,,,,3.37175036082685e-09
3.0072,4.388354907531e-10,3.40647517597489e-09,0.00167992992216396,-0.00167992904449298,0,
3.00718276137271,,,,,,3.40574404914597e-09
3.008,4.37921022255614e-10,3.44040135740016e-09,0.00167992992124949,-0.00167992904540745,0,
3.00798084596967,,,,,,3.4395925134481e-09
3.0088,4.36914889909432e-10,3.47418016482453e-09,0.00167992992024336,-0.00167992904641358,0,
3.00877893056664,,,,,,3.47329434478383e-09
3.0096,4.35816562497893e-10,3.50781017915412e-09,0.00167992991914503,-0.00167992904751191,0,
3.00957701516361,,,,,,3.50684813420374e-09
3.0104,4.3462550880433e-10,3.54128998129507e-09,0.00167992991795398,-0.00167992904870296,0,
3.01037509976057,,,,,,3.54025247275838e-09
3.0112,4.33341197612078e-10,3.57461815215354e-09,0.00167992991666967,-0.00167992904998727,0,
3.01117318435754,,,,,,3.57350595149835e-09
3.012,4.31963097704473e-10,3.60779327263565e-09,0.00167992991529157,-0.00167992905136537,0,
3.01197126895451,,,,,,3.60660716147421e-09
3.0128,4.3049067786485e-10,3.64081392364755e-09,0.00167992991381915,-0.00167992905283779,0,
3.01276935355148,,,,,,3.63955469373654e-09
3.0136,4.28923406876544e-10,3.6736786860954e-09,0.00167992991225188,-0.00167992905440506,0,
3.01356743814844,,,,,,3.67234713933592e-09
3.0144,4.2726075352289e-10,3.70638614088529e-09,0.00167992991058922,-0.00167992905606772,0,
3.01436552274541,,,,,,3.70498308932292e-09
3.0152,4.25502186587223e-10,3.7389348689234e-09,0.00167992990883066,-0.00167992905782628,0,
3.01516360734238,,,,,,3.73746113474812e-09
3.016,4.23647174852879e-10,3.77132345111585e-09,0.00167992990697564,-0.00167992905968129,0,
3.01596169193935,,,,,,3.76977986666209e-09
3.0168,4.21695187103193e-10,3.80355046836878e-09,0.00167992990502366,-0.00167992906163328,0,
3.01675977653631,,,,,,3.80193787611541e-09
3.0176,4.19645692121498e-10,3.83561450158836e-09,0.00167992990297416,-0.00167992906368278,0,
3.01755786113328,,,,,,3.83393375415866e-09
3.0184,4.17498158691132e-10,3.86751413168069e-09,0.00167992990082663,-0.00167992906583031,0,
3.01835594573025,,,,,,3.8657660918424e-09
3.0192,4.1525205559543e-10,3.89924793955192e-09,0.00167992989858053,-0.00167992906807641,0,
3.01915403032721,,,,,,3.89743348021722e-09
3.02,4.12906851617725e-10,3.9308145061082e-09,0.00167992989623532,-0.00167992907042162,0,
3.01995211492418,,,,,,3.92893451033368e-09
3.0208,4.10462015541354e-10,3.96221241225566e-09,0.00167992989379049,-0.00167992907286645,0,
3.02075019952115,,,,,,3.96026777324238e-09
3.0216,4.0791701614965e-10,3.99344023890046e-09,0.00167992989124549,-0.00167992907541145,0,
3.02154828411812,,,,,,3.99143185999387e-09
3.0224,4.05271322225951e-10,4.02449656694871e-09,0.00167992988859979,-0.00167992907805715,0,
3.02234636871508,,,,,,4.02242536163874e-09
3.0232,4.02524402553591e-10,4.05537997730656e-09,0.00167992988585287,-0.00167992908080407,0,
3.02314445331205,,,,,,4.05324686922756e-09
3.024,3.99675725915905e-10,4.08608905088015e-09,0.0016799298830042,-0.00167992908365274,0,
3.02394253790902,,,,,,4.08389497381091e-09
3.0248,3.96724761096228e-10,4.11662236857562e-09,0.00167992988005323,-0.00167992908660371,0,
3.02474062250599,,,,,,4.11436826643936e-09
3.0256,3.93670976877894e-10,4.14697851129913e-09,0.00167992987699945,-0.00167992908965749,0,
3.02553870710295,,,,,,4.14466533816347e-09
3.0264,3.90513842044241e-10,4.17715605995679e-09,0.00167992987384231,-0.00167992909281463,0,
3.02633679169992,,,,,,4.17478478003385e-09
3.0272,3.87252825378602e-10,4.20715359545475e-09,0.00167992987058129,-0.00167992909607564,0,
3.02713487629689,,,,,,4.20472518310106e-09
3.028,3.83887395664313e-10,4.23696969869914e-09,0.00167992986721587,-0.00167992909944107,0,
3.02793296089385,,,,,,4.23448513841568e-09
3.0288,3.80417021684709e-10,4.26660295059612e-09,0.00167992986374549,-0.00167992910291145,0,
3.02873104549082,,,,,,4.26406323702827e-09
3.0296,3.76841172223123e-10,4.29605193205183e-09,0.00167992986016964,-0.0016799291064873,0,
3.02952913008779,,,,,,4.29345806998942e-09
3.0304,3.73159316062894e-10,4.32531522397238e-09,0.00167992985648779,-0.00167992911016915,0,
3.03032721468476,,,,,,4.3226682283497e-09
3.0312,3.69370921987355e-10,4.35439140726394e-09,0.00167992985269939,-0.00167992911395755,0,
3.03112529928172,,,,,,4.35169230315969e-09
3.032,3.65475458779842e-10,4.38327906283263e-09,0.00167992984880393,-0.00167992911785301,0,
3.03192338387869,,,,,,4.38052888546995e-09
3.0328,3.6147239522369e-10,4.41197677158459e-09,0.00167992984480086,-0.00167992912185607,0,
3.03272146847566,,,,,,4.40917656633107e-09
3.0336,3.57361200102231e-10,4.44048311442599e-09,0.00167992984068967,-0.00167992912596727,0,
3.03351955307263,,,,,,4.43763393679363e-09
3.0344,3.53141342198805e-10,4.46879667226293e-09,0.00167992983646981,-0.00167992913018713,0,
3.03431763766959,,,,,,4.46589958790819e-09
3.0352,3.48812290296746e-10,4.49691602600157e-09,0.00167992983214076,-0.00167992913451618,0,
3.03511572226656,,,,,,4.49397211072534e-09
3.036,3.44373513179387e-10,4.52483975654804e-09,0.00167992982770198,-0.00167992913895496,0,
3.03591380686353,,,,,,4.52185009629564e-09
3.0368,3.39824479630065e-10,4.55256644480849e-09,0.00167992982315295,-0.00167992914350399,0,
3.03671189146049,,,,,,4.54953213566968e-09
3.0376,3.35164658432112e-10,4.58009467168907e-09,0.00167992981849313,-0.00167992914816381,0,
3.03750997605746,,,,,,4.57701681989803e-09
3.0384,3.30393518368868e-10,4.60742301809589e-09,0.00167992981372199,-0.00167992915293495,0,
3.03830806065443,,,,,,4.60430274003126e-09
3.0392,3.25510528223666e-10,4.6345500649351e-09,0.001679929808839,-0.00167992915781794,0,
3.0391061452514,,,,,,4.63138848711995e-09
3.04,3.20515156779841e-10,4.66147439311284e-09,0.00167992980384363,-0.00167992916281331,0,
3.03990422984836,,,,,,4.65827265221468e-09
3.0408,3.15406872820729e-10,4.68819458353526e-09,0.00167992979873534,-0.0016799291679216,0,
3.04070231444533,,,,,,4.68495382636602e-09
3.0416,3.1018514512966e-10,4.7147092171085e-09,0.00167992979351361,-0.00167992917314332,0,
3.0415003990423,,,,,,4.71143060062454e-09
3.0424,3.04849442489977e-10,4.74101687473869e-09,0.00167992978817791,-0.00167992917847903,0,
3.04229848363927,,,,,,4.73770156604082e-09
3.0432,2.99399233685012e-10,4.76711613733196e-09,0.0016799297827277,-0.00167992918392924,0,
3.04309656823623,,,,,,4.76376531366545e-09
3.044,2.93833987498099e-10,4.79300558579447e-09,0.00167992977716246,-0.00167992918949448,0,
3.0438946528332,,,,,,4.78962043454898e-09
3.0448,2.88153172712574e-10,4.81868380103234e-09,0.00167992977148164,-0.0016799291951753,0,
3.04469273743017,,,,,,4.81526551974201e-09
3.0456,2.82356258111769e-10,4.84414936395174e-09,0.00167992976568473,-0.00167992920097221,0,
3.04549082202713,,,,,,4.84069916029509e-09
3.0464,2.76442712479026e-10,4.86940085545878e-09,0.00167992975977118,-0.00167992920688576,0,
3.0462889066241,,,,,,4.86591994725882e-09
3.0472,2.70412004597676e-10,4.8944368564596e-09,0.00167992975374047,-0.00167992921291646,0,
3.04708699122107,,,,,,4.89092647168376e-09
3.048,2.64263603251054e-10,4.91925594786036e-09,0.00167992974759207,-0.00167992921906487,0,
3.04788507581804,,,,,,4.91571732462049e-09
3.0488,2.57996977222496e-10,4.94385671056718e-09,0.00167992974132545,-0.00167992922533149,0,
3.048683160415,,,,,,4.94029109711958e-09
3.0496,2.51611595295333e-10,4.96823772548623e-09,0.00167992973494006,-0.00167992923171687,0,
3.04948124501197,,,,,,4.96464638023162e-09
3.0504,2.45106926252908e-10,4.99239757352361e-09,0.0016799297284354,-0.00167992923822154,0,
3.05027932960894,,,,,,4.98878176500717e-09
3.0512,2.38482438878552e-10,5.01633483558548e-09,0.00167992972181091,-0.00167992924484603,0,
3.05107741420591,,,,,,5.01269584249681e-09
3.052,2.317376019556e-10,5.04004809257797e-09,0.00167992971506607,-0.00167992925159087,0,
3.05187549880287,,,,,,5.03638720375112e-09
3.0528,2.24871884267387e-10,5.06353592540723e-09,0.00167992970820035,-0.00167992925845658,0,
3.05267358339984,,,,,,5.05985443982067e-09
3.0536,2.17884754597245e-10,5.08679691497941e-09,0.00167992970121322,-0.00167992926544371,0,
3.05347166799681,,,,,,5.08309614175604e-09
3.0544,2.10775681728517e-10,5.10982964220063e-09,0.00167992969410415,-0.00167992927255279,0,
3.05426975259377,,,,,,5.1061109006078e-09
3.0552,2.03544134444534e-10,5.13263268797702e-09,0.0016799296868726,-0.00167992927978433,0,
3.05506783719074,,,,,,5.12889730742654e-09
3.056,1.96189581528631e-10,5.15520463321475e-09,0.00167992967951805,-0.00167992928713889,0,
3.05586592178771,,,,,,5.15145395326281e-09
3.0568,1.88711491764142e-10,5.17754405881993e-09,0.00167992967203996,-0.00167992929461698,0,
3.05666400638468,,,,,,5.1737794291672e-09
3.0576,1.811093339344e-10,5.19964954569874e-09,0.0016799296644378,-0.00167992930221914,0,
3.05746209098164,,,,,,5.19587232619029e-09
3.0584,1.73382576822748e-10,5.22151967475727e-09,0.00167992965671105,-0.00167992930994589,0,
3.05826017557861,,,,,,5.21773123538265e-09
3.0592,1.65530689212516e-10,5.24315302690169e-09,0.00167992964885916,-0.00167992931779778,0,
3.05905826017558,,,,,,5.23935474779485e-09
3.06,1.5755313988704e-10,5.26454818303813e-09,0.00167992964088161,-0.00167992932577533,0,
3.05985634477255,,,,,,5.26074145447748e-09
3.0608,1.49449397629655e-10,5.28570372407273e-09,0.00167992963277787,-0.00167992933387907,0,
3.06065442936951,,,,,,5.2818899464811e-09
3.0616,1.41218931223691e-10,5.30661823091165e-09,0.0016799296245474,-0.00167992934210954,0,
3.06145251396648,,,,,,5.30279881485629e-09
3.0624,1.32861209452494e-10,5.32729028446099e-09,0.00167992961618968,-0.00167992935046726,0,
3.06225059856345,,,,,,5.32346665065363e-09
3.0632,1.24375701099392e-10,5.34771846562692e-09,0.00167992960770417,-0.00167992935895277,0,
3.06304868316042,,,,,,5.3438920449237e-09
3.064,1.15761874947722e-10,5.36790135531556e-09,0.00167992959909034,-0.00167992936756659,0,
3.06384676775738,,,,,,5.36407358871706e-09
3.0648,1.07019199780819e-10,5.38783753443307e-09,0.00167992959034767,-0.00167992937630927,0,
3.06464485235435,,,,,,5.38400987308429e-09
3.0656,9.81471443820129e-11,5.40752558388559e-09,0.00167992958147561,-0.00167992938518132,0,
3.06544293695132,,,,,,5.40369948907597e-09
3.0664,8.91451775346485e-11,5.42696408457923e-09,0.00167992957247365,-0.00167992939418329,0,
3.06624102154828,,,,,,5.42314102774268e-09
3.0672,8.00127680220562e-11,5.44615161742016e-09,0.00167992956334124,-0.0016799294033157,0,
3.06703910614525,,,,,,5.44233308013499e-09
3.068,7.07493846275712e-11,5.4650867633145e-09,0.00167992955407785,-0.00167992941257908,0,
3.06783719074222,,,,,,5.46127423730347e-09
3.0688,6.13544961345287e-11,5.4837681031684e-09,0.00167992954468296,-0.00167992942197397,0,
3.06863527533919,,,,,,5.47996309029871e-09
3.0696,5.18275713262584e-11,5.502194217888e-09,0.00167992953515604,-0.0016799294315009,0,
3.06943335993615,,,,,,5.49839823017126e-09
3.0704,4.21680789861062e-11,5.52037162878464e-09,0.00167992952549655,-0.00167992944116039,0,
3.07023144453312,,,,,,5.51657824797172e-09
3.0707963267949,3.73334152234062e-11,5.52929106771561e-09,0.0125994766542546,-0.0125994710876301,,
3.0707963267949,3.73334152234062e-11,5.52929106771561e-09,0.0125994766542546,-0.0125994710876301,,
3.0712,3.13988296028151e-11,5.26915380617571e-09,0.0016799295147273,-0.00167992945192964,0,
3.07079632725198,,,,,,5.52929106771561e-09
3.07079632725198,,,,,,5.52929106771561e-09
3.07102952913009,,,,,,5.37808900601559e-09
3.072,2.04436143005738e-11,4.76092274858946e-09,0.00167992950377208,-0.00167992946288485,0,
3.07182761372706,,,,,,4.86809275208346e-09
3.0728,1.05354215667423e-11,4.26718732135935e-09,0.00167992949386389,-0.00167992947279305,0,
3.07262569832402,,,,,,4.37193532849973e-09
3.0736,1.64867097981416e-12,3.79058215897595e-09,0.00167992948497714,-0.0016799294816798,0,
3.07342378292099,,,,,,3.89231991118968e-09
3.0744,-6.25252125492676e-12,3.33338929144087e-09,0.00167992947707595,-0.00167992948958099,0,
3.07422186751796,,,,,,3.4315511058742e-09
3.0752,-1.32076632218382e-11,2.89767247263469e-09,0.00167992947012081,-0.00167992949653613,0,
3.07501995211492,,,,,,2.99175803045634e-09
3.076,-1.92588927956044e-11,2.48507283634535e-09,0.00167992946406958,-0.00167992950258736,0,
3.07581803671189,,,,,,2.57471211812718e-09
3.0768,-2.44518473833381e-11,2.09663194585663e-09,0.00167992945887662,-0.00167992950778032,0,
3.07661612130886,,,,,,2.18155737347063e-09
3.0776,-2.88320934902435e-11,1.73298349384808e-09,0.00167992945449638,-0.00167992951216056,0,
3.07741420590583,,,,,,1.81295742722968e-09
3.0784,-3.24558680183634e-11,1.3946438669212e-09,0.0016799294508726,-0.00167992951578434,0,
3.07821229050279,,,,,,1.4694267855571e-09
3.0792,-3.53736638524207e-11,1.08195392854008e-09,0.00167992944795481,-0.00167992951870213,0,
3.07901037509976,,,,,,1.15147219952083e-09
3.08,-3.76405553224016e-11,7.94739361560644e-10,0.00167992944568791,-0.00167992952096903,0,
3.07980845969673,,,,,,8.58886883945817e-10
3.0808,-3.93089994116488e-11,5.32857669790507e-10,0.00167992944401947,-0.00167992952263747,0,
3.08060654429369,,,,,,5.9160554067461e-10
3.0816,-4.04324664974193e-11,2.95827313996894e-10,0.001679929442896,-0.00167992952376094,0,
3.08140462889066,,,,,,3.49246337357547e-10
3.0824,-4.10619354469586e-11,8.29277760820888e-11,0.00167992944226653,-0.0016799295243904,0,
3.08220271348763,,,,,,1.31031372649559e-10
3.0832,-4.12486738585347e-11,-1.06471296354458e-10,0.0016799294420798,-0.00167992952457714,0,
3.0830007980846,,,,,,-6.35624645970865e-11
3.084,-4.10406790356115e-11,-2.73305650451302e-10,0.00167992944228779,-0.00167992952436915,0,
3.08379888268156,,,,,,-2.35472848240132e-10
3.0848,-4.04854262342228e-11,-4.18525927527762e-10,0.00167992944284304,-0.0016799295238139,0,
3.08459696727853,,,,,,-3.85603015744611e-10
3.0856,-3.96270603014636e-11,-5.43260197237707e-10,0.00167992944370141,-0.00167992952295553,0,
3.0853950518755,,,,,,-5.15016977156289e-10
3.0864,-3.85085121825387e-11,-6.48816246149668e-10,0.00167992944481996,-0.00167992952183698,0,
3.08619313647247,,,,,,-6.24998363765919e-10
3.0872,-3.71681483617198e-11,-7.36583728089708e-10,0.00167992944616032,-0.00167992952049662,0,
3.08699122106943,,,,,,-7.16888342098116e-10
3.088,-3.5643022039467e-11,-8.07878146629496e-10,0.00167992944768545,-0.00167992951897149,0,
3.0877893056664,,,,,,-7.92176514848751e-10
3.0888,-3.39672719326298e-11,-8.63680914682285e-10,0.0016799294493612,-0.00167992951729574,0,
3.08858739026337,,,,,,-8.51652392806066e-10
3.0896,-3.2173504608257e-11,-9.05480071738814e-10,0.00167992945115497,-0.00167992951550197,0,
3.08938547486034,,,,,,-8.96804501951012e-10
3.0904,-3.02929670859323e-11,-9.34565057881001e-10,0.0016799294530355,-0.00167992951362144,0,
3.0901835594573,,,,,,-9.29079687173426e-10
3.0912,-2.83527597606724e-11,-9.51891448570387e-10,0.00167992945497571,-0.00167992951168123,0,
3.09098164405427,,,,,,-9.49305980342918e-10
3.092,-2.63780967142453e-11,-9.58728857210388e-10,0.00167992945695037,-0.00167992950970657,0,
3.09177972865124,,,,,,-9.58755791115822e-10
3.0928,-2.43886974607699e-11,-9.56231932441671e-10,0.00167992945893977,-0.00167992950771717,0,
3.0925778132482,,,,,,-9.58658204501932e-10
3.0936,-2.24051778182568e-11,-9.45371957425646e-10,0.00167992946092329,-0.00167992950573365,0,
3.09337589784517,,,,,,-9.49943146814215e-10
3.0944,-2.04444648279211e-11,-9.27200387588425e-10,0.001679929462884,-0.00167992950377293,0,
3.09417398244214,,,,,,-9.33663982325037e-10
3.0952,-1.85225067880375e-11,-9.02711146759804e-10,0.00167992946480596,-0.00167992950185098,0,
3.09497206703911,,,,,,-9.10840554582794e-10
3.096,-1.66519957006931e-11,-8.72811380003973e-10,0.00167992946667647,-0.00167992949998047,0,
3.09577015163607,,,,,,-8.82376241477114e-10
3.0968,-1.48427997401667e-11,-8.38390129003616e-10,0.00167992946848567,-0.00167992949817127,0,
3.09656823623304,,,,,,-8.49164916917613e-10
3.0976,-1.31044127972105e-11,-8.00277573324947e-10,0.00167992947022406,-0.00167992949643288,0,
3.09736632083001,,,,,,-8.12061652750959e-10
3.0984,-1.14465247188114e-11,-7.592222859738e-10,0.00167992947188194,-0.00167992949477499,0,
3.09816440542698,,,,,,-7.71815479847976e-10
3.0992,-9.87278466033936e-12,-7.15946468129228e-10,0.00167992947345569,-0.00167992949320125,0,
3.09896249002394,,,,,,-7.29155609000547e-10
3.1,-8.38647094887938e-12,-6.7111189632953e-10,0.001679929474942,-0.00167992949171494,0,
3.09976057462091,,,,,,-6.84770054997493e-10
3.1008,-6.99521846783303e-12,-6.25292578758032e-10,0.00167992947633325,-0.00167992949032369,0,
3.10055865921788,,,,,,-6.39242859437633e-10
3.1016,-5.69825811235134e-12,-5.79013095766351e-10,0.00167992947763021,-0.00167992948902673,0,
3.10135674381484,,,,,,-5.93110978883394e-10
3.1024,-4.49538863050837e-12,-5.32754701490209e-10,0.00167992947883308,-0.00167992948782386,0,
3.10215482841181,,,,,,-5.46858081517831e-10
3.1032,-3.38866622812934e-12,-4.86964272226232e-10,0.0016799294799398,-0.00167992948671714,0,
3.10295291300878,,,,,,-5.00948641323793e-10
3.104,-2.37765145326328e-12,-4.42019407710406e-10,0.00167992948095082,-0.00167992948570612,0,
3.10375099760575,,,,,,-4.55779490491905e-10
3.1048,-1.45888739134216e-12,-3.98235053416474e-10,0.00167992948186958,-0.00167992948478736,0,
3.10454908220271,,,,,,-4.11676661064033e-10
3.1056,-6.30132244373802e-13,-3.55880145163157e-10,0.00167992948269834,-0.0016799294839586,0,
3.10534716679968,,,,,,-3.68923456078154e-10
3.1064,1.08878463421941e-13,-3.15171504602764e-10,0.00167992948343735,-0.00167992948321959,0,
3.10614525139665,,,,,,-3.27751388796019e-10
3.1072,7.63582077889454e-13,-2.76287850388121e-10,0.00167992948409205,-0.00167992948256489,0,
3.10694333599362,,,,,,-2.88340724030217e-10
3.108,1.33870599940536e-12,-2.39379386608655e-10,0.00167992948466718,-0.00167992948198976,0,
3.10774142059058,,,,,,-2.50862883103318e-10
3.1088,1.83620847893908e-12,-2.0452906012964e-10,0.00167992948516468,-0.00167992948149226,0,
3.10853950518755,,,,,,-2.15419992687694e-10
3.1096,2.26152950106299e-12,-1.71767973393582e-10,0.00167992948559,-0.00167992948106694,0,
3.10933758978452,,,,,,-1.82053164997569e-10
3.1104,2.61937244072603e-12,-1.41091893645137e-10,0.00167992948594784,-0.0016799294807091,0,
3.11013567438148,,,,,,-1.50772168635111e-10
3.1112,2.91452937390361e-12,-1.12483570321009e-10,0.001679929486243,-0.00167992948041394,0,
3.11093375897845,,,,,,-1.21544285211296e-10
3.112,3.15182518803824e-12,-8.60426683861609e-11,0.00167992948648029,-0.00167992948017664,0,
3.11173184357542,,,,,,-9.43838688735145e-11
3.1128,3.33603528814707e-12,-6.18774190569544e-11,0.0016799294866645,-0.00167992947999243,0,
3.11252992817239,,,,,,-6.95588674230567e-11
3.1136,3.47166737023914e-12,-3.98347050988943e-11,0.00167992948680014,-0.0016799294798568,0,
3.11332801276935,,,,,,-4.68595519203817e-11
3.1144,3.56267130593362e-12,-1.98725479364817e-11,0.00167992948689114,-0.0016799294797658,0,
3.11412609736632,,,,,,-2.62467384770688e-11
3.1152,3.61325233985239e-12,-1.94280519575086e-12,0.00167992948694172,-0.00167992947971522,0,
3.11492418196329,,,,,,-7.67392221662715e-12
3.116,3.62696278552341e-12,1.40439901188488e-11,0.00167992948695543,-0.00167992947970151,0,
3.11572226656026,,,,,,8.90917101507171e-12
3.1168,3.60685356009858e-12,2.82163969089614e-11,0.00167992948693532,-0.00167992947972162,0,
3.11652035115722,,,,,,2.3664398324778e-11
3.1176,3.55538842493623e-12,4.06374933550912e-11,0.00167992948688386,-0.00167992947977308,0,
3.11731843575419,,,,,,3.66552618641204e-11
3.1184,3.47674902788525e-12,5.13747827244983e-11,0.00167992948680522,-0.00167992947985172,0,
3.11811652035116,,,,,,4.79427660902195e-11
3.1192,3.38190328929115e-12,6.05048894241925e-11,0.00167992948671037,-0.00167992947994657,0,
3.11891460494812,,,,,,5.76049750831174e-11
3.12,3.26862432408503e-12,6.81161527371284e-11,0.00167992948659709,-0.00167992948005985,0,
3.11971268954509,,,,,,6.57143552315371e-11
3.1208,3.13949432481879e-12,7.43479195006706e-11,0.00167992948646796,-0.00167992948018898,0,
3.12051077414206,,,,,,7.23860149692924e-11
3.1216,2.99667276706942e-12,7.9322093866093e-11,0.00167992948632514,-0.0016799294803318,0,
3.12130885873903,,,,,,7.7799658819677e-11
3.1224,2.841855904413e-12,8.30773843053589e-11,0.00167992948617033,-0.00167992948048661,0,
3.12210694333599,,,,,,8.19730005039352e-11
3.1232,2.67760465147854e-12,8.56849235062503e-11,0.00167992948600607,-0.00167992948065086,0,
3.12290502793296,,,,,,8.49805816624956e-11
3.124,2.51160087110114e-12,8.72042431650119e-11,0.00167992948584007,-0.00167992948081687,0,
3.12370311252993,,,,,,8.68862684691913e-11
3.1248,2.3419202945635e-12,8.77767497759329e-11,0.00167992948567039,-0.00167992948098655,0,
3.1245011971269,,,,,,8.77410391568815e-11
3.1256,2.17005970131724e-12,8.75866356694867e-11,0.00167992948549853,-0.00167992948115841,0,
3.12529928172386,,,,,,8.78364200838349e-11
3.1264,1.99719680430901e-12,8.66567784787091e-11,0.00167992948532567,-0.00167992948133127,0,
3.12609736632083,,,,,,8.71735102793018e-11
3.1272,1.82417448904482e-12,8.50512040934741e-11,0.00167992948515264,-0.00167992948150429,0,
3.1268954509178,,,,,,8.58108209317494e-11
3.128,1.6522839433798e-12,8.28392690316107e-11,0.00167992948498075,-0.00167992948167619,0,
3.12769353551476,,,,,,8.38202107685569e-11
3.1288,1.4869579838306e-12,8.01015125370677e-11,0.00167992948481543,-0.00167992948184151,0,
3.12849162011173,,,,,,8.12656749952622e-11
3.1296,1.32636729435726e-12,7.69511726664484e-11,0.00167992948465484,-0.0016799294820021,0,
3.1292897047087,,,,,,7.82528321945538e-11
3.1304,1.17129796348691e-12,7.34743188685423e-11,0.00167992948449977,-0.00167992948215717,0,
3.13008778930567,,,,,,7.49049424617736e-11
3.1312,1.02236077750586e-12,6.97115349055721e-11,0.00167992948435083,-0.00167992948230611,0,
3.13088587390263,,,,,,7.1247929186648e-11
3.132,8.79992038169783e-13,6.57236364075987e-11,0.00167992948420846,-0.00167992948244848,0,
3.1316839584996,,,,,,6.73444884318866e-11
3.1328,7.44646233536944e-13,6.15652964047719e-11,0.00167992948407312,-0.00167992948258382,0,
3.13248204309657,,,,,,6.32514277644966e-11
3.1336,6.18151964369542e-13,5.73048061532727e-11,0.00167992948394662,-0.00167992948271032,0,
3.13328012769354,,,,,,5.90191703354713e-11
3.1344,4.9990935233461e-13,5.30087628021155e-11,0.00167992948382838,-0.00167992948282856,0,
3.1340782122905,,,,,,5.47418145914639e-11
3.1352,3.90118635226273e-13,4.87088112336412e-11,0.00167992948371859,-0.00167992948293835,0,
3.13487629688747,,,,,,5.04435710663001e-11
3.136,2.88885547861621e-13,4.44449822272459e-11,0.00167992948361736,-0.00167992948303958,0,
3.13567438148444,,,,,,4.61665497826288e-11
3.1368,1.96227482817467e-13,4.02512855019966e-11,0.0016799294835247,-0.00167992948313224,0,
3.1364724660814,,,,,,4.19470214606151e-11
3.1376,1.12080518107386e-13,3.61616768230193e-11,0.00167992948344055,-0.00167992948321639,0,
3.13727055067837,,,,,,3.78151112300651e-11
3.1384,3.63154926429759e-14,3.22121894149774e-11,0.00167992948336478,-0.00167992948329215,0,
3.13806863527534,,,,,,3.38096984222997e-11
3.1392,-3.12817769310736e-14,2.84253046349883e-11,0.00167992948329719,-0.00167992948335975,0,
3.13886671987231,,,,,,2.9962133375767e-11
3.14,-9.09827547120328e-14,2.48117851991822e-11,0.00167992948323749,-0.00167992948341945,0,
3.13966480446927,,,,,,2.6281987923714e-11
3.1408,-1.43115955768135e-13,2.13814442826219e-11,0.00167992948318535,-0.00167992948347159,0,
3.14046288906624,,,,,,2.27815052462597e-11
3.1416,-1.88060750984304e-13,1.81397819510593e-11,0.00167992948314041,-0.00167992948351653,0,
3.14126097366321,,,,,,1.94669669800728e-11
3.1424,-2.26196240101962e-13,1.51087919541307e-11,0.00167992948310227,-0.00167992948355467,0,
3.14205905826018,,,,,,1.63427084371976e-11
3.1432,-2.57059515665787e-13,1.23044748273695e-11,0.00167992948307141,-0.00167992948358553,0,
3.14285714285714,,,,,,1.34543271566135e-11
3.144,-2.8176688851907e-13,9.71145347806246e-12,0.0016799294830467,-0.00167992948361024,0,
3.14365522745411,,,,,,1.07777621444089e-11
3.1448,-3.00884090212738e-13,7.32442523409367e-12,0.00167992948302759,-0.00167992948362935,0,
3.14445331205108,,,,,,8.30945504638603e-12
3.1456,-3.15039514840008e-13,5.13411227840896e-12,0.00167992948301343,-0.00167992948364351,0,
3.14525139664804,,,,,,6.04189102177251e-12
3.1464,-3.24924219036388e-13,3.1434396588735e-12,0.00167992948300355,-0.00167992948365339,0,
3.14604948124501,,,,,,3.96364298293649e-12
3.1472,-3.3124205422304e-13,1.36481748587761e-12,0.00167992948299723,-0.00167992948365971,0,
3.14684756584198,,,,,,2.09614907569105e-12
3.148,-3.30987807461719e-13,-2.10221785405035e-13,0.00167992948299748,-0.00167992948365946,0,
3.14764565043895,,,,,,4.40053990063931e-13
3.1488,-3.26619159135905e-13,-1.5960090621362e-12,0.00167992948300185,-0.00167992948365509,0,
3.14844373503591,,,,,,-1.02453108982051e-12
3.1496,-3.18516955546223e-13,-2.79984542917059e-12,0.00167992948300995,-0.00167992948364699,0,
3.14924181963288,,,,,,-2.30472368013324e-12
3.1504,-3.07071659734952e-13,-3.82919659925075e-12,0.0016799294830214,-0.00167992948363554,0,
3.15003990422985,,,,,,-3.40793613342515e-12
3.1512,-2.92683351486055e-13,-4.69139451896912e-12,0.00167992948303579,-0.00167992948362115,0,
3.15083798882682,,,,,,-4.34158078286052e-12
3.152,-2.75761727325141e-13,-5.39333897473574e-12,0.00167992948305271,-0.00167992948360423,0,
3.15163607342378,,,,,,-5.11277508645045e-12
3.1528,-2.56726100519484e-13,-5.94119919874015e-12,0.00167992948307174,-0.0016799294835852,0,
3.15243415802075,,,,,,-5.72804677128641e-12
3.1536,-2.36005401078026e-13,-6.34011547491626e-12,0.00167992948309246,-0.00167992948356448,0,
3.15323224261772,,,,,,-6.1930389777736e-12
3.1544,-2.14038175751356e-13,-6.59390074490674e-12,0.00167992948311443,-0.00167992948354251,0,
3.15403032721468,,,,,,-6.51221540386451e-12
3.1552,-1.91272588031763e-13,-6.75953470285847e-12,0.0016799294831372,-0.00167992948351974,0,
3.15482841181165,,,,,,-6.68856544929234e-12
3.156,-1.68166418153164e-13,-6.89452728319682e-12,0.0016799294831603,-0.00167992948349664,0,
3.15562649640862,,,,,,-6.84099082207175e-12
3.1568,-1.45187063091152e-13,-6.98439365603474e-12,0.00167992948318328,-0.00167992948347366,0,
3.15642458100559,,,,,,-6.95538496977487e-12
3.1576,-1.20927695743953e-13,-7.02851010628469e-12,0.00167992948320754,-0.0016799294834494,0,
3.15722266560255,,,,,,-7.01705309532731e-12
3.1584,-9.69499240739449e-14,-7.04214603569015e-12,0.00167992948323152,-0.00167992948342542,0,
3.15802075019952,,,,,,-7.04128535200536e-12
3.1592,-7.37312804795667e-14,-7.04022292096962e-12,0.00167992948325474,-0.0016799294834022,0,
3.15881883479649,,,,,,-7.04309655504574e-12
3.16,-5.16540538099388e-14,-7.03716610806886e-12,0.00167992948327682,-0.00167992948338012,0,
3.15961691939346,,,,,,-7.03707973327831e-12
3.1608,-3.1102438913885e-14,-7.04675660641312e-12,0.00167992948329737,-0.00167992948335957,0,
3.16041500399042,,,,,,-7.03725968075863e-12
3.1616,-1.24625366399192e-14,-7.08198288315933e-12,0.00167992948331601,-0.00167992948334093,0,
3.16121308858739,,,,,,-7.05694650840062e-12
3.1624,3.87764616376298e-15,-7.15489265744842e-12,0.00167992948333235,-0.00167992948332459,0,
3.16201117318436,,,,,,-7.1085891956092e-12
3.1632,1.75281966492487e-14,-7.27644469465734e-12,0.001679929483346,-0.00167992948331094,0,
3.16280925778132,,,,,,-7.20362914191296e-12
3.164,2.80972959689632e-14,-7.33131677068392e-12,0.00167992948335657,-0.00167992948330037,0,
3.16360734237829,,,,,,-7.35235371859671e-12
3.1648,3.51912192756316e-14,-7.26514897655468e-12,0.00167992948336366,-0.00167992948329328,0,
3.16440542697526,,,,,,-7.30959569438372e-12
3.1656,3.8414335722289e-14,-7.17012934169541e-12,0.00167992948336688,-0.00167992948329006,0,
3.16520351157223,,,,,,-7.21969537515021e-12
3.1664,3.73691084622782e-14,-7.0652578442591e-12,0.00167992948336584,-0.0016799294832911,0,
3.16600159616919,,,,,,-7.11992477640861e-12
3.1672,4.52377856145818e-14,-6.95032277750245e-12,0.00167992948337371,-0.00167992948328323,0,
3.16679968076616,,,,,,-7.01041569758353e-12
3.168,5.36877404996153e-14,-6.8244191294724e-12,0.00167992948338216,-0.00167992948327478,0,
3.16759776536313,,,,,,-6.8906132253326e-12
3.1688,6.07875546747466e-14,-6.68594858300644e-12,0.00167992948338926,-0.00167992948326768,0,
3.1683958499601,,,,,,-6.75927573354649e-12
3.1696,6.64436249361606e-14,-6.5326195157325e-12,0.00167992948339491,-0.00167992948326203,0,
3.16919393455706,,,,,,-6.61447488334888e-12
3.1704,7.05623480800444e-14,-6.36144700006887e-12,0.00167992948339903,-0.00167992948325791,0,
3.16999201915403,,,,,,-6.45359562309647e-12
3.1712,7.30501209025786e-14,-6.16875280322462e-12,0.00167992948340152,-0.00167992948325542,0,
3.170790103751,,,,,,-6.27333618837901e-12
3.172,7.38133401999509e-14,-5.95016538719896e-12,0.00167992948340228,-0.00167992948325466,0,
3.17158818834797,,,,,,-6.06970810201924e-12
3.1728,7.27584027683465e-14,-5.73118024034657e-12,0.00167992948340123,-0.00167992948325571,0,
3.17238627294493,,,,,,-5.83803617407294e-12
3.1736,6.97917054039506e-14,-5.52246172777376e-12,0.00167992948339826,-0.00167992948325868,0,
3.1731843575419,,,,,,-5.63190975870564e-12
3.1744,6.4819644902945e-14,-5.30929620797651e-12,0.00167992948339329,-0.00167992948326365,0,
3.17398244213887,,,,,,-5.42175608948148e-12
3.1752,5.77486180615203e-14,-5.09188267868968e-12,0.00167992948338622,-0.00167992948327072,0,
3.17478052673583,,,,,,-5.20680983278244e-12
3.176,4.84850216758594e-14,-4.87130879021445e-12,0.00167992948337695,-0.00167992948327998,0,
3.1755786113328,,,,,,-4.98815086380852e-12
3.1768,4.32277085241515e-14,-4.64866219285215e-12,0.0016799294833717,-0.00167992948328524,0,
3.17637669592977,,,,,,-4.76685905775935e-12
3.1776,3.89597924845759e-14,-4.42503053690408e-12,0.00167992948336743,-0.00167992948328951,0,
3.17717478052674,,,,,,-4.54401428983491e-12
3.1784,3.4277088527534e-14,-4.20150147267143e-12,0.00167992948336275,-0.00167992948329419,0,
3.1779728651237,,,,,,-4.32069643523509e-12
3.1792,2.92344427693981e-14,-3.97916265045576e-12,0.0016799294833577,-0.00167992948329924,0,
3.17877094972067,,,,,,-4.09798536915976e-12
3.18,2.38867013265326e-14,-3.75910172055825e-12,0.00167992948335236,-0.00167992948330458,0,
3.17956903431764,,,,,,-3.87696096680879e-12
3.1808,1.82887103153046e-14,-3.54182670453837e-12,0.00167992948334676,-0.00167992948331018,0,
3.1803671189146,,,,,,-3.65870310338205e-12
3.1816,1.24953158520811e-14,-3.3184709050946e-12,0.00167992948334096,-0.00167992948331597,0,
3.18116520351157,,,,,,-3.44322301701846e-12
3.1824,6.56136405322563e-15,-3.08944149680042e-12,0.00167992948333503,-0.00167992948332191,0,
3.18196328810854,,,,,,-3.21423602743728e-12
3.1832,5.41701035111941e-16,-2.86170344719612e-12,0.00167992948332901,-0.00167992948332793,0,
3.18276137270551,,,,,,-2.98617584718011e-12
3.184,-5.50882708589628e-15,-2.63591667878135e-12,0.00167992948332296,-0.00167992948333398,0,
3.18355945730247,,,,,,-2.75969768127057e-12
3.1848,-1.1535374193432e-14,-2.41274111405592e-12,0.00167992948331693,-0.00167992948334,0,
3.18435754189944,,,,,,-2.53545673473228e-12
3.1856,-1.74830941711283e-14,-2.19283667551961e-12,0.00167992948331099,-0.00167992948334595,0,
3.18515562649641,,,,,,-2.31410821258887e-12
3.1864,-2.3920281005136e-14,-1.9768632856721e-12,0.00167992948330455,-0.00167992948335239,0,
3.18595371109338,,,,,,-2.09630731986396e-12
3.1872,-3.05954348657445e-14,-1.76548086701342e-12,0.00167992948329787,-0.00167992948335907,0,
3.18675179569034,,,,,,-1.88270926158117e-12
3.188,-3.72531217685246e-14,-1.55934934204324e-12,0.00167992948329122,-0.00167992948336572,0,
3.18754988028731,,,,,,-1.67396924276412e-12
3.1888,-4.3854874015707e-14,-1.35912863326136e-12,0.00167992948328461,-0.00167992948337232,0,
3.18834796488428,,,,,,-1.47074246843644e-12
3.1896,-5.03622239095222e-14,-1.16454008090041e-12,0.00167992948327811,-0.00167992948337883,0,
3.18914604948124,,,,,,-1.27368414362175e-12
3.1904,-5.67367037522043e-14,-9.70777976488558e-13,0.00167992948327173,-0.00167992948338521,0,
3.18994413407821,,,,,,-1.08179936387259e-12
3.1912,-6.29398458459769e-14,-7.78906525837689e-13,0.00167992948326553,-0.00167992948339141,0,
3.19074221867518,,,,,,-8.87434189881123e-13
3.192,-6.89331824930741e-14,-5.92456009547889e-13,0.00167992948325954,-0.0016799294833974,0,
3.19154030327215,,,,,,-6.98229754659097e-13
3.1928,-7.46782459957265e-14,-4.11838092721007e-13,0.00167992948325379,-0.00167992948340315,0,
3.19233838786911,,,,,,-5.1459478050779e-13
3.1936,-8.01365686561647e-14,-2.37464440458893e-13,0.00167992948324833,-0.00167992948340861,0,
3.19313647246608,,,,,,-3.36937989728484e-13
3.1944,-8.52696827766221e-14,-6.97467178633049e-14,0.0016799294832432,-0.00167992948341374,0,
3.19393455706305,,,,,,-1.65668104622458e-13
3.1952,-9.00391206593236e-14,9.09034099637206e-14,0.00167992948323843,-0.00167992948341851,0,
3.19473264166002,,,,,,-1.19384749099261e-15
3.196,-9.44064146065027e-14,2.44074277920429e-13,0.00167992948323406,-0.00167992948342288,0,
3.19553072625698,,,,,,1.56076059364631e-13
3.1968,-9.833309692039e-14,3.89354220904972e-13,0.00167992948323014,-0.0016799294834268,0,
3.19632881085395,,,,,,3.05732893643133e-13
3.1976,-1.01780699903216e-13,5.26331573815499e-13,0.00167992948322669,-0.00167992948343025,0,
3.19712689545092,,,,,,4.47367933043233e-13
3.1984,-1.04710755857213e-13,6.54594671550229e-13,0.00167992948322376,-0.00167992948343318,0,
3.19792498004789,,,,,,5.80572455263649e-13
3.1992,-1.07084797084608e-13,7.7373184900717e-13,0.00167992948322138,-0.00167992948343555,0,
3.19872306464485,,,,,,7.04937738003103e-13
3.2,-1.08864355887634e-13,8.83331441084547e-13,0.00167992948321961,-0.00167992948343733,0,
3.19952114924182,,,,,,8.20055058960312e-13
3.2008,-1.10010964568521e-13,9.82981782680509e-13,0.00167992948321846,-0.00167992948343848,0,
3.20031923383879,,,,,,9.25515695833998e-13
3.2016,-1.104861554295e-13,1.07227120869321e-12,0.00167992948321798,-0.00167992948343896,0,
3.20111731843575,,,,,,1.02091092632288e-12
3.2024,-1.10251460772801e-13,1.15078805402083e-12,0.00167992948321822,-0.00167992948343872,0,
3.20191540303272,,,,,,1.10583202812567e-12
3.2032,-1.09268412900655e-13,1.21812065356145e-12,0.0016799294832192,-0.00167992948343774,0,
3.20271348762969,,,,,,1.1798702789411e-12
3.204,-1.07498544115293e-13,1.27385734221325e-12,0.00167992948322097,-0.00167992948343597,0,
3.20351157222666,,,,,,1.24261695646789e-12
3.2048,-1.04903386718944e-13,1.3175864548744e-12,0.00167992948322357,-0.00167992948343337,0,
3.20430965682362,,,,,,1.29366333840475e-12
3.2056,-1.04094382440515e-13,1.34889632644303e-12,0.00167992948322438,-0.00167992948343256,0,
3.20510774142059,,,,,,1.3326007024504e-12
3.2064,-1.04902270668152e-13,1.3673752918173e-12,0.00167992948322357,-0.00167992948343337,0,
3.20590582601756,,,,,,1.35902032630356e-12
3.2072,-1.05437284124961e-13,1.38395254021566e-12,0.00167992948322303,-0.00167992948343391,0,
3.20670391061453,,,,,,1.37251348766295e-12
3.208,-1.05691740513821e-13,1.41644576956993e-12,0.00167992948322278,-0.00167992948343416,0,
3.20750199521149,,,,,,1.39091608185971e-12
3.2088,-1.0565795753761e-13,1.4535317728131e-12,0.00167992948322281,-0.00167992948343413,0,
3.20830007980846,,,,,,1.43182904293377e-12
3.2096,-1.05328252899208e-13,1.484318371999e-12,0.00167992948322314,-0.0016799294834338,0,
3.20909816440543,,,,,,1.46647580200039e-12
3.2104,-1.04694944301492e-13,1.50880056271445e-12,0.00167992948322377,-0.00167992948343316,0,
3.20989624900239,,,,,,1.49485139042058e-12
3.2112,-1.03750349447343e-13,1.52697334054624e-12,0.00167992948322472,-0.00167992948343222,0,
3.21069433359936,,,,,,1.51695083955535e-12
3.212,-1.02486786039639e-13,1.53883170108118e-12,0.00167992948322598,-0.00167992948343096,0,
3.21149241819633,,,,,,1.53276918076571e-12
3.2128,-1.00896571781259e-13,1.54437063990609e-12,0.00167992948322757,-0.00167992948342937,0,
3.2122905027933,,,,,,1.54230144541267e-12
3.2136,-9.89720243750814e-14,1.54358515260777e-12,0.0016799294832295,-0.00167992948342744,0,
3.21308858739026,,,,,,1.54554266485724e-12
3.2144,-9.67054615239838e-14,1.53647023477302e-12,0.00167992948323176,-0.00167992948342517,0,
3.21388667198723,,,,,,1.54248787046043e-12
3.2152,-9.40892009308477e-14,1.52302088198867e-12,0.00167992948323438,-0.00167992948342256,0,
3.2146847565842,,,,,,1.53313209358325e-12
3.216,-9.11155602985507e-14,1.50323208984152e-12,0.00167992948323735,-0.00167992948341959,0,
3.21548284118117,,,,,,1.5174703655867e-12
3.2168,-8.77768573299716e-14,1.47709885391838e-12,0.00167992948324069,-0.00167992948341625,0,
3.21628092577813,,,,,,1.4954977178318e-12
3.2176,-8.40654097279893e-14,1.44461616980605e-12,0.0016799294832444,-0.00167992948341254,0,
3.2170790103751,,,,,,1.46720918167955e-12
3.2184,-7.99735351954801e-14,1.40577903309132e-12,0.0016799294832485,-0.00167992948340844,0,
3.21787709497207,,,,,,1.43259978849097e-12
3.2192,-7.54935514353275e-14,1.36058243936105e-12,0.00167992948325298,-0.00167992948340396,0,
3.21867517956903,,,,,,1.39166456962706e-12
3.22,-7.06177761504081e-14,1.30902138420201e-12,0.00167992948325785,-0.00167992948339909,0,
3.219473264166,,,,,,1.34439855644883e-12
3.2208,-6.53385270436007e-14,1.25109086320103e-12,0.00167992948326313,-0.00167992948339381,0,
3.22027134876297,,,,,,1.29079678031729e-12
3.2216,-5.96481218177842e-14,1.18678587194491e-12,0.00167992948326882,-0.00167992948338812,0,
3.22106943335994,,,,,,1.23085427259346e-12
3.2224,-5.35388781758339e-14,1.11610140602041e-12,0.00167992948327493,-0.00167992948338201,0,
3.2218675179569,,,,,,1.16456606463833e-12
3.2232,-4.95690174289114e-14,1.03903246101442e-12,0.0016799294832789,-0.00167992948337804,0,
3.22266560255387,,,,,,1.09192718781293e-12
3.224,-4.60550934342108e-14,9.55574032513718e-13,0.00167992948328241,-0.00167992948337453,0,
3.22346368715084,,,,,,1.01293267347825e-12
3.2248,-4.25264462237168e-14,8.78211474499421e-13,0.00167992948328594,-0.001679929483371,0,
3.22426177174781,,,,,,9.27577552995312e-13
3.2256,-3.89929196155334e-14,8.12152925292658e-13,0.00167992948328948,-0.00167992948336746,0,
3.22505985634477,,,,,,8.5437755522563e-13
3.2264,-3.54643574277646e-14,7.483914678509e-13,0.00167992948329301,-0.00167992948336393,0,
3.22585794094174,,,,,,7.91988917617838e-13
3.2272,-3.19506034785127e-14,6.82950629138316e-13,0.00167992948329652,-0.00167992948336042,0,
3.22665602553871,,,,,,7.27799503944508e-13
3.228,-2.84615015858854e-14,6.16022567014726e-13,0.00167992948330001,-0.00167992948335693,0,
3.22745411013567,,,,,,6.62000098419051e-13
3.2288,-2.5006895567985e-14,5.47799439339842e-13,0.00167992948330346,-0.00167992948335348,0,
3.22825219473264,,,,,,5.94781485254881e-13
3.2296,-2.15966292429155e-14,4.78473403973414e-13,0.00167992948330687,-0.00167992948335007,0,
3.22905027932961,,,,,,5.2633444866541e-13
3.2304,-1.8240546428781e-14,4.08236618775189e-13,0.00167992948331023,-0.00167992948334671,0,
3.22984836392658,,,,,,4.56849772864048e-13
3.2312,-1.49484909436836e-14,3.37281241604878e-13,0.00167992948331352,-0.00167992948334342,0,
3.23064644852354,,,,,,3.86518242064209e-13
3.232,-1.17303066057311e-14,2.65799430322307e-13,0.00167992948331674,-0.0016799294833402,0,
3.23144453312051,,,,,,3.15530640479304e-13
3.2328,-8.59583723302579e-15,1.93983342787186e-13,0.00167992948331987,-0.00167992948333707,0,
3.23224261771748,,,,,,2.44077752322746e-13
3.2336,-5.5549266436716e-15,1.22025136859264e-13,0.00167992948332291,-0.00167992948333402,0,
3.23304070231445,,,,,,1.72350361807947e-13
3.2344,-2.61741865577263e-15,5.01169703982887e-14,0.00167992948332585,-0.00167992948333109,0,
3.23383878691141,,,,,,1.00539253148319e-13
3.2352,2.06842912568609e-16,-2.15489987360307e-14,0.00167992948332868,-0.00167992948332826,0,
3.23463687150838,,,,,,2.88352105572737e-14
3.236,2.90801424324492e-15,-9.27806126838657e-14,0.00167992948333138,-0.00167992948332556,0,
3.23543495610535,,,,,,-4.25709817517768e-14
3.2368,5.47625151815385e-15,-1.63385713585508e-13,0.00167992948333395,-0.00167992948332299,0,
3.23623304070231,,,,,,-1.1348853956542e-13
3.2376,7.90171091919135e-15,-2.33172143581208e-13,0.00167992948333637,-0.00167992948332057,0,
3.23703112529928,,,,,,-1.83726678670244e-13
3.2384,1.01745486282534e-14,-3.01947744811218e-13,0.00167992948333864,-0.00167992948331829,0,
3.23782920989625,,,,,,-2.53094614852836e-13
3.2392,1.22849208272369e-14,-3.69520359415827e-13,0.00167992948334075,-0.00167992948331618,0,
3.23862729449322,,,,,,-3.21401563899785e-13
3.24,1.42690811537162e-14,-4.35697829535209e-13,0.00167992948334274,-0.0016799294833142,0,
3.23942537909018,,,,,,-3.88456741597678e-13
3.2408,1.65291690956256e-14,-5.00287997309656e-13,0.001679929483345,-0.00167992948331194,0,
3.24022346368715,,,,,,-4.54069363733104e-13
3.2416,1.86647023809105e-14,-5.63098704879418e-13,0.00167992948334713,-0.0016799294833098,0,
3.24102154828412,,,,,,-5.1804864609265e-13
3.2424,2.06687908901562e-14,-6.23937794384747e-13,0.00167992948334914,-0.0016799294833078,0,
3.24181963288109,,,,,,-5.80203804462903e-13
3.2432,2.25345445039493e-14,-6.82613107965925e-13,0.001679929483351,-0.00167992948330594,0,
3.24261771747805,,,,,,-6.40344054630453e-13
3.244,2.42550731028729e-14,-7.3893248776314e-13,0.00167992948335272,-0.00167992948330421,0,
3.24341580207502,,,,,,-6.98278612381887e-13
3.2448,2.58234865675137e-14,-7.92703775916675e-13,0.00167992948335429,-0.00167992948330265,0,
3.24421388667199,,,,,,-7.53816693503792e-13
3.2456,2.72328947784569e-14,-8.43734814566783e-13,0.0016799294833557,-0.00167992948330124,0,
3.24501197126895,,,,,,-8.06767513782757e-13
3.2464,2.8476407616288e-14,-8.91833445853713e-13,0.00167992948335695,-0.00167992948329999,0,
3.24581005586592,,,,,,-8.56940289005369e-13
3.2472,2.9547134961593e-14,-9.36807511917744e-13,0.00167992948335802,-0.00167992948329892,0,
3.24660814046289,,,,,,-9.04144234958217e-13
3.248,3.04381866949561e-14,-9.78464854899074e-13,0.00167992948335891,-0.00167992948329803,0,
3.24740622505986,,,,,,-9.48188567427888e-13
3.2488,3.11426726969633e-14,-1.01661331693798e-12,0.00167992948335961,-0.00167992948329733,0,
3.24820430965682,,,,,,-9.8888250220097e-13
3.2496,3.16537028481999e-14,-1.05106074017472e-12,0.00167992948336012,-0.00167992948329682,0,
3.24900239425379,,,,,,-1.02603525506405e-12
3.2504,3.19643870292515e-14,-1.08161496674953e-12,0.00167992948336043,-0.00167992948329651,0,
3.24980047885076,,,,,,-1.05945604180372e-12
3.2512,3.20678351207035e-14,-1.1080838388027e-12,0.00167992948336054,-0.0016799294832964,0,
3.25059856344773,,,,,,-1.08895407820656e-12
3.252,3.1957157003141e-14,-1.13027519847443e-12,0.00167992948336043,-0.00167992948329651,0,
3.25139664804469,,,,,,-1.11433858005917e-12
3.2528,3.16254625571496e-14,-1.14799688790499e-12,0.0016799294833601,-0.00167992948329684,0,
3.25219473264166,,,,,,-1.13541876314813e-12
3.2536,3.10658616633148e-14,-1.16105674923464e-12,0.00167992948335954,-0.0016799294832974,0,
3.25299281723863,,,,,,-1.15200384326002e-12
3.2544,3.02714642022219e-14,-1.16926262460363e-12,0.00167992948335874,-0.0016799294832982,0,
3.25379090183559,,,,,,-1.16390303618144e-12
3.2552,2.92353800544557e-14,-1.1724223561522e-12,0.0016799294833577,-0.00167992948329923,0,
3.25458898643256,,,,,,-1.17092555769898e-12
3.256,2.79507191006027e-14,-1.17034378602061e-12,0.00167992948335642,-0.00167992948330052,0,
3.25538707102953,,,,,,-1.17288062359922e-12
3.2568,2.64105912212479e-14,-1.16283475634912e-12,0.00167992948335488,-0.00167992948330206,0,
3.2561851556265,,,,,,-1.16957744966874e-12
3.2576,2.51859259309379e-14,-1.14970310927796e-12,0.00167992948335366,-0.00167992948330328,0,
3.25698324022346,,,,,,-1.16082525169415e-12
3.2584,2.48525682638519e-14,-1.1307566869474e-12,0.00167992948335332,-0.00167992948330362,0,
3.25778132482043,,,,,,-1.14643324546202e-12
3.2592,2.44703757427563e-14,-1.10580333149767e-12,0.00167992948335294,-0.001679929483304,0,
3.2585794094174,,,,,,-1.12621064675895e-12
3.26,2.40422988441481e-14,-1.12781300055604e-12,0.00167992948335251,-0.00167992948330443,0,
3.25937749401437,,,,,,-1.09996667137152e-12
3.2608,2.35712880445238e-14,-1.16353430277389e-12,0.00167992948335204,-0.0016799294833049,0,
3.26017557861133,,,,,,-1.13566709340295e-12
3.2616,2.306029382038e-14,-1.19828680245404e-12,0.00167992948335153,-0.00167992948330541,0,
3.2609736632083,,,,,,-1.17128469229218e-12
3.2624,2.25122666482135e-14,-1.23178266427502e-12,0.00167992948335098,-0.00167992948330596,0,
3.26177174780527,,,,,,-1.20569105080628e-12
3.2632,2.19301570045205e-14,-1.26397124223624e-12,0.0016799294833504,-0.00167992948330654,0,
3.26256983240223,,,,,,-1.23883588498914e-12
3.264,2.13169153657983e-14,-1.29480189033708e-12,0.00167992948334979,-0.00167992948330715,0,
3.2633679169992,,,,,,-1.27066891088465e-12
3.2648,2.06754922085433e-14,-1.32422396257694e-12,0.00167992948334915,-0.00167992948330779,0,
3.26416600159617,,,,,,-1.3011398445367e-12
3.2656,2.00088380092522e-14,-1.35218681295525e-12,0.00167992948334848,-0.00167992948330846,0,
3.26496408619314,,,,,,-1.33019840198917e-12
3.2664,1.93199032444215e-14,-1.3786397954714e-12,0.00167992948334779,-0.00167992948330915,0,
3.2657621707901,,,,,,-1.35779429928596e-12
3.2672,1.86116383905477e-14,-1.40353226412481e-12,0.00167992948334708,-0.00167992948330986,0,
3.26656025538707,,,,,,-1.38387725247095e-12
3.268,1.78869939241281e-14,-1.42681357291486e-12,0.00167992948334636,-0.00167992948331058,0,
3.26735833998404,,,,,,-1.40839697758803e-12
3.2688,1.7148920321659e-14,-1.44843307584096e-12,0.00167992948334562,-0.00167992948331132,0,
3.26815642458101,,,,,,-1.43130319068109e-12
3.2696,1.6400368059637e-14,-1.46834012690253e-12,0.00167992948334487,-0.00167992948331207,0,
3.26895450917797,,,,,,-1.45254560779403e-12
3.2704,1.56442876145589e-14,-1.48648408009897e-12,0.00167992948334411,-0.00167992948331282,0,
3.26975259377494,,,,,,-1.47207394497072e-12
3.2712,1.48836294629208e-14,-1.50281428942968e-12,0.00167992948334335,-0.00167992948331359,0,
3.27055067837191,,,,,,-1.48983791825505e-12
3.272,1.41213440812203e-14,-1.51728010889407e-12,0.00167992948334259,-0.00167992948331435,0,
3.27134876296887,,,,,,-1.50578724369093e-12
3.2728,1.33603819459536e-14,-1.52983089249153e-12,0.00167992948334183,-0.00167992948331511,0,
3.27214684756584,,,,,,-1.51987163732223e-12
3.2736,1.26036935336174e-14,-1.54041599422148e-12,0.00167992948334107,-0.00167992948331587,0,
3.27294493216281,,,,,,-1.53204081519284e-12
3.2744,1.18542293207084e-14,-1.54898476808332e-12,0.00167992948334032,-0.00167992948331662,0,
3.27374301675978,,,,,,-1.54224449334665e-12
3.2752,1.11149397837227e-14,-1.55548656807646e-12,0.00167992948333958,-0.00167992948331735,0,
3.27454110135674,,,,,,-1.55043238782755e-12
3.276,1.03887753991579e-14,-1.5598707482003e-12,0.00167992948333886,-0.00167992948331808,0,
3.27533918595371,,,,,,-1.55655421467943e-12
3.2768,9.67868664351016e-15,-1.56208666245424e-12,0.00167992948333815,-0.00167992948331879,0,
3.27613727055068,,,,,,-1.56055968994618e-12
3.2776,8.98762399327625e-15,-1.56208366483769e-12,0.00167992948333746,-0.00167992948331948,0,
3.27693535514765,,,,,,-1.56239852967168e-12
3.2784,8.31853792495277e-15,-1.55981110935005e-12,0.00167992948333679,-0.00167992948332015,0,
3.27773343974461,,,,,,-1.56202044989983e-12
3.2792,7.67437891503606e-15,-1.55521834999073e-12,0.00167992948333614,-0.00167992948332079,0,
3.27853152434158,,,,,,-1.55937516667452e-12
3.28,7.05809744002347e-15,-1.54825474075913e-12,0.00167992948333553,-0.00167992948332141,0,
3.27932960893855,,,,,,-1.55441239603963e-12
3.2808,6.47264397641132e-15,-1.53886963565467e-12,0.00167992948333494,-0.001679929483322,0,
3.28012769353551,,,,,,-1.54708185403904e-12
3.2816,5.92096900069626e-15,-1.52701238867673e-12,0.00167992948333439,-0.00167992948332255,0,
3.28092577813248,,,,,,-1.53733325671666e-12
3.2824,5.40602298937495e-15,-1.51263235382473e-12,0.00167992948333388,-0.00167992948332306,0,
3.28172386272945,,,,,,-1.52511632011637e-12
3.2832,4.9307564189438e-15,-1.49567888509807e-12,0.0016799294833334,-0.00167992948332354,0,
3.28252194732642,,,,,,-1.51038076028205e-12
3.284,4.49811976590001e-15,-1.47610133649616e-12,0.00167992948333297,-0.00167992948332397,0,
3.28332003192338,,,,,,-1.4930762932576e-12
3.2848,4.11106350673995e-15,-1.4538490620184e-12,0.00167992948333258,-0.00167992948332436,0,
3.28411811652035,,,,,,-1.47315263508691e-12
3.2856,3.7725381179603e-15,-1.4288714156642e-12,0.00167992948333224,-0.0016799294833247,0,
3.28491620111732,,,,,,-1.45055950181385e-12
3.2864,3.4854940760577e-15,-1.40111775143296e-12,0.00167992948333196,-0.00167992948332498,0,
3.28571428571429,,,,,,-1.42524660948233e-12
3.2872,3.25288185752872e-15,-1.37053742332407e-12,0.00167992948333172,-0.00167992948332522,0,
3.28651237031125,,,,,,-1.39716367413623e-12
3.288,3.07765193887027e-15,-1.33707978533696e-12,0.00167992948333155,-0.00167992948332539,0,
3.28731045490822,,,,,,-1.36626041181944e-12
3.2888,2.96275479657887e-15,-1.30069419147103e-12,0.00167992948333143,-0.00167992948332551,0,
3.28810853950519,,,,,,-1.33248653857585e-12
3.2896,2.91114090715118e-15,-1.26132999572568e-12,0.00167992948333138,-0.00167992948332556,0,
3.28890662410215,,,,,,-1.29579177044934e-12
3.2904,2.92576074708386e-15,-1.21893655210032e-12,0.0016799294833314,-0.00167992948332554,0,
3.28970470869912,,,,,,-1.25612582348381e-12
3.2912,3.00956479287364e-15,-1.17346321459431e-12,0.00167992948333148,-0.00167992948332546,0,
3.29050279329609,,,,,,-1.21343841372315e-12
3.292,3.16550352101709e-15,-1.12485933720713e-12,0.00167992948333164,-0.0016799294833253,0,
3.29130087789306,,,,,,-1.16767925721123e-12
3.2928,2.50801002111981e-15,-1.07307427393814e-12,0.00167992948333098,-0.00167992948332596,0,
3.29209896249002,,,,,,-1.11879806999196e-12
3.2936,1.75194268278565e-15,-1.01805737878676e-12,0.00167992948333022,-0.00167992948332672,0,
3.29289704708699,,,,,,-1.06674456810922e-12
3.2944,9.9936586000704e-16,-9.74063282795944e-13,0.00167992948332947,-0.00167992948332747,0,
3.29369513168396,,,,,,-1.01146846760689e-12
3.2952,2.51197027402259e-16,-9.52562926325538e-13,0.00167992948332872,-0.00167992948332822,0,
3.29449321628093,,,,,,-9.6911658263073e-13
3.296,-4.9164634040917e-16,-9.33394288954885e-13,0.00167992948332798,-0.00167992948332896,0,
3.29529130087789,,,,,,-9.50424558799223e-13
3.2968,-1.22824676880897e-15,-9.13749486408873e-13,0.00167992948332724,-0.0016799294833297,0,
3.29608938547486,,,,,,-9.31246326992544e-13
3.2976,-1.95768678317845e-15,-8.9364251881059e-13,0.00167992948332651,-0.00167992948333043,0,
3.29688747007183,,,,,,-9.11595787253476e-13
3.2984,-2.67904890889891e-15,-8.73087386283124e-13,0.00167992948332579,-0.00167992948333115,0,
3.29768555466879,,,,,,-8.91486839624798e-13
3.2992,-3.39141567135206e-15,-8.52098088949553e-13,0.00167992948332508,-0.00167992948333186,0,
3.29848363926576,,,,,,-8.70933384149292e-13
3.3,-4.09386959591842e-15,-8.30688626932987e-13,0.00167992948332438,-0.00167992948333256,0,
3.29928172386273,,,,,,-8.49949320869736e-13
3.3008,-4.78549320797968e-15,-8.08873000356504e-13,0.00167992948332368,-0.00167992948333326,0,
3.3000798084597,,,,,,-8.28548549828912e-13
3.3016,-5.46536903291715e-15,-7.86665209343192e-13,0.001679929483323,-0.00167992948333394,0,
3.30087789305666,,,,,,-8.067449710696e-13
3.3024,-6.13257959611215e-15,-7.64079254016139e-13,0.00167992948332234,-0.0016799294833346,0,
3.30167597765363,,,,,,-7.8455248463458e-13
3.3032,-6.78620742294634e-15,-7.41129134498421e-13,0.00167992948332168,-0.00167992948333526,0,
3.3024740622506,,,,,,-7.61984990566633e-13
3.304,-7.42533503880029e-15,-7.17828850913151e-13,0.00167992948332104,-0.00167992948333589,0,
3.30327214684757,,,,,,-7.39056388908538e-13
3.3048,-8.04904496905568e-15,-6.94192403383406e-13,0.00167992948332042,-0.00167992948333652,0,
3.30407023144453,,,,,,-7.15780579703077e-13
3.3056,-8.65641973909383e-15,-6.70233792032273e-13,0.00167992948331981,-0.00167992948333713,0,
3.3048683160415,,,,,,-6.9217146299303e-13
3.3064,-9.24654187429603e-15,-6.45967016982841e-13,0.00167992948331922,-0.00167992948333772,0,
3.30566640063847,,,,,,-6.68242938821176e-13
3.3072,-9.81849390004391e-15,-6.21406078358186e-13,0.00167992948331865,-0.00167992948333829,0,
3.30646448523544,,,,,,-6.44008907230297e-13
3.308,-1.03713583417181e-14,-5.96564976281421e-13,0.0016799294833181,-0.00167992948333884,0,
3.3072625698324,,,,,,-6.19483268263172e-13
3.3088,-1.09042177247003e-14,-5.71457710875623e-13,0.00167992948331757,-0.00167992948333937,0,
3.30806065442937,,,,,,-5.94679921962583e-13
3.3096,-1.14161545743718e-14,-5.46098282263879e-13,0.00167992948331705,-0.00167992948333989,0,
3.30885873902634,,,,,,-5.69612768371309e-13
3.3104,-1.19062514161139e-14,-5.20500690569279e-13,0.00167992948331656,-0.00167992948334038,0,
3.3096568236233,,,,,,-5.4429570753213e-13
3.3112,-1.23735907753082e-14,-4.94678935914895e-13,0.0016799294833161,-0.00167992948334084,0,
3.31045490822027,,,,,,-5.18742639487828e-13
3.312,-1.28172551773353e-14,-4.68647018423845e-13,0.00167992948331565,-0.00167992948334129,0,
3.31125299281724,,,,,,-4.92967464281182e-13
3.3128,-1.3236327147577e-14,-4.42418938219203e-13,0.00167992948331523,-0.00167992948334171,0,
3.31205107741421,,,,,,-4.66984081954973e-13
3.3136,-1.36298892114145e-14,-4.16008695424057e-13,0.00167992948331484,-0.0016799294833421,0,
3.31284916201117,,,,,,-4.40806392551981e-13
3.3144,-1.39970238942292e-14,-3.89430290161496e-13,0.00167992948331447,-0.00167992948334247,0,
3.31364724660814,,,,,,-4.14448296114986e-13
3.3152,-1.43368137214024e-14,-3.62697722554593e-13,0.00167992948331413,-0.00167992948334281,0,
3.31444533120511,,,,,,-3.87923692686769e-13
3.316,-1.46483412183152e-14,-3.35824992726466e-13,0.00167992948331382,-0.00167992948334312,0,
3.31524341580208,,,,,,-3.61246482310111e-13
3.3168,-1.49306889103491e-14,-3.0882610080019e-13,0.00167992948331354,-0.0016799294833434,0,
3.31604150039904,,,,,,-3.3443056502779e-13
3.3176,-1.51829393228853e-14,-2.81715046898851e-13,0.00167992948331329,-0.00167992948334365,0,
3.31683958499601,,,,,,-3.07489840882589e-13
3.3184,-1.54041749813052e-14,-2.54505831145539e-13,0.00167992948331307,-0.00167992948334387,0,
3.31763766959298,,,,,,-2.80438209917287e-13
3.3192,-1.55934784109901e-14,-2.27212453663327e-13,0.00167992948331288,-0.00167992948334406,0,
3.31843575418994,,,,,,-2.53289572174665e-13
3.32,-1.57499321373212e-14,-1.99848914575333e-13,0.00167992948331272,-0.00167992948334422,0,
3.31923383878691,,,,,,-2.26057827697502e-13
3.3208,-1.58726186856799e-14,-1.72429214004631e-13,0.0016799294833126,-0.00167992948334434,0,
3.32003192338388,,,,,,-1.9875687652858e-13
3.3216,-1.59606205814475e-14,-1.44967352074308e-13,0.00167992948331251,-0.00167992948334443,0,
3.32083000798085,,,,,,-1.71400618710678e-13
3.3224,-1.60130203500053e-14,-1.17477328907454e-13,0.00167992948331246,-0.00167992948334448,0,
3.32162809257781,,,,,,-1.44002954286577e-13
3.3232,-1.60289005167345e-14,-8.99731446271417e-14,0.00167992948331244,-0.0016799294833445,0,
3.32242617717478,,,,,,-1.16577783299057e-13
3.324,-1.60073436070166e-14,-6.24687993564895e-14,0.00167992948331246,-0.00167992948334448,0,
3.32322426177175,,,,,,-8.91390057908995e-14
3.3248,-1.59474321462328e-14,-3.49782932185708e-14,0.00167992948331252,-0.00167992948334442,0,
3.32402234636872,,,,,,-6.17005218048836e-14
3.3256,-1.58482486597644e-14,-7.51562633647381e-15,0.00167992948331262,-0.00167992948334432,0,
3.32482043096568,,,,,,-3.42762313837901e-14
3.3264,-1.57088756729928e-14,1.9905201166713e-14,0.00167992948331276,-0.00167992948334418,0,
3.32561851556265,,,,,,-6.88003457041441e-15
3.3272,-1.57475694082064e-14,4.72701891679164e-14,0.00167992948331272,-0.00167992948334422,0,
3.32641660015962,,,,,,2.04741685924934e-14
3.328,-1.6066372328414e-14,7.45653375440177e-14,0.0016799294833124,-0.00167992948334454,0,
3.32721468475658,,,,,,4.77724780621379e-14
3.3288,-1.63784754556105e-14,1.01776646171944e-13,0.00167992948331209,-0.00167992948334485,0,
3.32801276935355,,,,,,7.50009937957387e-14
3.3296,-1.66837685929221e-14,1.24308533428347e-13,0.00167992948331179,-0.00167992948334515,0,
3.32881085395052,,,,,,1.02145815750515e-13
3.3304,-1.69821415434749e-14,1.45181841763093e-13,0.00167992948331149,-0.00167992948334545,0,
3.32960893854749,,,,,,1.24559567447343e-13
3.3312,-1.72734841103951e-14,1.65512431980099e-13,0.0016799294833112,-0.00167992948334574,0,
3.33040702314445,,,,,,1.45364928944261e-13
3.332,-1.75576860968089e-14,1.85289723378428e-13,0.00167992948331091,-0.00167992948334603,0,
3.33120510774142,,,,,,1.65642206556817e-13
3.3328,-1.78346373058422e-14,2.0449078078875e-13,0.00167992948331063,-0.0016799294833463,0,
3.33200319233839,,,,,,1.85368629068463e-13
3.3336,-1.81042275406212e-14,2.23077823922837e-13,0.00167992948331037,-0.00167992948334657,0,
3.33280127693535,,,,,,2.04521425262652e-13
3.33359936153232,,,,,,2.23077823922837e-13
3.3344,-1.83663466042721e-14,2.4107039876029e-13,0.0016799294833101,-0.00167992948334684,0,
3.33439744612929,,,,,,2.4101505383247e-13
3.3352,-1.86208842999211e-14,2.58403475016054e-13,0.00167992948330985,-0.00167992948334709,0,
3.33519553072626,,,,,,2.58310343775003e-13
3.336,-1.88677304306943e-14,2.75068467304766e-13,0.0016799294833096,-0.00167992948334734,0,
3.33599361532322,,,,,,2.74940922533888e-13
3.3368,-1.91067747997177e-14,2.91042440457102e-13,0.00167992948330936,-0.00167992948334758,0,
3.33679169992019,,,,,,2.90884018892579e-13
3.3376,-1.93379072101174e-14,3.06302459303763e-13,0.00167992948330913,-0.00167992948334781,0,
3.33758978451716,,,,,,3.06116861634527e-13
3.3384,-1.95610174650197e-14,3.20825588675442e-13,0.00167992948330891,-0.00167992948334803,0,
3.33838786911413,,,,,,3.20616679543186e-13
3.3392,-1.97759953675507e-14,3.34588893402834e-13,0.00167992948330869,-0.00167992948334825,0,
3.33918595371109,,,,,,3.34360701402006e-13
3.34,-1.99827307208366e-14,3.47569438316638e-13,0.00167992948330849,-0.00167992948334845,0,
3.33998403830806,,,,,,3.47326155994442e-13
3.3408,-2.01811133280033e-14,3.59744288247534e-13,0.00167992948330829,-0.00167992948334865,0,
3.34078212290503,,,,,,3.59490272103945e-13
3.3416,-2.03710329921771e-14,3.71090508026221e-13,0.0016799294833081,-0.00167992948334884,0,
3.341580207502,,,,,,3.70830278513967e-13
3.3424,-2.05523795164841e-14,3.81585162483394e-13,0.00167992948330792,-0.00167992948334902,0,
3.34237829209896,,,,,,3.81323404007962e-13
3.3432,-2.07250427040504e-14,3.91205316449746e-13,0.00167992948330774,-0.00167992948334919,0,
3.34317637669593,,,,,,3.90946877369382e-13
3.344,-2.08889123580022e-14,3.99928034755973e-13,0.00167992948330758,-0.00167992948334936,0,
3.3439744612929,,,,,,3.99677927381678e-13
3.3448,-2.10438782814656e-14,4.07730382232762e-13,0.00167992948330743,-0.00167992948334951,0,
3.34477254588986,,,,,,4.07493782828304e-13
3.3456,-2.11898302775666e-14,4.14589423710808e-13,0.00167992948330728,-0.00167992948334966,0,
3.34557063048683,,,,,,4.14371672492711e-13
3.3464,-2.13266581494316e-14,4.20482224020807e-13,0.00167992948330714,-0.0016799294833498,0,
3.3463687150838,,,,,,4.20288825158353e-13
3.3472,-2.14542517001865e-14,4.2538584799345e-13,0.00167992948330702,-0.00167992948334992,0,
3.34716679968077,,,,,,4.25222469608682e-13
3.348,-2.15725007329576e-14,4.29277360459434e-13,0.0016799294833069,-0.00167992948335004,0,
3.34796488427773,,,,,,4.2914983462715e-13
3.3488,-2.16812950508708e-14,4.32133826249447e-13,0.00167992948330679,-0.00167992948335015,0,
3.3487629688747,,,,,,4.32048148997209e-13
3.3496,-2.17805244570525e-14,4.33932310194185e-13,0.00167992948330669,-0.00167992948335025,0,
3.34956105347167,,,,,,4.33894641502313e-13
3.3504,-2.18700787546286e-14,4.34649877124341e-13,0.0016799294833066,-0.00167992948335034,0,
3.35035913806864,,,,,,4.34666540925913e-13
3.3512,-2.19498477467254e-14,4.34263591870609e-13,0.00167992948330652,-0.00167992948335042,0,
3.3511572226656,,,,,,4.34341076051462e-13
3.352,-2.2019721236469e-14,4.3275051926368e-13,0.00167992948330645,-0.00167992948335049,0,
3.35195530726257,,,,,,4.32895475662412e-13
3.3528,-2.20795890269855e-14,4.3008772413425e-13,0.00167992948330639,-0.00167992948335055,0,
3.35275339185954,,,,,,4.30306968542216e-13
3.3536,-2.2129340921401e-14,4.26252271313012e-13,0.00167992948330634,-0.0016799294833506,0,
3.3535514764565,,,,,,4.26552783474326e-13
3.3544,-2.21688667228416e-14,4.21221225630658e-13,0.0016799294833063,-0.00167992948335064,0,
3.35434956105347,,,,,,4.21610149242195e-13
3.3552,-2.21980562344336e-14,4.14971651917882e-13,0.00167992948330627,-0.00167992948335067,0,
3.35514764565044,,,,,,4.15456294629275e-13
3.356,-2.2216799259303e-14,4.07480615005373e-13,0.00167992948330625,-0.00167992948335069,0,
3.35594573024741,,,,,,4.08068448419018e-13
3.3568,-2.2224985600576e-14,3.98725179723833e-13,0.00167992948330624,-0.00167992948335069,0,
3.35674381484437,,,,,,3.99423839394877e-13
3.3576,-2.22225050613786e-14,3.88682410903951e-13,0.00167992948330625,-0.00167992948335069,0,
3.35754189944134,,,,,,3.89499696340305e-13
3.3584,-2.22092474448371e-14,3.77329373376419e-13,0.00167992948330626,-0.00167992948335068,0,
3.35833998403831,,,,,,3.78273248038753e-13
3.3592,-2.21851025540775e-14,3.64643131971933e-13,0.00167992948330628,-0.00167992948335066,0,
3.35913806863528,,,,,,3.65721723273674e-13
3.36,-2.2149960192226e-14,3.50600751521175e-13,0.00167992948330632,-0.00167992948335062,0,
3.35993615323224,,,,,,3.51822350828522e-13
3.3608,-2.21037101624087e-14,3.35179296854857e-13,0.00167992948330637,-0.00167992948335057,0,
3.36073423782921,,,,,,3.36552359486747e-13
3.3616,-2.20462422677518e-14,3.18355832803662e-13,0.00167992948330642,-0.00167992948335052,0,
3.36153232242618,,,,,,3.19888978031803e-13
3.3624,-2.19774463113813e-14,3.00107424198286e-13,0.00167992948330649,-0.00167992948335045,0,
3.36233040702314,,,,,,3.01809435247141e-13
3.3632,-2.18972120964235e-14,2.80769089530613e-13,0.00167992948330657,-0.00167992948335037,0,
3.36312849162011,,,,,,2.82290959916215e-13
3.364,-2.18054294260043e-14,2.65048752170619e-13,0.00167992948330666,-0.00167992948335028,0,
3.36392657621708,,,,,,2.65305799362584e-13
3.3648,-2.17019881032501e-14,2.62230931815134e-13,0.00167992948330677,-0.00167992948335017,0,
3.36472466081405,,,,,,2.62511808145571e-13
3.3656,-2.15867779312868e-14,2.59231507515987e-13,0.00167992948330688,-0.00167992948335006,0,
3.36552274541101,,,,,,2.59536423289244e-13
3.3664,-2.14596887132407e-14,2.56057350553086e-13,0.00167992948330701,-0.00167992948334993,0,
3.36632083000798,,,,,,2.56386466953953e-13
3.3672,-2.13206102522379e-14,2.52715332206334e-13,0.00167992948330715,-0.00167992948334979,0,
3.36711891460495,,,,,,2.53068761300049e-13
3.368,-2.11694323514044e-14,2.49212323755635e-13,0.0016799294833073,-0.00167992948334964,0,
3.36791699920192,,,,,,2.49590128487884e-13
3.3688,-2.10060448138665e-14,2.455551964809e-13,0.00167992948330746,-0.00167992948334948,0,
3.36871508379888,,,,,,2.45957390677808e-13
3.3696,-2.08303374427503e-14,2.4175082166203e-13,0.00167992948330764,-0.0016799294833493,0,
3.36951316839585,,,,,,2.42177370030173e-13
3.3704,-2.06422000411818e-14,2.37806070578932e-13,0.00167992948330783,-0.00167992948334911,0,
3.37031125299282,,,,,,2.38256888705329e-13
3.3712,-2.04415224122873e-14,2.33727814511512e-13,0.00167992948330803,-0.00167992948334891,0,
3.37110933758978,,,,,,2.34202768863627e-13
3.372,-2.02281943591927e-14,2.29522924739672e-13,0.00167992948330824,-0.0016799294833487,0,
3.37190742218675,,,,,,2.30021832665419e-13
3.3728,-2.00021056850244e-14,2.25198272543323e-13,0.00167992948330847,-0.00167992948334847,0,
3.37270550678372,,,,,,2.25720902271055e-13
3.3736,-1.97631461929085e-14,2.20760729202367e-13,0.00167992948330871,-0.00167992948334823,0,
3.37350359138069,,,,,,2.21306799840886e-13
3.3744,-1.95112056859709e-14,2.16217165996711e-13,0.00167992948330896,-0.00167992948334798,0,
3.37430167597765,,,,,,2.16786347535263e-13
3.3752,-1.9246173967338e-14,2.11574454206259e-13,0.00167992948330922,-0.00167992948334772,0,
3.37509976057462,,,,,,2.1216636751454e-13
3.376,-1.89679408401356e-14,2.06839465110915e-13,0.0016799294833095,-0.00167992948334744,0,
3.37589784517159,,,,,,2.07453681939063e-13
3.3768,-1.86763961074902e-14,2.0201906999059e-13,0.00167992948330979,-0.00167992948334715,0,
3.37669592976856,,,,,,2.02655112969185e-13
3.3776,-1.83714295725278e-14,1.97120140125185e-13,0.0016799294833101,-0.00167992948334684,0,
3.37749401436552,,,,,,1.97777482765256e-13
3.3784,-1.80529310383745e-14,1.92149546794608e-13,0.00167992948331042,-0.00167992948334652,0,
3.37829209896249,,,,,,1.92827613487629e-13
3.3792,-1.77207903081564e-14,1.87114161278762e-13,0.00167992948331075,-0.00167992948334619,0,
3.37909018355946,,,,,,1.87812327296654e-13
3.38,-1.73748971849995e-14,1.82020854857552e-13,0.00167992948331109,-0.00167992948334584,0,
3.37988826815642,,,,,,1.82738446352681e-13
3.3808,-1.70151414720303e-14,1.76876498810887e-13,0.00167992948331145,-0.00167992948334548,0,
3.38068635275339,,,,,,1.77612792816063e-13
3.3816,-1.66414129723748e-14,1.71687964418671e-13,0.00167992948331183,-0.00167992948334511,0,
3.38148443735036,,,,,,1.72442188847149e-13
3.3824,-1.6253601489159e-14,1.66462122960809e-13,0.00167992948331222,-0.00167992948334472,0,
3.38228252194733,,,,,,1.67233456606292e-13
3.3832,-1.5851596825509e-14,1.61205845717207e-13,0.00167992948331262,-0.00167992948334432,0,
3.38308060654429,,,,,,1.61993418253841e-13
3.384,-1.54352887845509e-14,1.55926003967767e-13,0.00167992948331303,-0.0016799294833439,0,
3.38387869114126,,,,,,1.56728895950147e-13
3.3848,-1.50045671694112e-14,1.50629468992401e-13,0.00167992948331347,-0.00167992948334347,0,
3.38467677573823,,,,,,1.51446711855563e-13
3.3856,-1.45593217832157e-14,1.45323112071011e-13,0.00167992948331391,-0.00167992948334303,0,
3.3854748603352,,,,,,1.46153688130438e-13
3.3864,-1.40994424290907e-14,1.40013804483502e-13,0.00167992948331437,-0.00167992948334257,0,
3.38627294493216,,,,,,1.40856646935124e-13
3.3872,-1.36248189101622e-14,1.34708417509781e-13,0.00167992948331484,-0.00167992948334209,0,
3.38707102952913,,,,,,1.35562410429971e-13
3.388,-1.31353410295561e-14,1.29413822429749e-13,0.00167992948331533,-0.0016799294833416,0,
3.3878691141261,,,,,,1.30277800775331e-13
3.3888,-1.26308985903991e-14,1.24136890523318e-13,0.00167992948331584,-0.0016799294833411,0,
3.38866719872306,,,,,,1.25009640131555e-13
3.3896,-1.21113813958171e-14,1.18884493070391e-13,0.00167992948331636,-0.00167992948334058,0,
3.38946528332003,,,,,,1.19764750658993e-13
3.3904,-1.15766792489361e-14,1.13663501350873e-13,0.00167992948331689,-0.00167992948334005,0,
3.390263367917,,,,,,1.14549954517997e-13
3.3912,-1.10266819528823e-14,1.0848078664467e-13,0.00167992948331744,-0.0016799294833395,0,
3.39106145251397,,,,,,1.09372073868917e-13
3.392,-1.04612793107816e-14,1.03343220231683e-13,0.00167992948331801,-0.00167992948333893,0,
3.39185953711093,,,,,,1.04237930872104e-13
3.3928,-9.88036112576062e-15,9.82576733918253e-14,0.00167992948331859,-0.00167992948333835,0,
3.3926576217079,,,,,,9.91543476879099e-14
3.3936,-9.28381720094526e-15,9.32310174049985e-14,0.00167992948331919,-0.00167992948333775,0,
3.39345570630487,,,,,,9.4128146476685e-14
3.3944,-8.67153733946163e-15,8.82701235511082e-14,0.0016799294833198,-0.00167992948333714,0,
3.39425379090184,,,,,,8.91661493987805e-14
3.3952,-8.04341134443586e-15,8.33818631100598e-14,0.00167992948332043,-0.00167992948333651,0,
3.3950518754988,,,,,,8.42751786145473e-14
3.396,-7.39932901899373e-15,7.85731073617564e-14,0.00167992948332107,-0.00167992948333587,0,
3.39584996009577,,,,,,7.94620562843362e-14
3.3968,-6.93966259395751e-15,7.38507275861087e-14,0.00167992948332153,-0.00167992948333541,0,
3.39664804469274,,,,,,7.47336045684984e-14
3.3976,-6.68770870715171e-15,6.92215950630193e-14,0.00167992948332178,-0.00167992948333516,0,
3.3974461292897,,,,,,7.00966456273847e-14
3.3984,-6.4354633891438e-15,6.4692581072394e-14,0.00167992948332203,-0.00167992948333491,0,
3.39824421388667,,,,,,6.55580016213461e-14
3.3992,-6.18303278843746e-15,6.02705568941382e-14,0.00167992948332229,-0.00167992948333465,0,
3.39904229848364,,,,,,6.11244947107337e-14
3.4,-5.93052305353623e-15,5.59623938081551e-14,0.00167992948332254,-0.0016799294833344,0,
3.39984038308061,,,,,,5.68029470558984e-14
3.4008,-5.67804033294404e-15,5.17749630943547e-14,0.00167992948332279,-0.00167992948333415,0,
3.40063846767757,,,,,,5.2600180817191e-14
3.4016,-5.42569077516445e-15,4.77151360326403e-14,0.00167992948332304,-0.0016799294833339,0,
3.40143655227454,,,,,,4.85230181549627e-14
3.4024,-5.17358052870113e-15,4.37897839029173e-14,0.0016799294833233,-0.00167992948333364,0,
3.40223463687151,,,,,,4.45782812295643e-14
3.4032,-4.92181574205775e-15,4.00057779850913e-14,0.00167992948332355,-0.00167992948333339,0,
3.40303272146848,,,,,,4.07727922013469e-14
3.404,-4.67050256373784e-15,3.63699895590657e-14,0.0016799294833238,-0.00167992948333314,0,
3.40383080606544,,,,,,3.71133732306613e-14
3.4048,-4.41974714224537e-15,3.288928990475e-14,0.00167992948332405,-0.00167992948333289,0,
3.40462889066241,,,,,,3.36068464778585e-14
3.4056,-4.16965562608387e-15,2.95705503020478e-14,0.0016799294833243,-0.00167992948333264,0,
3.40542697525938,,,,,,3.02600341032897e-14
3.4064,-3.92033416375701e-15,2.64206420308644e-14,0.00167992948332455,-0.00167992948333239,0,
3.40622505985634,,,,,,2.70797582673055e-14
3.4072,-3.67188890376847e-15,2.34464363711054e-14,0.0016799294833248,-0.00167992948333214,0,
3.40702314445331,,,,,,2.40728411302572e-14
3.408,-3.42442599462179e-15,2.06548046026748e-14,0.00167992948332505,-0.00167992948333189,0,
3.40782122905028,,,,,,2.12461048524955e-14
3.4088,-3.17805158482091e-15,1.80526180054812e-14,0.00167992948332529,-0.00167992948333165,0,
3.40861931364725,,,,,,1.86063715943716e-14
3.4096,-2.93287182286938e-15,1.56467478594283e-14,0.00167992948332554,-0.0016799294833314,0,
3.40941739824421,,,,,,1.61604635162363e-14
3.4104,-2.68899285727087e-15,1.34440654444218e-14,0.00167992948332578,-0.00167992948333116,0,
3.41021548284118,,,,,,1.39152027784405e-14
3.4112,-2.44652083652906e-15,1.14514420403672e-14,0.00167992948332602,-0.00167992948333092,0,
3.41101356743815,,,,,,1.18774115413354e-14
3.412,-2.20556190914748e-15,9.67574892716892e-15,0.00167992948332626,-0.00167992948333068,0,
3.41181165203512,,,,,,1.00539119652718e-14
3.4128,-1.96622222363009e-15,8.12385738473451e-15,0.0016799294833265,-0.00167992948333044,0,
3.41260973663208,,,,,,8.45152621060074e-15
3.4136,-1.72860792848042e-15,6.80263869296839e-15,0.00167992948332674,-0.0016799294833302,0,
3.41340782122905,,,,,,7.07707643767311e-15
3.4144,-1.49282517220214e-15,5.71896413177607e-15,0.00167992948332698,-0.00167992948332996,0,
3.41420590582602,,,,,,5.93738480683996e-15
3.4152,-1.25898010329893e-15,4.87970498106301e-15,0.00167992948332721,-0.00167992948332973,0,
3.41500399042298,,,,,,5.03927347845216e-15
3.416,-1.02717887027435e-15,4.2917325207345e-15,0.00167992948332744,-0.0016799294833295,0,
3.41580207501995,,,,,,4.38956461286073e-15
3.4168,-7.97527621632319e-16,3.96191803069665e-15,0.00167992948332767,-0.00167992948332927,0,
3.41660015961692,,,,,,3.9950803704167e-15
3.4176,-5.70132505876384e-16,3.89713279085452e-15,0.0016799294833279,-0.00167992948332904,0,
3.41739824421389,,,,,,3.8626429114709e-15
3.4184,-3.45099671510224e-16,4.10424808111365e-15,0.00167992948332812,-0.00167992948332881,0,
3.41819632881085,,,,,,3.99907439637442e-15
3.4192,-1.22535267037515e-16,4.59013518137947e-15,0.00167992948332835,-0.00167992948332859,0,
3.41899441340782,,,,,,4.4111969854781e-15
3.42,9.7454559038192e-17,5.36166537155809e-15,0.00167992948332857,-0.00167992948332837,0,
3.41979249800479,,,,,,5.10583283913301e-15
3.4208,3.14763658212977e-16,6.42570993155404e-15,0.00167992948332878,-0.00167992948332815,0,
3.42059058260176,,,,,,6.08980411769008e-15
3.4216,5.29285881983286e-16,7.7891401412732e-15,0.001679929483329,-0.00167992948332794,0,
3.42138866719872,,,,,,7.36993298150029e-15
3.4224,7.40915081845444e-16,9.45882728062103e-15,0.00167992948332921,-0.00167992948332773,0,
3.42218675179569,,,,,,8.95304159091455e-15
3.4232,9.49545109295776e-16,1.14416426295031e-14,0.00167992948332942,-0.00167992948332752,0,
3.42298483639266,,,,,,1.08459521062839e-14
3.424,1.15506981583072e-15,1.37444574678262e-14,0.00167992948332962,-0.00167992948332731,0,
3.42378292098963,,,,,,1.30554866879593e-14
3.4248,1.35738305294637e-15,1.63741430754932e-14,0.00167992948332983,-0.00167992948332711,0,
3.42458100558659,,,,,,1.55884674962916e-14
3.4256,1.55637867213917e-15,1.9337570732411e-14,0.00167992948333003,-0.00167992948332691,0,
3.42537909018356,,,,,,1.84517166916302e-14
3.4264,1.75195052490545e-15,2.26416117184849e-14,0.00167992948333022,-0.00167992948332672,0,
3.42617717478053,,,,,,2.16520564343293e-14
3.4272,1.94399246274152e-15,2.62931373136203e-14,0.00167992948333041,-0.00167992948332653,0,
3.42697525937749,,,,,,2.51963088847381e-14
3.428,2.13239833714381e-15,3.02990187977253e-14,0.0016799294833306,-0.00167992948332634,0,
3.42777334397446,,,,,,2.90912962032079e-14
3.4288,2.31706199960845e-15,3.46661274507008e-14,0.00167992948333079,-0.00167992948332615,0,
3.42857142857143,,,,,,3.33438405500894e-14
3.4296,2.49787730163186e-15,3.94013345524543e-14,0.00167992948333097,-0.00167992948332597,0,
3.4293695131684,,,,,,3.79607640857338e-14
3.4304,2.67473809471036e-15,4.45115113828914e-14,0.00167992948333114,-0.0016799294833258,0,
3.43016759776536,,,,,,4.29488889704918e-14
3.4312,2.84753823034029e-15,5.00035292219177e-14,0.00167992948333132,-0.00167992948332562,0,
3.43096568236233,,,,,,4.83150373647146e-14
3.432,3.01617156001805e-15,5.58842593494419e-14,0.00167992948333149,-0.00167992948332545,0,
3.4317637669593,,,,,,5.4066031428753e-14
3.4328,3.18053193523979e-15,6.20513318789142e-14,0.00167992948333165,-0.00167992948332529,0,
3.43256185155626,,,,,,6.02086933229581e-14
3.4336,3.34051320750192e-15,6.47401507567171e-14,0.00167992948333181,-0.00167992948332513,0,
3.43335993615323,,,,,,6.63837555077862e-14
3.4344,3.49600922830077e-15,5.92410875489627e-14,0.00167992948333197,-0.00167992948332497,0,
3.4341580207502,,,,,,6.09196439683359e-14
3.4352,3.64691384913267e-15,5.36696542157034e-14,0.00167992948333212,-0.00167992948332482,0,
3.43495610534717,,,,,,5.53835080205409e-14
3.436,3.79312092149393e-15,4.80258507569393e-14,0.00167992948333226,-0.00167992948332468,0,
3.43575418994413,,,,,,4.9775347664401e-14
3.4368,3.93452429688096e-15,4.23096771726671e-14,0.0016799294833324,-0.00167992948332453,0,
3.4365522745411,,,,,,4.40951628999164e-14
3.4376,4.07101782678994e-15,3.65211334628933e-14,0.00167992948333254,-0.0016799294833244,0,
3.43735035913807,,,,,,3.83429537270869e-14
3.4384,4.20249536271725e-15,3.06602196276146e-14,0.00167992948333267,-0.00167992948332427,0,
3.43814844373504,,,,,,3.25187201459127e-14
3.4392,4.32885075615923e-15,2.47269356668311e-14,0.0016799294833328,-0.00167992948332414,0,
3.438946528332,,,,,,2.66224621563936e-14
3.44,4.4499778586122e-15,1.87212815805427e-14,0.00167992948333292,-0.00167992948332402,0,
3.43974461292897,,,,,,2.06541797585298e-14
3.4408,4.56577052157256e-15,1.26432573687462e-14,0.00167992948333304,-0.0016799294833239,0,
3.44054269752594,,,,,,1.46138729523211e-14
3.4416,4.67612259653648e-15,6.4928630314481e-15,0.00167992948333315,-0.00167992948332379,0,
3.4413407821229,,,,,,8.50154173776769e-15
3.4424,4.78092793500038e-15,2.70098568645202e-16,0.00167992948333325,-0.00167992948332369,0,
3.44213886671987,,,,,,2.31718611486945e-15
3.4432,4.88008038846056e-15,-6.02503601966253e-15,0.00167992948333335,-0.00167992948332359,0,
3.44293695131684,,,,,,-3.9391939163736e-15
3.444,4.97347380841336e-15,-1.23925407334751e-14,0.00167992948333344,-0.0016799294833235,0,
3.44373503591381,,,,,,-1.02675983559614e-14
3.4448,5.06100204635515e-15,-1.88324155727961e-14,0.00167992948333353,-0.00167992948332341,0,
3.44453312051077,,,,,,-1.66680272038941e-14
3.4456,5.14255895378214e-15,-2.53446605376184e-14,0.00167992948333361,-0.00167992948332333,0,
3.44533120510774,,,,,,-2.31404804601715e-14
3.4464,5.21803838219073e-15,-3.19292756279455e-14,0.00167992948333369,-0.00167992948332325,0,
3.44612928970471,,,,,,-2.96849581247938e-14
3.4472,5.28733418307723e-15,-3.85862608437775e-14,0.00167992948333376,-0.00167992948332318,0,
3.44692737430168,,,,,,-3.63014601977608e-14
3.448,5.35034020793798e-15,-4.53156161851143e-14,0.00167992948333382,-0.00167992948332312,0,
3.44772545889864,,,,,,-4.29899866790726e-14
3.4488,5.40695030826931e-15,-5.21173416519597e-14,0.00167992948333388,-0.00167992948332306,0,
3.44852354349561,,,,,,-4.97505375687293e-14
3.4496,5.45705833556749e-15,-5.89914372443062e-14,0.00167992948333393,-0.00167992948332301,0,
3.44932162809258,,,,,,-5.65831128667307e-14
3.4504,5.50055814132889e-15,-6.56811403239471e-14,0.00167992948333397,-0.00167992948332297,0,
3.45011971268955,,,,,,-6.34877125730769e-14
3.4512,5.53734357704983e-15,-7.10625386753909e-14,0.00167992948333401,-0.00167992948332293,0,
3.45091779728651,,,,,,-6.97332357817022e-14
3.452,5.56730849422663e-15,-7.47558760848367e-14,0.00167992948333404,-0.0016799294833229,0,
3.45171588188348,,,,,,-7.34925765443959e-14
3.4528,5.59034674435562e-15,-7.82374553628828e-14,0.00167992948333406,-0.00167992948332288,0,
3.45251396648045,,,,,,-7.70411707591181e-14
3.4536,5.60635217893311e-15,-8.15072765095252e-14,0.00167992948333408,-0.00167992948332286,0,
3.45331205107741,,,,,,-8.03790184258688e-14
3.4544,5.61521864945544e-15,-8.45653395247658e-14,0.00167992948333409,-0.00167992948332285,0,
3.45411013567438,,,,,,-8.35061195446481e-14
3.4552,5.61684000741892e-15,-8.74116444086049e-14,0.00167992948333409,-0.00167992948332285,0,
3.45490822027135,,,,,,-8.64224741154559e-14
3.456,5.6111101043199e-15,-9.00461911610422e-14,0.00167992948333408,-0.00167992948332286,0,
3.45570630486832,,,,,,-8.91280821382922e-14
3.4568,5.59792279165467e-15,-9.24689797820791e-14,0.00167992948333407,-0.00167992948332287,0,
3.45650438946528,,,,,,-9.16229436131571e-14
3.4576,5.57717192091958e-15,-9.4680010271713e-14,0.00167992948333405,-0.00167992948332289,0,
3.45730247406225,,,,,,-9.39070585400505e-14
3.4584,5.54875134361095e-15,-9.66792826299452e-14,0.00167992948333402,-0.00167992948332292,0,
3.45810055865922,,,,,,-9.59804269189724e-14
3.4592,5.5125549112251e-15,-9.84667968567757e-14,0.00167992948333398,-0.00167992948332296,0,
3.45889864325619,,,,,,-9.78430487499229e-14
3.46,5.46847647525836e-15,-1.00042552952204e-13,0.00167992948333394,-0.001679929483323,0,
3.45969672785315,,,,,,-9.94949240329018e-14
3.4608,5.41640988720702e-15,-1.01406550916232e-13,0.00167992948333389,-0.00167992948332305,0,
3.46049481245012,,,,,,-1.00936052767909e-13
3.4616,5.35624899856747e-15,-1.02558790748858e-13,0.00167992948333383,-0.00167992948332311,0,
3.46129289704709,,,,,,-1.02166434954945e-13
3.4624,5.287887660836e-15,-1.03499272450081e-13,0.00167992948333376,-0.00167992948332318,0,
3.46209098164405,,,,,,-1.0318607059401e-13
3.4632,5.21121972550893e-15,-1.04227996019903e-13,0.00167992948333368,-0.00167992948332326,0,
3.46288906624102,,,,,,-1.03994959685103e-13
3.464,5.1261390440826e-15,-1.04744961458324e-13,0.0016799294833336,-0.00167992948332334,0,
3.46368715083799,,,,,,-1.04593102228225e-13
3.4648,5.03253946805327e-15,-1.05050168765342e-13,0.0016799294833335,-0.00167992948332344,0,
3.46448523543496,,,,,,-1.04980498223375e-13
3.4656,4.93031484891737e-15,-1.05143617940959e-13,0.0016799294833334,-0.00167992948332354,0,
3.46528332003192,,,,,,-1.05157147670554e-13
3.4664,4.9249650919383e-15,-1.05025308985174e-13,0.00167992948333339,-0.00167992948332354,0,
3.46608140462889,,,,,,-1.05123050569761e-13
3.4672,5.00339733426503e-15,-1.04695241897988e-13,0.00167992948333347,-0.00167992948332347,0,
3.46687948922586,,,,,,-1.04878206920997e-13
3.468,5.07960369821015e-15,-1.041534166794e-13,0.00167992948333355,-0.00167992948332339,0,
3.46767757382283,,,,,,-1.04422616724261e-13
3.4688,5.15355395258699e-15,-1.03399833329409e-13,0.00167992948333362,-0.00167992948332332,0,
3.46847565841979,,,,,,-1.03756279979554e-13
3.4696,5.22521786620876e-15,-1.02434491848017e-13,0.0016799294833337,-0.00167992948332324,0,
3.46927374301676,,,,,,-1.02879196686875e-13
3.4704,5.29456520788878e-15,-1.01257392235224e-13,0.00167992948333376,-0.00167992948332318,0,
3.47007182761373,,,,,,-1.01791366846225e-13
3.4712,5.36156574644036e-15,-9.9868534491029e-14,0.00167992948333383,-0.00167992948332311,0,
3.47086991221069,,,,,,-1.00492790457604e-13
3.472,5.42618925067679e-15,-9.82679186154322e-14,0.0016799294833339,-0.00167992948332304,0,
3.47166799680766,,,,,,-9.89834675210106e-14
3.4728,5.48840548941138e-15,-9.64555446084328e-14,0.00167992948333396,-0.00167992948332298,0,
3.47246608140463,,,,,,-9.72633980364461e-14
3.4736,5.54818423145737e-15,-9.44314124700325e-14,0.00167992948333402,-0.00167992948332292,0,
3.4732641660016,,,,,,-9.53325820039102e-14
3.4744,5.60549524562807e-15,-9.21955222002306e-14,0.00167992948333408,-0.00167992948332286,0,
3.47406225059856,,,,,,-9.31910194234027e-14
3.4752,5.66030830073679e-15,-8.97478737990271e-14,0.00167992948333413,-0.00167992948332281,0,
3.47486033519553,,,,,,-9.08387102949238e-14
3.476,5.71259316559681e-15,-8.70884672664218e-14,0.00167992948333418,-0.00167992948332276,0,
3.4756584197925,,,,,,-8.8275654618475e-14
3.4768,5.76231960902144e-15,-8.42173026024132e-14,0.00167992948333423,-0.00167992948332271,0,
3.47645650438947,,,,,,-8.55018523940532e-14
3.4776,5.80945739982394e-15,-8.11343798070045e-14,0.00167992948333428,-0.00167992948332266,0,
3.47725458898643,,,,,,-8.25173036216601e-14
3.4784,5.85397630681761e-15,-7.78396988801941e-14,0.00167992948333432,-0.00167992948332262,0,
3.4780526735834,,,,,,-7.93220083012954e-14
3.4792,5.89584609881575e-15,-7.4333259821982e-14,0.00167992948333437,-0.00167992948332257,0,
3.47885075818037,,,,,,-7.59159664329593e-14
3.48,5.93503654463165e-15,-7.06150626323682e-14,0.0016799294833344,-0.00167992948332253,0,
3.47964884277733,,,,,,-7.22991780166517e-14
3.4808,5.97151741307862e-15,-6.66851073113505e-14,0.00167992948333444,-0.0016799294833225,0,
3.4804469273743,,,,,,-6.84716430523727e-14
3.4816,6.00525847296991e-15,-6.25433938589332e-14,0.00167992948333447,-0.00167992948332246,0,
3.48124501197127,,,,,,-6.44333615401222e-14
3.4824,6.03622949311883e-15,-5.81899222751143e-14,0.00167992948333451,-0.00167992948332243,0,
3.48204309656824,,,,,,-6.01843334799002e-14
3.4832,6.06440024233868e-15,-5.36246925598937e-14,0.00167992948333453,-0.00167992948332241,0,
3.4828411811652,,,,,,-5.57245588717067e-14
3.484,6.08974048944275e-15,-4.88477047132714e-14,0.00167992948333456,-0.00167992948332238,0,
3.48363926576217,,,,,,-5.10540377155418e-14
3.4848,6.11222000324434e-15,-4.38589587352446e-14,0.00167992948333458,-0.00167992948332236,0,
3.48443735035914,,,,,,-4.61727700114054e-14
3.4856,6.13180855255672e-15,-3.93053099288303e-14,0.0016799294833346,-0.00167992948332234,0,
3.48523543495611,,,,,,-4.10807557592976e-14
3.4864,6.14847590619319e-15,-3.57095270966206e-14,0.00167992948333462,-0.00167992948332232,0,
3.48603351955307,,,,,,-3.71940529780685e-14
3.4872,6.16219183296704e-15,-3.24175278839538e-14,0.00167992948333463,-0.00167992948332231,0,
3.48683160415004,,,,,,-3.39612004487855e-14
3.488,6.17292610169156e-15,-2.90136688382431e-14,0.00167992948333464,-0.0016799294833223,0,
3.48762968874701,,,,,,-3.06170224487185e-14
3.4888,6.18064848118006e-15,-2.54979499594866e-14,0.00167992948333465,-0.00167992948332229,0,
3.48842777334397,,,,,,-2.71615189778673e-14
3.4896,6.18532874024581e-15,-2.19436270020474e-14,0.00167992948333466,-0.00167992948332228,0,
3.48922585794094,,,,,,-2.3594690036232e-14
3.4904,6.18693664770211e-15,-1.8744436288381e-14,0.00167992948333466,-0.00167992948332228,0,
3.49002394253791,,,,,,-2.00727978984696e-14
3.4912,6.18544197236226e-15,-1.60002379061046e-14,0.00167992948333466,-0.00167992948332228,0,
3.49082202713488,,,,,,-1.72536943116962e-14
3.492,6.18081448303953e-15,-1.3429314595956e-14,0.00167992948333465,-0.00167992948332229,0,
3.49162011173184,,,,,,-1.46070380498908e-14
3.4928,6.17302394854722e-15,-1.10630688033317e-14,0.00167992948333464,-0.0016799294833223,0,
3.49241819632881,,,,,,-1.21328291130534e-14
3.4936,6.16204013769864e-15,-8.92124093507887e-15,0.00167992948333463,-0.00167992948332231,0,
3.49321628092578,,,,,,-9.89670806430657e-15
3.4944,6.14783281930706e-15,-6.96886769919809e-15,0.00167992948333462,-0.00167992948332232,0,
3.49401436552275,,,,,,-7.86786628138875e-15
3.49515488812438,6.13144347533239e-15,-5.88192264432243e-07,0.0125994711249697,-0.012600059317228,,
3.49481245011971,,,,,,-6.00735597056478e-15
3.49515488812438,6.13144347533239e-15,-5.88192264432243e-07,0.0125994711249697,-0.012600059317228,,
3.4952,-6.76537828768392e-09,-6.65679154442431e-07,0.0016799228250533,-0.00167997399695002,0,
3.496,-2.25914366388001e-06,-3.50155710097148e-06,0.00167770808790785,-0.00168245047612813,0,
3.49561053471668,,,,,,-1.37083845006596e-06
3.4968,-8.19157902128819e-06,-9.4863958271853e-06,0.00167199975344297,-0.00168875584310624,0,
3.49640861931365,,,,,,-5.73706519372446e-06
3.4976,-1.74288443376842e-05,-1.85903372657047e-05,0.00166313541974727,-0.00169845626593621,0,
3.49720670391061,,,,,,-1.338251917712e-05
3.4984,-2.95781212049456e-05,-3.04218711230942e-05,0.00165144930039358,-0.00171111906064176,0,
3.49800478850758,,,,,,-2.39503318568702e-05
3.4992,-4.4297988114388e-05,-4.47279867266527e-05,0.00163724295132243,-0.00172636576393958,0,
3.49880287310455,,,,,,-3.70188683395455e-05
3.5,-6.1255503867909e-05,-6.12447227846593e-05,0.00162081227195729,-0.00174383816222538,0,
3.49960095770152,,,,,,-5.25114695998055e-05
3.5008,-8.01460657960586e-05,-7.9714317875231e-05,0.00160243659256141,-0.00176319887484177,0,
3.50039904229848,,,,,,-6.99779759695131e-05
3.5016,-0.000100643567185627,-9.98312835547098e-05,0.00158240924186008,-0.00178412376214118,0,
3.50119712689545,,,,,,-8.93576374060366e-05
3.5024,-0.000122499914411383,-0.000121314371890247,0.00156098028054417,-0.00180634865694249,0,
3.50199521149242,,,,,,-0.000110105747843173
3.5032,-0.00014546381544525,-0.000143978028816627,0.00153838492708586,-0.00182963108531159,0,
3.50279329608939,,,,,,-0.000132204770017994
3.504,-0.000169343785238166,-0.000167597170916284,0.00151482348462817,-0.00185376242338073,0,
3.50359138068635,,,,,,-0.000155307711145607
3.5048,-0.000193922702680405,-0.000191995685833541,0.00149049593546216,-0.00187855010944667,0,
3.50438946528332,,,,,,-0.000179310562260212
3.5056,-0.000219067428307657,-0.00021703319292743,0.0014655599784586,-0.0019038369438072,0,
3.50518754988029,,,,,,-0.000203970600310988
3.5064,-0.000244590164368116,-0.000242572507286577,0.00144017935113142,-0.00192946509753108,0,
3.50598563447725,,,,,,-0.000229246514816473
3.5072,-0.000270389754632024,-0.000268456355478696,0.00141448517853094,-0.00195531350696179,0,
3.50678371907422,,,,,,-0.000254912910174908
3.508,-0.000296316560998222,-0.000294569320907408,0.00138860719133155,-0.00198125750037396,0,
3.50758180367119,,,,,,-0.000280878104392292
3.5088,-0.000322288007032783,-0.000320776384796568,0.00136265293234296,-0.0020072001064538,0,
3.50837988826816,,,,,,-0.000307006380184503
3.5096,-0.000348184503953461,-0.000346942609851476,0.00133672759546755,-0.00203304028546972,0,
3.50917797286512,,,,,,-0.000333165203535673
3.5104,-0.000373934016999331,-0.00037293165545023,0.00131092176451692,-0.00205870314519468,0,
3.50997605746209,,,,,,-0.000359219300199435
3.5112,-0.000399455730393111,-0.000398644444667325,0.00128531339780224,-0.00208411617357753,0,
3.51077414205906,,,,,,-0.000385033221981801
3.512,-0.000424688835532232,-0.000424069094268025,0.00125997160765218,-0.00210922037469947,0,
3.51157222665603,,,,,,-0.000410541510372964
3.5128,-0.000449575327846646,-0.000449127723457626,0.00123495621132059,-0.00213395946466016,0,
3.51237031125299,,,,,,-0.000435779540027935
3.5136,-0.000474059487127891,-0.000473687369321684,0.00121032464968563,-0.00215828381679604,0,
3.51316839584996,,,,,,-0.000460571856947851
3.5144,-0.000498099889528734,-0.000497781824049331,0.00118612444013942,-0.00218215481657989,0,
3.51396648044693,,,,,,-0.000484823913852119
3.5152,-0.00052166081342321,-0.000521415336866645,0.00116239411362795,-0.00220553967357569,0,
3.51476456504389,,,,,,-0.000508678682256408
3.516,-0.000544712882061085,-0.000544500257132057,0.00113916597809139,-0.00222841245400623,0,
3.51556264964086,,,,,,-0.000532022990559629
3.5168,-0.000567235030814693,-0.000567012612233418,0.00111646454113045,-0.00225075507494152,0,
3.51636073423783,,,,,,-0.000554791725180853
3.5176,-0.000589213811509284,-0.000588981653287873,0.00109430623261755,-0.00227255200072518,0,
3.5171588188348,,,,,,-0.000576995371715298
3.5184,-0.000610628190152025,-0.000610390408533169,0.00107270999906387,-0.00229377943330183,0,
3.51795690343176,,,,,,-0.000598678225500703
3.5192,-0.000631446488219304,-0.000631197196151188,0.0010517047549305,-0.00231441678981303,0,
3.51875498802873,,,,,,-0.000619773656034682
3.52,-0.000651671193003503,-0.000651416549637082,0.00103129910859022,-0.00233446455506491,0,
3.5195530726257,,,,,,-0.000640260636157543
3.5208,-0.000671298144312019,-0.000671046959779177,0.00101149521774939,-0.00235391382589151,0,
3.52035115722267,,,,,,-0.000660181910228155
3.5216,-0.000690305998415968,-0.000690066517390688,0.000992309683163519,-0.00237275088476023,0,
3.52114924181963,,,,,,-0.000679500988377191
3.5224,-0.000708699178271213,-0.000708473259829052,0.000973745708073046,-0.00239097904295879,0,
3.5219473264166,,,,,,-0.000698207661559725
3.5232,-0.000726478350554526,-0.000726271589220097,0.000955801514133053,-0.00240859808705168,0,
3.52274541101357,,,,,,-0.000716306389114957
3.524,-0.00074364079671701,-0.00074345616342154,0.000938478939780145,-0.00242560554169351,0,
3.52354349561053,,,,,,-0.00073380147356921
3.5248,-0.000760184477550022,-0.000760019685357641,0.000921780267426476,-0.00244200174639315,0,
3.5243415802075,,,,,,-0.000750680301982382
3.5256,-0.000776117156951436,-0.000775971929777832,0.000905700111891693,-0.00245779389991493,0,
3.52513966480447,,,,,,-0.000766939674153778
3.5264,-0.00079144503856377,-0.000791318668372351,0.000890231704399724,-0.0024729864610364,0,
3.52593774940144,,,,,,-0.000782598924542203
3.5272,-0.000806167112514146,-0.00080606124706195,0.000875374309958479,-0.00248758102588416,0,
3.5267358339984,,,,,,-0.00079765373087877
3.528,-0.000820294644666663,-0.000820204939752048,0.000861119268703355,-0.00250158819310265,0,
3.52753391859537,,,,,,-0.000812109570258369
3.5288,-0.000833837062554491,-0.000833755848909567,0.000847456485881493,-0.0025150164147783,0,
3.52833200319234,,,,,,-0.000825971504322882
3.5296,-0.000846800002633652,-0.00084672231113016,0.000834379349590154,-0.00252787161427684,0,
3.52913008778931,,,,,,-0.000839246307506162
3.5304,-0.000859191442447256,-0.000859114146009533,0.000821880169195929,-0.00254016234139604,0,
3.52992817238627,,,,,,-0.000851943324530602
3.5312,-0.000871023761165787,-0.000870942240114836,0.000809947137782997,-0.0025519003723221,0,
3.53072625698324,,,,,,-0.000864072589549082
3.532,-0.000882307577853514,-0.000882218806930304,0.000798569033302793,-0.00256309532126504,0,
3.53152434158021,,,,,,-0.000875645451014293
3.5328,-0.000893048843041871,-0.00089295738685727,0.000787738900369659,-0.00257375414441547,0,
3.53232242617717,,,,,,-0.000886674571678736
3.5336,-0.00090326107317843,-0.000903159730464179,0.000777444228195164,-0.00258388978491822,0,
3.53312051077414,,,,,,-0.000897173928594724
3.5344,-0.000912956015711294,-0.000912832162817949,0.000767672696028498,-0.00259351348291128,0,
3.53391859537111,,,,,,-0.000907136980973968
3.5352,-0.000922143684850703,-0.000921991700508817,0.000758413782349285,-0.00260263518033581,0,
3.53471667996808,,,,,,-0.000916578595436795
3.536,-0.000930835284108621,-0.000930653865669578,0.000749656211376484,-0.00261126590810106,0,
3.53551476456504,,,,,,-0.000925517012002217
3.5368,-0.000939042629831491,-0.000938832765631447,0.000741387994160949,-0.00261941718202822,0,
3.53631284916201,,,,,,-0.000933965784481426
3.5376,-0.000946777141358648,-0.000946543261836924,0.00073359741083808,-0.0026271001729306,0,
3.53711093375898,,,,,,-0.000941939213626276
3.5384,-0.000954050164044962,-0.000953800969839816,0.000726272867526988,-0.00263432597827984,0,
3.53790901835595,,,,,,-0.000949452347129286
3.5392,-0.000960872899409676,-0.000960599946606028,0.000719402914825201,-0.00264110555451899,0,
3.53870710295291,,,,,,-0.000956520979623641
3.54,-0.000967256335285272,-0.000966948300432804,0.000712976319824045,-0.00264744952712426,0,
3.53950518754988,,,,,,-0.000963125524608073
3.5408,-0.000973209797961148,-0.000972866777246262,0.00070698339387784,-0.00265336713272525,0,
3.54030327214685,,,,,,-0.000969291292067316
3.5416,-0.000978743695702682,-0.000978370183569,0.000701413639061418,-0.209001800917166,0,
3.54110135674381,,,,,,-0.000975035966198009
3.5424,-0.000983867627232218,-0.000983471642171941,0.000696257200217888,-0.210667554469829,0,
3.54189944134078,,,,,,-0.000980372421657337
3.5432,-0.000988590474854866,-0.00098818452599852,0.00069150496921905,-0.210670778592491,0,
3.54269752593775,,,,,,-0.00098531378089618
3.544,-0.000992920456262322,-0.000992522458164682,0.000687148526675873,-0.210674002715153,0,
3.54349561053472,,,,,,-0.000989873414159108
3.5448,-0.000996865046564139,-0.000996477074432623,0.000683180209901438,-0.210677226837816,0,
3.54429369513168,,,,,,-0.000994064939484382
3.5456,-0.209000444132179,-0.00100005857415274,0.000679235619599619,-0.210680450960478,0,
3.54509177972865,,,,,,-0.000997867169856767
3.5464,-0.209003668254841,-0.00100328491933009,0.000675291029297802,-0.210683659213096,0,
3.54588986432562,,,,,,-0.00100130844544718
3.5472,-0.209006542630337,-0.00100616686991459,0.000671346438995985,-0.210686519893895,0,
3.54668794892259,,,,,,-0.0010044005510212
3.548,-0.209009076695183,-0.00100871448393538,0.000667401848694168,-0.210689042290317,0,
3.54748603351955,,,,,,-0.00100715354181513
3.5488,-0.209011279710187,-0.00101093771030192,-0.000995508261657771,-0.210691235521177,0,
3.54828411811652,,,,,,-0.00100957736498321
3.5496,-0.209013160751605,-0.0010128461420497,-0.207333204940615,-0.210693108551405,0.206320358798566,
3.54908220271349,,,,,,-0.00101168185959755
3.5504,-0.20901472971431,-0.00101444219189905,-0.207334781914509,-0.210694671137518,0.20632033972261,
3.54988028731045,,,,,,-0.00101347637632405
3.5512,-0.209015996465343,-0.00101573510358406,-0.207336055042135,-0.21069593298913,0.206320319938551,
3.55067837190742,,,,,,-0.00101495950834954
3.552,-0.209016969193368,-0.00101673542918918,-0.207337032669581,-0.21069690219398,0.206320297240392,
3.55147645650439,,,,,,-0.00101614615956514
3.5528,-0.209017656727767,-0.00101745119040585,-0.207337723727155,-0.210697587468212,0.206320272536749,
3.55227454110136,,,,,,-0.00101704443643105
3.5536,-0.209018067762244,-0.00101789018943987,-0.2073381370218,-0.210697997397921,0.20632024683236,
3.55307262569832,,,,,,-0.00101766222800881
3.5544,-0.209018210852347,-0.00101806000901137,-0.207338281244647,-0.210698140460047,0.206320221235636,
3.55387071029529,,,,,,-0.00101800720596138
3.5552,-0.209018094038888,-0.00101796832578689,-0.207338163538932,-0.210698023623749,0.206320195213145,
3.55466879489226,,,,,,-0.00101808682455304
3.556,-0.209017724405226,-0.00101762478508139,-0.207337792117048,-0.210697654905182,0.206320167331967,
3.55546687948923,,,,,,-0.001017908791551
3.5568,-0.209017110437524,-0.001017036312019,-0.207337175569492,-0.210697042725703,0.206320139257473,
3.55626496408619,,,,,,-0.00101748363216535
3.5576,-0.209016259746622,-0.00101620934109564,-0.207336321584178,-0.210696194614655,0.206320112243083,
3.55706304868316,,,,,,-0.0010168163885103
3.5584,-0.209015179734057,-0.00101515086065892,-0.207335237634246,-0.210695117896501,0.206320086773587,
3.55786113328013,,,,,,-0.00101591411827448
3.5592,-0.209013877585628,-0.00101386767939135,-0.207333930971742,-0.210693819685439,0.20632006329235,
3.5586592178771,,,,,,-0.00101478370118982
3.56,-0.209012360264951,-0.00101236642631035,-0.207332408621312,-0.210692306878837,0.206320042195002,
3.55945730247406,,,,,,-0.00101343183903151
3.5608,-0.209010634507029,-0.00101065413154893,-0.000997758741261151,-0.210690586150668,0,
3.56025538707103,,,,,,-0.00101186505561804
3.5616,-0.209008706811805,-0.00100873946828387,0.000669518419563429,-0.210688663944943,0,
3.561053471668,,,,,,-0.00101009054789661
3.5624,-0.209006585114102,-0.00100662840956019,0.000672357293906029,-0.210686548092559,0,
3.56185155626496,,,,,,-0.00100811759285464
3.5632,-0.209004275558517,-0.00100432669247635,0.00067519616824863,-0.210684244730892,0,
3.56264964086193,,,,,,-0.00100595056244944
3.564,-0.209001783729857,-0.00100184057348165,0.00067803504259123,-0.210681759413969,0,
3.5634477254589,,,,,,-0.00100359576260448
3.5648,-0.000999115532183213,-0.000999176170603891,0.000680873916933831,-0.210679267585309,0,
3.56424581005587,,,,,,-0.00100105936213797
3.5656,-0.000996276657840611,-0.00099633946344939,0.000683719973228914,-0.210676775756648,0,
3.56504389465283,,,,,,-0.000998347392762856
3.5664,-0.000993272584281646,-0.000993336247488495,0.000686731386985705,-0.210674283927988,0,
3.5658419792498,,,,,,-0.000995465749086816
3.5672,-0.000990108570894763,-0.000990172102084833,0.000689902872187203,-0.210671792099328,0,
3.56664006384677,,,,,,-0.000992420123231094
3.568,-0.000986789655830524,-0.000986852587680756,0.00069322933706019,-0.209003140520738,0,
3.56743814844374,,,,,,-0.000989215988187963
3.5688,-0.000983321241107523,-0.000983383117356283,0.000696705145221181,-0.00266334023399824,0,
3.5682362330407,,,,,,-0.000985858885194771
3.5696,-0.000979712419668734,-0.000979768931014602,0.000700321538891893,-0.00265973880599744,0,
3.56903431763767,,,,,,-0.000982354117586491
3.5704,-0.000975965244942979,-0.000976015123543728,0.000704076293136507,-0.00265599920350361,0,
3.56983240223464,,,,,,-0.000978706845334955
3.5712,-0.000972084519669417,-0.000972126644424113,0.000707964585432024,-0.0026521260577489,0,
3.5706304868316,,,,,,-0.000974922084661127
3.572,-0.000968074898261371,-0.000968108297336274,0.00071198174359699,-0.00264812400336281,0,
3.57142857142857,,,,,,-0.000971004707647374
3.5728,-0.000963940888604215,-0.00096396473976842,0.000716123243876394,-0.00264399753046258,0,
3.57222665602554,,,,,,-0.000966959441849748
3.5736,-0.000959686853853255,-0.000959700482624063,0.000720384709031561,-0.00263975098633386,0,
3.57302474062251,,,,,,-0.000962790869910258
3.5744,-0.000955317014231627,-0.000955319889829656,0.000724761906434869,-0.00263538857711644,0,
3.57382282521947,,,,,,-0.000958503429169144
3.5752,-0.000950835448828167,-0.000950827177942203,0.000729250603667319,-0.00263091436949466,0,
3.57462090981644,,,,,,-0.000954101411277154
3.576,-0.00094624818457327,-0.000946226415756883,0.0007338448295726,-0.00262633423706876,0,
3.57541899441341,,,,,,-0.000949588961807819
3.5768,-0.000941560041121988,-0.000941521523914678,0.000738539883395881,-0.00262165305526786,0,
3.57621707901037,,,,,,-0.000944970079869722
3.5776,-0.000936773863487637,-0.000936719881978014,0.000743332820416954,-0.00261687378800551,0,
3.57701516360734,,,,,,-0.000940248617718786
3.5784,-0.000931893698143622,-0.000931828020706209,0.000748219582366288,-0.00261200038204821,0,
3.57781324820431,,,,,,-0.000935433203225379
3.5792,-0.000926923521528985,-0.000926847858668397,0.000753196181720048,-0.00260703680203889,0,
3.57861133280128,,,,,,-0.000930529527328797
3.58,-0.000921867245075459,-0.000921782523957812,0.000758258696601172,-0.00260198694832449,0,
3.57940941739824,,,,,,-0.000925538111032163
3.5808,-0.000916728720234515,-0.00091663603417943,0.000763403265685436,-0.00259685466191114,0,
3.58020750199521,,,,,,-0.000920462993364123
3.5816,-0.0009115117435044,-0.000911412340719413,0.000768626083112356,-0.00259164372942435,0,
3.58100558659218,,,,,,-0.000915308145324397
3.5824,-0.000906220061457198,-0.000906115332091987,0.000773923517085978,-0.00258635788807395,0,
3.58180367118915,,,,,,-0.000910077473190964
3.5832,-0.000900855825953008,-0.000900748837286298,0.000779293224322268,-0.00258099940449618,0,
3.58260175578611,,,,,,-0.000904774821827241
3.584,-0.000895423470351041,-0.000895316629113283,0.000784730837339328,-0.00257557252062632,0,
3.58339984038308,,,,,,-0.000899403977989272
3.5848,-0.000889926457728735,-0.000889822427552548,0.000790232888609108,-0.0025700807654191,0,
3.58419792498005,,,,,,-0.000893968673632905
3.5856,-0.000884368184147292,-0.000884269903099226,0.000795795976795847,-0.00256452753048514,0,
3.58499600957702,,,,,,-0.00088847258922098
3.5864,-0.000878751997677788,-0.000878662680110862,0.000801416748897529,-0.00255891615862093,0,
3.58579409417398,,,,,,-0.000882919357030506
3.5872,-0.000873081202276037,-0.000873004340154261,0.000807091896332473,-0.00255324994885135,0,
3.58659217877095,,,,,,-0.00087731256445985
3.588,-0.00086735906165749,-0.000867298425352374,0.000812818151029005,-0.002547532160266,0,
3.58739026336792,,,,,,-0.000871655757335918
3.5888,-0.000861588803172114,-0.000861539768897372,0.00081859239668496,-0.00254176601585861,0,
3.58818834796488,,,,,,-0.000865952443221334
3.5896,-0.000855772290825692,-0.000855731204531293,0.000824412801015847,-0.00253595349068277,0,
3.58898643256185,,,,,,-0.000860194778393618
3.5904,-0.000849910980766321,-0.000849878923641987,0.000830277661683316,-0.00253009607260786,0,
3.58978451715882,,,,,,-0.000854388881070098
3.5912,-0.000844009098827493,-0.000843986271532233,0.000836182881771545,-0.00252419774127713,0,
3.59058260175579,,,,,,-0.000848540907226597
3.592,-0.000838069325387182,-0.000838055652593292,0.000842125782566028,-0.00251826130598622,0,
3.59138068635275,,,,,,-0.000842653322306273
3.5928,-0.000832094271132568,-0.000832089368893543,0.00084810375539347,-0.00251228937908578,0,
3.59217877094972,,,,,,-0.000836728490201918
3.5936,-0.000826086478240881,-0.000826089620441568,0.000854114260411565,-0.00250628450476692,0,
3.59297685554669,,,,,,-0.000830768673515929
3.5944,-0.000820048421560249,-0.000820058505449262,0.000860154825400134,-0.00250024916021269,0,
3.59377494014366,,,,,,-0.000824776033820287
3.5952,-0.000813982509790522,-0.000813998020594909,0.000866223044553612,-0.0024941857567509,0,
3.59457302474062,,,,,,-0.00081875263191653
3.596,-0.000807891086664126,-0.000807910061286289,0.000872316633146086,-0.00248809664100826,0,
3.59537110933759,,,,,,-0.000812700428095731
3.5968,-0.000801775818056525,-0.000801796421923771,0.000878433857993254,-0.00248198353786674,0,
3.59616919393456,,,,,,-0.00080662128239847
3.5976,-0.000795639087542491,-0.000795658796163404,0.000884572353408957,-0.00247584876359227,0,
3.59696727853152,,,,,,-0.000800516954874812
3.5984,-0.000789483058472115,-0.000789498777180027,0.000890729969145217,-0.00246969449942356,0,
3.59776536312849,,,,,,-0.000794389105844281
3.5992,-0.000783309731269579,-0.00078331785793034,0.00089690470969374,-0.00246352275888691,0,
3.59856344772546,,,,,,-0.000788239296155835
3.6,-0.00077712103620382,-0.000777128116963026,0.000903094649878241,-0.00245733547716714,0,
3.59936153232243,,,,,,-0.000782068987447844
3.6008,-0.000770918834014422,-0.000770927177887476,0.000909297934208209,-0.00245113452009648,0,
3.60015961691939,,,,,,-0.000775892899341823
3.6016,-0.000764704916537518,-0.000764714416052631,0.000915512776233663,-0.00244492168476015,0,
3.60095770151636,,,,,,-0.000769704313282069
3.6024,-0.000758481007331703,-0.0007584914689453,0.000921737428828338,-0.00243869870010288,0,
3.60175578611333,,,,,,-0.000763504142768357
3.6032,-0.000752249075830683,-0.000752260119218381,0.000927969870524442,-0.00243246751199072,0,
3.6025538707103,,,,,,-0.000757294190063878
3.604,-0.000746011644518129,-0.000746022110705309,0.000934207720157049,-0.00242623059087325,0,
3.60335195530726,,,,,,-0.000751076217181595
3.6048,-0.000739769707404695,-0.000739779150684801,0.000940449925280392,-0.00241998907207987,0,
3.60415003990423,,,,,,-0.000744851948122129
3.6056,-0.000733524885216192,-0.000733532912145598,0.000946694869172141,-0.00241374451790128,0,
3.6049481245012,,,,,,-0.000738623071111657
3.6064,-0.000727278753355478,-0.000727285036051225,0.000952940980396293,-0.00240749850774381,0,
3.60574620909816,,,,,,-0.000732391240839796
3.6072,-0.000721032843549506,-0.000721037133604715,0.000959186731145843,-0.00240125257730128,0,
3.60654429369513,,,,,,-0.0007261580806975
3.608,-0.000714788645496412,-0.00071479078851337,0.000965430635586296,-0.00239500822019176,0,
3.6073423782921,,,,,,-0.000719925185014949
3.6088,-0.000708547608512587,-0.000708547559253502,0.000971671248199968,-0.0023887668895953,0,
3.60814046288907,,,,,,-0.00071369412129944
3.6096,-0.00070231114317975,-0.000702308981335178,0.000977907160599317,-0.00238252999989231,0,
3.60893854748603,,,,,,-0.00070746643247328
3.6104,-0.000696080639514899,-0.000696076351084951,0.000984136987868804,-0.00237629894329397,0,
3.609736632083,,,,,,-0.000701243639111673
3.6112,-0.000689857436433974,-0.000689849431560521,0.000990359395006933,-0.00237007506381768,0,
3.61053471667997,,,,,,-0.000695026978829285
3.612,-0.000683642835236604,-0.000683630635215455,0.000996573083616076,-0.00236385966667751,0,
3.61133280127694,,,,,,-0.000688815909648907
3.6128,-0.000677438111198582,-0.000677421593292037,0.00100277678175891,-0.00235765403005126,0,
3.6121308858739,,,,,,-0.000682613428269179
3.6136,-0.000671244509468114,-0.000671223641067297,0.00100896924752285,-0.0023514594024256,0,
3.61292897047087,,,,,,-0.000676420877008274
3.6144,-0.000665063246731645,-0.000665038095398476,0.00101514926735042,-0.00234527700372261,0,
3.61372705506784,,,,,,-0.000670239578315393
3.6152,-0.00065889551287965,-0.000658866256691203,0.00102131565437018,-0.00233910802696172,0,
3.6145251396648,,,,,,-0.000664070836715635
3.616,-0.000652742472672455,-0.000652709410867718,0.00102746724672817,-0.00233295363992229,0,
3.61532322426177,,,,,,-0.00065791594075486
3.6168,-0.000646605267406042,-0.000646568831335068,0.00103360290591989,-0.00232681498680666,0,
3.61612130885874,,,,,,-0.00065177616494455
3.6176,-0.00064048501657786,-0.000640445780953308,0.00103972151512282,-0.00232069318990379,0,
3.61691939345571,,,,,,-0.000645652771706682
3.6184,-0.000634382819552646,-0.000634341514003717,0.00104582197752934,-0.00231458935125332,0,
3.61771747805267,,,,,,-0.000639547013318581
3.6192,-0.000628299757228211,-0.000628257278156981,0.00105190321468022,-0.0023085045543102,0,
3.61851556264964,,,,,,-0.000633460133857797
3.62,-0.000622236893701271,-0.000622194316441408,0.00105796416479842,-0.0023024398656097,0,
3.61931364724661,,,,,,-0.000627393371146958
3.6208,-0.000616195277933244,-0.00061615386921113,0.00106400378112347,-0.00229639633643293,0,
3.62011173184358,,,,,,-0.000621347958698644
3.6216,-0.000610175945416066,-0.000610135091847139,0.00107002103024619,-0.00229037500447278,0,
3.62090981644054,,,,,,-0.000615325127660245
3.6224,-0.000604179919838005,-0.000604135131925965,0.00107601489044379,-0.00228437689550026,0,
3.62170790103751,,,,,,-0.000609323698644167
3.6232,-0.000598208214749457,-0.000598158196193663,0.00108198457034508,-0.00227840302503125,0,
3.62250598563448,,,,,,-0.000603340572815983
3.624,-0.000592259345520862,-0.000592205752306907,0.00108793139373539,-0.0022724521306154,0,
3.62330407023144,,,,,,-0.000597381078080105
3.6248,-0.000586333634335824,-0.000586278643815375,0.00109385484238263,-0.00226652437359208,0,
3.62410215482841,,,,,,-0.000591446071459465
3.6256,-0.000580433639958814,-0.000580377692418987,0.00109975251884367,-0.00226062211667727,0,
3.62490023942538,,,,,,-0.000585536387511511
3.6264,-0.000574560108567227,-0.000574503698927517,0.00110562367978057,-0.00225474626736972,0,
3.62569832402235,,,,,,-0.000579652839276429
3.6272,-0.000568713763827173,-0.000568657444220173,0.00111146760427738,-0.00224889755217497,0,
3.62649640861931,,,,,,-0.000573796219225351
3.628,-0.000562895307779595,-0.000562839690205208,0.0011172835929536,-0.00224307667588415,0,
3.62729449321628,,,,,,-0.000567967300208592
3.6288,-0.000557105421726371,-0.000557051180779516,0.00112307096707768,-0.00223728432245956,0,
3.62809257781325,,,,,,-0.000562166836403862
3.6296,-0.000551344767116423,-0.000551292642788226,0.00112882906768093,-0.00223152115592048,0,
3.62889066241022,,,,,,-0.000556395564264484
3.6304,-0.000545613986431827,-0.000545564786984317,0.00113455725467137,-0.00222578782122918,0,
3.62968874700718,,,,,,-0.000550654203467618
3.6312,-0.000539913704073905,-0.000539868308988195,0.00114025490594801,-0.0022200849451771,0,
3.63048683160415,,,,,,-0.000544943457862481
3.632,-0.000534244527249346,-0.000534203890247306,0.00114592141651508,-0.00221441313727126,0,
3.63128491620112,,,,,,-0.000539264016418565
3.6328,-0.000528607046856302,-0.000528570198230712,0.0011515561975966,-0.00220877299062073,0,
3.63208300079808,,,,,,-0.000533616554173859
3.6336,-0.000523001838370498,-0.000522966845749763,0.00115715867575095,-0.0022031650828234,0,
3.63288108539505,,,,,,-0.000527999506151658
3.6344,-0.000517429462731346,-0.000517395840320315,0.00116272839353626,-0.0021975899768528,0,
3.63367916999202,,,,,,-0.000522412627375135
3.6352,-0.000511889235221624,-0.000511857784195754,0.00116826597494955,-0.00219204709148923,0,
3.63447725458899,,,,,,-0.000516858168722769
3.636,-0.000506381199967292,-0.000506353069384236,0.00117377126396586,-0.00218653641013846,0,
3.63527533918595,,,,,,-0.000511336542699125
3.6368,-0.000500906775415262,-0.000500882062161623,0.00117924292724895,-0.00218105923934842,0,
3.63607342378292,,,,,,-0.000505848135964667
3.6376,-0.000495466354819752,-0.000495445103471565,0.00118468057369949,-0.00217561605748397,0,
3.63687150837989,,,,,,-0.000500393309731096
3.6384,-0.000490060312065997,-0.000490042509325576,0.00119008383150852,-0.00217020724058524,0,
3.63766959297686,,,,,,-0.000494972400156679
3.6392,-0.000484689002238794,-0.000484674571203105,0.00119545234758938,-0.00216483314581331,0,
3.63846767757382,,,,,,-0.000489585718741578
3.64,-0.000479352762191087,-0.000479341556451613,0.0012007857870096,-0.00215949411201926,0,
3.63926576217079,,,,,,-0.000484233552723192
3.6408,-0.000474051911112519,-0.000474043708686657,0.00120608383242302,-0.0021541904603132,0,
3.64006384676776,,,,,,-0.000478916165471478
3.6416,-0.000468786751097998,-0.000468781248191955,0.0012113461835019,-0.00214892249463354,0,
3.64086193136472,,,,,,-0.000473633796884292
3.6424,-0.000463557567716276,-0.00046355437231948,0.00121657255636911,-0.00214369050231617,0,
3.64166001596169,,,,,,-0.00046838666378272
3.6432,-0.000458364630578488,-0.000458363255889516,0.00122176268303051,-0.00213849475466388,0,
3.64245810055866,,,,,,-0.000463174960306407
3.644,-0.000453208193906736,-0.000453208963302841,0.00122691631080725,-0.00213333550751574,0,
3.64325618515563,,,,,,-0.000457998858308892
3.6448,-0.000448088497102648,-0.000448091493059528,0.00123203320176819,-0.00212821300181663,0,
3.64405426975259,,,,,,-0.000452859485984804
3.6456,-0.000443005765315938,-0.000443010676032922,0.00123711315777431,-0.00212312746418678,0,
3.64485235434956,,,,,,-0.000447756753830186
3.6464,-0.000437959868885488,-0.000437966645469773,0.00124215629755848,-0.00211807879197574,0,
3.64565043894653,,,,,,-0.000442690488034647
3.6472,-0.000432950821909766,-0.000432959542690099,0.00124716257325835,-0.00211306698835374,0,
3.6464485235435,,,,,,-0.000437660843055013
3.648,-0.000427979095179213,-0.000427989494270394,0.00125213153914481,-0.00210809249034733,0,
3.64724660814046,,,,,,-0.000432667958215471
3.6488,-0.000423044828820667,-0.000423056612616499,0.00125706305634163,-0.00210315546314469,0,
3.64804469273743,,,,,,-0.000427711958273653
3.6496,-0.000418148149013851,-0.000418160996536486,0.00126195699985411,-0.00209825603417615,0,
3.6488427773344,,,,,,-0.00042279295398672
3.6504,-0.000413289168477263,-0.000413302731813529,0.00126681325808436,-0.00209339431734522,0,
3.64964086193136,,,,,,-0.000417911042677451
3.6512,-0.00040846798695408,-0.000408481891778792,0.00127163173234651,-0.0020885704135157,0,
3.65043894652833,,,,,,-0.000413066308800327
3.652,-0.000403684691698036,-0.000403698537884298,0.00127641233638205,-0.00208378441099862,0,
3.6512370311253,,,,,,-0.000408258824507612
3.6528,-0.000398939357959319,-0.000398952720275809,0.00128115499587516,-0.00207903638603941,0,
3.65203511572227,,,,,,-0.000403488650215443
3.6536,-0.000394232049470469,-0.000394244478365707,0.00128585964796802,-0.00207432640330495,0,
3.65283320031923,,,,,,-0.000398755835169915
3.6544,-0.000389562818932263,-0.000389573841405869,0.00129052624077625,-0.00206965451637075,0,
3.6536312849162,,,,,,-0.000394060418013162
3.6552,-0.000384931708499617,-0.000384941730052863,0.00129515473290431,-0.00206502076820813,0,
3.65442936951317,,,,,,-0.000389402427349446
3.656,-0.000380338750267469,-0.000380347669872075,0.00129974508910859,-0.0020604251916714,0,
3.65522745411014,,,,,,-0.000384782815401868
3.6568,-0.000375784023595774,-0.000375791607483859,0.0013042972364377,-0.00205586786297183,0,
3.6560255387071,,,,,,-0.000380201053490926
3.6576,-0.00037126751450403,-0.000371273584568427,0.0013088111879351,-0.0020513487745375,0,
3.65682362330407,,,,,,-0.000375657106657593
3.6584,-0.000366789222716823,-0.000366793642186767,0.00131328694384371,-0.00204686792515595,0,
3.65762170790104,,,,,,-0.000371151018983697
3.6592,-0.000362349148444994,-0.000362351818618542,0.00131772450443536,-0.00204242531500553,0,
3.658419792498,,,,,,-0.000366682831127946
3.66,-0.000357947284537576,-0.000357948150060459,0.00132212387729482,-0.00203802093741793,0,
3.65921787709497,,,,,,-0.000362252581016036
3.6608,-0.00035358361697653,-0.000353582671324666,0.00132648507682646,-0.00203365477880892,0,
3.66001596169194,,,,,,-0.000357860304530753
3.6616,-0.000349258125371472,-0.000349255416537139,0.00133080812376102,-0.00202932681917447,0,
3.66081404628891,,,,,,-0.000353506036202081
3.6624,-0.000344970783454393,-0.000344966419836062,0.00133509304466221,-0.00202503703258688,0,
3.66161213088587,,,,,,-0.000349189809897306
3.6632,-0.0003407215595744,-0.000340715716070227,0.00133933987143349,-0.002020785387691,0,
3.66241021548284,,,,,,-0.00034491165951112
3.664,-0.000336510417192425,-0.0003365033414974,0.00134354864082474,-0.00201657184820032,0,
3.66320830007981,,,,,,-0.000340671619655731
3.6648,-0.000332337315375961,-0.000332329334482727,0.00134771939393894,-0.00201239637339313,0,
3.66400638467678,,,,,,-0.000336469726350962
3.6656,-0.00032820220929379,-0.00032819352843408,0.00135185218159989,-0.00200825891860869,0,
3.66480446927374,,,,,,-0.000332306017714362
3.6664,-0.00032410495457935,-0.000324090728107608,0.00135594716183798,-0.00200415934547303,0,
3.66560255387071,,,,,,-0.000328180326221301
3.6672,-0.000320045176643998,-0.000320032315028187,0.00136000467401966,-0.00200009729306133,0,
3.66640063846768,,,,,,-0.000324090728107608
3.66719872306465,,,,,,-0.000320038738120792
3.668,-0.000316023078889274,-0.00031600839752524,0.00136402453193648,-0.00199607292955293,0,
3.66799680766161,,,,,,-0.00031602430524293
3.6688,-0.000312038580501456,-0.00031202216313666,0.00136800681647329,-0.00199208619132721,0,
3.66879489225858,,,,,,-0.000312047375820446
3.6696,-0.000308091597148159,-0.000308073555569673,0.00137195161200157,-0.00198813699412291,0,
3.66959297685555,,,,,,-0.00030810789397876
3.6704,-0.000304182041399135,-0.000304162516712447,0.00137585900595984,-0.00198422525054887,0,
3.67039106145251,,,,,,-0.000304205802036931
3.6712,-0.000300309823147102,-0.000300288987053725,0.00137972908843405,-0.00198035087050608,0,
3.67118914604948,,,,,,-0.000300341040922311
3.672,-0.000296474850028533,-0.000296452906102433,0.00138356195173796,-0.00197651376160968,0,
3.67198723064645,,,,,,-0.000296513550585181
3.6728,-0.000292677027844481,-0.000292654212807308,0.00138735768999358,-0.00197271382961098,0,
3.67278531524342,,,,,,-0.000292723270413408
3.6736,-0.000288916260981387,-0.000288892845976525,0.00139111639871146,-0.00196895097881945,0,
3.67358339984038,,,,,,-0.000288970139647085
3.6744,-0.000285192452831884,-0.00028516874469731,0.00139483817437109,-0.00196522511252473,0,
3.67438148443735,,,,,,-0.00028525409779318
3.6752,-0.000281505506215625,-0.000281481848755575,0.00139852311400128,-0.0019615361334186,0,
3.67517956903432,,,,,,-0.000281575085040184
3.676,-0.000277855323800071,-0.000277832080863376,0.00140217134777937,-0.00195788394401698,0,
3.67597765363128,,,,,,-0.000277933042672749
3.6768,-0.000274241194516087,-0.00027421870881207,0.00140578355699358,-0.00195426786609553,0,
3.67677573822825,,,,,,-0.000274327263766639
3.6776,-0.000270662945062139,-0.00027064043433104,0.00140935989493824,-0.00195068769657181,0,
3.67757382282522,,,,,,-0.000270756377103247
3.6784,-0.000267120776423171,-0.000267098373273789,0.00141290017950048,-0.00194714361642355,0,
3.67837190742219,,,,,,-0.000267221536487225
3.6792,-0.000263614534067905,-0.000263592363924563,0.00141640456512263,-0.00194363548999155,0,
3.67916999201915,,,,,,-0.000263722581560137
3.68,-0.000260144060390016,-0.000260122239128963,0.00141987320930425,-0.00194016315958055,0,
3.67996807661612,,,,,,-0.000260259346571533
3.6808,-0.000256709194950272,-0.000256687826423864,0.00142330627236068,-0.00193672646464454,0,
3.68076616121309,,,,,,-0.000256831660507326
3.6816,-0.000253309774718669,-0.000253288948167331,0.0014267039171816,-0.00193332524202962,0,
3.68156424581006,,,,,,-0.000253439347218163
3.6824,-0.000249945634316563,-0.000249925421668524,0.00143006630898964,-0.00192995932621684,0,
3.68236233040702,,,,,,-0.000250082225547801
3.6832,-0.000246616606258812,-0.000246597059317624,0.00143339361509887,-0.00192662854956502,0,
3.68316041500399,,,,,,-0.000246760109461471
3.684,-0.000243322521195899,-0.000243303668715731,0.0014366860046734,-0.00192333274255359,0,
3.68395849960096,,,,,,-0.00024347280817426
3.6848,-0.000240063208156074,-0.000240045052804786,0.00143994364848589,-0.00192007173402538,0,
3.68475658419792,,,,,,-0.00024022012627948
3.6856,-0.00023683849478749,-0.000236821009997482,0.00144316671867605,-0.00191684535142945,0,
3.68555466879489,,,,,,-0.000237001863877036
3.6864,-0.000233648207600331,-0.000233631334307176,0.00144635541419631,-0.00191365342106387,0,
3.68635275339186,,,,,,-0.000233817816701806
3.6872,-0.000230491625311916,-0.000230475814772368,0.00144951041381298,-0.00191049524710856,0,
3.68715083798883,,,,,,-0.000230667776252009
3.688,-0.000227368918104655,-0.000227354225838998,0.00145263156417591,-0.00190737095722955,0,
3.68794892258579,,,,,,-0.000227551518465666
3.6888,-0.000224279895562245,-0.000224266344449037,0.00145571905623112,-0.00190428037784281,0,
3.68874700718276,,,,,,-0.000224468821174003
3.6896,-0.000221224349322675,-0.000221211956656459,0.00145877309814664,-0.00190122330111604,0,
3.68954509177973,,,,,,-0.000221419472906453
3.6904,-0.000218202068414858,-0.000218190835256234,0.00146179390068983,-0.00189819951588417,0,
3.6903431763767,,,,,,-0.000218403248342586
3.6912,-0.000215212839405759,-0.000215202749333347,0.0014647816770807,-0.00189520880851044,0,
3.69114126097366,,,,,,-0.000215419918478114
3.692,-0.000212256446547507,-0.000212247464389705,0.00146773664284525,-0.00189225096303396,0,
3.69193934557063,,,,,,-0.00021246925075031
3.6928,-0.00020933267192452,-0.000209324742471069,0.00147065901566873,-0.00188932576131727,0,
3.6927374301676,,,,,,-0.000209551009163418
3.6936,-0.000206441295600627,-0.000206434342293963,0.00147354901524899,-0.00188643298319388,0,
3.69353551476456,,,,,,-0.000206664954414071
3.6944,-0.000203582095766185,-0.000203576019372598,0.00147640686314974,-0.0018835724066158,0,
3.69433359936153,,,,,,-0.0002038108440167
3.6952,-0.000200754848885207,-0.000200749526145794,0.00147923278265385,-0.00188074380780113,0,
3.6951316839585,,,,,,-0.000200988432428953
3.696,-0.000197959329842476,-0.000197954612103889,0.00148202699844253,-0.00187794696138153,0,
3.69592976855547,,,,,,-0.000198197471177105
3.6968,-0.00019519531632374,-0.000195191023915667,0.00148478973246375,-0.00187518164460875,0,
3.69672785315243,,,,,,-0.000195437708981474
3.6976,-0.000192462587334248,-0.000192458505555273,0.00148752120597599,-0.00187244763612174,0,
3.6975259377494,,,,,,-0.000192708891881836
3.6984,-0.00018976090764333,-0.000189756842173432,0.00149022165364435,-0.00186974470095357,0,
3.69832402234637,,,,,,-0.000190010763362835
3.6992,-0.000187090048048042,-0.000187086182687588,0.00149289130438708,-0.00186707260933572,0,
3.69912210694334,,,,,,-0.000187343523978363
3.7,-0.000184449778565706,-0.000184446174682062,0.00149553038789733,-0.00186443113100083,0,
3.6999201915403,,,,,,-0.000184706830425346
3.7008,-0.000181839868583354,-0.000181836423618255,0.001498139134494,-0.00186182003504639,0,
3.70071827613727,,,,,,-0.000182100272992514
3.7016,-0.000179260087007163,-0.00017925669514786,0.00150071777497272,-0.00185923909008452,0,
3.70151636073424,,,,,,-0.000179523618947017
3.7024,-0.000176710202411891,-0.000176706755525013,0.00150326654045671,-0.00185668806439177,0,
3.70231444533121,,,,,,-0.000176976636130632
3.7032,-0.000174189983190315,-0.000174186371816808,0.00150578566224771,-0.00185416672605891,0,
3.70311252992817,,,,,,-0.000174459093167778
3.704,-0.000171699197702663,-0.000171695312113796,0.00150827537167687,-0.00185167484314068,0,
3.70391061452514,,,,,,-0.000171970759673529
3.7048,-0.000169237614426051,-0.000169233345740505,0.00151073589995565,-0.00184921218380559,0,
3.70470869912211,,,,,,-0.000169511406461629
3.7056,-0.000166805002103924,-0.000166800243465946,0.00151316747802666,-0.00184677851648562,0,
3.70550678371907,,,,,,-0.000167080805752505
3.7064,-0.000164401129895488,-0.000164395777714122,0.00151557033781626,-0.00184437361002608,0,
3.70630486831604,,,,,,-0.000164678731381281
3.7072,-0.000162025727872156,-0.000162019722774545,0.00151794474723475,-0.00184199719558391,0,
3.70710295291301,,,,,,-0.000162304959005794
3.708,-0.000159678574066848,-0.000159671855012736,0.00152029092783507,-0.00183964904917375,0,
3.70790103750998,,,,,,-0.000159959266314606
3.7088,-0.000157359450401934,-0.000157351953080743,0.00152260909786191,-0.00183732895230385,0,
3.70869912210694,,,,,,-0.000157641433235017
3.7096,-0.000155068125898906,-0.000155059798127647,0.00152489948797715,-0.00183503667416275,0,
3.70949720670391,,,,,,-0.000155351242141081
3.7104,-0.000152804370469144,-0.000152795174010073,0.001527162327952,-0.0018327719843452,0,
3.71029529130088,,,,,,-0.000153088478061621
3.7112,-0.000150567955053595,-0.000150557867502704,0.00152939784652752,-0.00183053465347474,0,
3.71109337589785,,,,,,-0.00015085292888824
3.712,-0.000148358651762435,-0.000148347668508786,0.00153160627127521,-0.00182832445334355,0,
3.71189146049481,,,,,,-0.000148644385583336
3.7128,-0.000146176234014751,-0.000146164370270639,0.0015337878284576,-0.0018261411570524,0,
3.71268954509178,,,,,,-0.000146462642388117
3.7136,-0.000144020476678211,-0.00014400776958017,0.00153594274288875,-0.00182398453915056,0,
3.71348762968875,,,,,,-0.000144307497030615
3.7144,-0.000141891156208739,-0.000141877666989379,0.00153807123779486,-0.0018218543757757,0,
3.71428571428571,,,,,,-0.000142178750933699
3.7152,-0.000139788050790189,-0.000139773867020876,0.00154017353467476,-0.00181975044479379,0,
3.71508379888268,,,,,,-0.000140076209423088
3.716,-0.000137710940474013,-0.000137696178378383,0.00154224985386384,-0.00181767252593896,0,
3.71588188347965,,,,,,-0.000137999681935369
3.7168,-0.000135659584278465,-0.000135644414157248,0.001544300443836,-0.00181562037861632,0,
3.71667996807662,,,,,,-0.000135948982226005
3.7176,-0.000133633483529634,-0.000133618392054958,0.00154632578829572,-0.0018135935116441,0,
3.71747805267358,,,,,,-0.000133923928577356
3.7184,-0.000131632623357431,-0.00013161793458164,0.00154832590837122,-0.00181159189518279,0,
3.71827613727055,,,,,,-0.000131924344006685
3.7192,-0.000129656775472313,-0.000129642869270587,0.00155030103206527,-0.00180961530720096,0,
3.71907422186752,,,,,,-0.000129950056474182
3.72,-0.00012770571268254,-0.000127692972538015,0.00155225138628432,-0.00180766352022013,0,
3.71987230646449,,,,,,-0.000128000899090966
3.7208,-0.00012577920898015,-0.000125767147009596,0.00155417719675259,-0.00180573630794701,0,
3.72067039106145,,,,,,-0.000126076358135023
3.7216,-0.000123877039626936,-0.000123862490403623,0.00155607868792628,-0.00180383344535968,0,
3.72146847565842,,,,,,-0.000124172348741996
3.7224,-0.000121998981240417,-0.000121981710787532,0.00155795608290764,-0.00180195470879363,0,
3.72226656025539,,,,,,-0.000122292140378079
3.7232,-0.000120144811879812,-0.00012012457779801,0.00155980960335917,-0.00180009987602787,0,
3.72306464485235,,,,,,-0.000120435504070982
3.724,-0.000118314311132011,-0.00011829086262109,0.0015616394694177,-0.00179826872637099,0,
3.72386272944932,,,,,,-0.000118602212367136
3.7248,-0.000116507260197549,-0.000116480338086591,0.00156344589960852,-0.00179646104074726,0,
3.72466081404629,,,,,,-0.000116792039425006
3.7256,-0.000114723441976582,-0.000114692778762547,0.00156522911075954,-0.00179467660178265,0,
3.72545889864326,,,,,,-0.000115004761108405
3.7264,-0.000112962641154853,-0.000112927961049638,0.00156698932083653,-0.00179291519389097,0,
3.72625698324022,,,,,,-0.0001132401550798
3.7272,-0.000111224531348735,-0.000111185663275629,0.00156872685509994,-0.00179117649334012,0,
3.72705506783719,,,,,,-0.000111498000893636
3.728,-0.000109508817216813,-0.000109465665789793,0.00157044200388629,-0.00178946020366549,0,
3.72785315243416,,,,,,-0.000109778080089639
3.7288,-0.000107815390292179,-0.000107767751057351,0.00157213487838562,-0.00178776621139528,0,
3.72865123703113,,,,,,-0.000108080176286133
3.7296,-0.000106144028280575,-0.0001060917037539,0.00157380570064968,-0.00178609429695837,0,
3.72944932162809,,,,,,-0.000106404075273354
3.7304,-0.000104494509846951,-0.000104437310859849,0.00157545469177346,-0.0017844442387772,0,
3.73024740622506,,,,,,-0.000104749565106758
3.7312,-0.000102866614656116,-0.000102804361754851,0.0015770820718546,-0.00178281581627653,0,
3.73104549082203,,,,,,-0.000103116436200338
3.732,-0.00010126012341337,-0.000101192648312232,0.00157868805995275,-0.00178120880992409,0,
3.73184357541899,,,,,,-0.000101504481419936
3.7328,-9.96748179051478e-05,-9.96019649934263e-05,0.00158027287404897,-0.00177962300127127,0,
3.73264166001596,,,,,,-9.99134961765531e-05
3.7336,-9.81104810396596e-05,-9.80321089424096e-05,0.00158183673100515,-0.00177805817299378,0,
3.73343974461293,,,,,,-9.83432785196667e-05
3.7344,-9.65668968875294e-05,-9.6482880080129e-05,0.00158337984652334,-0.00177651410893234,0,
3.7342378292099,,,,,,-9.67936292305393e-05
3.7352,-9.50438507224394e-05,-9.49540811989398e-05,0.00158490243510517,-0.00177499059413331,0,
3.73503591380686,,,,,,-9.5264351915533e-05
3.736,-9.35411290617654e-05,-9.34455180570323e-05,0.00158640471001124,-0.00177348741488938,0,
3.73583399840383,,,,,,-9.3755253099422e-05
3.7368,-9.20585197072199e-05,-9.19569994728686e-05,0.00158788688410835,-0.00177200435878023,0,
3.7366320830008,,,,,,-9.22661423187055e-05
3.7376,-9.05957709959375e-05,-9.04883374196131e-05,0.00158934920756153,-0.00177054117481151,0,
3.73743016759777,,,,,,-9.079683221492e-05
3.7384,-8.91526906213161e-05,-8.90393471195653e-05,0.00159079187274521,-0.00176909766917878,0,
3.73822825219473,,,,,,-8.93471386279527e-05
3.7392,-8.77290751046951e-05,-8.76098471385947e-05,0.00159221508308806,-0.00176767363847122,0,
3.7390263367917,,,,,,-8.79168806893536e-05
3.74,-8.63247148985905e-05,-8.61996594805689e-05,0.0015936190479317,-0.00176626887309135,0,
3.73982442138867,,,,,,-8.65058809156486e-05
3.7408,-8.49394017045785e-05,-8.48086096817891e-05,0.00159500397537137,-0.00176488316453487,0,
3.74062250598563,,,,,,-8.51139653016522e-05
3.7416,-8.35729285054431e-05,-8.3436526905422e-05,0.00159637007222384,-0.0017635163055814,0,
3.7414205905826,,,,,,-8.37409634137801e-05
3.7424,-8.2225089597324e-05,-8.20830658864276e-05,0.00159771754399522,-0.00176216809032661,0,
3.74221867517957,,,,,,-8.23867084833623e-05
3.7432,-8.08956806218679e-05,-8.0747389930334e-05,0.00159904659484885,-0.00176083831421441,0,
3.74301675977654,,,,,,-8.10502533912234e-05
3.744,-7.95844985983726e-05,-7.9429303784737e-05,0.00160035742757313,-0.00175952677406909,0,
3.7438148443735,,,,,,-7.97311616626137e-05
3.7448,-7.82913419559386e-05,-7.81292431435356e-05,0.00160165024354938,-0.00175823326812744,0,
3.74461292897047,,,,,,-7.84300501200438e-05
3.7456,-7.70160105656169e-05,-7.68470326136391e-05,0.00160292524271972,-0.00175695759607094,0,
3.74541101356744,,,,,,-7.7146743906273e-05
3.7464,-7.57583057725564e-05,-7.55824999020995e-05,0.00160418262353291,-0.0017556995590579,0,
3.74620909816441,,,,,,-7.58810712177856e-05
3.7472,-7.45180316180912e-05,-7.43354758884728e-05,0.00160542258170012,-0.00175445896092356,0,
3.74700718276137,,,,,,-7.46328633762912e-05
3.748,-7.32949973630941e-05,-7.31057946971722e-05,0.00160664530793997,-0.00175323561068131,0,
3.74780526735834,,,,,,-7.34019549002239e-05
3.7488,-7.20890052323408e-05,-7.18932937698292e-05,0.00160785099977618,-0.0017520293105354,0,
3.74860335195531,,,,,,-7.21881835762431e-05
3.7496,-7.0899863158897e-05,-7.06978139376503e-05,0.00160903984910214,-0.00175083986816742,0,
3.74940143655227,,,,,,-7.09913905307328e-05
3.7504,-6.972738074207e-05,-6.9519199493775e-05,0.0016102120461477,-0.00174966709300311,0,
3.75019952114924,,,,,,-6.98114203013018e-05
3.7512,-6.85713692807032e-05,-6.83572982656358e-05,0.00161136777944587,-0.00174851079617047,0,
3.75099760574621,,,,,,-6.86481209082834e-05
3.752,-6.74316418064648e-05,-6.72119616873124e-05,0.00161250723579952,-0.00174737079053303,0,
3.75179569034318,,,,,,-6.7501343926236e-05
3.7528,-6.6308013117142e-05,-6.60830448718922e-05,0.0016136306002481,-0.00174624689072312,0,
3.75259377494014,,,,,,-6.63709445554418e-05
3.7536,-6.52002998099333e-05,-6.49704066838276e-05,0.00161473805603432,-0.00174513891317518,0,
3.75339185953711,,,,,,-6.52567816934081e-05
3.7544,-6.41083203147403e-05,-6.38739098112941e-05,0.00161582978457086,-0.001744046676159,0,
3.75418994413408,,,,,,-6.41587180063663e-05
3.7552,-6.30318949274594e-05,-6.27934208385472e-05,0.00161690596540703,-0.00174296999981306,0,
3.75498802873105,,,,,,-6.30766200007722e-05
3.756,-6.19708458432762e-05,-6.17288103182831e-05,0.00161796677619553,-0.00174190870617777,0,
3.75578611332801,,,,,,-6.20103580948058e-05
3.7568,-6.09249971899549e-05,-6.0679952843993e-05,0.00161901239369704,-0.00174086261922876,0,
3.75658419792498,,,,,,-6.09598066898713e-05
3.7576,-5.98941074006548e-05,-5.96467271223232e-05,0.00162004305848992,-0.00173983149828765,0,
3.75738228252195,,,,,,-5.9924844242097e-05
3.7584,-5.88779896081107e-05,-5.86290160454327e-05,0.00162105895651585,-0.00173881515549869,0,
3.75818036711891,,,,,,-5.89053533338353e-05
3.7592,-5.78765107810808e-05,-5.76267067633504e-05,0.00162206022133424,-0.00173781345690504,0,
3.75897845171588,,,,,,-5.79012207451626e-05
3.76,-5.68894960082674e-05,-5.66396907563352e-05,0.00162304702772165,-0.00173682622812359,0,
3.75977653631285,,,,,,-5.69123375253791e-05
3.7608,-5.59167718850302e-05,-5.56678639072309e-05,0.00162401954895042,-0.00173585329561495,0,
3.76057462090982,,,,,,-5.59385990645088e-05
3.7616,-5.49581665253927e-05,-5.47111265738261e-05,0.00162497795677667,-0.00173489448736084,0,
3.76137270550678,,,,,,-5.49799051647998e-05
3.7624,-5.40135095740449e-05,-5.37693836612114e-05,0.00162592242142825,-0.0017339496328761,0,
3.76217079010375,,,,,,-5.40361601122234e-05
3.7632,-5.30826322183467e-05,-5.28425446941373e-05,0.00162685311159273,-0.00173301856322064,0,
3.76296887470072,,,,,,-5.31072727479749e-05
3.764,-5.21653672003341e-05,-5.19305238893739e-05,0.00162777019440537,-0.00173210111101142,0,
3.76376695929769,,,,,,-5.2193156539973e-05
3.7648,-5.12615488287191e-05,-5.10312412980336e-05,0.00162867383543706,-0.00173119711043443,0,
3.76456504389465,,,,,,-5.12937296543599e-05
3.7656,-5.03710129908964e-05,-5.01411743962484e-05,0.00162956419868232,-0.00173030639725668,0,
3.76536312849162,,,,,,-5.04021251831427e-05
3.7664,-4.94935971649458e-05,-4.92637931476453e-05,0.00163044144654727,-0.00172942880883817,0,
3.76616121308859,,,,,,-4.95229109415847e-05
3.7672,-4.86291404316361e-05,-4.83996059695658e-05,0.00163130573983756,-0.00172856418414385,0,
3.76695929768555,,,,,,-4.86568755340325e-05
3.768,-4.77774834864302e-05,-4.75484528186491e-05,0.00163215723774639,-0.00172771236375562,0,
3.76775738228252,,,,,,-4.78038597367297e-05
3.7688,-4.69384686514867e-05,-4.67101747367327e-05,0.00163299609784246,-0.00172687318988431,0,
3.76855546687949,,,,,,-4.69637054009385e-05
3.7696,-4.61119398876647e-05,-4.58846138503955e-05,0.00163382247605792,-0.00172604650638161,0,
3.76935355147646,,,,,,-4.61362554524861e-05
3.7704,-4.5297742806528e-05,-4.50716133704982e-05,0.00163463652667637,-0.00172523215875211,0,
3.77015163607342,,,,,,-4.53213538913115e-05
3.7712,-4.44957246823474e-05,-4.42710175917232e-05,0.00163543840232082,-0.00172442999416525,0,
3.77094972067039,,,,,,-4.45188457910109e-05
3.772,-4.37057344641072e-05,-4.34826718921177e-05,0.00163622825394162,-0.00172363986146727,0,
3.77174780526736,,,,,,-4.37285772983846e-05
3.7728,-4.29276227875056e-05,-4.27064227326318e-05,0.00163700623080452,-0.00172286161119324,0,
3.77254588986433,,,,,,-4.29503956329831e-05
3.7736,-4.21612419869605e-05,-4.19421176566608e-05,0.00163777248047853,-0.00172209509557898,0,
3.77334397446129,,,,,,-4.21841490866534e-05
3.7744,-4.14064461076128e-05,-4.11896052895859e-05,0.00163852714882396,-0.0017213401685731,0,
3.77414205905826,,,,,,-4.14296870230851e-05
3.7752,-4.06630909173296e-05,-4.04487353383144e-05,0.0016392703799804,-0.00172059668584891,0,
3.77494014365523,,,,,,-4.06868598773568e-05
3.776,-3.99310339187098e-05,-3.97193585908224e-05,0.00164000231635462,-0.00171986450481644,0,
3.77573822825219,,,,,,-3.99555191554829e-05
3.7768,-3.92101343610853e-05,-3.90013269156929e-05,0.00164072309894307,-0.00171914348463441,0,
3.77653631284916,,,,,,-3.92355174339582e-05
3.7776,-3.85002215922383e-05,-3.82944932616584e-05,0.00164143289850507,-0.00171843345489639,0,
3.77733439744613,,,,,,-3.85267083593063e-05
3.7784,-3.78011066198843e-05,-3.75987116571413e-05,0.00164213190277326,-0.00171773422671719,0,
3.7781324820431,,,,,,-3.78289466476246e-05
3.7792,-3.71127145096593e-05,-3.69138372097945e-05,0.00164282018726286,-0.0017170457239028,0,
3.77893056664006,,,,,,-3.71420880841308e-05
3.78,-3.64349091809859e-05,-3.62397261060434e-05,0.00164349788797365,-0.00171636781095351,0,
3.77972865123703,,,,,,-3.64659895227094e-05
3.7808,-3.57675562147828e-05,-3.55762356106248e-05,0.00164416513924564,-0.00171570035336942,0,
3.780526735834,,,,,,-3.58005088854576e-05
3.7816,-3.51105228616142e-05,-3.49232240661291e-05,0.00164482207375098,-0.00171504321832204,0,
3.78132482043097,,,,,,-3.51455051622319e-05
3.7824,-3.4463678049837e-05,-3.42805508925407e-05,0.00164546882248569,-0.00171439627466243,0,
3.78212290502793,,,,,,-3.45008384101942e-05
3.7832,-3.38268923937492e-05,-3.36480765867783e-05,0.00164610551476158,-0.00171375939292928,0,
3.7829209896249,,,,,,-3.38663697533582e-05
3.784,-3.32000382017383e-05,-3.30256627222378e-05,0.00164673227819802,-0.00171313244535707,0,
3.78371907422187,,,,,,-3.32419613821354e-05
3.7848,-3.2582989484428e-05,-3.24131719483303e-05,0.00164734923871376,-0.00171251530588418,0,
3.78451715881883,,,,,,-3.26274765528818e-05
3.7856,-3.19756219628273e-05,-3.18104679900245e-05,0.00164795652051879,-0.00171190785016101,0,
3.7853152434158,,,,,,-3.20227795874437e-05
3.7864,-3.13778130764779e-05,-3.1217393625422e-05,0.00164855424610615,-0.00171130995555809,0,
3.78611332801277,,,,,,-3.14277358727043e-05
3.7872,-3.07894419916021e-05,-3.06337264816735e-05,0.00164914253624377,-0.00171072150117423,0,
3.78691141260974,,,,,,-3.08421505517627e-05
3.788,-3.02103896092521e-05,-3.0059304370107e-05,0.00164972150996624,-0.00171014236784462,0,
3.7877094972067,,,,,,-3.02657565526231e-05
3.7888,-2.96405385734558e-05,-2.94940953751639e-05,0.00165029128456674,-0.00170957243814895,0,
3.78850758180367,,,,,,-2.96985802270301e-05
3.7896,-2.90797732793665e-05,-2.8937965695296e-05,0.00165085197558876,-0.00170901159641956,0,
3.78930566640064,,,,,,-2.91404883824176e-05
3.7904,-2.852797988141e-05,-2.83907824861987e-05,0.00165140369681799,-0.00170845972874953,0,
3.79010375099761,,,,,,-2.85913487752553e-05
3.7912,-2.79850463014327e-05,-2.78524138583487e-05,0.00165194656027415,-0.00170791672300084,0,
3.79090183559457,,,,,,-2.8051030108616e-05
3.792,-2.74508622368504e-05,-2.73227288745437e-05,0.00165248067620279,-0.00170738246881244,0,
3.79169992019154,,,,,,-2.7519402029743e-05
3.7928,-2.6925319168795e-05,-2.68015975474386e-05,0.00165300615306711,-0.00170685685760843,0,
3.79249800478851,,,,,,-2.69963351276178e-05
3.7936,-2.64083103702633e-05,-2.62888908370856e-05,0.00165352309753984,-0.00170633978260617,0,
3.79329608938547,,,,,,-2.64817009305274e-05
3.7944,-2.58997309142647e-05,-2.57844806484715e-05,0.00165403161449503,-0.00170583113882437,0,
3.79409417398244,,,,,,-2.59753719036321e-05
3.7952,-2.53994776819689e-05,-2.52882398290564e-05,0.00165453180699986,-0.00170533082309126,0,
3.79489225857941,,,,,,-2.54772214465325e-05
3.796,-2.49074493708551e-05,-2.48000421663125e-05,0.00165502377630652,-0.00170483873405268,0,
3.79569034317638,,,,,,-2.49871238908377e-05
3.7968,-2.44235465028584e-05,-2.43197623852613e-05,0.00165550762216771,-0.00170435477218024,0,
3.79648842777334,,,,,,-2.4504954497732e-05
3.7976,-2.39476257284075e-05,-2.38472761460127e-05,0.00165598349315006,-0.00170387879439897,0,
3.79728651237031,,,,,,-2.40305894555431e-05
3.7984,-2.34787880167314e-05,-2.33824600413031e-05,0.00165645227771707,-0.0017034099068952,0,
3.79808459696728,,,,,,-2.35639058773091e-05
3.7992,-2.30176302885421e-05,-2.29251915940336e-05,0.00165691338389665,-0.00170294869602235,0,
3.79888268156425,,,,,,-2.31047817983466e-05
3.8,-2.25640461163934e-05,-2.2475349254809e-05,0.00165736691807264,-0.00170249506030159,0,
3.79968076616121,,,,,,-2.26530961738174e-05
3.8008,-2.21179302196616e-05,-2.20328123994749e-05,0.00165781298548312,-0.00170204889440869,0,
3.80047885075818,,,,,,-2.22087288762967e-05
3.8016,-2.1679178456728e-05,-2.1597461326657e-05,0.00165825169022822,-0.00170161009415951,0,
3.80127693535515,,,,,,-2.17715606933402e-05
3.8024,-2.124768781716e-05,-2.11691772552989e-05,0.00165868313527787,-0.00170117855650211,0,
3.80207501995211,,,,,,-2.13414733250517e-05
3.8032,-2.08233564138927e-05,-2.07478423222005e-05,0.00165910742247966,-0.00170075417950893,0,
3.80287310454908,,,,,,-2.09183493816508e-05
3.804,-2.0406083475411e-05,-2.03333395795572e-05,0.00165952465256657,-0.00170033686236896,0,
3.80367118914605,,,,,,-2.05020723810401e-05
3.8048,-1.99957693379296e-05,-1.99255529924964e-05,0.00165993492516482,-0.00169992650537991,0,
3.80446927374302,,,,,,-2.0092526746373e-05
3.8056,-1.95923154375758e-05,-1.95243674366175e-05,0.00166033833880166,-0.00169952300994033,0,
3.80526735833998,,,,,,-1.96895978036208e-05
3.8064,-1.91956243025706e-05,-1.91296686955291e-05,0.00166073499091314,-0.00169912627854181,0,
3.80606544293695,,,,,,-1.92931717791407e-05
3.8072,-1.88055995454099e-05,-1.87413434583879e-05,0.00166112497785193,-0.00169873621476112,0,
3.80686352753392,,,,,,-1.89031357972428e-05
3.808,-1.84221458550467e-05,-1.83592793174373e-05,0.00166150839489513,-0.00169835272325239,0,
3.80766161213089,,,,,,-1.85193778777581e-05
3.8088,-1.80451689890718e-05,-1.79837931026843e-05,0.00166188533625205,-0.00169797570973925,0,
3.80845969672785,,,,,,-1.81417869336056e-05
3.8096,-1.76745757658954e-05,-1.76152353134342e-05,0.001662255895072,-0.00169760508100702,0,
3.80925778132482,,,,,,-1.77712573113701e-05
3.8104,-1.73102740569293e-05,-1.72531301816338e-05,0.00166262016345213,-0.00169724074489483,0,
3.81005586592179,,,,,,-1.74074000400644e-05
3.8112,-1.69521727787674e-05,-1.68971041721669e-05,0.00166297823244521,-0.00169688261028783,0,
3.81085395051876,,,,,,-1.70496313516816e-05
3.812,-1.66001818853682e-05,-1.65470681243725e-05,0.00166333019206739,-0.00169653058710934,0,
3.81165203511572,,,,,,-1.66978620262328e-05
3.8128,-1.62542123602353e-05,-1.6202934506922e-05,0.00166367613130609,-0.001696184586313,0,
3.81245011971269,,,,,,-1.6352004453159e-05
3.8136,-1.59141762085996e-05,-1.5864617428098e-05,0.00166401613812772,-0.00169584451987493,0,
3.81324820430966,,,,,,-1.60119726414872e-05
3.8144,-1.55799864496004e-05,-1.55320326460726e-05,0.00166435029948552,-0.00169551030078592,0,
3.81404628890662,,,,,,-1.56776822299872e-05
3.8152,-1.5251557108467e-05,-1.52050975791855e-05,0.00166467870132736,-0.00169518184304359,0,
3.81484437350359,,,,,,-1.53490504973278e-05
3.816,-1.49288032087005e-05,-1.48837313162227e-05,0.00166500142860352,-0.00169485906164452,0,
3.81564245810056,,,,,,-1.50259963722331e-05
3.8168,-1.46116407642548e-05,-1.45678546266939e-05,0.00166531856527454,-0.00169454187257648,0,
3.81644054269753,,,,,,-1.47084404436386e-05
3.8176,-1.42999867717182e-05,-1.42573899711112e-05,0.00166563019420593,-0.00169423019281051,0,
3.81723862729449,,,,,,-1.43963049708483e-05
3.8184,-1.39937840069658e-05,-1.39522615112675e-05,0.00166593637277664,-0.00169392396498461,0,
3.81803671189146,,,,,,-1.40895138936903e-05
3.8192,-1.36929375527762e-05,-1.36523951205143e-05,0.0016662371958393,-0.00169362309433638,0,
3.81883479648843,,,,,,-1.37879928426735e-05
3.82,-1.33973620142997e-05,-1.33577183940407e-05,0.0016665327487397,-0.00169332749540638,0,
3.8196328810854,,,,,,-1.34916691491439e-05
3.8208,-1.31069787028908e-05,-1.30681606591506e-05,0.00166682311014414,-0.00169303708945689,0,
3.82043096568236,,,,,,-1.32004718554412e-05
3.8216,-1.28217098941602e-05,-1.27836529855417e-05,0.00166710835775527,-0.00169275179874119,0,
3.82122905027933,,,,,,-1.29143317250548e-05
3.8224,-1.25414788205642e-05,-1.25041281955834e-05,0.00166738856831949,-0.00169247154647,0,
3.8220271348763,,,,,,-1.26331812527803e-05
3.8232,-1.22662096639933e-05,-1.22295208745952e-05,0.00166766381763431,-0.00169219625680404,0,
3.82282521947326,,,,,,-1.23569546748759e-05
3.824,-1.19958275483629e-05,-1.19597673811252e-05,0.00166793418055579,-0.00169192585484666,0,
3.82362330407023,,,,,,-1.20855879792187e-05
3.8248,-1.17302585322012e-05,-1.16948058572274e-05,0.00166819973100592,-0.00169166026663635,0,
3.8244213886672,,,,,,-1.18190189154613e-05
3.8256,-1.14694296012392e-05,-1.14345762387411e-05,0.00166846054198,-0.00169139941913936,0,
3.82521947326417,,,,,,-1.15571870051878e-05
3.8264,-1.12132686610002e-05,-1.11790202655683e-05,0.00166871668555408,-0.00169114324024224,0,
3.82601755786113,,,,,,-1.13000335520701e-05
3.8272,-1.0961704529389e-05,-1.09280814919522e-05,0.0016689682328923,-0.00169089165874446,0,
3.8268156424581,,,,,,-1.10475016520248e-05
3.828,-1.07146669292812e-05,-1.06817052967558e-05,0.00166921525425437,-0.00169064460435098,0,
3.82761372705507,,,,,,-1.07995362033694e-05
3.8288,-1.04720864811126e-05,-1.04398388937396e-05,0.00166945781900287,-0.00169040200766476,0,
3.82841181165203,,,,,,-1.05560839169781e-05
3.8296,-1.02338946954684e-05,-1.020243134184e-05,0.00166969599561074,-0.00169016380017945,0,
3.829209896249,,,,,,-1.03170933264387e-05
3.8304,-1.00000239656727e-05,-9.96940627357832e-06,0.0016699298516686,-0.00168992991427188,0,
3.83000798084597,,,,,,-1.00825147982091e-05
3.8312,-9.77040756037778e-06,-9.74010592189581e-06,0.00167015945389224,-0.00168970028319466,0,
3.83080606544294,,,,,,-9.8522450005081e-06
3.832,-9.54497961615386e-06,-9.51439825965223e-06,0.00167038486812992,-0.00168947484106877,0,
3.8316041500399,,,,,,-9.62505886069421e-06
3.8328,-9.32367513007765e-06,-9.29276199007862e-06,0.00167060615936985,-0.00168925352287615,0,
3.83240223463687,,,,,,-9.40195281020662e-06
3.8336,-9.10642995232229e-06,-9.07514061061157e-06,0.00167082339174753,-0.00168903626445225,0,
3.83320031923384,,,,,,-9.18287010529511e-06
3.8344,-8.89318077874651e-06,-8.86147892850945e-06,0.00167103662855322,-0.0016888230024786,0,
3.83399840383081,,,,,,-8.96775529961725e-06
3.8352,-8.68386514348391e-06,-8.65172306076972e-06,0.00167124593223926,-0.00168861367447545,0,
3.83479648842777,,,,,,-8.75655424415669e-06
3.836,-8.47842141153277e-06,-8.4458204340467e-06,0.00167145136442754,-0.00168840821879428,0,
3.83559457302474,,,,,,-8.54921408714158e-06
3.8368,-8.27678877134466e-06,-8.24371978456826e-06,0.00167165298591684,-0.00168820657461041,0,
3.83639265762171,,,,,,-8.34568327396288e-06
3.8376,-8.07890722741429e-06,-8.04537115805369e-06,0.00167185085667579,-0.0016880086819156,0,
3.83719074221868,,,,,,-8.14591154709271e-06
3.8384,-7.88472261114156e-06,-7.85072590963091e-06,0.00167204503087486,-0.00168781448651435,0,
3.83798882681564,,,,,,-7.9498499460027e-06
3.8392,-7.6941769446617e-06,-7.65973670375372e-06,0.0016722355664919,-0.00168762393043066,0,
3.83878691141261,,,,,,-7.75745080708236e-06
3.84,-7.50720886440864e-06,-7.47235751411965e-06,0.00167242252486788,-0.00168743695230097,0,
3.83958499600958,,,,,,-7.56866776355739e-06
3.8408,-7.32376169779677e-06,-7.28854362358665e-06,0.00167260596266437,-0.00168725349543008,0,
3.84038308060654,,,,,,-7.38345574540807e-06
3.8416,-7.14377955699995e-06,-7.10825162409086e-06,0.0016727859357585,-0.00168707350391916,0,
3.84118116520351,,,,,,-7.20177097928756e-06
3.8424,-6.96720733164936e-06,-6.93143941656396e-06,0.00167296249925028,-0.00168689692264715,0,
3.84197924980048,,,,,,-7.02357098844028e-06
3.8432,-6.79399068153159e-06,-6.75806621085033e-06,0.00167313570746985,-0.00168672369726346,0,
3.84277733439745,,,,,,-6.84881459262028e-06
3.844,-6.62407602928706e-06,-6.5880925256249e-06,0.00167330561398479,-0.00168655377418067,0,
3.84357541899441,,,,,,-6.67746190800953e-06
3.8448,-6.45741055310758e-06,-6.42148018830988e-06,0.00167347227160743,-0.00168638710056718,0,
3.84437350359138,,,,,,-6.50947434713631e-06
3.8456,-6.29394217943479e-06,-6.25819233499252e-06,0.00167363573240212,-0.00168622362433997,0,
3.84517158818835,,,,,,-6.34481461879353e-06
3.8464,-6.13361957565819e-06,-6.09819341034243e-06,0.00167379604769256,-0.00168606329415721,0,
3.84596967278532,,,,,,-6.18344672795714e-06
3.8472,-5.97639214281311e-06,-5.9414491675288e-06,0.00167395326806904,-0.00168590605941103,0,
3.84676775738228,,,,,,-6.02533597570437e-06
3.848,-5.82221000827921e-06,-5.78792666813816e-06,0.0016741074433958,-0.00168575187022014,0,
3.84756584197925,,,,,,-5.8704489591322e-06
3.8488,-5.67102401847798e-06,-5.63759428209118e-06,0.00167425862281826,-0.00168560067742256,0,
3.84836392657622,,,,,,-5.71875357127561e-06
3.8496,-5.52278573157122e-06,-5.49042168756044e-06,0.00167440685477036,-0.00168545243256831,0,
3.84916201117318,,,,,,-5.57021900102599e-06
3.8504,-5.37744741015904e-06,-5.34637987088768e-06,0.00167455218698185,-0.00168530708791209,0,
3.84996009577015,,,,,,-5.42481573304945e-06
3.8512,-5.23496201397789e-06,-5.2054411265011e-06,0.00167469466648556,-0.00168516459640598,0,
3.85075818036712,,,,,,-5.28251554770518e-06
3.852,-5.09528319259894e-06,-5.06757905683303e-06,0.00167483433962472,-0.00168502491169214,0,
3.85155626496409,,,,,,-5.14329152096383e-06
3.8528,-4.95836527812571e-06,-4.93230671155125e-06,0.00167497125206026,-0.00168488798809545,0,
3.85235434956105,,,,,,-5.0071180243258e-06
3.8536,-4.8241632778925e-06,-4.79898593083407e-06,0.00167510544877807,-0.00168475378061627,0,
3.85315243415802,,,,,,-4.87314361033133e-06
3.8544,-4.69263286716235e-06,-4.6679397292906e-06,0.00167523697409633,-0.00168462224492312,0,
3.85395051875499,,,,,,-4.7409080905431e-06
3.8552,-4.56373038182515e-06,-4.53955721939964e-06,0.00167536587167282,-0.00168449333734532,0,
3.85474860335196,,,,,,-4.61134779002375e-06
3.856,-4.43741281109591e-06,-4.41379522816728e-06,0.00167549218451215,-0.00168436701486574,0,
3.85554668794892,,,,,,-4.48441962413964e-06
3.8568,-4.31363779021254e-06,-4.29061096793245e-06,0.00167561595497314,-0.00168424323511346,0,
3.85634477254589,,,,,,-4.36008089883627e-06
3.8576,-4.19236359313411e-06,-4.16996202040712e-06,0.0016757372247954,-0.00168412195635648,0,
3.85714285714286,,,,,,-4.23828929486748e-06
3.8584,-4.07353817216983e-06,-4.05180632071623e-06,0.00167585604603657,-0.00168400312656071,0,
3.85794094173982,,,,,,-4.11900285202469e-06
3.8592,-3.95710046274859e-06,-3.9361021414376e-06,0.00167597247967679,-0.00168388668467149,0,
3.85873902633679,,,,,,-4.00217995336603e-06
3.86,-3.8430352960832e-06,-3.82280807664182e-06,0.00167608654092419,-0.00168377261543562,0,
3.85953711093376,,,,,,-3.88777930944559e-06
3.8608,-3.73130287182576e-06,-3.71188302593246e-06,0.00167619826957403,-0.0016836608790921,0,
3.86033519553073,,,,,,-3.77575994254259e-06
3.8616,-3.62186396753569e-06,-3.60328617848565e-06,0.00167630770484382,-0.00168355143641339,0,
3.86113328012769,,,,,,-3.66608117089062e-06
3.8624,-3.5146799309178e-06,-3.49697699709024e-06,0.00167641488538109,-0.00168344424874227,0,
3.86193136472466,,,,,,-3.55870259290675e-06
3.8632,-3.40971267205992e-06,-3.39291520218773e-06,0.00167651984927114,-0.00168333927798407,0,
3.86272944932163,,,,,,-3.45358407142085e-06
3.864,-3.30692465567072e-06,-3.29106075591215e-06,0.00167662263404478,-0.00168323648659887,0,
3.8635275339186,,,,,,-3.35068571790467e-06
3.8648,-3.20627889331766e-06,-3.19137384613022e-06,0.00167672327668612,-0.00168313583759377,0,
3.86432561851556,,,,,,-3.24996787670113e-06
3.8656,-3.10773893566445e-06,-3.09381487048096e-06,0.00167682181364031,-0.00168303729451511,0,
3.86512370311253,,,,,,-3.15139110925345e-06
3.8664,-3.01126886470906e-06,-2.99834442041591e-06,0.0016769182808213,-0.00168294082144069,0,
3.8659217877095,,,,,,-3.05491617833441e-06
3.8672,-2.91683328602141e-06,-2.90492326523894e-06,0.00167701271361958,-0.00168284638297203,0,
3.86671987230646,,,,,,-2.96050403227548e-06
3.868,-2.82439732098118e-06,-2.81351233614622e-06,0.00167710514690998,-0.00168275394422658,0,
3.86751795690343,,,,,,-2.86811578919609e-06
3.8688,-2.73392659901569e-06,-2.72407271026635e-06,0.0016771956150594,-0.00168266347082998,0,
3.8683160415004,,,,,,-2.77771272123277e-06
3.8696,-2.64538724983748e-06,-2.63656559469997e-06,0.00167728415193458,-0.00168257492890826,0,
3.86911412609737,,,,,,-2.68925623876837e-06
3.8704,-2.5587458956822e-06,-2.55095231055997e-06,0.00167737079090983,-0.0016824882850801,0,
3.86991221069433,,,,,,-2.60270787466127e-06
3.8712,-2.47396964354641e-06,-2.46719427701134e-06,0.00167745556487483,-0.00168240350644906,0,
3.8707102952913,,,,,,-2.51802926847456e-06
3.872,-2.39102607742529e-06,-2.3852529953111e-06,0.00167753850624237,-0.0016823205605958,0,
3.87150837988827,,,,,,-2.43518215070525e-06
3.8728,-2.3098832505506e-06,-2.30509003284843e-06,0.00167761964695611,-0.00168223941557035,0,
3.87230646448524,,,,,,-2.35412832701347e-06
3.8736,-2.2305096776282e-06,-2.22666700718431e-06,0.00167769901849832,-0.00168216003988429,0,
3.8731045490822,,,,,,-2.27482966245164e-06
3.8744,-2.15287432707597e-06,-2.14994557009171e-06,0.00167777665189767,-0.00168208240250302,0,
3.87390263367917,,,,,,-2.1972480656937e-06
3.8752,-2.07694661326163e-06,-2.07510619696248e-06,0.00167785257773699,-0.00168200647283801,0,
3.87470071827614,,,,,,-2.12134547326431e-06
3.876,-2.00269638874041e-06,-2.00210470268618e-06,0.00167792682616099,-0.00168193222073899,0,
3.8754988028731,,,,,,-2.0474335865926e-06
3.8768,-1.93009393649299e-06,-1.93078124103806e-06,0.00167799942688406,-0.00168185961648622,0,
3.87629688747007,,,,,,-1.97525383514933e-06
3.8776,-1.85910996216311e-06,-1.86107778097446e-06,0.00167807040919835,-0.00168178863078272,0,
3.87709497206704,,,,,,-1.90470720743481e-06
3.8784,-1.78971525685006e-06,-1.79296105261274e-06,0.00167813980232185,-0.00168171923441737,0,
3.87789305666401,,,,,,-1.8357605790209e-06
3.8792,-1.72186956751338e-06,-1.7263979260658e-06,0.00167820764648285,-0.00168165138714621,0,
3.87869114126097,,,,,,-1.76838097195518e-06
3.88,-1.6555548827523e-06,-1.6613553989249e-06,0.00167827389646554,-0.00168158500623104,0,
3.87948922585794,,,,,,-1.70253554239218e-06
3.8808,-1.59074335365037e-06,-1.59780058374267e-06,0.00167833870943118,-0.00168152019613848,0,
3.88028731045491,,,,,,-1.63819156822462e-06
3.8816,-1.52740750777343e-06,-1.53570069551572e-06,0.00167840204665517,-0.00168145686167072,0,
3.88108539505188,,,,,,-1.57531643671478e-06
3.8824,-1.46552024126733e-06,-1.47502303916768e-06,0.00167846393524347,-0.00168139497572601,0,
3.88188347964884,,,,,,-1.51387763212571e-06
3.8832,-1.40505481095535e-06,-1.41573499703198e-06,0.00167852440194131,-0.00168133451156322,0,
3.88268156424581,,,,,,-1.45384272335252e-06
3.884,-1.34598482643577e-06,-1.35780401633467e-06,0.00167858347314105,-0.00168127544279393,0,
3.88347964884278,,,,,,-1.39517935155367e-06
3.8848,-1.28828424217945e-06,-1.30119759667746e-06,0.00167864117489014,-0.0016812177433745,0,
3.88427773343974,,,,,,-1.33785521778225e-06
3.8856,-1.23192734962717e-06,-1.2458832775203e-06,0.00167869753289898,-0.00168116138759823,0,
3.88507581803671,,,,,,-1.28183807061726e-06
3.8864,-1.17688876928732e-06,-1.19182862566442e-06,0.00167875257254884,-0.00168110635008741,0,
3.88587390263368,,,,,,-1.22709569379487e-06
3.8872,-1.12314344283334e-06,-1.13900122273515e-06,0.00167880631889976,-0.00168105260578542,0,
3.88667198723065,,,,,,-1.17359589383972e-06
3.888,-1.07066662520124e-06,-1.08736865266471e-06,0.00167885879669847,-0.00168100012994888,0,
3.88747007182761,,,,,,-1.12130648769619e-06
3.8888,-1.01943387668724e-06,-1.03689848917519e-06,0.00167891003038629,-0.00168094889813967,0,
3.88826815642458,,,,,,-1.07019529035966e-06
3.8896,-9.69421055045071e-07,-9.87558283261274e-07,0.00167896004410701,-0.0016808988862171,0,
3.88906624102155,,,,,,-1.02023010250785e-06
3.8904,-9.20604307583685e-07,-9.39315550673146e-07,0.00167900886171482,-0.00168085007032999,0,
3.88986432561852,,,,,,-9.71378698132013e-07
3.8912,-8.72960063264688e-07,-8.92137759399361e-07,0.00167905650678221,-0.00168080242690874,0,
3.89066241021548,,,,,,-9.23608812168282e-07
3.892,-8.26465024799862e-07,-8.45992317149653e-07,0.00167910300260787,-0.00168075593265747,0,
3.89146049481245,,,,,,-8.76888128128917e-07
3.8928,-7.8109616074878e-07,-8.00846558837897e-07,0.00167914837222458,-0.00168071056454608,0,
3.89225857940942,,,,,,-8.31184265733592e-07
3.8936,-7.36830697616174e-07,-7.56667734064809e-07,0.00167919263840715,-0.00168066629980238,0,
3.89305666400638,,,,,,-7.86464768540672e-07
3.8944,-6.9364611194956e-07,-7.13422994600902e-07,0.00167923582368029,-0.00168062311590419,0,
3.89385474860335,,,,,,-7.42697091578494e-07
3.8952,-6.51520122436733e-07,-6.71079381869315e-07,0.00167927795032652,-0.0016805809905714,0,
3.89465283320032,,,,,,-6.99848588976643e-07
3.896,-6.10430682003265e-07,-6.29603814428645e-07,0.00167931904039411,-0.00168053990175812,0,
3.89545091779729,,,,,,-6.5788650159723e-07
3.8968,-5.70355969910114e-07,-5.8914631892346e-07,0.00167935911570492,-0.00168049982764474,0,
3.89624900239425,,,,,,-6.16777944666177e-07
3.8976,-5.31274383851012e-07,-5.50287045613461e-07,0.00167939819786236,-0.00168046074663006,0,
3.89704708699122,,,,,,-5.76755311782773e-07
3.8984,-4.93164532050075e-07,-5.12648651794886e-07,0.00167943630829059,-0.00168042263735469,0,
3.89784517158819,,,,,,-5.38550539598444e-07
3.8992,-4.56115736146573e-07,-4.75948018495028e-07,0.00167947335765005,-0.00168038558912235,0,
3.89864325618516,,,,,,-5.01292358062838e-07
3.9,-4.20050192895142e-07,-4.40166108361113e-07,0.0016795094237079,-0.00168034952409369,0,
3.89944134078212,,,,,,-4.64961596067698e-07
3.9008,-3.84918972698532e-07,-4.05284274388436e-07,0.00167954455541171,-0.0016803143933571,0,
3.90023942537909,,,,,,-4.295394707726e-07
3.9016,-3.50703484508972e-07,-3.71284257547002e-07,0.0016795787713615,-0.00168028017833052,0,
3.90103750997606,,,,,,-3.95007585259854e-07
3.9024,-3.17385396297733e-07,-3.38148184408375e-07,0.00167961208989018,-0.00168024686068278,0,
3.90183559457302,,,,,,-3.61347926189415e-07
3.9032,-2.84946628804127e-07,-3.05858564772422e-07,0.00167964452907786,-0.00168021442233547,0,
3.90263367916999,,,,,,-3.28542861453786e-07
3.904,-2.53369349284508e-07,-2.74398289294053e-07,0.00167967610675807,-0.00168018284545664,0,
3.90343176376696,,,,,,-2.96575137832921e-07
3.9048,-2.22635965261365e-07,-2.43750627110067e-07,0.00167970684052409,-0.00168015211245462,0,
3.90422984836393,,,,,,-2.65427878649136e-07
3.9056,-1.92729118272228e-07,-2.13899223465797e-07,0.00167973674773513,-0.00168012220597167,0,
3.90502793296089,,,,,,-2.35084581422007e-07
3.9064,-1.63631677618763e-07,-1.84828097341959e-07,0.00167976584552261,-0.00168009310887784,0,
3.90582601755786,,,,,,-2.05529115523284e-07
3.9072,-1.35326734115774e-07,-1.56521639081387e-07,0.00167979415079641,-0.00168006480426464,0,
3.90662410215483,,,,,,-1.76745719831789e-07
3.908,-1.07797593840202e-07,-1.28964608015789e-07,0.00167982168025114,-0.00168003727543882,0,
3.9074221867518,,,,,,-1.48719000388325e-07
3.9088,-8.10277718802084e-08,-1.02142130092569e-07,0.00167984845037235,-0.00168001050591611,0,
3.90822027134876,,,,,,-1.21433928050582e-07
3.9096,-5.50009860841004e-08,-7.60396955015009e-08,0.00167987447744282,-0.00167998447941499,0,
3.90901835594573,,,,,,-9.487583614804e-08
3.9104,-2.97011508094127e-08,-5.0643156301554e-08,0.0016798997775488,-0.00167995917985042,0,
3.9098164405427,,,,,,-6.90304181368766e-08
3.9112,-5.11237067191e-09,-2.59387240476415e-08,0.00167992436658626,-0.0016799345913276,0,
3.91061452513966,,,,,,-4.3883725254871e-08
3.912,1.87810657054067e-08,-1.91296741737199e-09,0.00167994826026712,-0.00167991069813571,0,
3.91141260973663,,,,,,-1.94221641763101e-08
3.9128,4.19946919432288e-08,2.14471901621333e-08,0.00167997147412555,-0.00167988748474166,0,
3.9122106943336,,,,,,4.36750533310619e-09
3.9136,6.45438701570007e-08,4.41544728875567e-08,0.00167999402352418,-0.00167986493578386,0,
3.91300877893057,,,,,,2.74981727613597e-08
3.9144,8.64437972078473e-08,6.62212549525653e-08,0.00168001592366037,-0.00167984303606596,0,
3.91380686352753,,,,,,4.99823791952083e-08
3.9152,1.07709510953569e-07,8.7659562921061e-08,0.00168003718957247,-0.00167982177055056,0,
3.9146049481245,,,,,,7.18323196652806e-08
3.916,1.28355896499633e-07,1.08481078100427e-07,0.00168005783614604,-0.00167980112435304,0,
3.91540303272147,,,,,,9.30598454911707e-08
3.9168,1.48397692450111e-07,1.28697138914718e-07,0.00168007787812013,-0.00167978108273523,0,
3.91620111731844,,,,,,1.13676466626532e-07
3.9176,1.67849497158727e-07,1.48318743277965e-07,0.00168009733009354,-0.00167976163109922,0,
3.9169992019154,,,,,,1.33693354004174e-07
3.9184,1.86725774979793e-07,1.67356550967365e-07,0.0016801162065418,-0.00167974275499184,0,
3.91779728651237,,,,,,1.53121341881154e-07
3.9192,2.04964098176978e-07,1.85833871216224e-07,0.00168013444503816,-0.00167972451684181,0,
3.91859537110934,,,,,,1.71970930183871e-07
3.92,2.22564331823778e-07,2.03762607046358e-07,0.00168015204542865,-0.001679706916765,0,
3.91939345570631,,,,,,1.9026942679469e-07
3.9208,2.39605045554877e-07,2.21144376883206e-07,0.00168016908628277,-0.00167968987619166,0,
3.92019154030327,,,,,,2.08023611336353e-07
3.9216,2.56098088419937e-07,2.37986446989396e-07,0.00168018557945862,-0.00167967338328178,0,
3.92098962490024,,,,,,2.25233429734637e-07
3.9224,2.72055113649207e-07,2.54298166532924e-07,0.00168020153660978,-0.00167965742638248,0,
3.92178770949721,,,,,,2.4190839999452e-07
3.9232,2.87487583149336e-07,2.70088574298814e-07,0.00168021696919845,-0.00167964199403215,0,
3.92258579409417,,,,,,2.58057730727582e-07
3.924,3.02406771999188e-07,2.85366401293557e-07,0.00168023188850003,-0.00167962707495603,0,
3.92338387869114,,,,,,2.7369032372555e-07
3.9248,3.16823772945607e-07,3.00140073349499e-07,0.00168024630560755,-0.00167961265806166,0,
3.92418196328811,,,,,,2.88814776533845e-07
3.9256,3.30749500899279e-07,3.14417713729333e-07,0.0016802602314362,-0.0016795987324344,0,
3.92498004788508,,,,,,3.03439385025132e-07
3.9264,3.44194697430497e-07,3.28207145730486e-07,0.00168027367672782,-0.00167958528733296,0,
3.92577813248204,,,,,,3.1757214597286e-07
3.9272,3.57169935264975e-07,3.41515895289561e-07,0.0016802866520554,-0.00167957231218487,0,
3.92657621707901,,,,,,3.31220759624837e-07
3.928,3.69685622779662e-07,3.54351193586776e-07,0.00168029916782755,-0.00167955979658199,0,
3.92737430167598,,,,,,3.44392632276731e-07
3.9288,3.81752008498514e-07,3.6671997965036e-07,0.00168031123429304,-0.00167954773027604,0,
3.92817238627294,,,,,,3.57094878845654e-07
3.9296,3.93379185588342e-07,3.78628902961032e-07,0.00168032286154527,-0.00167953610317409,0,
3.92897047086991,,,,,,3.69334325443694e-07
3.9304,4.04577096354591e-07,3.90084326056396e-07,0.00168033405952675,-0.00167952490533404,0,
3.92976855546688,,,,,,3.81117511951468e-07
3.9312,4.15355536737147e-07,4.01092327135385e-07,0.00168034483803364,-0.00167951412696017,0,
3.93056664006385,,,,,,3.92450694591666e-07
3.932,4.25724160806148e-07,4.11658702662691e-07,0.00168035520672021,-0.0016795037583986,0,
3.93136472466081,,,,,,4.03339848502599e-07
3.9328,4.35692485257768e-07,4.21788969973172e-07,0.00168036517510335,-0.00167949379013283,0,
3.93216280925778,,,,,,4.1379067031175e-07
3.9336,4.45269893910051e-07,4.31488369876323e-07,0.00168037475256706,-0.00167948421277924,0,
3.93296089385475,,,,,,4.23808580709316e-07
3.9344,4.54465642198699e-07,4.40761869260675e-07,0.00168038394836695,-0.00167947501708255,0,
3.93375897845172,,,,,,4.33398727021757e-07
3.9352,4.63288861672873e-07,4.49614163698234e-07,0.00168039277163475,-0.0016794661939114,0,
3.93455706304868,,,,,,4.42565985785346e-07
3.936,4.71748564491011e-07,4.58049680048917e-07,0.00168040123138277,-0.00167945773425379,0,
3.93535514764565,,,,,,4.51314965319713e-07
3.9368,4.79853647916607e-07,4.6607257906496e-07,0.00168040933650844,-0.00167944962921261,0,
3.93615323224262,,,,,,4.59650008301394e-07
3.9376,4.87612898814047e-07,4.7368675799538e-07,0.00168041709579877,-0.00167944187000114,0,
3.93695131683958,,,,,,4.67575194337378e-07
3.9384,4.95034998144392e-07,4.80895853190381e-07,0.00168042451793563,-0.00167943444793934,0,
3.93774940143655,,,,,,4.75094342538656e-07
3.9392,5.0211462036308e-07,4.87703242705795e-07,0.00168043159759516,-0.00167942736835443,0,
3.93854748603352,,,,,,4.82211014093763e-07
3.94,5.08828541585336e-07,4.9411204890751e-07,0.0016804383115507,-0.00167942065446753,0,
3.93934557063049,,,,,,4.88928514842333e-07
3.9408,5.15221134008962e-07,5.00128447755424e-07,0.00168044470417334,-0.00167941426190532,0,
3.94014365522745,,,,,,4.95249897848642e-07
3.9416,5.21299918706873e-07,5.06140062897217e-07,0.00168045078298609,-0.00167940818314867,0,
3.94094173982442,,,,,,5.01181986743072e-07
3.9424,5.27072299166072e-07,5.11903569741594e-07,0.00168045655539255,-0.00167940241079422,0,
3.94173982442139,,,,,,5.07193233292712e-07
3.9432,5.32545565136121e-07,5.17354787367424e-07,0.00168046202868259,-0.00167939693755232,0,
3.94253790901836,,,,,,5.12887547181591e-07
3.944,5.37726896477605e-07,5.2250118065338e-07,0.00168046721003617,-0.00167939175624322,0,
3.94333599361532,,,,,,5.18272359363163e-07
3.9448,5.42623367010575e-07,5.27350196023817e-07,0.00168047210652721,-0.00167938685979319,0,
3.94413407821229,,,,,,5.23355077260055e-07
3.9456,5.47241948363033e-07,5.31909267879811e-07,0.00168047672512742,-0.0016793822412307,0,
3.94493216280926,,,,,,5.28143091118827e-07
3.9464,5.51589513819376e-07,5.36185825030173e-07,0.0016804810727102,-0.00167937789368256,0,
3.94573024740623,,,,,,5.32643780364743e-07
3.9472,5.55672842168863e-07,5.40187297122468e-07,0.0016804851560544,-0.00167937381037006,0,
3.94652833200319,,,,,,5.36864519956531e-07
3.948,5.59498621554078e-07,5.43921121074047e-07,0.00168048898184826,-0.00167936998460515,0,
3.94732641660016,,,,,,5.40812686741152e-07
3.9488,5.63073453319378e-07,5.47394747503056e-07,0.0016804925566932,-0.00167936640978656,0,
3.94812450119713,,,,,,5.44495665808561e-07
3.9496,5.66403855859372e-07,5.50615647159473e-07,0.0016804958871077,-0.00167936307939598,0,
3.94892258579409,,,,,,5.47920856846479e-07
3.9504,5.69496268467368e-07,5.5359131735612e-07,0.00168049897953111,-0.00167935998699418,0,
3.94972067039106,,,,,,5.51095680495151e-07
3.9512,5.72357055183841e-07,5.56329288399693e-07,0.00168050184032755,-0.00167935712621719,0,
3.95051875498803,,,,,,5.54027584702116e-07
3.952,5.74992508644892e-07,5.58837130021777e-07,0.00168050447578973,-0.00167935449077244,0,
3.951316839585,,,,,,5.56724051076971e-07
3.9528,5.77408853930702e-07,5.61122457809872e-07,0.00168050689214278,-0.00167935207443492,0,
3.95211492418196,,,,,,5.59192601246136e-07
3.9536,5.79612252414005e-07,5.63192939638418e-07,0.00168050909554815,-0.00167934987104332,0,
3.95291300877893,,,,,,5.61440803207617e-07
3.9544,5.81608805608538e-07,5.65056302099812e-07,0.0016805110921074,-0.00167934787449618,0,
3.9537110933759,,,,,,5.63476277685777e-07
3.9552,5.83404559017511e-07,5.66720336935436e-07,0.0016805128878661,-0.00167934607874806,0,
3.95450917797287,,,,,,5.65306704486096e-07
3.956,5.8500550598206e-07,5.68192907466677e-07,0.00168051448881763,-0.00167934447780567,0,
3.95530726256983,,,,,,5.66939828849937e-07
3.9568,5.86417591529707e-07,5.69481955025945e-07,0.00168051590090709,-0.00167934306572403,0,
3.9561053471668,,,,,,5.68383467809314e-07
3.9576,5.87646716222831e-07,5.70595505387704e-07,0.00168051713003507,-0.00167934183660263,0,
3.95690343176377,,,,,,5.69645516541656e-07
3.9584,5.88698740007117e-07,5.71541675199488e-07,0.00168051818206158,-0.00167934078458157,0,
3.95770151636073,,,,,,5.7073395472457e-07
3.9592,5.89579400366129e-07,5.72328678412926e-07,0.00168051906272453,-0.0016793399039238,0,
3.9584996009577,,,,,,5.71656852890609e-07
3.96,5.902360442867e-07,5.72964832714765e-07,0.00168051971937038,-0.0016793392472818,0,
3.95929768555467,,,,,,5.72422378782037e-07
3.9608,5.90723288339803e-07,5.73458565957889e-07,0.00168052020661564,-0.00167933876003896,0,
3.96009577015164,,,,,,5.73038803705591e-07
3.9616,5.91046076343827e-07,5.73818422592345e-07,0.00168052052940442,-0.00167933843725173,0,
3.9608938547486,,,,,,5.73514508887252e-07
3.9624,5.91209295885802e-07,5.74053070096366e-07,0.00168052069262435,-0.00167933827403257,0,
3.96169193934557,,,,,,5.73857991827005e-07
3.9632,5.9121778150611e-07,5.74068174744916e-07,0.00168052070110998,-0.00167933826554697,0,
3.96249002394254,,,,,,5.74077872653607e-07
3.964,5.91076317883196e-07,5.73781035260948e-07,0.00168052055964605,-0.00167933840701028,0,
3.96328810853951,,,,,,5.7406697122747e-07
3.9648,5.90789643018275e-07,5.7333104365552e-07,0.00168052027297058,-0.00167933869368454,0,
3.96408619313647,,,,,,5.73746415211189e-07
3.9656,5.90362451420046e-07,5.72741616970911e-07,0.0016805198457781,-0.00167933912087526,0,
3.96488427773344,,,,,,5.73282001575602e-07
3.9664,5.89799397289401e-07,5.7201851166234e-07,0.00168051928272285,-0.00167933968392827,0,
3.96568236233041,,,,,,5.72679431766625e-07
3.9672,5.89105097704137e-07,5.71167503413977e-07,0.00168051858842193,-0.00167934037822652,0,
3.96648044692737,,,,,,5.71944422753853e-07
3.968,5.88284135803662e-07,5.70194391130643e-07,0.00168051776745851,-0.00167934119918691,0,
3.96727853152434,,,,,,5.71082710974932e-07
3.9688,5.87341063973711e-07,5.6910500092951e-07,0.001680516824385,-0.00167934214225705,0,
3.96807661612131,,,,,,5.70100056279922e-07
3.9696,5.86280407031052e-07,5.67905190131803e-07,0.00168051576372624,-0.00167934320291218,0,
3.96887470071828,,,,,,5.69002245875672e-07
3.9704,5.851066654082e-07,5.66600851254504e-07,0.00168051458998268,-0.00167934437665186,0,
3.96967278531524,,,,,,5.67795098270183e-07
3.9712,5.83824318338125e-07,5.65197916002045e-07,0.00168051330763358,-0.0016793456589969,0,
3.97047086991221,,,,,,5.66484467216979e-07
3.972,5.82437827038962e-07,5.63702359258019e-07,0.00168051192114018,-0.0016793470454861,0,
3.97126895450918,,,,,,5.65076245659477e-07
3.9728,5.80951637898722e-07,5.6212020307687e-07,0.00168051043494888,-0.00167934853167308,0,
3.97206703910615,,,,,,5.63576369675352e-07
3.9736,5.79370185660007e-07,5.60457520675607e-07,0.00168050885349445,-0.00167935011312313,0,
3.97286512370311,,,,,,5.61990822420908e-07
3.9744,5.77697896604711e-07,5.58720440425492e-07,0.00168050718120319,-0.00167935178540998,0,
3.97366320830008,,,,,,5.60325638075446e-07
3.9752,5.75939191738738e-07,5.56915149843751e-07,0.00168050542249612,-0.00167935354411264,0,
3.97446129289705,,,,,,5.58586905785635e-07
3.976,5.74098489976712e-07,5.55047899585267e-07,0.00168050358179217,-0.00167935538481222,0,
3.97525937749401,,,,,,5.56780773609875e-07
3.9768,5.7218021132668e-07,5.53125007434287e-07,0.00168050166351137,-0.00167935730308872,0,
3.97605746209098,,,,,,5.54913452462669e-07
3.9776,5.70188780074835e-07,5.51152862296122e-07,0.00168049967207802,-0.00167935929451787,0,
3.97685554668795,,,,,,5.52991220058992e-07
3.9784,5.68128627970214e-07,5.49137928188845e-07,0.00168049761192387,-0.00167936135466793,0,
3.97765363128492,,,,,,5.51020424858661e-07
3.9792,5.66004197409416e-07,5.47086748234995e-07,0.00168049548749004,-0.00167936347909522,0,
3.97845171588188,,,,,,5.49007490010698e-07
3.98,5.63736801794168e-07,5.45005948653275e-07,0.00168049322009032,-0.00167936574648673,0,
3.97924980047885,,,,,,5.46958917297705e-07
3.9808,5.61369381910149e-07,5.42902242750255e-07,0.00168049085266743,-0.00167936811390361,0,
3.98004788507582,,,,,,5.44881291080226e-07
3.9816,5.5893115685715e-07,5.40782434912076e-07,0.00168048841443986,-0.00167937055212615,0,
3.98084596967279,,,,,,5.42781282241124e-07
3.9824,5.56425052812229e-07,5.38653424596145e-07,0.00168048590833334,-0.00167937305822771,0,
3.98164405426975,,,,,,5.4066565212994e-07
3.9832,5.53853953781485e-07,5.36522210322838e-07,0.00168048333723187,-0.00167937562932431,0,
3.98244213886672,,,,,,5.38541256507269e-07
3.984,5.5122070349404e-07,5.34395893667204e-07,0.00168048070397921,-0.00167937826257222,0,
3.98324022346369,,,,,,5.36415049489124e-07
3.9848,5.48528107296021e-07,5.3228168325066e-07,0.00168047801138069,-0.00167938095516609,0,
3.98403830806065,,,,,,5.34294087491309e-07
3.9856,5.45778934044545e-07,5.29825683879894e-07,0.00168047526220518,-0.00167938370433709,0,
3.98483639265762,,,,,,5.32185533173782e-07
3.9864,5.42975918001695e-07,5.27223413332277e-07,0.00168047245918694,-0.00167938650735094,0,
3.98563447725459,,,,,,5.29719135500405e-07
3.9872,5.40121760728511e-07,5.24574298680458e-07,0.00168046960502755,-0.0016793893615061,0,
3.98643256185156,,,,,,5.27117256676253e-07
3.988,5.37219132978968e-07,5.2188426496364e-07,0.00168046670239777,-0.00167939226413181,0,
3.98723064644852,,,,,,5.24472749609079e-07
3.9888,5.34270676593957e-07,5.19155217320451e-07,0.00168046375393943,-0.00167939521258624,0,
3.98802873104549,,,,,,5.21787599561944e-07
3.9896,5.31279006395279e-07,5.16388962336391e-07,0.00168046076226737,-0.00167939820425457,0,
3.98882681564246,,,,,,5.19063694096825e-07
3.9904,5.28246712079611e-07,5.13587208133538e-07,0.00168045772997127,-0.00167940123654711,0,
3.98962490023943,,,,,,5.16302823163265e-07
3.9912,5.25176360112501e-07,5.10751564460262e-07,0.00168045465961763,-0.0016794043068974,0,
3.99042298483639,,,,,,5.13506679187023e-07
3.992,5.22070495622347e-07,5.07883542780937e-07,0.00168045155375155,-0.00167940741276031,0,
3.99122106943336,,,,,,5.10676857158715e-07
3.9928,5.18931644294378e-07,5.04984556365654e-07,0.00168044841489874,-0.00167941055161015,0,
3.99201915403033,,,,,,5.07814854722468e-07
3.9936,5.15762314264643e-07,5.0205592037993e-07,0.00168044524556733,-0.0016794137209388,0,
3.99281723862729,,,,,,5.04922072264564e-07
3.9944,5.12564998013985e-07,4.99098851974419e-07,0.00168044204824981,-0.00167941691825378,0,
3.99361532322426,,,,,,5.01999813002092e-07
3.9952,5.09342174262031e-07,4.96114470374623e-07,0.00168043882542489,-0.00167942014107637,0,
3.99441340782123,,,,,,4.99049283071587e-07
3.996,5.06096309861169e-07,4.93103796970606e-07,0.00168043557955944,-0.00167942338693972,0,
3.9952114924182,,,,,,4.96071591617687e-07
3.9968,5.02829861690536e-07,4.90067755406703e-07,0.00168043231311033,-0.00167942665338695,0,
3.99600957701516,,,,,,4.93067750881775e-07
3.9976,4.9954527855e-07,4.87007171671235e-07,0.00168042902852636,-0.00167942993796926,0,
3.99680766161213,,,,,,4.90038676290629e-07
3.9984,4.96245003054139e-07,4.83922774186214e-07,0.00168042572825015,-0.00167943323824405,0,
3.9976057462091,,,,,,4.86985186545068e-07
3.9992,4.92931473526227e-07,4.8081519389706e-07,0.00168042241471998,-0.00167943655177293,0,
3.99840383080607,,,,,,4.839080037086e-07
4,4.89605145952106e-07,4.77684964362309e-07,0.0125999607301095,-0.0125989815198176,,
3.99920191540303,,,,,,4.8080775329607e-07
4,4.89605145952106e-07,4.77684964362309e-07,0.0125999607301095,-0.0125989934399992,,4.77684964362309e-07

