time,reference,actual,high,low,error,actual (raw)
0,0,0,0.00408862653384862,-0.00408862653384862,0,0
0.0008,0,0,0.00408862653384862,-0.00408862653384862,0,
0.000798084596967279,,,,,,0
0.2096,0,0,0.0306646990038646,-0.0306646990038646,,
0.00159616919393456,,,,,,0
0.00239425379090184,,,,,,0
0.00319233838786911,,,,,,0
0.00399042298483639,,,,,,0
0.00478850758180367,,,,,,0
0.00558659217877095,,,,,,0
0.00638467677573823,,,,,,0
0.00718276137270551,,,,,,0
0.00798084596967279,,,,,,0
0.00877893056664006,,,,,,0
0.00957701516360734,,,,,,0
0.0103750997605746,,,,,,0
0.0111731843575419,,,,,,0
0.0119712689545092,,,,,,0
0.0127693535514765,,,,,,0
0.0135674381484437,,,,,,0
0.014365522745411,,,,,,0
0.0151636073423783,,,,,,0
0.0159616919393456,,,,,,0
0.0167597765363128,,,,,,0
0.0175578611332801,,,,,,0
0.0183559457302474,,,,,,0
0.0191540303272147,,,,,,0
0.019952114924182,,,,,,0
0.0207501995211492,,,,,,0
0.0215482841181165,,,,,,0
0.0223463687150838,,,,,,0
0.0231444533120511,,,,,,0
0.0239425379090184,,,,,,0
0.0247406225059856,,,,,,0
0.0255387071029529,,,,,,0
0.0263367916999202,,,,,,0
0.0271348762968875,,,,,,0
0.0279329608938547,,,,,,0
0.028731045490822,,,,,,0
0.0295291300877893,,,,,,0
0.0303272146847566,,,,,,0
0.0311252992817239,,,,,,0
0.0319233838786911,,,,,,0
0.0327214684756584,,,,,,0
0.0335195530726257,,,,,,0
0.034317637669593,,,,,,0
0.0351157222665603,,,,,,0
0.0359138068635275,,,,,,0
0.0367118914604948,,,,,,0
0.0375099760574621,,,,,,0
0.0383080606544294,,,,,,0
0.0391061452513966,,,,,,0
0.0399042298483639,,,,,,0
0.0407023144453312,,,,,,0
0.0415003990422985,,,,,,0
0.0422984836392658,,,,,,0
0.043096568236233,,,,,,0
0.0438946528332003,,,,,,0
0.0446927374301676,,,,,,0
0.0454908220271349,,,,,,0
0.0462889066241022,,,,,,0
0.0470869912210694,,,,,,0
0.0478850758180367,,,,,,0
0.048683160415004,,,,,,0
0.0494812450119713,,,,,,0
0.0502793296089385,,,,,,0
0.0510774142059058,,,,,,0
0.0518754988028731,,,,,,0
0.0526735833998404,,,,,,0
0.0534716679968077,,,,,,0
0.0542697525937749,,,,,,0
0.0550678371907422,,,,,,0
0.0558659217877095,,,,,,0
0.0566640063846768,,,,,,0
0.0574620909816441,,,,,,0
0.0582601755786113,,,,,,0
0.0590582601755786,,,,,,0
0.0598563447725459,,,,,,0
0.0606544293695132,,,,,,0
0.0614525139664804,,,,,,0
0.0622505985634477,,,,,,0
0.063048683160415,,,,,,0
0.0638467677573823,,,,,,0
0.0646448523543496,,,,,,0
0.0654429369513168,,,,,,0
0.0662410215482841,,,,,,0
0.0670391061452514,,,,,,0
0.0678371907422187,,,,,,0
0.068635275339186,,,,,,0
0.0694333599361532,,,,,,0
0.0702314445331205,,,,,,0
0.0710295291300878,,,,,,0
0.0718276137270551,,,,,,0
0.0726256983240224,,,,,,0
0.0734237829209896,,,,,,0
0.0742218675179569,,,,,,0
0.0750199521149242,,,,,,0
0.0758180367118915,,,,,,0
0.0766161213088587,,,,,,0
0.077414205905826,,,,,,0
0.0782122905027933,,,,,,0
0.0790103750997606,,,,,,0
0.0798084596967279,,,,,,0
0.0806065442936951,,,,,,0
0.0814046288906624,,,,,,0
0.0822027134876297,,,,,,0
0.083000798084597,,,,,,0
0.0837988826815642,,,,,,0
0.0845969672785315,,,,,,0
0.0853950518754988,,,,,,0
0.0861931364724661,,,,,,0
0.0869912210694334,,,,,,0
0.0877893056664006,,,,,,0
0.0885873902633679,,,,,,0
0.0893854748603352,,,,,,0
0.0901835594573025,,,,,,0
0.0909816440542698,,,,,,0
0.091779728651237,,,,,,0
0.0925778132482043,,,,,,0
0.0933758978451716,,,,,,0
0.0941739824421389,,,,,,0
0.0949720670391061,,,,,,0
0.0957701516360734,,,,,,0
0.0965682362330407,,,,,,0
0.097366320830008,,,,,,0
0.0981644054269753,,,,,,0
0.0989624900239425,,,,,,0
0.0997605746209098,,,,,,0
0.100558659217877,,,,,,0
0.101356743814844,,,,,,0
0.102154828411812,,,,,,0
0.102952913008779,,,,,,0
0.103750997605746,,,,,,0
0.104549082202713,,,,,,0
0.105347166799681,,,,,,0
0.106145251396648,,,,,,0
0.106943335993615,,,,,,0
0.107741420590583,,,,,,0
0.10853950518755,,,,,,0
0.109337589784517,,,,,,0
0.110135674381484,,,,,,0
0.110933758978452,,,,,,0
0.111731843575419,,,,,,0
0.112529928172386,,,,,,0
0.113328012769354,,,,,,0
0.114126097366321,,,,,,0
0.114924181963288,,,,,,0
0.115722266560255,,,,,,0
0.116520351157223,,,,,,0
0.11731843575419,,,,,,0
0.118116520351157,,,,,,0
0.118914604948125,,,,,,0
0.119712689545092,,,,,,0
0.120510774142059,,,,,,0
0.121308858739026,,,,,,0
0.122106943335994,,,,,,0
0.122905027932961,,,,,,0
0.123703112529928,,,,,,0
0.124501197126895,,,,,,0
0.125299281723863,,,,,,0
0.12609736632083,,,,,,0
0.126895450917797,,,,,,0
0.127693535514765,,,,,,0
0.128491620111732,,,,,,0
0.129289704708699,,,,,,0
0.130087789305666,,,,,,0
0.130885873902634,,,,,,0
0.131683958499601,,,,,,0
0.132482043096568,,,,,,0
0.133280127693536,,,,,,0
0.134078212290503,,,,,,0
0.13487629688747,,,,,,0
0.135674381484437,,,,,,0
0.136472466081405,,,,,,0
0.137270550678372,,,,,,0
0.138068635275339,,,,,,0
0.138866719872306,,,,,,0
0.139664804469274,,,,,,0
0.140462889066241,,,,,,0
0.141260973663208,,,,,,0
0.142059058260176,,,,,,0
0.142857142857143,,,,,,0
0.14365522745411,,,,,,0
0.144453312051077,,,,,,0
0.145251396648045,,,,,,0
0.146049481245012,,,,,,0
0.146847565841979,,,,,,0
0.147645650438947,,,,,,0
0.148443735035914,,,,,,0
0.149241819632881,,,,,,0
0.150039904229848,,,,,,0
0.150837988826816,,,,,,0
0.151636073423783,,,,,,0
0.15243415802075,,,,,,0
0.153232242617717,,,,,,0
0.154030327214685,,,,,,0
0.154828411811652,,,,,,0
0.155626496408619,,,,,,0
0.156424581005587,,,,,,0
0.157222665602554,,,,,,0
0.158020750199521,,,,,,0
0.158818834796488,,,,,,0
0.159616919393456,,,,,,0
0.160415003990423,,,,,,0
0.16121308858739,,,,,,0
0.162011173184358,,,,,,0
0.162809257781325,,,,,,0
0.163607342378292,,,,,,0
0.164405426975259,,,,,,0
0.165203511572227,,,,,,0
0.166001596169194,,,,,,0
0.166799680766161,,,,,,0
0.167597765363128,,,,,,0
0.168395849960096,,,,,,0
0.169193934557063,,,,,,0
0.16999201915403,,,,,,0
0.170790103750998,,,,,,0
0.171588188347965,,,,,,0
0.172386272944932,,,,,,0
0.173184357541899,,,,,,0
0.173982442138867,,,,,,0
0.174780526735834,,,,,,0
0.175578611332801,,,,,,0
0.176376695929769,,,,,,0
0.177174780526736,,,,,,0
0.177972865123703,,,,,,0
0.17877094972067,,,,,,0
0.179569034317638,,,,,,0
0.180367118914605,,,,,,0
0.181165203511572,,,,,,0
0.18196328810854,,,,,,0
0.182761372705507,,,,,,0
0.183559457302474,,,,,,0
0.184357541899441,,,,,,0
0.185155626496409,,,,,,0
0.185953711093376,,,,,,0
0.186751795690343,,,,,,0
0.18754988028731,,,,,,0
0.188347964884278,,,,,,0
0.189146049481245,,,,,,0
0.189944134078212,,,,,,0
0.19074221867518,,,,,,0
0.191540303272147,,,,,,0
0.192338387869114,,,,,,0
0.193136472466081,,,,,,0
0.193934557063049,,,,,,0
0.194732641660016,,,,,,0
0.195530726256983,,,,,,0
0.196328810853951,,,,,,0
0.197126895450918,,,,,,0
0.197924980047885,,,,,,0
0.198723064644852,,,,,,0
0.19952114924182,,,,,,0
0.200319233838787,,,,,,0
0.201117318435754,,,,,,0
0.201915403032721,,,,,,0
0.202713487629689,,,,,,0
0.203511572226656,,,,,,0
0.204309656823623,,,,,,0
0.205107741420591,,,,,,0
0.205905826017558,,,,,,0
0.206703910614525,,,,,,0
0.207501995211492,,,,,,0
0.20830007980846,,,,,,0
0.209098164405427,,,,,,0
0.209600000000004,0,0,0.0306646990038646,-0.0306646990038646,,
0.209600000000008,0,0,0.0306646990038646,-0.0306646990038646,,
0.209600000000012,0,0,0.0306646990038646,-0.0306646990038646,,
0.209600000000016,0,0,0.0306646990038646,-0.0306646990038646,,
0.20960000000002,0,0,0.0306646990038646,-0.0306646990038646,,
0.209600000000024,0,0,0.0306646990038646,-0.0306646990038646,,
0.209600000000028,0,0,0.0306646990038646,-0.0306646990038646,,
0.209600000000032,0,0,0.0306646990038646,-0.0306646990038646,,
0.209600000000036,0,0,0.0306646990038646,-0.0306646990038646,,
0.20960000000004,0,0,0.0306646990038646,-0.0306646990038646,,
0.209600000000044,0,0,0.0306646990038646,-0.0306646990038646,,
0.209600000000048,0,0,0.0306646990038646,-0.0306646990038646,,
0.209600000000052,0,0,0.0306646990038646,-0.0306646990038646,,
0.209600000000056,0,0,0.0306646990038646,-0.0306646990038646,,
0.20960000000006,0,0,0.0306646990038646,-0.0306646990038646,,
0.209600000000064,0,0,0.0306646990038646,-0.0306646990038646,,
0.209600000000068,0,0,0.0306646990038646,-0.0306646990038646,,
0.209600000000072,0,0,0.0306646990038646,-0.0306646990038646,,
0.209600000000076,0,0,0.0306646990038646,-0.0306646990038646,,
0.20960000000008,0,0,0.0306646990038646,-0.0306646990038646,,
0.209600000000084,0,0,0.0306646990038646,-0.0306646990038646,,
0.209600000000088,0,0,0.0306646990038646,-0.0306646990038646,,
0.209600000000092,0,0,0.0306646990038646,-0.0306646990038646,,
0.209600000000096,0,0,0.0306646990038646,-0.0306646990038646,,
0.2096000000001,0,0,0.0306646990038646,-0.0306646990038646,,
0.209600000000104,0,0,0.0306646990038646,-0.0306646990038646,,
0.209600000000108,0,0,0.0306646990038646,-0.0306646990038646,,
0.209600000000112,0,0,0.0306646990038646,-0.0306646990038646,,
0.209600000000116,0,0,0.0306646990038646,-0.0306646990038646,,
0.20960000000012,0,0,0.0306646990038646,-0.0306646990038646,,
0.209600000000124,0,0,0.0306646990038646,-0.0306646990038646,,
0.209600000000128,0,0,0.0306646990038646,-0.0306646990038646,,
0.209600000000132,0,0,0.0306646990038646,-0.0306646990038646,,
0.209600000000136,0,0,0.0306646990038646,-0.0306646990038646,,
0.20960000000014,0,0,0.0306646990038646,-0.0306646990038646,,
0.209600000000144,0,0,0.0306646990038646,-0.0306646990038646,,
0.209600000000148,0,0,0.0306646990038646,-0.0306646990038646,,
0.209600000000152,0,0,0.0306646990038646,-0.0306646990038646,,
0.209600000000156,0,0,0.0306646990038646,-0.0306646990038646,,
0.20960000000016,0,0,0.0306646990038646,-0.0306646990038646,,
0.209600000000164,0,0,0.0306646990038646,-0.0306646990038646,,
0.209600000000168,0,0,0.0306646990038646,-0.0306646990038646,,
0.209600000000172,0,0,0.0306646990038646,-0.0306646990038646,,
0.209600000000176,0,0,0.0306646990038646,-0.0306646990038646,,
0.20960000000018,0,0,0.0306646990038646,-0.0306646990038646,,
0.209600000000184,0,0,0.0306646990038646,-0.0306646990038646,,
0.209600000000188,0,0,0.0306646990038646,-0.0306646990038646,,
0.209600000000192,0,0,0.0306646990038646,-0.0306646990038646,,
0.209600000000196,0,0,0.0306646990038646,-0.0306646990038646,,
0.2096000000002,0,0,0.0306646990038646,-0.0306646990038646,,
0.209600000000204,0,0,0.0306646990038646,-0.0306646990038646,,
0.209600000000208,0,0,0.0306646990038646,-0.0306646990038646,,
0.209600000000212,0,0,0.0306646990038646,-0.0306646990038646,,
0.209600000000216,0,0,0.0306646990038646,-0.0306646990038646,,
0.20960000000022,0,0,0.0306646990038646,-0.0306646990038646,,
0.209600000000224,0,0,0.0306646990038646,-0.0306646990038646,,
0.209600000000228,0,0,0.0306646990038646,-0.0306646990038646,,
0.209600000000232,0,0,0.0306646990038646,-0.0306646990038646,,
0.209600000000236,0,0,0.0306646990038646,-0.0306646990038646,,
0.20960000000024,0,0,0.0306646990038646,-0.0306646990038646,,
0.209600000000244,0,0,0.0306646990038646,-0.0306646990038646,,
0.209600000000248,0,0,0.0306646990038646,-0.0306646990038646,,
0.209600000000252,0,0,0.0306646990038646,-0.0306646990038646,,
0.209600000000256,0,0,0.0306646990038646,-0.0306646990038646,,
0.20960000000026,0,0,0.0306646990038646,-0.0306646990038646,,
0.209600000000264,0,0,0.0306646990038646,-0.0306646990038646,,
0.209600000000268,0,0,0.0306646990038646,-0.0306646990038646,,
0.209600000000272,0,0,0.0306646990038646,-0.0306646990038646,,
0.209600000000276,0,0,0.0306646990038646,-0.0306646990038646,,
0.20960000000028,0,0,0.0306646990038646,-0.0306646990038646,,
0.209600000000284,0,0,0.0306646990038646,-0.0306646990038646,,
0.209600000000288,0,0,0.0306646990038646,-0.0306646990038646,,
0.209600000000292,0,0,0.0306646990038646,-0.0306646990038646,,
0.209600000000296,0,0,0.0306646990038646,-0.0306646990038646,,
0.2096000000003,0,0,0.0306646990038646,-0.0306646990038646,,
0.209600000000304,0,0,0.0306646990038646,-0.0306646990038646,,
0.209600000000308,0,0,0.0306646990038646,-0.0306646990038646,,
0.209600000000312,0,0,0.0306646990038646,-0.0306646990038646,,
0.209600000000316,0,0,0.0306646990038646,-0.0306646990038646,,
0.20960000000032,0,0,0.0306646990038646,-0.0306646990038646,,
0.209600000000324,0,0,0.0306646990038646,-0.0306646990038646,,
0.209600000000328,0,0,0.0306646990038646,-0.0306646990038646,,
0.209600000000332,0,0,0.0306646990038646,-0.0306646990038646,,
0.209600000000336,0,0,0.0306646990038646,-0.0306646990038646,,
0.20960000000034,0,0,0.0306646990038646,-0.0306646990038646,,
0.209600000000344,0,0,0.0306646990038646,-0.0306646990038646,,
0.209600000000348,0,0,0.0306646990038646,-0.0306646990038646,,
0.209600000000352,0,0,0.0306646990038646,-0.0306646990038646,,
0.209600000000356,0,0,0.0306646990038646,-0.0306646990038646,,
0.20960000000036,0,0,0.0306646990038646,-0.0306646990038646,,
0.209600000000364,0,0,0.0306646990038646,-0.0306646990038646,,
0.209600000000368,0,0,0.0306646990038646,-0.0306646990038646,,
0.209600000000372,0,0,0.0306646990038646,-0.0306646990038646,,
0.209600000000376,0,0,0.0306646990038646,-0.0306646990038646,,
0.20960000000038,0,0,0.0306646990038646,-0.0306646990038646,,
0.209600000000384,0,0,0.0306646990038646,-0.0306646990038646,,
0.209600000000388,0,0,0.0306646990038646,-0.0306646990038646,,
0.209600000000392,0,0,0.0306646990038646,-0.0306646990038646,,
0.209600000000396,0,0,0.0306646990038646,-0.0306646990038646,,
0.2096000000004,0,0,0.0306646990038646,-0.0306646990038646,,
0.209600000000404,0,0,0.0306646990038646,-0.0306646990038646,,
0.209600000000408,0,0,0.0306646990038646,-0.0306646990038646,,
0.209600000000412,0,0,0.0306646990038646,-0.0306646990038646,,
0.209600000000416,0,0,0.0306646990038646,-0.0306646990038646,,
0.20960000000042,0,0,0.0306646990038646,-0.0306646990038646,,
0.209600000000424,0,0,0.0306646990038646,-0.0306646990038646,,
0.209600000000428,0,0,0.0306646990038646,-0.0306646990038646,,
0.209600000000432,0,0,0.0306646990038646,-0.0306646990038646,,
0.209600000000436,0,0,0.0306646990038646,-0.0306646990038646,,
0.20960000000044,0,0,0.0306646990038646,-0.0306646990038646,,
0.209600000000444,0,0,0.0306646990038646,-0.0306646990038646,,
0.209600000000448,0,0,0.0306646990038646,-0.0306646990038646,,
0.209600000000452,0,0,0.0306646990038646,-0.0306646990038646,,
0.209600000000456,0,0,0.0306646990038646,-0.0306646990038646,,
0.20960000000046,0,0,0.0306646990038646,-0.0306646990038646,,
0.209600000000464,0,0,0.0306646990038646,-0.0306646990038646,,
0.209600000000468,0,0,0.0306646990038646,-0.0306646990038646,,
0.209600000000472,0,0,0.0306646990038646,-0.0306646990038646,,
0.209600000000476,0,0,0.0306646990038646,-0.0306646990038646,,
0.20960000000048,0,0,0.0306646990038646,-0.0306646990038646,,
0.209600000000484,0,0,0.0306646990038646,-0.0306646990038646,,
0.209600000000488,0,0,0.0306646990038646,-0.0306646990038646,,
0.209600000000492,0,0,0.0306646990038646,-0.0306646990038646,,
0.209600000000496,0,0,0.0306646990038646,-0.0306646990038646,,
0.2096000000005,0,0,0.0306646990038646,-0.0306646990038646,,
0.209600000000504,0,0,0.0306646990038646,-0.0306646990038646,,
0.209600000000508,0,0,0.0306646990038646,-0.0306646990038646,,
0.209600000000512,0,0,0.0306646990038646,-0.0306646990038646,,
0.209600000000516,0,0,0.0306646990038646,-0.0306646990038646,,
0.20960000000052,0,0,0.0306646990038646,-0.0306646990038646,,
0.209600000000524,0,0,0.0306646990038646,-0.0306646990038646,,
0.209600000000528,0,0,0.0306646990038646,-0.0306646990038646,,
0.209600000000532,0,0,0.0306646990038646,-0.0306646990038646,,
0.209600000000536,0,0,0.0306646990038646,-0.0306646990038646,,
0.20960000000054,0,0,0.0306646990038646,-0.0306646990038646,,
0.209600000000544,0,0,0.0306646990038646,-0.0306646990038646,,
0.209600000000548,0,0,0.0306646990038646,-0.0306646990038646,,
0.209600000000552,0,0,0.0306646990038646,-0.0306646990038646,,
0.209600000000556,0,0,0.0306646990038646,-0.0306646990038646,,
0.20960000000056,0,0,0.0306646990038646,-0.0306646990038646,,
0.209600000000564,0,0,0.0306646990038646,-0.0306646990038646,,
0.209600000000568,0,0,0.0306646990038646,-0.0306646990038646,,
0.209600000000572,0,0,0.0306646990038646,-0.0306646990038646,,
0.209600000000576,0,0,0.0306646990038646,-0.0306646990038646,,
0.20960000000058,0,0,0.0306646990038646,-0.0306646990038646,,
0.209600000000584,0,0,0.0306646990038646,-0.0306646990038646,,
0.209600000000588,0,0,0.0306646990038646,-0.0306646990038646,,
0.209600000000592,0,0,0.0306646990038646,-0.0306646990038646,,
0.209600000000596,0,0,0.0306646990038646,-0.0306646990038646,,
0.2096000000006,0,0,0.0306646990038646,-0.0306646990038646,,
0.209600000000604,0,0,0.0306646990038646,-0.0306646990038646,,
0.209600000000608,0,0,0.0306646990038646,-0.0306646990038646,,
0.209600000000612,0,0,0.0306646990038646,-0.0306646990038646,,
0.209600000000616,0,0,0.0306646990038646,-0.0306646990038646,,
0.20960000000062,0,0,0.0306646990038646,-0.0306646990038646,,
0.209600000000624,0,0,0.0306646990038646,-0.0306646990038646,,
0.209600000000628,0,0,0.0306646990038646,-0.0306646990038646,,
0.209600000000632,0,0,0.0306646990038646,-0.0306646990038646,,
0.209600000000636,0,0,0.0306646990038646,-0.0306646990038646,,
0.209600000000639,0,0,0.0306646990038646,-0.0306646990038646,,
0.209600000000643,0,0,0.0306646990038646,-0.0306646990038646,,
0.209600000000647,0,0,0.0306646990038646,-0.0306646990038646,,
0.209600000000651,0,0,0.0306646990038646,-0.0306646990038646,,
0.209600000000655,0,0,0.0306646990038646,-0.0306646990038646,,
0.209600000000659,0,0,0.0306646990038646,-0.0306646990038646,,
0.209600000000663,0,0,0.0306646990038646,-0.0306646990038646,,
0.209600000000667,0,0,0.0306646990038646,-0.0306646990038646,,
0.209600000000671,0,0,0.0306646990038646,-0.0306646990038646,,
0.209600000000675,0,0,0.0306646990038646,-0.0306646990038646,,
0.209600000000679,0,0,0.0306646990038646,-0.0306646990038646,,
0.209600000000683,0,0,0.0306646990038646,-0.0306646990038646,,
0.209600000000687,0,0,0.0306646990038646,-0.0306646990038646,,
0.209600000000691,0,0,0.0306646990038646,-0.0306646990038646,,
0.209600000000695,0,0,0.0306646990038646,-0.0306646990038646,,
0.209600000000699,0,0,0.0306646990038646,-0.0306646990038646,,
0.209600000000703,0,0,0.0306646990038646,-0.0306646990038646,,
0.209600000000707,0,0,0.0306646990038646,-0.0306646990038646,,
0.209600000000711,0,0,0.0306646990038646,-0.0306646990038646,,
0.209600000000715,0,0,0.0306646990038646,-0.0306646990038646,,
0.209600000000719,0,0,0.0306646990038646,-0.0306646990038646,,
0.209600000000723,0,0,0.0306646990038646,-0.0306646990038646,,
0.209600000000727,0,0,0.0306646990038646,-0.0306646990038646,,
0.209600000000731,0,0,0.0306646990038646,-0.0306646990038646,,
0.209600000000735,0,0,0.0306646990038646,-0.0306646990038646,,
0.209600000000739,0,0,0.0306646990038646,-0.0306646990038646,,
0.209600000000743,0,0,0.0306646990038646,-0.0306646990038646,,
0.209600000000747,0,0,0.0306646990038646,-0.0306646990038646,,
0.209600000000751,0,0,0.0306646990038646,-0.0306646990038646,,
0.209600000000755,0,0,0.0306646990038646,-0.0306646990038646,,
0.209600000000759,0,0,0.0306646990038646,-0.0306646990038646,,
0.209600000000763,0,0,0.0306646990038646,-0.0306646990038646,,
0.209600000000767,0,0,0.0306646990038646,-0.0306646990038646,,
0.209600000000771,0,0,0.0306646990038646,-0.0306646990038646,,
0.209600000000775,0,0,0.0306646990038646,-0.0306646990038646,,
0.209600000000779,0,0,0.0306646990038646,-0.0306646990038646,,
0.209600000000783,0,0,0.0306646990038646,-0.0306646990038646,,
0.209600000000787,0,0,0.0306646990038646,-0.0306646990038646,,
0.209600000000791,0,0,0.0306646990038646,-0.0306646990038646,,
0.209600000000795,0,0,0.0306646990038646,-0.0306646990038646,,
0.209600000000799,0,0,0.0306646990038646,-0.0306646990038646,,
0.209600000000803,0,0,0.0306646990038646,-0.0306646990038646,,
0.209600000000807,0,0,0.0306646990038646,-0.0306646990038646,,
0.209600000000811,0,0,0.0306646990038646,-0.0306646990038646,,
0.209600000000815,0,0,0.0306646990038646,-0.0306646990038646,,
0.209600000000819,0,0,0.0306646990038646,-0.0306646990038646,,
0.209600000000823,0,0,0.0306646990038646,-0.0306646990038646,,
0.209600000000827,0,0,0.0306646990038646,-0.0306646990038646,,
0.209600000000831,0,0,0.0306646990038646,-0.0306646990038646,,
0.209600000000835,0,0,0.0306646990038646,-0.0306646990038646,,
0.209600000000839,0,0,0.0306646990038646,-0.0306646990038646,,
0.209600000000843,0,0,0.0306646990038646,-0.0306646990038646,,
0.209600000000847,0,0,0.0306646990038646,-0.0306646990038646,,
0.209600000000851,0,0,0.0306646990038646,-0.0306646990038646,,
0.209600000000855,0,0,0.0306646990038646,-0.0306646990038646,,
0.209600000000859,0,0,0.0306646990038646,-0.0306646990038646,,
0.209600000000863,0,0,0.0306646990038646,-0.0306646990038646,,
0.209600000000867,0,0,0.0306646990038646,-0.0306646990038646,,
0.209600000000871,0,0,0.0306646990038646,-0.0306646990038646,,
0.209600000000875,0,0,0.0306646990038646,-0.0306646990038646,,
0.209600000000879,0,0,0.0306646990038646,-0.0306646990038646,,
0.209600000000883,0,0,0.0306646990038646,-0.0306646990038646,,
0.209600000000887,0,0,0.0306646990038646,-0.0306646990038646,,
0.209600000000891,0,0,0.0306646990038646,-0.0306646990038646,,
0.209600000000895,0,0,0.0306646990038646,-0.0306646990038646,,
0.209600000000899,0,0,0.0306646990038646,-0.0306646990038646,,
0.209600000000903,0,0,0.0306646990038646,-0.0306646990038646,,
0.209600000000907,0,0,0.0306646990038646,-0.0306646990038646,,
0.209600000000911,0,0,0.0306646990038646,-0.0306646990038646,,
0.209600000000915,0,0,0.0306646990038646,-0.0306646990038646,,
0.209600000000919,0,0,0.0306646990038646,-0.0306646990038646,,
0.209600000000923,0,0,0.0306646990038646,-0.0306646990038646,,
0.209600000000927,0,0,0.0306646990038646,-0.0306646990038646,,
0.209600000000931,0,0,0.0306646990038646,-0.0306646990038646,,
0.209600000000935,0,0,0.0306646990038646,-0.0306646990038646,,
0.209600000000939,0,0,0.0306646990038646,-0.0306646990038646,,
0.209600000000943,0,0,0.0306646990038646,-0.0306646990038646,,
0.209600000000947,0,0,0.0306646990038646,-0.0306646990038646,,
0.209600000000951,0,0,0.0306646990038646,-0.0306646990038646,,
0.209600000000955,0,0,0.0306646990038646,-0.0306646990038646,,
0.209600000000959,0,0,0.0306646990038646,-0.0306646990038646,,
0.209600000000963,0,0,0.0306646990038646,-0.0306646990038646,,
0.209600000000967,0,0,0.0306646990038646,-0.0306646990038646,,
0.209600000000971,0,0,0.0306646990038646,-0.0306646990038646,,
0.209600000000975,0,0,0.0306646990038646,-0.0306646990038646,,
0.209600000000979,0,0,0.0306646990038646,-0.0306646990038646,,
0.209600000000983,0,0,0.0306646990038646,-0.0306646990038646,,
0.209600000000987,0,0,0.0306646990038646,-0.0306646990038646,,
0.209600000000991,0,0,0.0306646990038646,-0.0306646990038646,,
0.209600000000995,0,0,0.0306646990038646,-0.0306646990038646,,
0.209600000000999,0,0,0.0306646990038646,-0.0306646990038646,,
0.209600000001003,0,0,0.0306646990038646,-0.0306646990038646,,
0.209600000001007,0,0,0.0306646990038646,-0.0306646990038646,,
0.209600000001011,0,0,0.0306646990038646,-0.0306646990038646,,
0.209600000001015,0,0,0.0306646990038646,-0.0306646990038646,,
0.209600000001019,0,0,0.0306646990038646,-0.0306646990038646,,
0.209600000001023,0,0,0.0306646990038646,-0.0306646990038646,,
0.209600000001027,0,0,0.0306646990038646,-0.0306646990038646,,
0.209600000001031,0,0,0.0306646990038646,-0.0306646990038646,,
0.209600000001035,0,0,0.0306646990038646,-0.0306646990038646,,
0.209600000001039,0,0,0.0306646990038646,-0.0306646990038646,,
0.2104,0,0,0.00408862653384862,-0.00408862653384862,0,
0.209896249002394,,,,,,0
0.2112,0,0,0.00408862653384862,-0.00408862653384862,0,
0.210694333599362,,,,,,0
0.212,0,0,0.00408862653384862,-0.00408862653384862,0,
0.211492418196329,,,,,,0
0.2128,0,0,0.00408862653384862,-0.00408862653384862,0,
0.212290502793296,,,,,,0
0.2136,0,0,0.00408862653384862,-0.00408862653384862,0,
0.213088587390263,,,,,,0
0.2144,0,0,0.00408862653384862,-0.00408862653384862,0,
0.213886671987231,,,,,,0
0.2152,0,0,0.00408862653384862,-0.00408862653384862,0,
0.214684756584198,,,,,,0
0.216,0,0,0.00408862653384862,-0.00408862653384862,0,
0.215482841181165,,,,,,0
0.2168,0,0,0.00408862653384862,-0.00408862653384862,0,
0.216280925778132,,,,,,0
0.2176,0,0,0.00408862653384862,-0.00408862653384862,0,
0.2170790103751,,,,,,0
0.2184,0,0,0.00408862653384862,-0.00408862653384862,0,
0.217877094972067,,,,,,0
0.2192,0,0,0.00408862653384862,-0.00408862653384862,0,
0.218675179569034,,,,,,0
0.22,0,0,0.00408862653384862,-0.00408862653384862,0,
0.219473264166002,,,,,,0
0.2208,0,0,0.00408862653384862,-0.00408862653384862,0,
0.220271348762969,,,,,,0
0.2216,0,0,0.00408862653384862,-0.00408862653384862,0,
0.221069433359936,,,,,,0
0.2224,0,0,0.00408862653384862,-0.00408862653384862,0,
0.221867517956903,,,,,,0
0.2232,0,0,0.00408862653384862,-0.00408862653384862,0,
0.222665602553871,,,,,,0
0.224,0,0,0.00408862653384862,-0.00408862653384862,0,
0.223463687150838,,,,,,0
0.2248,0,0,0.00408862653384862,-0.00408862653384862,0,
0.224261771747805,,,,,,0
0.2256,0,0,0.00408862653384862,-0.00408862653384862,0,
0.225059856344773,,,,,,0
0.2264,0,0,0.00408862653384862,-0.00408862653384862,0,
0.22585794094174,,,,,,0
0.2272,0,0,0.00408862653384862,-0.00408862653384862,0,
0.226656025538707,,,,,,0
0.228,0,0,0.00408862653384862,-0.00408862653384862,0,
0.227454110135674,,,,,,0
0.2288,0,0,0.00408862653384862,-0.00408862653384862,0,
0.228252194732642,,,,,,0
0.2296,0,0,0.00408862653384862,-0.00408862653384862,0,
0.229050279329609,,,,,,0
0.2304,0,0,0.00408862653384862,-0.00408862653384862,0,
0.229848363926576,,,,,,0
0.2312,0,0,0.00408862653384862,-0.00408862653384862,0,
0.230646448523543,,,,,,0
0.232,0,0,0.00408862653384862,-0.00408862653384862,0,
0.231444533120511,,,,,,0
0.2328,0,0,0.00408862653384862,-0.00408862653384862,0,
0.232242617717478,,,,,,0
0.2336,0,0,0.00408862653384862,-0.00408862653384862,0,
0.233040702314445,,,,,,0
0.2344,0,0,0.00408862653384862,-0.00408862653384862,0,
0.233838786911413,,,,,,0
0.2352,0,0,0.00408862653384862,-0.00408862653384862,0,
0.23463687150838,,,,,,0
0.236,0,0,0.00408862653384862,-0.00408862653384862,0,
0.235434956105347,,,,,,0
0.2368,0,0,0.00408862653384862,-0.00408862653384862,0,
0.236233040702314,,,,,,0
0.2376,0,0,0.00408862653384862,-0.00408862653384862,0,
0.237031125299282,,,,,,0
0.2384,0,0,0.00408862653384862,-0.00408862653384862,0,
0.237829209896249,,,,,,0
0.2392,0,0,0.00408862653384862,-0.00408862653384862,0,
0.238627294493216,,,,,,0
0.24,0,0,0.00408862653384862,-0.00408862653384862,0,
0.239425379090184,,,,,,0
0.2408,0,0,0.00408862653384862,-0.00408862653384862,0,
0.240223463687151,,,,,,0
0.2416,0,0,0.00408862653384862,-0.00408862653384862,0,
0.241021548284118,,,,,,0
0.2424,0,0,0.00408862653384862,-0.00408862653384862,0,
0.241819632881085,,,,,,0
0.2432,0,0,0.00408862653384862,-0.00408862653384862,0,
0.242617717478053,,,,,,0
0.244,0,0,0.00408862653384862,-0.00408862653384862,0,
0.24341580207502,,,,,,0
0.2448,0,0,0.00408862653384862,-0.00408862653384862,0,
0.244213886671987,,,,,,0
0.2456,0,0,0.00408862653384862,-0.00408862653384862,0,
0.245011971268955,,,,,,0
0.2464,0,0,0.00408862653384862,-0.00408862653384862,0,
0.245810055865922,,,,,,0
0.2472,0,0,0.00408862653384862,-0.00408862653384862,0,
0.246608140462889,,,,,,0
0.248,0,0,0.00408862653384862,-0.00408862653384862,0,
0.247406225059856,,,,,,0
0.2488,0,0,0.00408862653384862,-0.00408862653384862,0,
0.248204309656824,,,,,,0
0.2496,0,0,0.00408862653384862,-0.00408862653384862,0,
0.249002394253791,,,,,,0
0.2504,0,0,0.00408862653384862,-0.00408862653384862,0,
0.249800478850758,,,,,,0
0.2512,0,0,0.00408862653384862,-0.00408862653384862,0,
0.250598563447725,,,,,,0
0.252,0,0,0.00408862653384862,-0.00408862653384862,0,
0.251396648044693,,,,,,0
0.2528,0,0,0.00408862653384862,-0.00408862653384862,0,
0.25219473264166,,,,,,0
0.2536,0,0,0.00408862653384862,-0.00408862653384862,0,
0.252992817238627,,,,,,0
0.2544,0,0,0.00408862653384862,-0.00408862653384862,0,
0.253790901835595,,,,,,0
0.2552,0,0,0.00408862653384862,-0.00408862653384862,0,
0.254588986432562,,,,,,0
0.256,0,0,0.00408862653384862,-0.00408862653384862,0,
0.255387071029529,,,,,,0
0.2568,0,0,0.00408862653384862,-0.00408862653384862,0,
0.256185155626496,,,,,,0
0.2576,0,0,0.00408862653384862,-0.00408862653384862,0,
0.256983240223464,,,,,,0
0.2584,0,0,0.00408862653384862,-0.00408862653384862,0,
0.257781324820431,,,,,,0
0.2592,0,0,0.00408862653384862,-0.00408862653384862,0,
0.258579409417398,,,,,,0
0.26,0,0,0.00408862653384862,-0.00408862653384862,0,
0.259377494014365,,,,,,0
0.2608,0,0,0.00408862653384862,-0.00408862653384862,0,
0.260175578611333,,,,,,0
0.2616,0,0,0.00408862653384862,-0.00408862653384862,0,
0.2609736632083,,,,,,0
0.2624,0,0,0.00408862653384862,-0.00408862653384862,0,
0.261771747805267,,,,,,0
0.2632,0,0,0.00408862653384862,-0.00408862653384862,0,
0.262569832402235,,,,,,0
0.264,0,0,0.00408862653384862,-0.00408862653384862,0,
0.263367916999202,,,,,,0
0.2648,0,0,0.00408862653384862,-0.00408862653384862,0,
0.264166001596169,,,,,,0
0.2656,0,0,0.00408862653384862,-0.00408862653384862,0,
0.264964086193136,,,,,,0
0.2664,0,0,0.00408862653384862,-0.00408862653384862,0,
0.265762170790104,,,,,,0
0.2672,0,0,0.00408862653384862,-0.00408862653384862,0,
0.266560255387071,,,,,,0
0.268,0,0,0.00408862653384862,-0.00408862653384862,0,
0.267358339984038,,,,,,0
0.2688,0,0,0.00408862653384862,-0.00408862653384862,0,
0.268156424581006,,,,,,0
0.2696,0,0,0.00408862653384862,-0.00408862653384862,0,
0.268954509177973,,,,,,0
0.2704,0,0,0.00408862653384862,-0.00408862653384862,0,
0.26975259377494,,,,,,0
0.2712,0,0,0.00408862653384862,-0.00408862653384862,0,
0.270550678371907,,,,,,0
0.272,0,0,0.00408862653384862,-0.00408862653384862,0,
0.271348762968875,,,,,,0
0.2728,0,0,0.00408862653384862,-0.00408862653384862,0,
0.272146847565842,,,,,,0
0.2736,0,0,0.00408862653384862,-0.00408862653384862,0,
0.272944932162809,,,,,,0
0.2744,0,0,0.00408862653384862,-0.00408862653384862,0,
0.273743016759777,,,,,,0
0.2752,0,0,0.00408862653384862,-0.00408862653384862,0,
0.274541101356744,,,,,,0
0.276,0,0,0.00408862653384862,-0.00408862653384862,0,
0.275339185953711,,,,,,0
0.2768,0,0,0.00408862653384862,-0.00408862653384862,0,
0.276137270550678,,,,,,0
0.2776,0,0,0.00408862653384862,-0.00408862653384862,0,
0.276935355147646,,,,,,0
0.2784,0,0,0.00408862653384862,-0.00408862653384862,0,
0.277733439744613,,,,,,0
0.2792,0,0,0.00408862653384862,-0.00408862653384862,0,
0.27853152434158,,,,,,0
0.28,0,0,0.00408862653384862,-0.00408862653384862,0,
0.279329608938547,,,,,,0
0.2808,0,0,0.00408862653384862,-0.00408862653384862,0,
0.280127693535515,,,,,,0
0.2816,0,0,0.00408862653384862,-0.00408862653384862,0,
0.280925778132482,,,,,,0
0.2824,0,0,0.00408862653384862,-0.00408862653384862,0,
0.281723862729449,,,,,,0
0.2832,0,0,0.00408862653384862,-0.00408862653384862,0,
0.282521947326417,,,,,,0
0.284,0,0,0.00408862653384862,-0.00408862653384862,0,
0.283320031923384,,,,,,0
0.2848,0,0,0.00408862653384862,-0.00408862653384862,0,
0.284118116520351,,,,,,0
0.2856,0,0,0.00408862653384862,-0.00408862653384862,0,
0.284916201117318,,,,,,0
0.2864,0,0,0.00408862653384862,-0.00408862653384862,0,
0.285714285714286,,,,,,0
0.2872,0,0,0.00408862653384862,-0.00408862653384862,0,
0.286512370311253,,,,,,0
0.288,0,0,0.00408862653384862,-0.00408862653384862,0,
0.28731045490822,,,,,,0
0.2888,0,0,0.00408862653384862,-0.00408862653384862,0,
0.288108539505188,,,,,,0
0.2896,0,0,0.00408862653384862,-0.00408862653384862,0,
0.288906624102155,,,,,,0
0.2904,0,0,0.00408862653384862,-0.00408862653384862,0,
0.289704708699122,,,,,,0
0.2912,0,0,0.00408862653384862,-0.00408862653384862,0,
0.290502793296089,,,,,,0
0.292,0,0,0.00408862653384862,-0.00408862653384862,0,
0.291300877893057,,,,,,0
0.2928,0,0,0.00408862653384862,-0.00408862653384862,0,
0.292098962490024,,,,,,0
0.2936,0,0,0.00408862653384862,-0.00408862653384862,0,
0.292897047086991,,,,,,0
0.2944,0,0,0.00408862653384862,-0.00408862653384862,0,
0.293695131683958,,,,,,0
0.2952,0,0,0.00408862653384862,-0.00408862653384862,0,
0.294493216280926,,,,,,0
0.296,0,0,0.00408862653384862,-0.00408862653384862,0,
0.295291300877893,,,,,,0
0.2968,0,0,0.00408862653384862,-0.00408862653384862,0,
0.29608938547486,,,,,,0
0.2976,0,0,0.00408862653384862,-0.00408862653384862,0,
0.296887470071828,,,,,,0
0.2984,0,0,0.00408862653384862,-0.00408862653384862,0,
0.297685554668795,,,,,,0
0.2992,0,0,0.00408862653384862,-0.00408862653384862,0,
0.298483639265762,,,,,,0
0.3,0,0,0.00408862653384862,-0.00408862653384862,0,
0.299281723862729,,,,,,0
0.3008,0,0,0.00408862653384862,-0.00408862653384862,0,
0.300079808459697,,,,,,0
0.3016,0,0,0.00408862653384862,-0.00408862653384862,0,
0.300877893056664,,,,,,0
0.3024,0,0,0.00408862653384862,-0.00408862653384862,0,
0.301675977653631,,,,,,0
0.3032,0,0,0.00408862653384862,-0.00408862653384862,0,
0.302474062250599,,,,,,0
0.304,0,0,0.00408862653384862,-0.00408862653384862,0,
0.303272146847566,,,,,,0
0.3048,0,0,0.00408862653384862,-0.00408862653384862,0,
0.304070231444533,,,,,,0
0.3056,0,0,0.00408862653384862,-0.00408862653384862,0,
0.3048683160415,,,,,,0
0.3064,0,0,0.00408862653384862,-0.00408862653384862,0,
0.305666400638468,,,,,,0
0.3072,0,0,0.00408862653384862,-0.00408862653384862,0,
0.306464485235435,,,,,,0
0.308,0,0,0.00408862653384862,-0.00408862653384862,0,
0.307262569832402,,,,,,0
0.3088,0,0,0.00408862653384862,-0.00408862653384862,0,
0.30806065442937,,,,,,0
0.3096,0,0,0.00408862653384862,-0.00408862653384862,0,
0.308858739026337,,,,,,0
0.3104,0,0,0.00408862653384862,-0.00408862653384862,0,
0.309656823623304,,,,,,0
0.3112,0,0,0.00408862653384862,-0.00408862653384862,0,
0.310454908220271,,,,,,0
0.312,0,0,0.00408862653384862,-0.00408862653384862,0,
0.311252992817239,,,,,,0
0.3128,0,0,0.00408862653384862,-0.00408862653384862,0,
0.312051077414206,,,,,,0
0.3136,0,0,0.00408862653384862,-0.00408862653384862,0,
0.312849162011173,,,,,,0
0.3144,0,0,0.00408862653384862,-0.00408862653384862,0,
0.31364724660814,,,,,,0
0.3152,0,0,0.00408862653384862,-0.00408862653384862,0,
0.314445331205108,,,,,,0
0.316,0,0,0.00408862653384862,-0.00408862653384862,0,
0.315243415802075,,,,,,0
0.3168,0,0,0.00408862653384862,-0.00408862653384862,0,
0.316041500399042,,,,,,0
0.3176,0,0,0.00408862653384862,-0.00408862653384862,0,
0.31683958499601,,,,,,0
0.3184,0,0,0.00408862653384862,-0.00408862653384862,0,
0.317637669592977,,,,,,0
0.3192,0,0,0.00408862653384862,-0.00408862653384862,0,
0.318435754189944,,,,,,0
0.32,0,0,0.00408862653384862,-0.00408862653384862,0,
0.319233838786911,,,,,,0
0.3208,0,0,0.00408862653384862,-0.00408862653384862,0,
0.320031923383879,,,,,,0
0.3216,0,0,0.00408862653384862,-0.00408862653384862,0,
0.320830007980846,,,,,,0
0.3224,0,0,0.00408862653384862,-0.00408862653384862,0,
0.321628092577813,,,,,,0
0.3232,0,0,0.00408862653384862,-0.00408862653384862,0,
0.322426177174781,,,,,,0
0.324,0,0,0.00408862653384862,-0.00408862653384862,0,
0.323224261771748,,,,,,0
0.3248,0,0,0.00408862653384862,-0.00408862653384862,0,
0.324022346368715,,,,,,0
0.3256,0,0,0.00408862653384862,-0.00408862653384862,0,
0.324820430965682,,,,,,0
0.3264,0,0,0.00408862653384862,-0.00408862653384862,0,
0.32561851556265,,,,,,0
0.3272,0,0,0.00408862653384862,-0.00408862653384862,0,
0.326416600159617,,,,,,0
0.328,0,0,0.00408862653384862,-0.00408862653384862,0,
0.327214684756584,,,,,,0
0.3288,0,0,0.00408862653384862,-0.00408862653384862,0,
0.328012769353552,,,,,,0
0.3296,0,0,0.00408862653384862,-0.00408862653384862,0,
0.328810853950519,,,,,,0
0.3304,0,0,0.00408862653384862,-0.00408862653384862,0,
0.329608938547486,,,,,,0
0.3312,0,0,0.00408862653384862,-0.00408862653384862,0,
0.330407023144453,,,,,,0
0.332,0,0,0.00408862653384862,-0.00408862653384862,0,
0.331205107741421,,,,,,0
0.3328,0,0,0.00408862653384862,-0.00408862653384862,0,
0.332003192338388,,,,,,0
0.3336,0,0,0.00408862653384862,-0.00408862653384862,0,
0.332801276935355,,,,,,0
0.333599361532322,,,,,,0
0.3344,0,0,0.00408862653384862,-0.00408862653384862,0,
0.33439744612929,,,,,,0
0.3352,0,0,0.00408862653384862,-0.00408862653384862,0,
0.335195530726257,,,,,,0
0.336,0,0,0.00408862653384862,-0.00408862653384862,0,
0.335993615323224,,,,,,0
0.3368,0,0,0.00408862653384862,-0.00408862653384862,0,
0.336791699920192,,,,,,0
0.3376,0,0,0.00408862653384862,-0.00408862653384862,0,
0.337589784517159,,,,,,0
0.3384,0,0,0.00408862653384862,-0.00408862653384862,0,
0.338387869114126,,,,,,0
0.3392,0,0,0.00408862653384862,-0.00408862653384862,0,
0.339185953711093,,,,,,0
0.34,0,0,0.00408862653384862,-0.00408862653384862,0,
0.339984038308061,,,,,,0
0.3408,0,0,0.00408862653384862,-0.00408862653384862,0,
0.340782122905028,,,,,,0
0.3416,0,0,0.00408862653384862,-0.00408862653384862,0,
0.341580207501995,,,,,,0
0.3424,0,0,0.00408862653384862,-0.00408862653384862,0,
0.342378292098962,,,,,,0
0.3432,0,0,0.00408862653384862,-0.00408862653384862,0,
0.34317637669593,,,,,,0
0.344,0,0,0.00408862653384862,-0.00408862653384862,0,
0.343974461292897,,,,,,0
0.3448,0,0,0.00408862653384862,-0.00408862653384862,0,
0.344772545889864,,,,,,0
0.3456,0,0,0.00408862653384862,-0.00408862653384862,0,
0.345570630486832,,,,,,0
0.3464,0,0,0.00408862653384862,-0.00408862653384862,0,
0.346368715083799,,,,,,0
0.3472,0,0,0.00408862653384862,-0.00408862653384862,0,
0.347166799680766,,,,,,0
0.348,0,0,0.00408862653384862,-0.00408862653384862,0,
0.347964884277733,,,,,,0
0.3488,0,0,0.00408862653384862,-0.00408862653384862,0,
0.348762968874701,,,,,,0
0.3496,0,0,0.00408862653384862,-0.00408862653384862,0,
0.349561053471668,,,,,,0
0.3504,0,0,0.00408862653384862,-0.00408862653384862,0,
0.350359138068635,,,,,,0
0.3512,0,0,0.00408862653384862,-0.00408862653384862,0,
0.351157222665603,,,,,,0
0.352,0,0,0.00408862653384862,-0.00408862653384862,0,
0.35195530726257,,,,,,0
0.3528,0,0,0.00408862653384862,-0.00408862653384862,0,
0.352753391859537,,,,,,0
0.3536,0,0,0.00408862653384862,-0.00408862653384862,0,
0.353551476456504,,,,,,0
0.3544,0,0,0.00408862653384862,-0.00408862653384862,0,
0.354349561053472,,,,,,0
0.3552,0,0,0.00408862653384862,-0.00408862653384862,0,
0.355147645650439,,,,,,0
0.356,0,0,0.00408862653384862,-0.00408862653384862,0,
0.355945730247406,,,,,,0
0.3568,0,0,0.00408862653384862,-0.00408862653384862,0,
0.356743814844374,,,,,,0
0.3576,0,0,0.00408862653384862,-0.00408862653384862,0,
0.357541899441341,,,,,,0
0.3584,0,0,0.00408862653384862,-0.00408862653384862,0,
0.358339984038308,,,,,,0
0.3592,0,0,0.00408862653384862,-0.00408862653384862,0,
0.359138068635275,,,,,,0
0.36,0,0,0.00408862653384862,-0.00408862653384862,0,
0.359936153232243,,,,,,0
0.3608,0,0,0.00408862653384862,-0.00408862653384862,0,
0.36073423782921,,,,,,0
0.3616,0,0,0.00408862653384862,-0.00408862653384862,0,
0.361532322426177,,,,,,0
0.3624,0,0,0.00408862653384862,-0.00408862653384862,0,
0.362330407023144,,,,,,0
0.3632,0,0,0.00408862653384862,-0.00408862653384862,0,
0.363128491620112,,,,,,0
0.364,0,0,0.00408862653384862,-0.00408862653384862,0,
0.363926576217079,,,,,,0
0.3648,0,0,0.00408862653384862,-0.00408862653384862,0,
0.364724660814046,,,,,,0
0.3656,0,0,0.00408862653384862,-0.00408862653384862,0,
0.365522745411014,,,,,,0
0.3664,0,0,0.00408862653384862,-0.00408862653384862,0,
0.366320830007981,,,,,,0
0.3672,0,0,0.00408862653384862,-0.00408862653384862,0,
0.367118914604948,,,,,,0
0.368,0,0,0.00408862653384862,-0.00408862653384862,0,
0.367916999201915,,,,,,0
0.3688,0,0,0.00408862653384862,-0.00408862653384862,0,
0.368715083798883,,,,,,0
0.3696,0,0,0.00408862653384862,-0.00408862653384862,0,
0.36951316839585,,,,,,0
0.3704,0,0,0.00408862653384862,-0.00408862653384862,0,
0.370311252992817,,,,,,0
0.3712,0,0,0.00408862653384862,-0.00408862653384862,0,
0.371109337589785,,,,,,0
0.372,0,0,0.00408862653384862,-0.00408862653384862,0,
0.371907422186752,,,,,,0
0.3728,0,0,0.00408862653384862,-0.00408862653384862,0,
0.372705506783719,,,,,,0
0.3736,0,0,0.00408862653384862,-0.00408862653384862,0,
0.373503591380686,,,,,,0
0.3744,0,0,0.00408862653384862,-0.00408862653384862,0,
0.374301675977654,,,,,,0
0.3752,0,0,0.00408862653384862,-0.00408862653384862,0,
0.375099760574621,,,,,,0
0.376,0,0,0.00408862653384862,-0.00408862653384862,0,
0.375897845171588,,,,,,0
0.3768,0,0,0.00408862653384862,-0.00408862653384862,0,
0.376695929768555,,,,,,0
0.3776,0,0,0.00408862653384862,-0.00408862653384862,0,
0.377494014365523,,,,,,0
0.3784,0,0,0.00408862653384862,-0.00408862653384862,0,
0.37829209896249,,,,,,0
0.3792,0,0,0.00408862653384862,-0.00408862653384862,0,
0.379090183559457,,,,,,0
0.38,0,0,0.00408862653384862,-0.00408862653384862,0,
0.379888268156425,,,,,,0
0.3808,0,0,0.00408862653384862,-0.00408862653384862,0,
0.380686352753392,,,,,,0
0.3816,0,0,0.00408862653384862,-0.00408862653384862,0,
0.381484437350359,,,,,,0
0.3824,0,0,0.00408862653384862,-0.00408862653384862,0,
0.382282521947326,,,,,,0
0.3832,0,0,0.00408862653384862,-0.00408862653384862,0,
0.383080606544294,,,,,,0
0.384,0,0,0.00408862653384862,-0.00408862653384862,0,
0.383878691141261,,,,,,0
0.3848,0,0,0.00408862653384862,-0.00408862653384862,0,
0.384676775738228,,,,,,0
0.3856,0,0,0.00408862653384862,-0.00408862653384862,0,
0.385474860335196,,,,,,0
0.3864,0,0,0.00408862653384862,-0.00408862653384862,0,
0.386272944932163,,,,,,0
0.3872,0,0,0.00408862653384862,-0.00408862653384862,0,
0.38707102952913,,,,,,0
0.388,0,0,0.00408862653384862,-0.00408862653384862,0,
0.387869114126097,,,,,,0
0.3888,0,0,0.00408862653384862,-0.00408862653384862,0,
0.388667198723065,,,,,,0
0.3896,0,0,0.00408862653384862,-0.00408862653384862,0,
0.389465283320032,,,,,,0
0.3904,0,0,0.00408862653384862,-0.00408862653384862,0,
0.390263367916999,,,,,,0
0.3912,0,0,0.00408862653384862,-0.00408862653384862,0,
0.391061452513966,,,,,,0
0.392,0,0,0.00408862653384862,-0.00408862653384862,0,
0.391859537110934,,,,,,0
0.3928,0,0,0.00408862653384862,-0.00408862653384862,0,
0.392657621707901,,,,,,0
0.3936,0,0,0.00408862653384862,-0.00408862653384862,0,
0.393455706304868,,,,,,0
0.3944,0,0,0.00408862653384862,-0.00408862653384862,0,
0.394253790901836,,,,,,0
0.3952,0,0,0.00408862653384862,-0.00408862653384862,0,
0.395051875498803,,,,,,0
0.396,0,0,0.00408862653384862,-0.00408862653384862,0,
0.39584996009577,,,,,,0
0.3968,0,0,0.00408862653384862,-0.00408862653384862,0,
0.396648044692737,,,,,,0
0.3976,0,0,0.00408862653384862,-0.00408862653384862,0,
0.397446129289705,,,,,,0
0.3984,0,0,0.00408862653384862,-0.00408862653384862,0,
0.398244213886672,,,,,,0
0.3992,0,0,0.00408862653384862,-0.00408862653384862,0,
0.399042298483639,,,,,,0
0.4,0,0,0.00408862653384862,-0.00408862653384862,0,
0.399840383080607,,,,,,0
0.4008,0,0,0.00408862653384862,-0.00408862653384862,0,
0.400638467677574,,,,,,0
0.4016,0,0,0.00408862653384862,-0.00408862653384862,0,
0.401436552274541,,,,,,0
0.4024,0,0,0.00408862653384862,-0.00408862653384862,0,
0.402234636871508,,,,,,0
0.4032,0,0,0.00408862653384862,-0.00408862653384862,0,
0.403032721468476,,,,,,0
0.404,0,0,0.00408862653384862,-0.00408862653384862,0,
0.403830806065443,,,,,,0
0.4048,0,0,0.00408862653384862,-0.00408862653384862,0,
0.40462889066241,,,,,,0
0.4056,0,0,0.00408862653384862,-0.00408862653384862,0,
0.405426975259377,,,,,,0
0.4064,0,0,0.00408862653384862,-0.00408862653384862,0,
0.406225059856345,,,,,,0
0.4072,0,0,0.00408862653384862,-0.00408862653384862,0,
0.407023144453312,,,,,,0
0.408,0,0,0.00408862653384862,-0.00408862653384862,0,
0.407821229050279,,,,,,0
0.4088,0,0,0.00408862653384862,-0.00408862653384862,0,
0.408619313647247,,,,,,0
0.4096,0,0,0.00408862653384862,-0.00408862653384862,0,
0.409417398244214,,,,,,0
0.4104,0,0,0.00408862653384862,-0.00408862653384862,0,
0.410215482841181,,,,,,0
0.4112,0,0,0.00408862653384862,-0.00408862653384862,0,
0.411013567438148,,,,,,0
0.412,0,0,0.00408862653384862,-0.00408862653384862,0,
0.411811652035116,,,,,,0
0.4128,0,0,0.00408862653384862,-0.00408862653384862,0,
0.412609736632083,,,,,,0
0.4136,0,0,0.00408862653384862,-0.00408862653384862,0,
0.41340782122905,,,,,,0
0.4144,0,0,0.00408862653384862,-0.00408862653384862,0,
0.414205905826018,,,,,,0
0.4152,0,0,0.00408862653384862,-0.00408862653384862,0,
0.415003990422985,,,,,,0
0.416,0,0,0.00408862653384862,-0.00408862653384862,0,
0.415802075019952,,,,,,0
0.4168,0,0,0.00408862653384862,-0.00408862653384862,0,
0.416600159616919,,,,,,0
0.4176,0,0,0.00408862653384862,-0.00408862653384862,0,
0.417398244213887,,,,,,0
0.4184,0,0,0.00408862653384862,-0.00408862653384862,0,
0.418196328810854,,,,,,0
0.4192,0,0,0.00408862653384862,-0.00408862653384862,0,
0.418994413407821,,,,,,0
0.42,0,0,0.00408862653384862,-0.00408862653384862,0,
0.419792498004789,,,,,,0
0.4208,0,0,0.00408862653384862,-0.00408862653384862,0,
0.420590582601756,,,,,,0
0.4216,0,0,0.00408862653384862,-0.00408862653384862,0,
0.421388667198723,,,,,,0
0.4224,0,0,0.00408862653384862,-0.00408862653384862,0,
0.42218675179569,,,,,,0
0.4232,0,0,0.00408862653384862,-0.00408862653384862,0,
0.422984836392658,,,,,,0
0.424,0,0,0.00408862653384862,-0.00408862653384862,0,
0.423782920989625,,,,,,0
0.4248,0,0,0.00408862653384862,-0.00408862653384862,0,
0.424581005586592,,,,,,0
0.4256,0,0,0.00408862653384862,-0.00408862653384862,0,
0.425379090183559,,,,,,0
0.4264,0,0,0.00408862653384862,-0.00408862653384862,0,
0.426177174780527,,,,,,0
0.4272,0,0,0.00408862653384862,-0.00408862653384862,0,
0.426975259377494,,,,,,0
0.428,0,0,0.00408862653384862,-0.00408862653384862,0,
0.427773343974461,,,,,,0
0.4288,0,0,0.00408862653384862,-0.00408862653384862,0,
0.428571428571429,,,,,,0
0.4296,0,0,0.00408862653384862,-0.00408862653384862,0,
0.429369513168396,,,,,,0
0.4304,0,0,0.00408862653384862,-0.00408862653384862,0,
0.430167597765363,,,,,,0
0.4312,0,0,0.00408862653384862,-0.00408862653384862,0,
0.43096568236233,,,,,,0
0.432,0,0,0.00408862653384862,-0.00408862653384862,0,
0.431763766959298,,,,,,0
0.4328,0,0,0.00408862653384862,-0.00408862653384862,0,
0.432561851556265,,,,,,0
0.4336,0,0,0.00408862653384862,-0.00408862653384862,0,
0.433359936153232,,,,,,0
0.4344,0,0,0.00408862653384862,-0.00408862653384862,0,
0.4341580207502,,,,,,0
0.4352,0,0,0.00408862653384862,-0.00408862653384862,0,
0.434956105347167,,,,,,0
0.436,0,0,0.00408862653384862,-0.00408862653384862,0,
0.435754189944134,,,,,,0
0.4368,0,0,0.00408862653384862,-0.00408862653384862,0,
0.436552274541101,,,,,,0
0.4376,0,0,0.00408862653384862,-0.00408862653384862,0,
0.437350359138069,,,,,,0
0.4384,0,0,0.00408862653384862,-0.00408862653384862,0,
0.438148443735036,,,,,,0
0.4392,0,0,0.00408862653384862,-0.00408862653384862,0,
0.438946528332003,,,,,,0
0.44,0,0,0.00408862653384862,-0.00408862653384862,0,
0.43974461292897,,,,,,0
0.4408,0,0,0.00408862653384862,-0.00408862653384862,0,
0.440542697525938,,,,,,0
0.4416,0,0,0.00408862653384862,-0.00408862653384862,0,
0.441340782122905,,,,,,0
0.4424,0,0,0.00408862653384862,-0.00408862653384862,0,
0.442138866719872,,,,,,0
0.4432,0,0,0.00408862653384862,-0.00408862653384862,0,
0.44293695131684,,,,,,0
0.444,0,0,0.00408862653384862,-0.00408862653384862,0,
0.443735035913807,,,,,,0
0.4448,0,0,0.00408862653384862,-0.00408862653384862,0,
0.444533120510774,,,,,,0
0.4456,0,0,0.00408862653384862,-0.00408862653384862,0,
0.445331205107741,,,,,,0
0.4464,0,0,0.00408862653384862,-0.00408862653384862,0,
0.446129289704709,,,,,,0
0.4472,0,0,0.00408862653384862,-0.00408862653384862,0,
0.446927374301676,,,,,,0
0.448,0,0,0.00408862653384862,-0.00408862653384862,0,
0.447725458898643,,,,,,0
0.4488,0,0,0.00408862653384862,-0.00408862653384862,0,
0.448523543495611,,,,,,0
0.4496,0,0,0.00408862653384862,-0.00408862653384862,0,
0.449321628092578,,,,,,0
0.4504,0,0,0.00408862653384862,-0.00408862653384862,0,
0.450119712689545,,,,,,0
0.4512,0,0,0.00408862653384862,-0.00408862653384862,0,
0.450917797286512,,,,,,0
0.452,0,0,0.00408862653384862,-0.00408862653384862,0,
0.45171588188348,,,,,,0
0.4528,0,0,0.00408862653384862,-0.00408862653384862,0,
0.452513966480447,,,,,,0
0.4536,0,0,0.00408862653384862,-0.00408862653384862,0,
0.453312051077414,,,,,,0
0.4544,0,0,0.00408862653384862,-0.00408862653384862,0,
0.454110135674381,,,,,,0
0.4552,0,0,0.00408862653384862,-0.00408862653384862,0,
0.454908220271349,,,,,,0
0.456,0,0,0.00408862653384862,-0.00408862653384862,0,
0.455706304868316,,,,,,0
0.4568,0,0,0.00408862653384862,-0.00408862653384862,0,
0.456504389465283,,,,,,0
0.4576,0,0,0.00408862653384862,-0.00408862653384862,0,
0.457302474062251,,,,,,0
0.4584,0,0,0.00408862653384862,-0.00408862653384862,0,
0.458100558659218,,,,,,0
0.4592,0,0,0.00408862653384862,-0.00408862653384862,0,
0.458898643256185,,,,,,0
0.46,0,0,0.00408862653384862,-0.00408862653384862,0,
0.459696727853152,,,,,,0
0.4608,0,0,0.00408862653384862,-0.00408862653384862,0,
0.46049481245012,,,,,,0
0.4616,0,0,0.00408862653384862,-0.00408862653384862,0,
0.461292897047087,,,,,,0
0.4624,0,0,0.00408862653384862,-0.00408862653384862,0,
0.462090981644054,,,,,,0
0.4632,0,0,0.00408862653384862,-0.00408862653384862,0,
0.462889066241022,,,,,,0
0.464,0,0,0.00408862653384862,-0.00408862653384862,0,
0.463687150837989,,,,,,0
0.4648,0,0,0.00408862653384862,-0.00408862653384862,0,
0.464485235434956,,,,,,0
0.4656,0,0,0.00408862653384862,-0.00408862653384862,0,
0.465283320031923,,,,,,0
0.4664,0,0,0.00408862653384862,-0.00408862653384862,0,
0.466081404628891,,,,,,0
0.4672,0,0,0.00408862653384862,-0.00408862653384862,0,
0.466879489225858,,,,,,0
0.468,0,0,0.00408862653384862,-0.00408862653384862,0,
0.467677573822825,,,,,,0
0.4688,0,0,0.00408862653384862,-0.00408862653384862,0,
0.468475658419792,,,,,,0
0.4696,0,0,0.00408862653384862,-0.00408862653384862,0,
0.46927374301676,,,,,,0
0.4704,0,0,0.00408862653384862,-0.00408862653384862,0,
0.470071827613727,,,,,,0
0.4712,0,0,0.00408862653384862,-0.00408862653384862,0,
0.470869912210694,,,,,,0
0.472,0,0,0.00408862653384862,-0.00408862653384862,0,
0.471667996807662,,,,,,0
0.4728,0,0,0.00408862653384862,-0.00408862653384862,0,
0.472466081404629,,,,,,0
0.4736,0,0,0.00408862653384862,-0.00408862653384862,0,
0.473264166001596,,,,,,0
0.4744,0,0,0.00408862653384862,-0.00408862653384862,0,
0.474062250598563,,,,,,0
0.4752,0,0,0.00408862653384862,-0.00408862653384862,0,
0.474860335195531,,,,,,0
0.476,0,0,0.00408862653384862,-0.00408862653384862,0,
0.475658419792498,,,,,,0
0.4768,0,0,0.00408862653384862,-0.00408862653384862,0,
0.476456504389465,,,,,,0
0.4776,0,0,0.00408862653384862,-0.00408862653384862,0,
0.477254588986433,,,,,,0
0.4784,0,0,0.00408862653384862,-0.00408862653384862,0,
0.4780526735834,,,,,,0
0.4792,0,0,0.00408862653384862,-0.00408862653384862,0,
0.478850758180367,,,,,,0
0.48,0,0,0.00408862653384862,-0.00408862653384862,0,
0.479648842777334,,,,,,0
0.4808,0,0,0.00408862653384862,-0.00408862653384862,0,
0.480446927374302,,,,,,0
0.4816,0,0,0.00408862653384862,-0.00408862653384862,0,
0.481245011971269,,,,,,0
0.4824,0,0,0.00408862653384862,-0.00408862653384862,0,
0.482043096568236,,,,,,0
0.4832,0,0,0.00408862653384862,-0.00408862653384862,0,
0.482841181165204,,,,,,0
0.484,0,0,0.00408862653384862,-0.00408862653384862,0,
0.483639265762171,,,,,,0
0.4848,0,0,0.00408862653384862,-0.00408862653384862,0,
0.484437350359138,,,,,,0
0.4856,0,0,0.00408862653384862,-0.00408862653384862,0,
0.485235434956105,,,,,,0
0.4864,0,0,0.00408862653384862,-0.00408862653384862,0,
0.486033519553073,,,,,,0
0.4872,0,0,0.00408862653384862,-0.00408862653384862,0,
0.48683160415004,,,,,,0
0.488,0,0,0.00408862653384862,-0.00408862653384862,0,
0.487629688747007,,,,,,0
0.4888,0,0,0.00408862653384862,-0.00408862653384862,0,
0.488427773343974,,,,,,0
0.4896,0,0,0.00408862653384862,-0.00408862653384862,0,
0.489225857940942,,,,,,0
0.4904,0,0,0.00408862653384862,-0.00408862653384862,0,
0.490023942537909,,,,,,0
0.4912,0,0,0.00408862653384862,-0.00408862653384862,0,
0.490822027134876,,,,,,0
0.492,0,0,0.00408862653384862,-0.00408862653384862,0,
0.491620111731844,,,,,,0
0.4928,0,0,0.00408862653384862,-0.00408862653384862,0,
0.492418196328811,,,,,,0
0.4936,0,0,0.00408862653384862,-0.00408862653384862,0,
0.493216280925778,,,,,,0
0.4944,0,0,0.00408862653384862,-0.00408862653384862,0,
0.494014365522745,,,,,,0
0.4952,0,0,0.00408862653384862,-0.00408862653384862,0,
0.494812450119713,,,,,,0
0.496,0,0,0.00408862653384862,-0.00408862653384862,0,
0.49561053471668,,,,,,0
0.4968,0,0,0.00408862653384862,-0.00408862653384862,0,
0.496408619313647,,,,,,0
0.4976,0,0,0.00408862653384862,-0.00408862653384862,0,
0.497206703910615,,,,,,0
0.4984,0,0,0.00408862653384862,-0.00408862653384862,0,
0.498004788507582,,,,,,0
0.4992,0,0,0.00408862653384862,-0.00408862653384862,0,
0.498802873104549,,,,,,0
0.5,0,0,0.0306646990038646,-0.0306646990038646,,
0.499600957701516,,,,,,0
0.5,0,0,0.0306646990038646,-0.0306646990038646,,
0.5008,3.03066354940923e-05,3.69486585728245e-05,0.00414115507378094,-0.00406112700531756,0,
0.500000000150008,,,,,,0
0.500000000150008,,,,,,0
0.500399042298484,,,,,,7.72564347674719e-06
0.5016,0.000115678281671121,0.000120843775992853,0.209132390775189,-0.00399517015661572,0,
0.501197126895451,,,,,,6.58924728877269e-05
0.5024,0.000248230797988263,0.000252184734326455,0.212322396132899,-0.00389376403214384,0,
0.501995211492418,,,,,,0.000174750046392326
0.5032,0.000420935353671334,0.000424257822242357,0.21260392871586,-0.00375788487722318,0,
0.502793296089385,,,,,,0.000327420961088934
0.504,0.000627807498942669,0.000630801460495402,0.212885461298821,-0.0035851803215401,0,
0.503591380686353,,,,,,0.000517446198831152
0.5048,0.000863748368715667,0.000866304207252388,0.213166993881782,-0.00369239314432268,0,
0.50438946528332,,,,,,0.000738843194269158
0.5056,0.209124363908247,0.00112629058066928,0.213460456147468,-0.00336532300670982,0,
0.505187549880287,,,,,,0.000986628989337655
0.5064,0.209405896491208,0.00140714918933897,0.213759710548301,-0.00303825286909696,0,
0.505985634477255,,,,,,0.00125687200662022
0.5072,0.209705150892041,0.00170588447015102,0.214058964949134,-0.00271118273148414,0,
0.506783719074222,,,,,,0.00154631188088587
0.508,0.00201943583963586,0.00201982675201407,0.214358219349967,-0.00238411259387127,0,
0.507581803671189,,,,,,0.00185224092472241
0.5088,0.00234650597724872,0.00234666835247867,0.2146574737508,-0.00205704245625841,0,
0.508379888268156,,,,,,0.00217206120581332
0.5096,0.00268450470471993,0.00268456193955511,0.214956728151633,-0.00172997231864554,0,
0.509177972865124,,,,,,0.00250376171239638
0.5104,0.00303190949456026,0.00303190766342259,0.215255982552466,-0.00140162873441448,0,
0.509976057462091,,,,,,0.00284566834469347
0.5112,0.00338747330051803,0.00338741146528797,0.209713199978211,-0.00106299582784857,0,
0.510774142059058,,,,,,0.00319626947181899
0.512,0.00375022622482595,0.00375011306017361,0.00824296085687191,-0.000715382729740907,0,
0.511572226656026,,,,,,0.00355448160350749
0.5128,0.00411938731143987,0.00411921657280199,0.00862397970955388,-0.000359818923783066,0,
0.512370311252993,,,,,,0.00391946566445173
0.5136,0.00449438487145521,0.0044941251174019,0.00901021504850379,2.85726682808983e-06,0,
0.51316839584996,,,,,,0.00429047403805917
0.5144,0.0048747857310481,0.00487443832449906,0.00940149805343986,0.000371746418609299,0,
0.513966480446927,,,,,,0.00466704777944732
0.5152,0.00526031119227895,0.00525992259850043,0.00979776400887461,0.000746330838383216,0,
0.514764565043895,,,,,,0.00504884186091219
0.516,0.0056507873295243,0.00565038914313615,0.0101990288079769,0.00112620974563133,0,
0.515562649640862,,,,,,0.0054357200456414
0.5168,0.00604613974383548,0.00604576729197543,0.0106053727618251,0.00151111721377317,0,
0.516360734237829,,,,,,0.00582745197537636
0.5176,0.00644637135221586,0.00644605160059663,0.0110169278077421,0.0019008834732995,0,
0.517158818834797,,,,,,0.00622410044303454
0.5184,0.00685154664743035,0.00685130006429638,0.0114338643502222,0.00229542901991994,0,
0.517956903431764,,,,,,0.00662560398421052
0.5192,0.00726178125378554,0.00726161814556255,0.0118563838907438,0.00269474708717665,0,
0.518754988028731,,,,,,0.0070321170967571
0.52,0.00767722651749246,0.00767715066334583,0.0122847070755261,0.00309888919166935,0,
0.519553072625698,,,,,,0.0074437043435387
0.5208,0.00809806739243807,0.00809807913320948,0.0127190714512404,0.0035079551393908,0,
0.520351157222666,,,,,,0.00786057277176565
0.5216,0.00852450369872956,0.00852460239910713,0.0131597195595549,0.00392207996353597,0,
0.521149241819633,,,,,,0.00828288138030723
0.5224,0.00895675781834985,0.00895694585924764,0.013606899096128,0.00434142955970828,0,
0.5219473264166,,,,,,0.00871085768838063
0.5232,0.00939505201645163,0.00939533348446243,0.0140608532651174,0.00476618720042376,0,
0.522745411013567,,,,,,0.00914472258765251
0.524,0.00983962079662075,0.00983999901155071,0.0145218205610776,0.00519655444155331,0,
0.523543495610535,,,,,,0.00958469958345643
0.5248,0.0102906899451811,0.0102911774365903,0.0149900289984389,0.00563273838356115,0,
0.524341580207502,,,,,,0.0100310272549499
0.5256,0.0107484875234106,0.0107490916939766,0.0154656948764946,0.00607495325351758,0,
0.525139664804469,,,,,,0.0104839349527917
0.5264,0.0112132279400534,0.0112139481823873,0.0159490203951509,0.0065234116456738,0,
0.525937749401437,,,,,,0.0109436380408375
0.5272,0.0116851209732178,0.0116859519411911,0.0164401919166488,0.00697832420347424,0,
0.526735833998404,,,,,,0.0114103337272149
0.528,0.0121643590803669,0.0121653207558068,0.0169393796683047,0.00743989490238641,0,
0.527533918595371,,,,,,0.0118842302436802
0.5288,0.0126511266294335,0.0126522327633289,0.0174467359646657,0.00790831991483237,0,
0.528332003192338,,,,,,0.0123655496137601
0.5296,0.0131455882657555,0.0131468325063056,0.0179623959947289,0.0083837851770902,0,
0.529130087789306,,,,,,0.0128544362944709
0.5304,0.0136478985447765,0.0136492532590131,0.0184864762477839,0.00886646531464944,0,
0.529928172386273,,,,,,0.0133510331216357
0.5312,0.0141581917885908,0.0141596344623425,0.0190190759159244,0.0093565229785402,0,
0.53072625698324,,,,,,0.0138554650184176
0.532,0.0146765903838455,0.0146780949400838,0.0195602756935631,0.00985410714222733,0,
0.531524341580207,,,,,,0.0143678798498275
0.5328,0.0152031973899698,0.0152047301670619,0.0201101405963839,0.0103593543687017,0,
0.532322426177175,,,,,,0.0148883749677071
0.5336,0.015738102593195,0.0157396326559321,0.020668717946609,0.0108723861777075,0,
0.533120510774142,,,,,,0.0154170434158266
0.5344,0.0162813779122565,0.0162828900625514,0.0212360383503286,0.0113933115260313,0,
0.533918595371109,,,,,,0.0159539762389049
0.5352,0.016833082947531,0.0168345664791941,0.0218121162122974,0.0119222240672402,0,
0.534716679968077,,,,,,0.0164992577767804
0.536,0.0173932603436831,0.0173947094088333,0.0223969502755297,0.0124592048118885,0,
0.535514764565044,,,,,,0.0170529379326815
0.5368,0.0179619384727456,0.0179633494010499,0.0229905232828445,0.0130043202634037,0,
0.536312849162011,,,,,,0.017615062071089
0.5376,0.0185391311683501,0.0185405015045084,0.0235928026926462,0.0135576253446051,0,
0.537110933758978,,,,,,0.0181856507505793
0.5384,0.0191248383283379,0.0191261717861639,0.0242037946938238,0.0141191604661,0,
0.537909018355946,,,,,,0.0187647152968081
0.5392,0.0197190453638793,0.0197203520975711,0.024823574025986,0.0146889534287982,0,
0.538707102952913,,,,,,0.0193522583549287
0.54,0.0203217239731068,0.0203230200474792,0.0254518972297147,0.0152670192211582,0,
0.53950518754988,,,,,,0.0199482650625751
0.5408,0.0209328331874778,0.0209341385425887,0.0260886897891347,0.0158533604093727,0,
0.540303272146848,,,,,,0.020552708586614
0.5416,0.0215523440833314,0.0215536556915404,0.0267338683348504,0.0164479666443399,0,
0.541101356743815,,,,,,0.0211655459194781
0.5424,0.0221801914126631,0.0221815079245205,0.0273873427570095,0.0170508152648622,0,
0.541899441340782,,,,,,0.0217867203305893
0.5432,0.0228163094496581,0.0228176465471797,0.0280490140765116,0.0176619244792332,0,
0.542697525937749,,,,,,0.0224161648362195
0.544,0.0234606239169022,0.0234619932928163,0.0287187773618374,0.0182813825769853,0,
0.543495610534717,,,,,,0.023053842267859
0.5448,0.0241130545157459,0.0241144496970869,0.0293965213694835,0.0189089614700085,0,
0.544293695131684,,,,,,0.0236996508516521
0.5456,0.0247735121240888,0.024774922520796,0.0300821275852909,0.0195446036326065,0,
0.545091779728651,,,,,,0.0243534951855656
0.5464,0.0254419018551771,0.0254433365810927,0.030775475507302,0.0201882435774257,0,
0.545889864325618,,,,,,0.0250152843426485
0.5472,0.0261181233058432,0.0261195843135729,0.0314764406474774,0.0208398100977976,0,
0.546687948922586,,,,,,0.0256849530511031
0.548,0.0268020676306176,0.026803542386947,0.0321848931164146,0.0214992238828252,0,
0.547486033519553,,,,,,0.0263623708542043
0.5488,0.0274936244499332,0.0274950988038228,0.032900696122581,0.0221663999027544,0,
0.54828411811652,,,,,,0.0270474198180904
0.5496,0.0281926792582381,0.0281941474347631,0.0336237142919161,0.0228412477991829,0,
0.549082202713488,,,,,,0.027739992506414
0.5504,0.0288991139973706,0.02890056590643,0.0343538108624241,0.0235236695669774,0,
0.549880287310455,,,,,,0.0284399846894429
0.5512,0.029612800483539,0.0296142271221871,0.0350908450144303,0.0242135644952599,0,
0.550678371907422,,,,,,0.0291472654280594
0.552,0.0303336123513432,0.0303350051493657,0.0358346722080315,0.0249108282008693,0,
0.551476456504389,,,,,,0.0298617111045094
0.5528,0.031061422370694,0.0310627726208212,0.0365851489505628,0.0256153526081314,0,
0.552274541101357,,,,,,0.0305831959289855
0.5536,0.0317961001529272,0.0317974015299093,0.0373421322973521,0.026327021364495,0,
0.553072625698324,,,,,,0.0313115930915549
0.5544,0.0325375093659235,0.0325387637391141,0.0381054772098828,0.0270457167123013,0,
0.553870710295291,,,,,,0.0320467753529872
0.5552,0.033285513870869,0.0332867145381839,0.0388750371020969,0.027771320430121,0,
0.554668794892259,,,,,,0.032788615500947
0.556,0.0340399790615821,0.0340411155521232,0.039650666897176,0.028503711661197,0,
0.555466879489226,,,,,,0.0335369614102572
0.5568,0.0348007684515378,0.0348018310113445,0.0404322233069829,0.0292427645044206,0,
0.556264964086193,,,,,,0.0342916831795176
0.5576,0.0355677427375898,0.0355687213529313,0.0412195621881054,0.029988351028761,0,
0.55706304868316,,,,,,0.0350526435491876
0.5584,0.0363407624293284,0.0363416457538289,0.0420125383642191,0.0307403439818883,0,
0.557861133280128,,,,,,0.0358197033050492
0.5592,0.0371196910195115,0.0371204626509745,0.0428110092699448,0.0314986152157677,0,
0.558659217877095,,,,,,0.0365927223346398
0.56,0.0379043914584855,0.0379050299905053,0.0436148353538443,0.0322630339792449,0,
0.559457302474062,,,,,,0.0373715598735043
0.5608,0.0386947250119539,0.0386952166084747,0.0444238767383034,0.0330334680648213,0,
0.56025538707103,,,,,,0.0381560747514469
0.5616,0.0394905522573809,0.0394909083394281,0.045237992360287,0.0338097865516639,0,
0.561053471667997,,,,,,0.0389461419510772
0.5624,0.0402917392662414,0.0402919682436039,0.046057044585593,0.0345918591710141,0,
0.561851556264964,,,,,,0.0397416536163092
0.5632,0.041098151782284,0.0410982616416693,0.0468808994196705,0.035379554282334,0,
0.562649640861931,,,,,,0.0405424606991013
0.564,0.0419096548354228,0.041909663227037,0.0477094230839588,0.0361727389051158,0,
0.563447725458899,,,,,,0.0413484365438925
0.5648,0.0427261115176779,0.0427260512932793,0.0485424810133042,0.0369712822536776,0,
0.564245810055866,,,,,,0.0421594577623093
0.5656,0.0435473926320418,0.0435473081736825,0.0493799421993271,0.037775055694681,0,
0.565043894652833,,,,,,0.0429754046675079
0.5664,0.0443733684054807,0.0443732473983635,0.0502216790229253,0.0385839298794033,0,
0.565841979249801,,,,,,0.0437961617085163
0.5672,0.0452039096148875,0.0452037314460122,0.0510675648223356,0.0393977739928136,0,
0.566640063846768,,,,,,0.0446215130955975
0.568,0.0460388849078687,0.0460386515088322,0.051917473125418,0.0402164595641267,0,
0.567438148443735,,,,,,0.0454513568105557
0.5688,0.046878170425443,0.0468778850686671,0.0527712806972165,0.041039861617852,0,
0.568236233040702,,,,,,0.0462855822342439
0.5696,0.0477216421186654,0.0477213058650549,0.0536288671937012,0.0418678549364095,0,
0.56903431763767,,,,,,0.0471240630304262
0.5704,0.0485691774277914,0.0485687891150082,0.0544901138845564,0.042700313509452,0,
0.569832402234637,,,,,,0.0479666742530965
0.5712,0.0494206528204285,0.0494202148383461,0.0553549028545021,0.0435371131339846,0,
0.570630486831604,,,,,,0.0488132924503851
0.572,0.0502759504715486,0.0502754738990517,0.0562231192340333,0.0443781335211832,0,
0.571428571428571,,,,,,0.0496638002810478
0.5728,0.0511349532391022,0.0511344471594503,0.0570946508010093,0.0452232547241212,0,
0.572226656025539,,,,,,0.0505180930436229
0.5736,0.0519975459185718,0.0519970183299221,0.0579693873020762,0.0460723571228019,0,
0.573024740622506,,,,,,0.051376046991044
0.5744,0.0528636132069077,0.0528630763715639,0.0588472192388741,0.0469253225947605,0,
0.573822825219473,,,,,,0.0522375499584109
0.5752,0.0537330444288121,0.0537325130516316,0.0597280402432543,0.0477820365169495,0,
0.574620909816441,,,,,,0.0531024924544742
0.576,0.0546057301330445,0.0546052230925525,0.0606117464993763,0.0486423852731178,0,
0.575418994413408,,,,,,0.0539707678088807
0.5768,0.0554815630324941,0.055481079318027,0.0614982361425484,0.0495062562709775,0,
0.576217079010375,,,,,,0.0548422723194189
0.5776,0.0563604356499726,0.0563599686296843,0.0623874082522685,0.0503735384016866,0,
0.577015163607342,,,,,,0.0557168711674585
0.5784,0.0572422451737302,0.0572417942451301,0.0632791646522075,0.0512441237608471,0,
0.57781324820431,,,,,,0.0565944604990986
0.5792,0.0581268900297785,0.0581264562425652,0.0641734096427385,0.0521179058634624,0,
0.578611332801277,,,,,,0.0574749470959859
0.58,0.0590142707802223,0.0590138540376466,0.0650700494489474,0.0529947794435928,0,
0.579409417398244,,,,,,0.0583582295615219
0.5808,0.0599042882010268,0.0599038891844906,0.0659689916056472,0.0538746405804485,0,
0.580207501995212,,,,,,0.059244208583312
0.5816,0.0607968468562599,0.0607964653026106,0.0668701458901369,0.0547573887041324,0,
0.581005586592179,,,,,,0.0601327869792962
0.5824,0.061691852999064,0.0616914874898185,0.0677734243655348,0.0556429246674523,0,
0.581803671189146,,,,,,0.0610238695831017
0.5832,0.0625892147755335,0.0625888640073434,0.0686787409797183,0.0565311507289806,0,
0.582601755786113,,,,,,0.0619173624989431
0.584,0.0634888412589384,0.063488505336264,0.069586011297693,0.0574219704050793,0,
0.583399840383081,,,,,,0.0628131756104695
0.5848,0.0643906442151456,0.0643903241313294,0.0704951528088411,0.0583152902125854,0,
0.584197924980048,,,,,,0.0637112204586003
0.5856,0.0652945373908832,0.0652942354231811,0.0714060850466794,0.05921101832565,0,
0.584996009577015,,,,,,0.0646114109049538
0.5864,0.0662004362650947,0.0662001566623651,0.0723187293730175,0.0601090644288245,0,
0.585794094173982,,,,,,0.0655136631753387
0.5872,0.0671082577858117,0.0671079976671593,0.0732330088353126,0.0610093395839471,0,
0.58659217877095,,,,,,0.0664178959032449
0.588,0.0680179209121944,0.0680176722004544,0.0741488482499732,0.0619117572404941,0,
0.587390263367917,,,,,,0.0673240169167879
0.5888,0.0689293465636374,0.0689291049729923,0.075066174307696,0.0628162326762596,0,
0.588188347964884,,,,,,0.0682319426807492
0.5896,0.0698424573475937,0.0698422200130678,0.075984915438414,0.0637226827532134,0,
0.588986432561852,,,,,,0.0691416012040309
0.5904,0.0707571774757628,0.0707569417009488,0.0769050016373625,0.0646310258891648,0,
0.589784517158819,,,,,,0.0700529159920602
0.5912,0.0716734329148068,0.0716731962786047,0.0778263644781705,0.0655411824291524,0,
0.590582601755786,,,,,,0.0709658123988141
0.592,0.0725911514762548,0.0725909118436961,0.0787489373508679,0.0664530745382137,0,
0.591380686352753,,,,,,0.0718802176208805
0.5928,0.0735102626029618,0.0735100183435646,0.0796726552480887,0.0673666259880438,0,
0.592178770949721,,,,,,0.0727960606915192
0.5936,0.074430697216583,0.0744304475692223,0.0805974547244031,0.0682817621405964,0,
0.592976855546688,,,,,,0.0737132724747225
0.5944,0.0753523877944856,0.0753521297437938,0.0815232738992824,0.0691984100833655,0,
0.593774940143655,,,,,,0.0746317856592765
0.5952,0.0762752686655598,0.0762750004711731,0.0824500524313735,0.0701164986408027,0,
0.594573024740622,,,,,,0.0755515304045743
0.596,0.0771992756203556,0.0771989971179448,0.0833777314928831,0.0710359581821824,0,
0.59537110933759,,,,,,0.0764724444404688
0.5968,0.0781243459974441,0.0781240581199235,0.0843062537611608,0.0719567205328981,0,
0.596169193934557,,,,,,0.0773944656047784
0.5976,0.0790504186598502,0.0790501235436666,0.0852355634060657,0.0728787191091774,0,
0.596967278531524,,,,,,0.0783175330581502
0.5984,0.0799774339714873,0.0799771351580001,0.0861656059876189,0.0738018890378268,0,
0.597765363128492,,,,,,0.0792415876564301
0.5992,0.0809053337735905,0.0809050364223056,0.0870963284874218,0.0747261668933967,0,
0.598563447725459,,,,,,0.0801665719390884
0.6,0.0818340613838576,0.0818337724748063,0.0880276792853915,0.0756514907580118,0,
0.599361532322426,,,,,,0.0810924301176455
0.6008,0.0827635615822133,0.0827632869277086,0.0889596081266009,0.0765778001999641,0,
0.600159616919393,,,,,,0.0820191080640965
0.6016,0.083693780482178,0.083693511931289,0.0898920660965286,0.0775050362521947,0,
0.600957701516361,,,,,,0.0829465493198443
0.6024,0.0846246656168478,0.0846244020303469,0.0908250055963837,0.0784331413962873,0,
0.601755786113328,,,,,,0.0838746837774048
0.6032,0.0855561658818655,0.0855559084965671,0.0917583801167167,0.0793620595600053,0,
0.602553870710295,,,,,,0.0848034724951229
0.604,0.086488231512075,0.086487981264801,0.0926921429865569,0.0802917360767725,0,
0.603351955307263,,,,,,0.0857328647893968
0.6048,0.0874208140581774,0.0874205714657396,0.0936262506320006,0.081222117611604,0,
0.60415003990423,,,,,,0.0866628111876779
0.6056,0.0883538663633853,0.0883536313925613,0.0945606604153096,0.0821531522133217,0,
0.604948124501197,,,,,,0.087593263395514
0.6064,0.0892873422749225,0.0892871144675807,0.0954953305384634,0.0830847892673395,0,
0.605746209098164,,,,,,0.0885241742635935
0.6072,0.090221195094763,0.0902209752088959,0.0964302203168556,0.084016979473724,0,
0.606544293695132,,,,,,0.0894554977547886
0.608,0.0911553823447584,0.0911551728272521,0.0973652901517727,0.0849496748251789,0,
0.607342378292099,,,,,,0.0903871889111995
0.6088,0.0920898614353416,0.0920896677261703,0.0983005015029264,0.0858828285215911,0,
0.608140462889066,,,,,,0.0913192082267973
0.6096,0.0930245908995197,0.0930244160278557,0.0992358168610377,0.0868163943831285,0,
0.608938547486033,,,,,,0.092251516430298
0.6104,0.0939595303662167,0.093959376861071,0.100171201241347,0.0877503268075208,0,
0.609736632083001,,,,,,0.0931840690335287
0.6112,0.0948946405336162,0.0948945110720442,0.101106618966956,0.0886845833647906,0,
0.610534716679968,,,,,,0.0941168262851435
0.612,0.0958298831425032,0.0958297805560893,0.102042035409743,0.0896191217963979,0,
0.611332801276935,,,,,,0.0950497494939973
0.6128,0.0967652209496075,0.0967651482318328,0.102977417194634,0.0905539009488807,0,
0.612130885873903,,,,,,0.0959828010036768
0.6136,0.097700619690648,0.0977005780154372,0.103912731900909,0.0914888807480602,0,
0.61292897047087,,,,,,0.0969159441670308
0.6144,0.0986360432676713,0.0986360347948272,0.104847948015877,0.092424022173193,0,
0.613727055067837,,,,,,0.0978491433207015
0.6152,0.0995714575117121,0.0995714820789035,0.105783034909862,0.0933592872310732,0,
0.614525139664804,,,,,,0.098782363759655
0.616,0.100506829290302,0.100506886566791,0.106717962811203,0.0942946393989082,0,
0.615323224261772,,,,,,0.0997155689621721
0.6168,0.101442126392708,0.101442216157882,0.107652704585989,0.0952300439913632,0,
0.616121308858739,,,,,,0.100648726514788
0.6176,0.102377317505383,0.102377439020425,0.108587232540123,0.0961654653696405,0,
0.616919393455706,,,,,,0.101581804646366
0.6184,0.10331237218742,0.103312524019616,0.109521519133948,0.0971008696073803,0,
0.617717478052674,,,,,,0.102514771782927
0.6192,0.10424726084601,0.104247440783458,0.110455538076789,0.0980362237821023,0,
0.618515562649641,,,,,,0.103447597129851
0.62,0.105181957076672,0.105182159674395,0.111389264009213,0.098971495882214,0,
0.619313647246608,,,,,,0.104380250643852
0.6208,0.106116432749311,0.106116651760955,0.112322672337903,0.0999066547829417,0,
0.620111731843575,,,,,,0.105312703004949
0.6216,0.107050660465679,0.107050889786997,0.113255739213735,0.100841670222227,0,
0.620909816440543,,,,,,0.106244925588444
0.6224,0.107984614234526,0.107984861276666,0.114188441509885,0.101776513336692,0,
0.62170790103751,,,,,,0.107176891590472
0.6232,0.108918268845376,0.108918533632821,0.115120758092787,0.10271115728586,0,
0.622505985634477,,,,,,0.108108590951858
0.624,0.109851599846877,0.109851881066738,0.116052668290106,0.103645574081041,0,
0.623304070231445,,,,,,0.109039987779092
0.6248,0.110784583525149,0.110784880105118,0.116984150739241,0.104579736623416,0,
0.624102154828412,,,,,,0.10997105806309
0.6256,0.111717196882134,0.111717508079791,0.117915185170585,0.105513619070689,0,
0.624900239425379,,,,,,0.110901778605208
0.6264,0.112649419317676,0.112649743112622,0.118845752231887,0.10644719635435,0,
0.625698324022346,,,,,,0.111832127002315
0.6272,0.113581230080298,0.1135815641004,0.119775833219772,0.107380444158291,0,
0.626496408619314,,,,,,0.112762081631873
0.628,0.114512607551941,0.114512950699735,0.120705410060886,0.108313338897398,0,
0.627294493216281,,,,,,0.113691621637008
0.6288,0.115443531831386,0.11544388233506,0.121634465293066,0.109245858107022,0,
0.628092577813248,,,,,,0.114620726911586
0.6296,0.116373983680545,0.116374338403277,0.122562982577572,0.110177981107868,0,
0.628890662410216,,,,,,0.115549376983195
0.6304,0.117303944505742,0.117304301541187,0.123490946695873,0.111109686892997,0,
0.629688747007183,,,,,,0.116477551398228
0.6312,0.118233396338995,0.118233754066122,0.12441834169542,0.112040954212741,0,
0.63048683160415,,,,,,0.117405233336019
0.632,0.119162321819296,0.119162678764864,0.125345152420191,0.112971763280043,0,
0.631284916201117,,,,,,0.118332405146788
0.6328,0.120090704880028,0.120091059043755,0.126271364498492,0.113902094966515,0,
0.632083000798085,,,,,,0.119259049809819
0.6336,0.121018530521612,0.121018878911181,0.127196964094671,0.114831930783851,0,
0.632881085395052,,,,,,0.120185150916159
0.6344,0.121945782414142,0.121946122960068,0.12812193789229,0.115761252865225,0,
0.633679169992019,,,,,,0.121110692651308
0.6352,0.122872445727755,0.122872776350362,0.129046273077313,0.116690044121752,0,
0.634477254588986,,,,,,0.122035659777925
0.636,0.123798506182296,0.123798827147926,0.129969957538629,0.117618288705767,0,
0.635275339185954,,,,,,0.122960037618514
0.6368,0.124723950030539,0.124724262133056,0.130892980676055,0.118545971240334,0,
0.636073423782921,,,,,,0.123883814633285
0.6376,0.125648764041406,0.125649067554077,0.131815330881712,0.119473075721707,0,
0.636871508379888,,,,,,0.124806977528464
0.6384,0.126572935483186,0.126573231070501,0.132736997162666,0.120399587411559,0,
0.637669592976856,,,,,,0.125729512613492
0.6392,0.12749645239908,0.127496740975468,0.13365796924483,0.121325492118164,0,
0.638467677573823,,,,,,0.126651407780678
0.64,0.128419304602456,0.128419586085816,0.134578237289481,0.122250776179655,0,
0.63926576217079,,,,,,0.127572651454163
0.6408,0.129341479938642,0.129341755727517,0.135497791878243,0.123175426447279,0,
0.640063846767757,,,,,,0.128493232575525
0.6416,0.130262967762378,0.130263239721113,0.136416623998084,0.124099430343637,0,
0.640861931364725,,,,,,0.129413140589394
0.6424,0.131183757876407,0.131184028367155,0.137334725026314,0.125022776325481,0,
0.641660015961692,,,,,,0.130332365429056
0.6432,0.132103840516458,0.132104108263935,0.13825208849651,0.125945453659386,0,
0.642458100558659,,,,,,0.131250897502071
0.644,0.133023206336207,0.1330234722369,0.139168706329192,0.126867450538354,0,
0.643256185155627,,,,,,0.132168723192544
0.6448,0.133941846392259,0.133942111750039,0.140084570880635,0.127788756393955,0,
0.644054269752594,,,,,,0.133085835901081
0.6456,0.134859752129116,0.134860018306545,0.14099967526753,0.128709361103384,0,
0.644852354349561,,,,,,0.134002227006558
0.6464,0.135776917796918,0.135777183739034,0.141914012970675,0.129629254974422,0,
0.645650438946528,,,,,,0.134917888086817
0.6472,0.13669333442436,0.136693600202556,0.142827577814375,0.130548428730382,0,
0.646448523543496,,,,,,0.135832811055531
0.648,0.137608994808647,0.137609260156731,0.143740363953613,0.131466873495062,0,
0.647246608140463,,,,,,0.136746988144555
0.6488,0.13852389214337,0.13852415634788,0.14465236586123,0.132384581429524,0,
0.64804469273743,,,,,,0.137660411886267
0.6496,0.13943801997662,0.139438283392374,0.14556357966557,0.133301545892086,0,
0.648842777334397,,,,,,0.138573075095917
0.6504,0.140351372198119,0.140351639811622,0.146474000746825,0.134217758352372,0,
0.649640861931365,,,,,,0.139484972541592
0.6512,0.141263943026348,0.141264216431532,0.147383624316758,0.135133211684488,0,
0.650438946528332,,,,,,0.140396102976864
0.652,0.142175726995673,0.142176007669996,0.148292446212895,0.136047899149315,0,
0.651237031125299,,,,,,0.141306456851306
0.6528,0.143086720816859,0.143087008450802,0.149200462673542,0.136961814360364,0,
0.652035115722267,,,,,,0.142216028837384
0.6536,0.143996919329155,0.143997213991195,0.150107670220654,0.137874951270854,0,
0.652833200319234,,,,,,0.143124813909816
0.6544,0.144906317857051,0.144906619789547,0.151014065649177,0.138787304160792,0,
0.653631284916201,,,,,,0.144032807333399
0.6552,0.145814912410093,0.14581522161304,0.151919646016386,0.139698868146962,0,
0.654429369513168,,,,,,0.144940004650829
0.656,0.14672269929072,0.146723015485335,0.152824409354948,0.140609639399188,0,
0.655227454110136,,,,,,0.145846401670518
0.6568,0.147629675083554,0.147629998890373,0.153728353771766,0.141519612869448,0,
0.656025538707103,,,,,,0.14675199445442
0.6576,0.148535836644682,0.14853616901583,0.154631476939268,0.14242878405425,0,
0.65682362330407,,,,,,0.14765678055907
0.6584,0.149441181090943,0.149441522064313,0.155533776945123,0.143337149027272,0,
0.657621707901037,,,,,,0.148560757179916
0.6592,0.150345706809942,0.150346055238184,0.156435252269462,0.14424470415362,0,
0.658419792498005,,,,,,0.149463920515023
0.66,0.151249411779611,0.151249765994141,0.157335901622629,0.145151446079059,0,
0.659217877094972,,,,,,0.150366267817765
0.6608,0.152152293529487,0.152152652008478,0.158235723936156,0.146057371719239,0,
0.660015961691939,,,,,,0.151267796569169
0.6616,0.153054350362725,0.153054711166534,0.159134718353725,0.146962478545937,0,
0.660814046288907,,,,,,0.152168504467488
0.6624,0.153955580820494,0.153955941552146,0.160032884551999,0.147866764817786,0,
0.661612130885874,,,,,,0.153068389417778
0.6632,0.154855983672884,0.154856341437093,0.160930222663335,0.14877022836983,0,
0.662410215482841,,,,,,0.153967449521473
0.664,0.155755557909819,0.155755915582115,0.161826732348459,0.149672866947089,0,
0.663208300079808,,,,,,0.154865683065955
0.6648,0.156654302731963,0.15665466090571,0.162722413516586,0.150574678913758,0,
0.664006384676776,,,,,,0.155763094876601
0.6656,0.157552218015049,0.15755257606288,0.163617266425783,0.151475662870749,0,
0.664804469273743,,,,,,0.156659681792439
0.6664,0.158449304000318,0.158450376872199,0.164511291514581,0.152375817646547,0,
0.66560255387071,,,,,,0.157555442497135
0.6672,0.159345560090925,0.159345914294377,0.165404489394101,0.153275142288057,0,
0.666400638467678,,,,,,0.158450376872199
0.667198723064645,,,,,,0.15934448504265
0.668,0.160240986414385,0.160241337200341,0.166296860840182,0.154173636195013,0,
0.667996807661612,,,,,,0.160237767372
0.6688,0.161135583285304,0.161135930906319,0.16718840693819,0.155071299352032,0,
0.668794892258579,,,,,,0.161130224457253
0.6696,0.162029351197447,0.162029696241363,0.168079129468874,0.155968131742784,0,
0.669592976855547,,,,,,0.162021857123889
0.6704,0.16292229081581,0.162922633731784,0.168969029617417,0.156864132988724,0,
0.670391061452514,,,,,,0.162912665927704
0.6712,0.163814402968685,0.163814741006803,0.16985810869631,0.157759303273906,0,
0.671189146049481,,,,,,0.163802648434848
0.672,0.16470568886285,0.164706021546814,0.170746368358888,0.158653642968171,0,
0.671987230646448,,,,,,0.164691808137378
0.6728,0.165596150551189,0.165596476554875,0.171633810396699,0.159547152619156,0,
0.672785315243416,,,,,,0.165580146227126
0.6736,0.166485788824023,0.166486107378872,0.172520436732712,0.160439832944313,0,
0.673583399840383,,,,,,0.166467664039545
0.6744,0.16737460524259,0.167374915503354,0.173406249414522,0.161331684893346,0,
0.67438148443735,,,,,,0.167354363045634
0.6752,0.168262601511878,0.168262902541366,0.174291250624686,0.162222709945165,0,
0.675179569034318,,,,,,0.168240244843874
0.676,0.169149779473772,0.169150070226284,0.175175443491054,0.163112909757794,0,
0.675977653631285,,,,,,0.169125311152153
0.6768,0.17003614110021,0.170036420464869,0.17605883038997,0.164002285370302,0,
0.676775738228252,,,,,,0.170009563799701
0.6776,0.170921688486325,0.170921957245332,0.176941413703781,0.16489083839558,0,
0.677573822825219,,,,,,0.170893006732853
0.6784,0.171806423869105,0.171806684822487,0.177823196176057,0.165778570588951,0,
0.678371907422187,,,,,,0.171775644308409
0.6792,0.172690350827322,0.172690603853182,0.178704180655566,0.16666548384127,0,
0.679169992019154,,,,,,0.172657477094709
0.68,0.173573471163823,0.173573717176832,0.179584370090595,0.167551580172013,0,
0.679968076616121,,,,,,0.173538507905151
0.6808,0.174455787559762,0.174456027778109,0.180463767523276,0.168436861730744,0,
0.680766161213089,,,,,,0.174418739697188
0.6816,0.175337302805959,0.175337538782503,0.181342376083908,0.169321331205373,0,
0.681564245810056,,,,,,0.175298175567953
0.6824,0.176218019797175,0.176218253451884,0.182220199591799,0.170204991601174,0,
0.682362330407023,,,,,,0.176176818749863
0.6832,0.177097941526387,0.17709817518006,0.183097241508598,0.171087845019804,0,
0.68316041500399,,,,,,0.177054672606235
0.684,0.177977071079064,0.177977307255319,0.183973505119755,0.171969894189664,0,
0.683958499600958,,,,,,0.177931740626901
0.6848,0.178855411627445,0.178855649061564,0.184848993953843,0.172851141947569,0,
0.684756584197925,,,,,,0.178808021942637
0.6856,0.179732967346525,0.179733204559052,0.185723711667321,0.173731591232967,0,
0.685554668794892,,,,,,0.179683520452324
0.6864,0.180609741351118,0.180609978186895,0.186597661990527,0.174611245082175,0,
0.68635275339186,,,,,,0.180558240641187
0.6872,0.181485737035583,0.181485973129475,0.187470848722989,0.175490106622601,0,
0.687150837988827,,,,,,0.181432185670046
0.688,0.182360958020637,0.182361192583721,0.188343275728745,0.17636817938217,0,
0.687948922585794,,,,,,0.182305358712721
0.6888,0.183235408004374,0.183235639750076,0.189214947264481,0.177245467189045,0,
0.688747007182761,,,,,,0.183177762947096
0.6896,0.184109090757543,0.184109317823448,0.190085867566678,0.178121973266946,0,
0.689545091779729,,,,,,0.184049401546185
0.6904,0.184982010118828,0.1849822299972,0.190956040629453,0.178997701102378,0,
0.690343176376696,,,,,,0.184920277669193
0.6912,0.185854169990118,0.185854380471489,0.19182547056119,0.17987265435769,0,
0.691141260973663,,,,,,0.185790394635583
0.692,0.186725574846961,0.186725782938789,0.192694161604903,0.18074683677139,0,
0.691939345570631,,,,,,0.186659767406057
0.6928,0.187596228822413,0.187596434820791,0.193562118054893,0.181620252153382,0,
0.692737430167598,,,,,,0.18752839283675
0.6936,0.188466135859507,0.1884663405159,0.194429344252816,0.182492904380201,0,
0.693535514764565,,,,,,0.188396275286253
0.6944,0.189335300183674,0.189335504527845,0.195295844583754,0.183364797572597,0,
0.694333599361532,,,,,,0.189263419217524
0.6952,0.190203726074418,0.190203931465116,0.196161623645879,0.184235936102695,0,
0.6951316839585,,,,,,0.190129829197334
0.696,0.191071417861353,0.191071626040406,0.197026686186743,0.185106324052467,0,
0.695929768555467,,,,,,0.190995509895714
0.6968,0.191938379920241,0.191938593070052,0.197891036693149,0.185975965481991,0,
0.696727853152434,,,,,,0.1918604660854
0.6976,0.192804616669028,0.192804837233233,0.198754679676762,0.186844864653189,0,
0.697525937749401,,,,,,0.192724702641282
0.6984,0.193670132837497,0.193670360636211,0.199617619779185,0.187713025880878,0,
0.698324022346369,,,,,,0.193588221951105
0.6992,0.194534933213327,0.194535163440836,0.200479861673571,0.188580453528777,0,
0.699122106943336,,,,,,0.194451023265237
0.7,0.195399022137989,0.195399253906479,0.20134141006129,0.189447152005514,0,
0.699920191540303,,,,,,0.195313115228337
0.7008,0.196262404250113,0.196262636229189,0.202202269668597,0.190313125860646,0,
0.700718276137271,,,,,,0.196174502009751
0.7016,0.197125084222092,0.197125314571582,0.203062445330645,0.191178379864081,0,
0.701516360734238,,,,,,0.197035187746456
0.7024,0.197987066756725,0.197987293055511,0.203921942146039,0.192042918658168,0,
0.702314445331205,,,,,,0.197895176535827
0.7032,0.198848356583861,0.198848575754753,0.204780764916769,0.192906746711341,0,
0.703112529928172,,,,,,0.198754472428402
0.704,0.199708958457038,0.199709166687685,0.205638918397446,0.19376986869302,0,
0.70391061452514,,,,,,0.199613079420651
0.7048,0.200568877290252,0.200569070719983,0.206496407478901,0.194632289305246,0,
0.704708699122107,,,,,,0.200471001447741
0.7056,0.201428118324821,0.201428299074987,0.20735323706773,0.195494013279297,0,
0.705506783719074,,,,,,0.201328250330979
0.7064,0.202286686126699,0.202286857175473,0.208209412083525,0.196355045372302,0,
0.706304868316041,,,,,,0.202184832043377
0.7072,0.203144585594529,0.203144746529211,0.209064937456104,0.197215390416646,0,
0.707102952913009,,,,,,0.203040747581094
0.708,0.204001821644437,0.204001972325942,0.209919818142315,0.198075053469035,0,
0.707901037509976,,,,,,0.203896002088631
0.7088,0.204858399207238,0.204858539822178,0.210774059445977,0.198934039534751,0,
0.708699122106943,,,,,,0.204750600776623
0.7096,0.205714323225646,0.2057144543412,0.211627666357959,0.199792353323781,0,
0.709497206703911,,,,,,0.205604548921839
0.7104,0.206569598651487,0.206569721273057,0.212480643758201,0.200649999760065,0,
0.710295291300878,,,,,,0.206457851867185
0.7112,0.207424230474855,0.207424346074567,0.213332996669354,0.201506983783945,0,
0.711093375897845,,,,,,0.207310515021696
0.712,0.208278224229184,0.208278333092414,0.214184730117851,0.202363310349359,0,
0.711891460494812,,,,,,0.208162543860546
0.7128,0.209131584592135,0.209131680942235,0.215035849131672,0.203218984421029,0,
0.71268954509178,,,,,,0.209013935271339
0.7136,0.209984316601606,0.209984398693602,0.2158863587381,0.204074010984026,0,
0.713487629688747,,,,,,0.209864698789375
0.7144,0.210836425300555,0.21083649202055,0.216736263961488,0.204928395258062,0,
0.714285714285714,,,,,,0.210714840154628
0.7152,0.211687915734751,0.211687965952485,0.217585570083843,0.20578214246336,0,
0.715083798882682,,,,,,0.211564364357994
0.716,0.21253879295052,0.212538825536686,0.218434282210632,0.20663525743554,0,
0.715881883479649,,,,,,0.21241327640807
0.7168,0.213389061992488,0.213389075838301,0.219282405299505,0.207487745232807,0,
0.716679968076616,,,,,,0.213261581331153
0.7176,0.214238727901333,0.214238721940348,0.220129944388814,0.208339610917455,0,
0.717478052673583,,,,,,0.214109284171238
0.7184,0.215087796148566,0.215087768943715,0.220976904531002,0.2091908595536,0,
0.718276137270551,,,,,,0.214956389990023
0.7192,0.215936271627814,0.215936221967158,0.221823290771011,0.210041496204908,0,
0.719074221867518,,,,,,0.215802903866903
0.72,0.216784159367959,0.216784086147307,0.222669108144484,0.210891525932333,0,
0.719872306464485,,,,,,0.216648830898977
0.7208,0.217631464442778,0.217631366638659,0.223514361675975,0.211740953966056,0,
0.720670391061452,,,,,,0.21749417620104
0.7216,0.21847819191947,0.218478068613582,0.224359056600995,0.212589785565748,0,
0.72146847565842,,,,,,0.21833894490559
0.7224,0.219324346856848,0.219324197262313,0.225203198095233,0.213438025696268,0,
0.722266560255387,,,,,,0.219183142162823
0.7232,0.220169934303536,0.220169757792961,0.226046791117587,0.214285679421924,0,
0.723064644852354,,,,,,0.220026773140637
0.724,0.221014959296166,0.221014755431504,0.226889840651031,0.215132751831246,0,
0.723862729449322,,,,,,0.220869843024628
0.7248,0.221859427235717,0.221859195421788,0.227732351724404,0.215979248005306,0,
0.724660814046289,,,,,,0.221712357018094
0.7256,0.222703343172173,0.222703082815432,0.228574329354879,0.216825173015899,0,
0.725458898643256,,,,,,0.222554320342032
0.7264,0.223546712029181,0.223546421818153,0.229415778546684,0.217670531923727,0,
0.726256983240223,,,,,,0.223395737046786
0.7272,0.22438953885844,0.224389217497983,0.23025670428983,0.218515329930888,0,
0.727055067837191,,,,,,0.224236611887003
0.728,0.225231828700562,0.22523147599433,0.231097111558826,0.219359572312657,0,
0.727853152434158,,,,,,0.225076951154513
0.7288,0.226073586583789,0.226073202564655,0.23193700531141,0.220203264083767,0,
0.728651237031125,,,,,,0.225916760066559
0.7296,0.226914817522708,0.226914402480803,0.232776390487263,0.221046410236589,0,
0.729449321628093,,,,,,0.226756043854628
0.7304,0.227755526516968,0.227755081028997,0.233615272006736,0.221889015834597,0,
0.73024740622506,,,,,,0.227594807764451
0.7312,0.228595718549995,0.228595243509843,0.234453654769568,0.222731085929472,0,
0.731045490822027,,,,,,0.228433057056006
0.732,0.229435398587707,0.229434895238331,0.235291543653612,0.223572625559813,0,
0.731843575418994,,,,,,0.229270797003514
0.7328,0.230274571577234,0.230274041543831,0.236128943513551,0.224413639749847,0,
0.732641660015962,,,,,,0.230108032895441
0.7336,0.231113242445632,0.231112687770092,0.236965859179625,0.225254133508136,0,
0.733439744612929,,,,,,0.2309447700345
0.7344,0.231951416098597,0.231950839275251,0.237802295480436,0.226094111826291,0,
0.734237829209896,,,,,,0.231781013737648
0.7352,0.232789097419184,0.23278850143182,0.238638257261269,0.226933579677678,0,
0.735035913806864,,,,,,0.232616769336086
0.736,0.233626291266522,0.233625679626698,0.239473749264221,0.22777254201613,0,
0.735833998403831,,,,,,0.23345204217526
0.7368,0.234463002474532,0.234462379261162,0.240308776181029,0.22861100377466,0,
0.736632083000798,,,,,,0.234286837614863
0.7376,0.235299235892546,0.235298605750873,0.241143342709332,0.229448969864169,0,
0.737430167597765,,,,,,0.235121161028831
0.7384,0.236134996387411,0.236134364525874,0.241977453515414,0.230286445172155,0,
0.738228252194733,,,,,,0.235955017805346
0.7392,0.236970288632714,0.236969660559929,0.242811113232954,0.23112343456143,0,
0.7390263367917,,,,,,0.236788413346834
0.74,0.237805117357106,0.237804491846084,0.243644326461778,0.231959942886642,0,
0.739824421388667,,,,,,0.237621350907013
0.7408,0.238639487258369,0.238638848151568,0.244477097766607,0.232795975018688,0,
0.740622505985635,,,,,,0.238453809720974
0.7416,0.239473403002153,0.239472751894278,0.245309431675806,0.233631535755904,0,
0.741420590582602,,,,,,0.239285817052781
0.7424,0.240306869220728,0.240306207939834,0.246141332680132,0.23446662980879,0,
0.742218675179569,,,,,,0.240117377735595
0.7432,0.241139890511725,0.241139221143463,0.246972805231484,0.235301261906143,0,
0.743016759776536,,,,,,0.240948496592281
0.744,0.241972471436889,0.24197179635,0.247803853741655,0.236135436745108,0,
0.743814844373504,,,,,,0.24177917843541
0.7448,0.242804616520817,0.242803938393884,0.248634482581073,0.236969158989927,0,
0.744612928970471,,,,,,0.242609428067261
0.7456,0.24363633024971,0.243635652099162,0.249464696077556,0.237802433270675,0,
0.745411013567438,,,,,,0.243439250279815
0.7464,0.244467617070117,0.244466942279488,0.25029449851506,0.238635264182007,0,
0.746209098164405,,,,,,0.24426864985476
0.7472,0.245298481387678,0.245297813738123,0.251123894132421,0.2394676562819,0,
0.747007182761373,,,,,,0.24509763156349
0.748,0.246128927565878,0.246128271267934,0.251952890394916,0.240299614090396,0,
0.74780526735834,,,,,,0.245926200167104
0.7488,0.246958959924783,0.246958319651394,0.252781492001699,0.241131142088342,0,
0.748603351955307,,,,,,0.246754360416406
0.7496,0.247788582739794,0.247787963660583,0.253609701326455,0.24196224471614,0,
0.749401436552275,,,,,,0.247582117051907
0.7504,0.24861780024039,0.24861720805719,0.254437522455248,0.242792926372483,0,
0.750199521149242,,,,,,0.248409474803822
0.7512,0.249446622460747,0.249446057592508,0.255264959656737,0.243623191413105,0,
0.750997605746209,,,,,,0.249236438392072
0.752,0.250275049926533,0.250274517007437,0.256092017166628,0.244453044149518,0,
0.751795690343176,,,,,,0.250063012526283
0.7528,0.251103086479522,0.251102591032485,0.256918699187048,0.245282488847763,0,
0.752593774940144,,,,,,0.250889201905789
0.7536,0.251930736416971,0.251930279689332,0.257745009885918,0.246111532306221,0,
0.753391859537111,,,,,,0.251715011219627
0.7544,0.252758004003319,0.25275757542168,0.258570953396336,0.246940180385582,0,
0.754189944134078,,,,,,0.252540427131074
0.7552,0.253584893469567,0.2535844881359,0.259396533815945,0.247768435079601,0,
0.754988028731046,,,,,,0.253365458630338
0.756,0.254411409012649,0.254411027948335,0.260221755206315,0.248596300441245,0,
0.755786113328013,,,,,,0.25419011791333
0.7568,0.255237554794811,0.255237198989299,0.261046621592314,0.249423780763552,0,
0.75658419792498,,,,,,0.255014409088722
0.7576,0.256063334942985,0.256063005359469,0.261871136961485,0.250250880306257,0,
0.757382282521947,,,,,,0.255838336235827
0.7584,0.256888753548167,0.25688845112988,0.262695305263423,0.251077603295168,0,
0.758180367118915,,,,,,0.256661903404601
0.7592,0.257713814664788,0.257713540341932,0.263519130409146,0.251903953921542,0,
0.758978451715882,,,,,,0.257485114615644
0.76,0.258538522310096,0.258538277007384,0.264342616270477,0.252729936341461,0,
0.759776536312849,,,,,,0.258307973860198
0.7608,0.259362880463529,0.259362665108356,0.265165767630527,0.253555554675207,0,
0.760574620909816,,,,,,0.259130485100149
0.7616,0.260186893066088,0.260186708597329,0.265988589325038,0.25438081300664,0,
0.761372705506784,,,,,,0.259952652268023
0.7624,0.261010564019717,0.261010411397146,0.266811084637874,0.25520571538257,0,
0.762170790103751,,,,,,0.260774479266992
0.7632,0.261833897186679,0.261833777401009,0.267633256777952,0.25603026581214,0,
0.762968874700718,,,,,,0.26159596997087
0.764,0.262656898128084,0.262656810472483,0.268455109536534,0.256854468266193,0,
0.763766959297686,,,,,,0.262417128224113
0.7648,0.26347957109843,0.263479514445494,0.26927664667025,0.257678326676658,0,
0.764565043894653,,,,,,0.26323795784182
0.7656,0.264301918589005,0.264301893124328,0.270097871900716,0.258501844935918,0,
0.76536312849162,,,,,,0.264058462609735
0.7664,0.265123944417665,0.265123950283633,0.270918788914154,0.259325027684236,0,
0.766161213088587,,,,,,0.264878646284241
0.7672,0.265945652367667,0.265945689337995,0.271739401361009,0.260147879901477,0,
0.766959297685555,,,,,,0.265698512592368
0.768,0.266767046187283,0.266767112427123,0.272559712855568,0.260970405049561,0,
0.767757382282522,,,,,,0.266518064136224
0.7688,0.26758812958942,0.267588222227378,0.273379726975577,0.261792606228718,0,
0.768555466879489,,,,,,0.267337301935235
0.7696,0.268408906251243,0.268409024298335,0.274199447261861,0.262614487248798,0,
0.769353551476456,,,,,,0.268156232392621
0.7704,0.26922937981379,0.26922952217715,0.275018877217938,0.2634360518847,0,
0.770151636073424,,,,,,0.268974859030295
0.7712,0.270049553881594,0.270049719368168,0.275838020309644,0.264257303875987,0,
0.770949720670391,,,,,,0.26979318533767
0.772,0.270869432022303,0.270869619342915,0.276656879964746,0.265078246926509,0,
0.771747805267358,,,,,,0.270611214771655
0.7728,0.271689017766298,0.271689225540107,0.277475459572559,0.265898884704024,0,
0.772545889864326,,,,,,0.271428950756656
0.7736,0.272508314606311,0.27250854136564,0.278293762740728,0.266719220839816,0,
0.773343974461293,,,,,,0.272246396684578
0.7744,0.273327325997048,0.273327570192598,0.279111794527415,0.267539258928321,0,
0.77414205905826,,,,,,0.27306355591482
0.7752,0.274146055354807,0.274146315361249,0.279929558251226,0.268359002526741,0,
0.774940143655227,,,,,,0.27388043177428
0.776,0.274964506057096,0.274964780179047,0.280747056107074,0.269178455154671,0,
0.775738228252195,,,,,,0.274697027557354
0.7768,0.275782681921572,0.275782967920631,0.281564291408578,0.269997620293715,0,
0.776536312849162,,,,,,0.275513346525932
0.7776,0.276600589093125,0.276600881827824,0.282381267436585,0.270816501387109,0,
0.777334397446129,,,,,,0.276329391909404
0.7784,0.27741822845721,0.277418525109634,0.283197987439011,0.271635101839343,0,
0.778132482043097,,,,,,0.277145166904656
0.7792,0.278235603350636,0.278235900942256,0.284014454630688,0.27245342523794,0,
0.778930566640064,,,,,,0.277960674676071
0.78,0.279052717077383,0.279053012469068,0.284830672193205,0.273271476487283,0,
0.779728651237031,,,,,,0.278775918355529
0.7808,0.279869572908445,0.279869862800635,0.285646643274748,0.27408925929911,0,
0.780526735833998,,,,,,0.279590901042408
0.7816,0.280686174081675,0.280686457853465,0.286462370989949,0.274906775700773,0,
0.781324820430966,,,,,,0.280405625803583
0.7824,0.281502523801635,0.281502804423229,0.287277858419725,0.275724029019441,0,
0.782122905027933,,,,,,0.28122010390649
0.7832,0.282318625239432,0.282318901925584,0.28809310861112,0.276541022549243,0,
0.7829209896249,,,,,,0.282034333505393
0.784,0.283134481532568,0.283134752641643,0.288908124577153,0.277357759551109,0,
0.783719074221867,,,,,,0.282848316400675
0.7848,0.283950095784785,0.283950359714086,0.289722909296656,0.278174243252622,0,
0.784517158818835,,,,,,0.283662055721607
0.7856,0.284765471065907,0.2847657262596,0.290537465714118,0.278990476847862,0,
0.785315243415802,,,,,,0.284475554571716
0.7864,0.285580610411686,0.285580855368885,0.291351796739531,0.279806463497252,0,
0.786113328012769,,,,,,0.285288816028789
0.7872,0.286395516823646,0.286395750106649,0.292165906071547,0.280622206327404,0,
0.786911412609737,,,,,,0.286101843144868
0.788,0.28721019326893,0.287210413511611,0.29297979696714,0.281437708430967,0,
0.787709497206704,,,,,,0.286914638946253
0.7888,0.288024642680141,0.2880248485965,0.293793471752835,0.282252972866472,0,
0.788507581803671,,,,,,0.2877272064335
0.7896,0.288838867955189,0.288839058348055,0.294606933063312,0.283068002658179,0,
0.789305666400638,,,,,,0.288539548581425
0.7904,0.289652873518035,0.289653045727024,0.295420183706759,0.28388280079592,0,
0.790103750997606,,,,,,0.289351668339098
0.7912,0.29046666159018,0.290466813668167,0.29623322646058,0.284697370234953,0,
0.790901835594573,,,,,,0.290163568629847
0.792,0.291280234598505,0.291280365080252,0.297046064071369,0.285511713895799,0,
0.79169992019154,,,,,,0.290975252351259
0.7928,0.292093595371311,0.292093702846058,0.297858699254885,0.286325835401677,0,
0.792498004788508,,,,,,0.291786722375176
0.7936,0.292906746706021,0.292906829822374,0.298671134696022,0.287139738141074,0,
0.793296089385475,,,,,,0.292597981547697
0.7944,0.293719691369164,0.29371974884,0.299483373048779,0.28795342443585,0,
0.794094173982442,,,,,,0.293409032689181
0.7952,0.29453243209634,0.294532463219274,0.300295416936239,0.288766896906503,0,
0.794892258579409,,,,,,0.294219878594241
0.796,0.295344971592201,0.295344976933276,0.301107268950534,0.289580158370573,0,
0.795690343176377,,,,,,0.295030523368705
0.7968,0.296157312530418,0.296157292749498,0.301918931652824,0.290393211614606,0,
0.796488427773344,,,,,,0.295840970700075
0.7976,0.296969457553663,0.296969412538624,0.302730407573264,0.291206059394136,0,
0.797286512370311,,,,,,0.296651221851261
0.7984,0.297781409273576,0.29778133909994,0.30354169921098,0.292018704433656,0,
0.798084596967279,,,,,,0.297461279609314
0.7992,0.298593170270745,0.298593075212785,0.304352809034042,0.292831149426597,0,
0.798882681564246,,,,,,0.298271146741465
0.8,0.299404743094674,0.299404623636718,0.305163739749802,0.293643397035301,0,
0.799680766161213,,,,,,0.299080825995289
0.8008,0.300216130263763,0.300215987111672,0.305974494317882,0.294455449891,0,
0.80047885075818,,,,,,0.299890320098861
0.8016,0.301027334265278,0.301027168358122,0.306785075025077,0.295267310593787,0,
0.801276935355148,,,,,,0.300699631760917
0.8024,0.301838357555325,0.30183817007724,0.307595483899898,0.296078981712595,0,
0.802075019952115,,,,,,0.301508763671009
0.8032,0.302649203078206,0.302648994951059,0.308405723304929,0.296890465785174,0,
0.802873104549082,,,,,,0.30231771849967
0.804,0.303459873814233,0.303459645642635,0.309215795574777,0.297701765318061,0,
0.80367118914605,,,,,,0.303126498898569
0.8048,0.304270371416079,0.304270124796203,0.31002570301614,0.298512882786561,0,
0.804469273743017,,,,,,0.30393510750067
0.8056,0.305080698263557,0.305080435037346,0.310835447907866,0.299323820883728,0,
0.805267358339984,,,,,,0.304743546920393
0.8064,0.305890856708391,0.305890578973147,0.311645032501023,0.300134582574557,0,
0.806065442936951,,,,,,0.305551819753773
0.8072,0.30670084907429,0.306700559192356,0.312454459018957,0.300945170205235,0,
0.806863527533919,,,,,,0.306359928578615
0.808,0.307510677657005,0.307510378265549,0.313263729657358,0.301755585779738,0,
0.807661612130886,,,,,,0.30716787595466
0.8088,0.3083203447244,0.308320038664588,0.314072846584326,0.302565831667019,0,
0.808459696727853,,,,,,0.307975664423739
0.8096,0.309129852516511,0.309129539016138,0.314881811940429,0.303375910207904,0,
0.80925778132482,,,,,,0.308783296320665
0.8104,0.30993920324562,0.309938879684747,0.315690627838776,0.304185823715156,0,
0.810055865921788,,,,,,0.309590765293317
0.8112,0.31074839909631,0.310748066981493,0.31649929636507,0.304995574473539,0,
0.810853950518755,,,,,,0.310398080672328
0.812,0.311557442225541,0.311557103119479,0.31730781957768,0.305805164739887,0,
0.811652035115722,,,,,,0.311205244669479
0.8128,0.312366334762703,0.312365990277865,0.318116199507703,0.306614596743174,0,
0.81245011971269,,,,,,0.312012259463056
0.8136,0.313175078809694,0.313174730601583,0.318924438814453,0.307423872684572,0,
0.813248204309657,,,,,,0.312819127197565
0.8144,0.313983676440975,0.313983326201044,0.319732539608804,0.308232994737525,0,
0.814046288906624,,,,,,0.313625849983449
0.8152,0.31479212970364,0.314791779151854,0.320540503401886,0.309041965047814,0,
0.814844373503591,,,,,,0.314432429896796
0.816,0.315600440617481,0.31560009149452,0.32134833215475,0.309850785733622,0,
0.815642458100559,,,,,,0.315238868979063
0.8168,0.316408612448473,0.316408265234164,0.322156027808112,0.3106594588856,0,
0.816440542697526,,,,,,0.31604516923678
0.8176,0.317216646222858,0.317216302340233,0.322963592278647,0.311467986566935,0,
0.817238627294493,,,,,,0.316851332641273
0.8184,0.318024543911864,0.318024204746212,0.323771027459136,0.312276370813418,0,
0.818036711891461,,,,,,0.317657361128375
0.8192,0.318832307470339,0.318831974349331,0.324578335218605,0.313084614251501,0,
0.818834796488428,,,,,,0.318463256598139
0.82,0.319639938828963,0.31963961301028,0.32538551740247,0.313892719062527,0,
0.819632881085395,,,,,,0.319269020914554
0.8208,0.320447439894396,0.320447122552918,0.326192575832676,0.314700686732836,0,
0.820430965682362,,,,,,0.320074655905262
0.8216,0.321254812549422,0.321254504763986,0.326999512307846,0.315508519227453,0,
0.82122905027933,,,,,,0.320880163361266
0.8224,0.322062058653089,0.322061761392814,0.327806328603418,0.31631621849119,0,
0.822027134876297,,,,,,0.321685545036652
0.8232,0.322869180040857,0.322868894442276,0.328613026471791,0.317123786444712,0,
0.822825219473264,,,,,,0.322490802648299
0.824,0.323676178524741,0.323675905904672,0.329419607642464,0.317931224984682,0,
0.823623304070231,,,,,,0.323295938495779
0.8248,0.324483055893451,0.324482797248568,0.330226073822185,0.318738535983905,0,
0.824421388667199,,,,,,0.324100954192587
0.8256,0.325289813912541,0.325289569915854,0.331032426695089,0.319545721291477,0,
0.825219473264166,,,,,,0.324905851022227
0.8264,0.326096454324551,0.32609622549674,0.331838668146092,0.320352782732922,0,
0.826017557861133,,,,,,0.325710630581009
0.8272,0.326902978849148,0.326902765544254,0.332644800024896,0.321159722110345,0,
0.826815642458101,,,,,,0.326515294428527
0.828,0.327709389183275,0.327709191574012,0.333450823830926,0.321966541202574,0,
0.827613727055068,,,,,,0.327319844087428
0.8288,0.328515687001291,0.328515505063975,0.334256741062317,0.322773241765302,0,
0.828411811652035,,,,,,0.328124281043179
0.8296,0.329321874392582,0.329321707454215,0.335062553318093,0.323579825531235,0,
0.829209896249002,,,,,,0.328928606743828
0.8304,0.330127952979631,0.330127800146678,0.335868262177184,0.324386294210238,0,
0.83000798084597,,,,,,0.329732822599775
0.8312,0.330933924145842,0.330933784504945,0.336673869198609,0.325192649489477,0,
0.830806065442937,,,,,,0.330536929983535
0.832,0.331739789501672,0.331739661853998,0.337479375921664,0.325998893247781,0,
0.831604150039904,,,,,,0.331340930229504
0.8328,0.332545550637346,0.332545433479978,0.338284783866118,0.326805027347317,0,
0.832402234636871,,,,,,0.332144824633725
0.8336,0.33335120912305,0.333351100629955,0.339090094532396,0.327611053294547,0,
0.833200319233839,,,,,,0.332948614453655
0.8344,0.334156766509118,0.334156664511684,0.33989530940177,0.328416972585198,0,
0.833998403830806,,,,,,0.333752300907928
0.8352,0.334962224326225,0.334962126293372,0.340700429936549,0.329222786820925,0,
0.834796488427773,,,,,,0.334555885176123
0.836,0.335767584085576,0.33576748710344,0.341505457580267,0.330028497583212,0,
0.835594573024741,,,,,,0.335359368398529
0.8368,0.336572847279094,0.336572750015842,0.342310393757873,0.330834106433559,0,
0.836392657621708,,,,,,0.336162751675912
0.8376,0.337378015379613,0.33737792528827,0.343115239875921,0.331639614913679,0,
0.837190742218675,,,,,,0.336966039959473
0.8384,0.338183089841066,0.338183013982174,0.343919997322756,0.332445024545683,0,
0.837988826815642,,,,,,0.337769248478968
0.8392,0.338988072098675,0.338988010704082,0.344724667478489,0.333250336832274,0,
0.83878691141261,,,,,,0.338572364750718
0.84,0.339792963569144,0.339792916841334,0.34552925173602,0.334055553256937,0,
0.839584996009577,,,,,,0.339375390162935
0.8408,0.340597765650844,0.340597733760171,0.346333751432114,0.33486067528413,0,
0.840383080606544,,,,,,0.340178326082934
0.8416,0.341402479724006,0.341402462805727,0.347138167858323,0.335665704359474,0,
0.841181165203512,,,,,,0.340981173857124
0.8424,0.342207107170207,0.342207105302038,0.347942502317952,0.336470641909946,0,
0.841979249800479,,,,,,0.341783934811017
0.8432,0.343011649394939,0.343011662552036,0.348746756097441,0.337275489344067,0,
0.842777334397446,,,,,,0.34258661024922
0.844,0.343816107669571,0.343816135837551,0.34955093046656,0.338080248052094,0,
0.843575418994413,,,,,,0.343389201455442
0.8448,0.344620483306725,0.344620526419313,0.350355026678603,0.338884919415725,0,
0.844373503591381,,,,,,0.344191709692489
0.8456,0.345424777602038,0.345424835536948,0.351159045970586,0.339689504829127,0,
0.845171588188348,,,,,,0.344994136202265
0.8464,0.34622899183435,0.346229064408982,0.351962989563436,0.340494005632395,0,
0.845969672785315,,,,,,0.345796482205774
0.8472,0.34703312726591,0.347033214232836,0.352766858662192,0.341298423117973,0,
0.846767757382282,,,,,,0.346598748903118
0.848,0.347837185142561,0.347837286184831,0.3535706544562,0.342102758590811,0,
0.84756584197925,,,,,,0.347400937473498
0.8488,0.348641166693945,0.348641281420187,0.354374378119303,0.342907013338947,0,
0.848363926576217,,,,,,0.348203049075213
0.8496,0.349445073133693,0.34944520107302,0.355178030810043,0.3437111886337,0,
0.849162011173184,,,,,,0.349005084845663
0.8504,0.350248905659622,0.350249046256346,0.355981613671851,0.344515285729868,0,
0.849960095770152,,,,,,0.349807045901344
0.8512,0.351052665453933,0.351052818062077,0.356785127833245,0.345319305865921,0,
0.850758180367119,,,,,,0.350608933337851
0.852,0.351856353683404,0.351856517561025,0.357588574408024,0.346123250264203,0,
0.851556264964086,,,,,,0.351410748229879
0.8528,0.352659971499588,0.352660145802898,0.358391954395358,0.346927120131123,0,
0.852354349561053,,,,,,0.352212491631221
0.8536,0.353463520039006,0.353463703816304,0.359195268834848,0.347730916657355,0,
0.853152434158021,,,,,,0.353014164574769
0.8544,0.354267000423347,0.354267192608748,0.359998518862418,0.348534641018034,0,
0.853950518754988,,,,,,0.353815768072514
0.8552,0.355070413759658,0.355070614202426,0.360801705543527,0.349338294372949,0,
0.854748603351955,,,,,,0.354617303115543
0.856,0.355873760941936,0.355873973155094,0.361604829912947,0.350141877866743,0,
0.855546687948923,,,,,,0.355418772505365
0.8568,0.356677043153918,0.356677269525358,0.362407892991368,0.350945392629108,0,
0.85634477254589,,,,,,0.356220182099959
0.8576,0.357480261485442,0.357480501991266,0.363210895785583,0.35174883977498,0,
0.857142857142857,,,,,,0.357021527516156
0.8584,0.358283416978855,0.3582836715663,0.364013839288668,0.352552220306236,0,
0.857940941739824,,,,,,0.357822809770189
0.8592,0.359086510662321,0.359086779246265,0.364816724480159,0.353355535261006,0,
0.858739026336792,,,,,,0.358624029860784
0.86,0.359889543549998,0.359889826009297,0.365619552326236,0.354158785776942,0,
0.859537110933759,,,,,,0.359425188769165
0.8608,0.360692516642222,0.360692812815858,0.366422323779906,0.35496197292077,0,
0.860335195530726,,,,,,0.360226287459048
0.8616,0.361495430925685,0.361495740608735,0.367225039781175,0.35576509772823,0,
0.861133280127694,,,,,,0.361027326876647
0.8624,0.362298287373621,0.362298610313044,0.368027701257239,0.356568161220952,0,
0.861931364724661,,,,,,0.361828307950668
0.8632,0.363101086945981,0.363101422836229,0.368830309122656,0.357371164406637,0,
0.862729449321628,,,,,,0.362629231592317
0.864,0.36390383058962,0.36390417906806,0.369632864279533,0.358174108279239,0,
0.863527533918595,,,,,,0.363430098695289
0.8648,0.364706519238471,0.364706879880633,0.370435367617703,0.358976993819148,0,
0.864325618515563,,,,,,0.36423091013578
0.8656,0.365509153813734,0.365509526128373,0.371237819963864,0.359779821993366,0,
0.86512370311253,,,,,,0.365031666772478
0.8664,0.366311735224052,0.366312118648031,0.372040222102459,0.360582593755695,0,
0.865921787709497,,,,,,0.365832369446565
0.8672,0.367114264365691,0.367114658258686,0.372842574906753,0.361385310046916,0,
0.866719872306465,,,,,,0.366633018981722
0.868,0.367916742122725,0.367917145761742,0.373644879264704,0.362187971794967,0,
0.867517956903432,,,,,,0.367433616184122
0.8688,0.368719169265537,0.368719581940934,0.374447135999422,0.36299057991513,0,
0.868316041500399,,,,,,0.368234161842434
0.8696,0.369521546593039,0.36952196756232,0.375249345922313,0.36379313531021,0,
0.869114126097366,,,,,,0.369034656727823
0.8704,0.370323875052855,0.370324303374287,0.376051509833235,0.364595638870713,0,
0.869912210694334,,,,,,0.369835101593948
0.8712,0.371126155474283,0.37112659010755,0.376853628520672,0.365398091424398,0,
0.870710295291301,,,,,,0.370635497176964
0.872,0.371928388674818,0.371928828475149,0.377655702761896,0.366200493756117,0,
0.871508379888268,,,,,,0.37143584419552
0.8728,0.37273057546032,0.372731019172453,0.378457733323135,0.36700284673914,0,
0.872306464485235,,,,,,0.372236143350762
0.8736,0.373532716625179,0.373533164560162,0.379259720959739,0.367805151262433,0,
0.873104549082203,,,,,,0.37303639532633
0.8744,0.374334812952482,0.374335269801644,0.380061666416344,0.368607408149678,0,
0.87390263367917,,,,,,0.373836603499383
0.8752,0.375136865214181,0.37513733356788,0.380863570427042,0.369409618212825,0,
0.874700718276137,,,,,,0.374636774074256
0.876,0.375938874171256,0.375939354079956,0.381665433715543,0.370211782252263,0,
0.875498802873105,,,,,,0.375436901142069
0.8768,0.376740840573886,0.37674133206958,0.382467256995347,0.371013901056989,0,
0.876296887470072,,,,,,0.376236985438067
0.8776,0.377542765161611,0.37754326825431,0.383269040969901,0.371815975404766,0,
0.877094972067039,,,,,,0.377037027683486
0.8784,0.378344648663501,0.37834516333756,0.384070786326481,0.372618006062301,0,
0.877893056664006,,,,,,0.377837028585547
0.8792,0.379146491798323,0.379147018008593,0.38487249365678,0.373419993785403,0,
0.878691141260974,,,,,,0.378636988837457
0.88,0.379948295274704,0.379948832942528,0.385674163616691,0.374221939319153,0,
0.879489225857941,,,,,,0.379436909118411
0.8808,0.380750059791302,0.380750608800334,0.386475796935261,0.37502384339807,0,
0.880287310454908,,,,,,0.380236790093594
0.8816,0.381551786024389,0.381552346228833,0.387277394261799,0.37582570674628,0,
0.881085395051876,,,,,,0.381036632414173
0.8824,0.382353474481545,0.3823540458607,0.388078956236145,0.37662753007768,0,
0.881883479648843,,,,,,0.381836436717305
0.8832,0.383155125967073,0.383155708314464,0.388880483488826,0.377429314096105,0,
0.88268156424581,,,,,,0.382636203626135
0.884,0.383956741135216,0.383957334194503,0.389681976641207,0.37823105948921,0,
0.883479648842777,,,,,,0.383435933749793
0.8848,0.384758320630668,0.384758924091052,0.390483436305649,0.379032766849154,0,
0.884277733439745,,,,,,0.384235627683398
0.8856,0.385559865088723,0.385560478580195,0.391284863085664,0.379834436831927,0,
0.885075818036712,,,,,,0.385035286008053
0.8864,0.386361375135435,0.386361998223871,0.392086257576062,0.380636070167027,0,
0.885873902633679,,,,,,0.385834909290852
0.8872,0.387162851387769,0.387163483569869,0.392887620363117,0.381437667504084,0,
0.886671987230646,,,,,,0.386634498084873
0.888,0.387964294453757,0.387964935151833,0.393688952024712,0.382239229483245,0,
0.887470071827614,,,,,,0.387434052929183
0.8888,0.38876570493265,0.388766353489258,0.394490253130497,0.383040756735332,0,
0.888268156424581,,,,,,0.388233574348836
0.8896,0.389567083415079,0.389567739087493,0.395291524242044,0.383842249881997,0,
0.889066241021548,,,,,,0.389033062854872
0.8904,0.390368430483202,0.390369092437739,0.396092765913,0.384643709535876,0,
0.889864325618516,,,,,,0.389832518944318
0.8912,0.391169746710863,0.391170414017049,0.396893978689243,0.385445136300743,0,
0.890662410215483,,,,,,0.39063194310019
0.892,0.391971032663747,0.391971705823948,0.397695163023921,0.386246530771666,0,
0.89146049481245,,,,,,0.391431335791489
0.8928,0.392772288899531,0.392772971487658,0.398496319382271,0.387047893535163,0,
0.892258579409417,,,,,,0.392230699744831
0.8936,0.393573515968044,0.393574209479001,0.399297448337504,0.387849225169352,0,
0.893056664006385,,,,,,0.393030038988386
0.8944,0.394374714411415,0.394375418785315,0.400098550431642,0.388650526244112,0,
0.893854748603352,,,,,,0.393829349344753
0.8952,0.395175884593731,0.395176599901065,0.400899626165182,0.389451797321234,0,
0.894652833200319,,,,,,0.394628631312788
0.896,0.395977027081869,0.395977753308961,0.401700676031216,0.390253038954575,0,
0.895450917797286,,,,,,0.395427885379703
0.8968,0.396778142455609,0.396778879479956,0.402501700515563,0.391054251690216,0,
0.896249002394254,,,,,,0.396227112021066
0.8976,0.397579231219272,0.397579978873248,0.403302700096911,0.391855435981225,0,
0.897047086991221,,,,,,0.397026311700802
0.8984,0.398380293869699,0.398381051936282,0.404103675246954,0.392656592293329,0,
0.897845171588188,,,,,,0.397825484871192
0.8992,0.399181330896388,0.399182099104746,0.404904626430533,0.393457721199973,0,
0.898643256185156,,,,,,0.398624631972875
0.9,0.39998234278163,0.399983120802572,0.405705554105772,0.394258823243239,0,
0.899441340782123,,,,,,0.399423753434846
0.9008,0.400783330000655,0.400784117441939,0.406506458724219,0.395059898923789,0,
0.90023942537909,,,,,,0.400222849674455
0.9016,0.401584293021762,0.401585089423269,0.407307340730985,0.395860948734871,0,
0.901037509976057,,,,,,0.401021921097411
0.9024,0.402385232306465,0.40238603713523,0.408108200564879,0.396661973162455,0,
0.901835594573025,,,,,,0.401820968097778
0.9032,0.403186148309627,0.403186960954735,0.408909038658551,0.397462972685374,0,
0.902633679169992,,,,,,0.402619991057977
0.904,0.403987041479605,0.40398786124694,0.409709855438629,0.398263947775463,0,
0.903431763766959,,,,,,0.403418990348786
0.9048,0.40478791225838,0.404788738365247,0.410510651252674,0.399064898897694,0,
0.904229848363927,,,,,,0.404217966329339
0.9056,0.405588761081704,0.405589592651303,0.411311426307448,0.39986582651032,0,
0.905027932960894,,,,,,0.405016919347127
0.9064,0.406389588379235,0.406390424435,0.412112181015587,0.400666731065013,0,
0.905826017557861,,,,,,0.405815849737998
0.9072,0.407190394574674,0.407191234034474,0.412912915912182,0.401467613007001,0,
0.906624102154828,,,,,,0.406614757826155
0.908,0.407991179939052,0.407992021756107,0.413713631378217,0.402268472775206,0,
0.907422186751796,,,,,,0.407413643924158
0.9088,0.408791944614502,0.408792787894523,0.414514327788338,0.403069310802388,0,
0.908220271348763,,,,,,0.408212508332926
0.9096,0.4095926892861,0.409593532732595,0.415315005510968,0.40387012751528,0,
0.90901835594573,,,,,,0.409011351341732
0.9104,0.410393414338061,0.410394259145688,0.41611566490841,0.404670923261052,0,
0.909816440542698,,,,,,0.409810173228206
0.9112,0.41119412014821,0.411194971535344,0.416916306336954,0.405471698246106,0,
0.910614525139665,,,,,,0.410608977819948
0.912,0.411994807088091,0.411995666816225,0.417716930146985,0.406272452885016,0,
0.911412609736632,,,,,,0.411407769689353
0.9128,0.412795475523074,0.412796343668115,0.418517536683086,0.407073187711979,0,
0.912210694333599,,,,,,0.412206542959559
0.9136,0.413596125812463,0.41359700243879,0.41931812628415,0.407873903108054,0,
0.913008778930567,,,,,,0.413005297981981
0.9144,0.414396758309597,0.41439764346762,0.420118699283482,0.408674599447962,0,
0.913806863527534,,,,,,0.413804035099704
0.9152,0.415197373361965,0.415198267085565,0.420919256008908,0.409475277100197,0,
0.914604948124501,,,,,,0.414602754647491
0.916,0.415997971311306,0.415998873615181,0.421719796782882,0.410275936427127,0,
0.915403032721469,,,,,,0.415401456951775
0.9168,0.416798552493717,0.416799463370617,0.42252032192259,0.411076577785106,0,
0.916201117318436,,,,,,0.41620014233066
0.9176,0.417599117239765,0.417600036657614,0.42332083174006,0.411877201524578,0,
0.916999201915403,,,,,,0.416998811093929
0.9184,0.418399665874583,0.418400593773506,0.424121326542266,0.412677807990185,0,
0.91779728651237,,,,,,0.417797463543032
0.9192,0.419200198717991,0.419201135007222,0.424921806631235,0.413478397520873,0,
0.918595371109338,,,,,,0.418596099971096
0.92,0.420000716084588,0.420001660639281,0.425722272304157,0.41427897045,0,
0.919393455706305,,,,,,0.41939472066292
0.9208,0.420801218283869,0.420802170941799,0.426522723853487,0.41507952710544,0,
0.920191540303272,,,,,,0.420193325894974
0.9216,0.421601705620328,0.42160266617848,0.427323161567054,0.415880067809692,0,
0.920989624900239,,,,,,0.420991915935405
0.9224,0.422402178393566,0.422403146604627,0.428123585728166,0.416680592879988,0,
0.921787709497207,,,,,,0.421790491044029
0.9232,0.423202636898393,0.423203612467132,0.428923996615722,0.417481102628396,0,
0.922585794094174,,,,,,0.422589051472337
0.924,0.424003081424943,0.424004064004481,0.42972439450431,0.418281597361931,0,
0.923383878691141,,,,,,0.423387597463494
0.9248,0.424803512258774,0.424804501446754,0.43052477966432,0.419082077382659,0,
0.924181963288109,,,,,,0.424186129252337
0.9256,0.425603929680975,0.425604925015623,0.431325152362051,0.419882542987802,0,
0.924980047885076,,,,,,0.424984647065375
0.9264,0.426404333968278,0.426405334924354,0.432125512859814,0.42068299446985,0,
0.925778132482043,,,,,,0.425783151120792
0.9272,0.42720472539316,0.427205731377806,0.432925861416038,0.421483432116663,0,
0.92657621707901,,,,,,0.426581641628444
0.928,0.428005104223949,0.428006114572431,0.433726198285383,0.422283856211583,0,
0.927374301675978,,,,,,0.42738011878986
0.9288,0.428805470724936,0.428806486320947,0.434526523718841,0.423084267033532,0,
0.928172386272945,,,,,,0.428178582798241
0.9296,0.429605825156475,0.429606848745577,0.435326837963843,0.423884664857129,0,
0.928970470869912,,,,,,0.428977035904428
0.9304,0.430406167775095,0.430407200026342,0.436127141264368,0.424685049952789,0,
0.92976855546688,,,,,,0.429775480175661
0.9312,0.431206498833606,0.431207539728308,0.436927433806962,0.425485422586834,0,
0.930566640063847,,,,,,0.4305739127473
0.932,0.432006818581201,0.432007868070809,0.437727715769462,0.426285783021597,0,
0.931364724660814,,,,,,0.431372333842321
0.9328,0.432807127263568,0.432808185266523,0.438527987422983,0.427086131515532,0,
0.932162809257781,,,,,,0.432170743677105
0.9336,0.433607425122997,0.433608491521476,0.439328249039602,0.427886468323318,0,
0.932960893854749,,,,,,0.432969142461446
0.9344,0.4344077122897,0.434408787035039,0.440128500844741,0.428686793695966,0,
0.933758978451716,,,,,,0.433767530398546
0.9352,0.435207988989695,0.43520907199993,0.440928743060878,0.429487107880927,0,
0.934557063048683,,,,,,0.434565907685016
0.936,0.436008255539738,0.436009346602214,0.441728975907649,0.430287411122197,0,
0.93535514764565,,,,,,0.435364274510878
0.9368,0.436808512166758,0.4368096110213,0.442529199601954,0.431087703605735,0,
0.936153232242618,,,,,,0.436162631059561
0.9376,0.437608759094684,0.437609865429945,0.443329414358059,0.431887985509933,0,
0.936951316839585,,,,,,0.436960977507906
0.9384,0.438408996544554,0.438410109994251,0.444129620387703,0.432688257106449,0,
0.937749401436552,,,,,,0.437759314026162
0.9392,0.439209224734616,0.439210344873668,0.4449298179002,0.433488518666893,0,
0.93854748603352,,,,,,0.438557640777989
0.94,0.440009443880432,0.44001057022099,0.44573000710254,0.434288770416701,0,
0.939345570630487,,,,,,0.439355957920454
0.9408,0.440809654194985,0.440810786182359,0.4465301881995,0.43508901257836,0,
0.940143655227454,,,,,,0.440154265604035
0.9416,0.441609855888779,0.441610992897263,0.447330361393741,0.435889245371521,0,
0.940941739824421,,,,,,0.44095256397262
0.9424,0.442410049169946,0.442411190498534,0.448130526885918,0.436689469013095,0,
0.941739824421389,,,,,,0.441750853163506
0.9432,0.443210234244348,0.443211379112352,0.448930684874778,0.437489683717359,0,
0.942537909018356,,,,,,0.442549133307398
0.944,0.444010411315682,0.444011558858245,0.449730835557269,0.438289889696061,0,
0.943335993615323,,,,,,0.443347404528413
0.9448,0.444810580585587,0.444811729849084,0.450530979128641,0.439090087158525,0,
0.94413407821229,,,,,,0.444145666944076
0.9456,0.445610742253739,0.445611892191087,0.451331115782553,0.439890276311753,0,
0.944932162809258,,,,,,0.444943920665322
0.9464,0.446410896517967,0.44641204598382,0.452131245711171,0.44069045736053,0,
0.945730247406225,,,,,,0.445742165796494
0.9472,0.447211043574347,0.447212193931397,0.452931369105281,0.441490630507528,0,
0.946528332003192,,,,,,0.446540402435347
0.948,0.448011183617312,0.448012338379349,0.453731486154384,0.442290795953408,0,
0.94732641660016,,,,,,0.44733863377571
0.9488,0.448811316839754,0.448812476429378,0.454531597046806,0.443090953896929,0,
0.948124501197127,,,,,,0.448136861979074
0.9496,0.449611443433125,0.449612607607941,0.4553317019698,0.443891104535046,0,
0.948922585794094,,,,,,0.44893508321053
0.9504,0.450411563587548,0.450412732070346,0.456131801109648,0.444691248063018,0,
0.949720670391061,,,,,,0.449733297627838
0.9512,0.451211677491915,0.451212849967645,0.45693189465177,0.445491384674513,0,
0.950518754988029,,,,,,0.450531505384543
0.952,0.452011785333993,0.452012961446635,0.457731982780822,0.446291514561707,0,
0.951316839584996,,,,,,0.451329706629976
0.9528,0.45281188730053,0.452813066649857,0.458532065680806,0.447091637915392,0,
0.952114924181963,,,,,,0.452127901509251
0.9536,0.453611983577353,0.453613165715596,0.459332143535168,0.447891754925079,0,
0.952913008778931,,,,,,0.452926090163266
0.9544,0.45441207434948,0.45441325877788,0.460132216526908,0.448691865779102,0,
0.953711093375898,,,,,,0.453724272728705
0.9552,0.455212159801218,0.455213345966484,0.460932284838678,0.449491970664723,0,
0.954509177972865,,,,,,0.454522449338037
0.956,0.456012240116269,0.456013427406924,0.46173234865289,0.450292069768234,0,
0.955307262569832,,,,,,0.455320620119515
0.9568,0.456812315477836,0.456813503220462,0.462532408151821,0.451092163275063,0,
0.9561053471668,,,,,,0.456118785197175
0.9576,0.457612386068723,0.457613573524104,0.463332461254362,0.451892251369875,0,
0.956903431763767,,,,,,0.456916944690841
0.9584,0.458412452071442,0.4584136384306,0.464132507075394,0.452692334236681,0,
0.957701516360734,,,,,,0.457715098716119
0.9592,0.459212513668316,0.459213698048444,0.464932547646436,0.453492412058937,0,
0.958499600957701,,,,,,0.458513247384401
0.96,0.460012571041582,0.460013752481874,0.465732583735645,0.454292485019652,0,
0.959297685554669,,,,,,0.459311390802863
0.9608,0.460812619816718,0.460813801830874,0.466532615465513,0.455092553301488,0,
0.960095770151636,,,,,,0.460109529074466
0.9616,0.461612662644245,0.461613846191168,0.467332642956718,0.455892617086868,0,
0.960893854748603,,,,,,0.460907662297956
0.9624,0.462412700928599,0.46241388565423,0.468132666328187,0.456692676558077,0,
0.961691939345571,,,,,,0.461705790567861
0.9632,0.463212734793192,0.463213920307273,0.468932685697164,0.457492729603938,0,
0.962490023942538,,,,,,0.462503913974498
0.964,0.464012764359591,0.464013950233257,0.469732701179272,0.458292775385569,0,
0.963288108539505,,,,,,0.463302032603966
0.9648,0.464812789747579,0.464813975510885,0.470532712888577,0.459092815926408,0,
0.964086193136472,,,,,,0.464100146538148
0.9656,0.465612811075225,0.46561399705725,0.471332720937659,0.459892851986146,0,
0.96488427773344,,,,,,0.464898255854714
0.9664,0.466412828458941,0.466414015466728,0.472132725437668,0.46069288368727,0,
0.965682362330407,,,,,,0.46569636156673
0.9672,0.467212842013554,0.467214029954169,0.472932726498399,0.461492911150452,0,
0.966480446927374,,,,,,0.466494464213525
0.968,0.46801285185237,0.468014040510946,0.473732724228348,0.462292934494617,0,
0.967278531524342,,,,,,0.467292562861089
0.9688,0.468812858087234,0.46881404723259,0.474532718734783,0.463092953837001,0,
0.968076616121309,,,,,,0.468090657606506
0.9696,0.469612860828602,0.469614050212154,0.475332710123805,0.463892969293223,0,
0.968874700718276,,,,,,0.468888748544375
0.9704,0.470412860185599,0.470414049540251,0.476132698500417,0.464692980977347,0,
0.969672785315243,,,,,,0.469686835766843
0.9712,0.471212856266091,0.471214045305087,0.476932683968584,0.465492989001946,0,
0.970470869912211,,,,,,0.470484919363647
0.972,0.472012849176744,0.472014037592503,0.477732666631303,0.466292993478168,0,
0.971268954509178,,,,,,0.471282999422141
0.9728,0.472812839023091,0.472814026486007,0.478532646590665,0.467092994515802,0,
0.972067039106145,,,,,,0.47208107602734
0.9736,0.4736128259096,0.47361401206681,0.47933262394792,0.467892992223342,0,
0.972865123703113,,,,,,0.472879149261951
0.9744,0.474412809939733,0.474413994413863,0.480132598803543,0.468692986708052,0,
0.97366320830008,,,,,,0.473677219206411
0.9752,0.475212791216018,0.475213973603895,0.480932571257299,0.469492978076029,0,
0.974461292897047,,,,,,0.47447528593892
0.976,0.476012769840107,0.476013949711448,0.481732541408307,0.470292966432274,0,
0.975259377494014,,,,,,0.475273349535479
0.9768,0.476812745912846,0.476813922808909,0.482532509355106,0.471092951880749,0,
0.976057462090982,,,,,,0.476071410069928
0.9776,0.477612719534338,0.477613892966555,0.483332475195718,0.471892934524448,0,
0.976855546687949,,,,,,0.476869467613975
0.9784,0.478412690804008,0.47841386025258,0.484132439027717,0.47269291446546,0,
0.977653631284916,,,,,,0.477667522237238
0.9792,0.479212659820667,0.479213824733138,0.48493240094829,0.473492891805033,0,
0.978451715881884,,,,,,0.478465574007278
0.98,0.480012626682581,0.480013786472375,0.485732361054304,0.474292866643641,0,
0.979249800478851,,,,,,0.479263622989637
0.9808,0.480812591487531,0.480813745532468,0.486532319442368,0.475092839081046,0,
0.980047885075818,,,,,,0.480061669247869
0.9816,0.481612554332881,0.481613701973659,0.487332276208903,0.475892809216368,0,
0.980845969672785,,,,,,0.480859712843581
0.9824,0.48241251531564,0.482413655854292,0.488132231450205,0.476692777148143,0,
0.981644054269753,,,,,,0.481657753836466
0.9832,0.483212474532533,0.483213607230849,0.488932185260797,0.477492742974394,0,
0.98244213886672,,,,,,0.482455792284339
0.984,0.484012432080058,0.48401355693137,0.489732135915884,0.478292706792694,0,
0.983240223463687,,,,,,0.483253828243174
0.9848,0.484812388054558,0.484813505301475,0.490532083251671,0.47909266870023,0,
0.984038308060654,,,,,,0.484051862579514
0.9856,0.485612342552281,0.485613451692313,0.491332028956776,0.479892628793869,0,
0.984836392657622,,,,,,0.484849895607553
0.9864,0.486412295666004,0.486413396145326,0.492131973096358,0.480692587170223,0,
0.985634477254589,,,,,,0.485647926632594
0.9872,0.487212243827543,0.487213338738773,0.492931915734739,0.481492543925712,0,
0.986432561851556,,,,,,0.486445955732606
0.988,0.488012190325829,0.488013279550692,0.493731856935444,0.482292499156633,0,
0.987230646448524,,,,,,0.487243982985276
0.9888,0.488812135226454,0.488813218658961,0.494531796761256,0.483092452957488,0,
0.988028731045491,,,,,,0.488042008468072
0.9896,0.489612078594143,0.489613156141368,0.495331735274258,0.483892403577664,0,
0.988826815642458,,,,,,0.488840032258313
0.9904,0.490412020492806,0.490413092075675,0.496131672535887,0.484692350901701,0,
0.989624900239425,,,,,,0.489638054433225
0.9912,0.491211960985584,0.49121302653968,0.496931608606974,0.485492296595508,0,
0.990422984836393,,,,,,0.490436075070014
0.992,0.492011900134894,0.492012959611286,0.497731543547802,0.486292240724239,0,
0.99122106943336,,,,,,0.491234094245924
0.9928,0.492811838002483,0.492812891368563,0.498531477418142,0.487092183352211,0,
0.992019154030327,,,,,,0.492032112038303
0.9936,0.493611774649473,0.493612821889816,0.499331410277314,0.487892124542946,0,
0.992817238627295,,,,,,0.492830128524669
0.9944,0.494411710136405,0.494412751253646,0.500131342184223,0.488692064359222,0,
0.993615323224262,,,,,,0.493628143782771
0.9952,0.495211644523295,0.495212679539019,0.500931273197414,0.489492002863119,0,
0.994413407821229,,,,,,0.494426157890658
0.996,0.496011577869674,0.496012606825331,0.501731203375117,0.49029194011607,0,
0.995211492418196,,,,,,0.495224170926739
0.9968,0.496811510234641,0.496812533192468,0.502531132775299,0.491091876178904,0,
0.996009577015164,,,,,,0.496022182969848
0.9976,0.49761144167691,0.497612458720879,0.503331061455705,0.491891811111899,0,
0.996807661612131,,,,,,0.496820194099311
0.9984,0.498411372254854,0.498412383491632,0.504130989473912,0.492691744974827,0,
0.997605746209098,,,,,,0.497618204395008
0.9992,0.49921130202656,0.499212307586488,0.504930916887373,0.493491677827002,0,
0.998403830806065,,,,,,0.498416213937436
1,0.500011231049871,0.50001223108796,0.505730843753468,0.494291609727328,0,
0.999201915403033,,,,,,0.499214222807777
1.0008,0.500811159382435,0.500812154078362,0.506530770129551,0.49509154073435,0,
1,,,,,,0.50001223108796
1.00079808459697,,,,,,0.500810238860724
1.0016,0.501611087081756,0.501612076636158,0.507330696072994,0.495891470906297,0,
1.00159616919393,,,,,,0.501608246209687
1.0024,0.502411014205238,0.502411997349772,0.508130621641241,0.496691400301132,0,
1.0023942537909,,,,,,0.502406251724471
1.0032,0.503210940810236,0.503211916065193,0.508930546891854,0.4974913289766,0,
1.00319233838787,,,,,,0.503204255238471
1.004,0.504010866954101,0.504011834047084,0.509730471882557,0.498291256990279,0,
1.00399042298484,,,,,,0.50400225802199
1.0048,0.504810792694232,0.504811751333837,0.510530396671291,0.499091184399621,0,
1.0047885075818,,,,,,0.504800260113161
1.0056,0.505610718088117,0.505611667962666,0.511330321316253,0.499891111262006,0,
1.00558659217877,,,,,,0.505598261548953
1.0064,0.50641064319339,0.506411583969627,0.512130245875952,0.500691037634787,0,
1.00638467677574,,,,,,0.506396262365185
1.0072,0.507210568067871,0.507211499389631,0.512930170409253,0.50149096357534,0,
1.00718276137271,,,,,,0.507194262596542
1.008,0.508010492769618,0.508011414256459,0.513730094975427,0.502290889141108,0,
1.00798084596967,,,,,,0.507992262276591
1.0088,0.508810417356975,0.508811328602783,0.514530019634195,0.503090814389653,0,
1.00877893056664,,,,,,0.508790261437796
1.0096,0.509610341888618,0.509611242460174,0.515329943990278,0.503890739378703,0,
1.00957701516361,,,,,,0.509588260111537
1.0104,0.510410266423602,0.510411155859124,0.516129866442658,0.504690664166199,0,
1.01037509976057,,,,,,0.510386258328118
1.0112,0.511210191021415,0.51121106882906,0.516929787226102,0.505490588810341,0,
1.01117318435754,,,,,,0.51118425611679
1.012,0.512010115742018,0.512010981398357,0.517729707796516,0.506290513369641,0,
1.01197126895451,,,,,,0.511982253505764
1.0128,0.512810039728318,0.512810893594357,0.518529628182476,0.507090437902967,0,
1.01276935355148,,,,,,0.512780250522225
1.0136,0.513609960624606,0.513610805443386,0.519329548412151,0.50789036246959,0,
1.01356743814844,,,,,,0.513578247192348
1.0144,0.514409881293573,0.514410716970763,0.520129468513332,0.508690287129238,0,
1.01436552274541,,,,,,0.514376243541315
1.0152,0.515209801764007,0.515210628200823,0.520929388513463,0.509490211480058,0,
1.01516360734238,,,,,,0.515174239593332
1.016,0.51600972206427,0.51601053915693,0.521729308439672,0.510290133910266,0,
1.01596169193935,,,,,,0.515972235371639
1.0168,0.516809642222335,0.516810449861492,0.522529228318803,0.511090054692077,0,
1.01675977653631,,,,,,0.516770230898531
1.0176,0.517609562265809,0.517610360335977,0.523329148177447,0.511889975261064,0,
1.01755786113328,,,,,,0.51756822619537
1.0184,0.518409482221969,0.518410270600928,0.524129068041972,0.512689895645801,0,
1.01835594573025,,,,,,0.518366221282604
1.0192,0.519209402117794,0.519210180675983,0.524928987938555,0.513489815874455,0,
1.01915403032721,,,,,,0.519164216179778
1.02,0.52000932197999,0.520010090613873,0.525728907893212,0.514289735974812,0,
1.01995211492418,,,,,,0.519962210905554
1.0208,0.520809241835031,0.520810000968914,0.526528827931831,0.515089655974316,0,
1.02075019952115,,,,,,0.520760206044209
1.0216,0.521609161709178,0.521609911751666,0.527328748080201,0.515889575900091,0,
1.02154828411812,,,,,,0.521558201632419
1.0224,0.522409081628521,0.522409822616186,0.528128668364045,0.516689495778981,0,
1.02234636871508,,,,,,0.522356197299809
1.0232,0.523209001619003,0.523209733595557,0.52892858880905,0.517489415637574,0,
1.02314445331205,,,,,,0.523154193079225
1.024,0.524008921706455,0.524009644722897,0.529728509440898,0.518289335502236,0,
1.02394253790902,,,,,,0.523952189003542
1.0248,0.524808841916626,0.524809556031388,0.530528430285296,0.519089255399144,0,
1.02474062250599,,,,,,0.524750185105698
1.0256,0.52560876227521,0.525609467554306,0.531328351368009,0.519889175354312,0,
1.02553870710295,,,,,,0.525548181418724
1.0264,0.526408682807886,0.526409379325059,0.532128272714893,0.520689095393628,0,
1.02633679169992,,,,,,0.526346177975775
1.0272,0.52720860354034,0.527209291377222,0.532928194351922,0.52148901554288,0,
1.02713487629689,,,,,,0.527144174810169
1.028,0.528008524498301,0.52800920374456,0.533728116305217,0.52228893582779,0,
1.02793296089385,,,,,,0.527942171955414
1.0288,0.528808445707573,0.528809116461073,0.534528038601086,0.523088856274046,0,
1.02873104549082,,,,,,0.528740169445243
1.0296,0.52960836719406,0.529609029561023,0.535327961266047,0.523888776907328,0,
1.02952913008779,,,,,,0.529538167313647
1.0304,0.530408288983806,0.530408943078967,0.536127884326863,0.524688697753346,0,
1.03032721468476,,,,,,0.530336165594908
1.0312,0.531208211103016,0.531208857049793,0.53692780781057,0.525488618837865,0,
1.03112529928172,,,,,,0.531134164323629
1.032,0.532008133578098,0.532008771508749,0.537727731744513,0.52628854018674,0,
1.03192338387869,,,,,,0.531932163534773
1.0328,0.532808056435683,0.532808686491481,0.538527656156371,0.527088461825944,0,
1.03272146847566,,,,,,0.532730163263687
1.0336,0.533607979702665,0.533608602034064,0.539327581074194,0.527888383781605,0,
1.03351955307263,,,,,,0.533528163546144
1.0344,0.534407903406228,0.534408518173033,0.540127506526428,0.528688306080028,0,
1.03431763766959,,,,,,0.534326164418367
1.0352,0.535207827573878,0.53520843494542,0.540927432541953,0.529488228747733,0,
1.03511572226656,,,,,,0.535124165917069
1.036,0.536007752233471,0.536008352388786,0.54172735856375,0.530288151811486,0,
1.03591380686353,,,,,,0.535922168079483
1.0368,0.536807677413249,0.536808270541249,0.542527283819758,0.531088075298324,0,
1.03671189146049,,,,,,0.536720170943393
1.0376,0.537607603141871,0.537608189441529,0.543327208752983,0.531887999235593,0,
1.03750997605746,,,,,,0.537518174547168
1.0384,0.538407529448437,0.538408108969694,0.544127134015366,0.532687923650977,0,
1.03830806065443,,,,,,0.538316178929797
1.0392,0.539207455181357,0.539208027949285,0.544927059616543,0.533487848572526,0,
1.0391061452514,,,,,,0.539114182748349
1.04,0.540007379953572,0.540007946619804,0.545726985566033,0.534287774028692,0,
1.03990422984836,,,,,,0.539912186157662
1.0408,0.54080730505013,0.540807865734501,0.546526911873262,0.535087700048354,0,
1.04070231444533,,,,,,0.540710190008841
1.0416,0.54160723048073,0.541607785294804,0.547326838547577,0.535887626066044,0,
1.0415003990423,,,,,,0.541508194303445
1.0424,0.542407156254945,0.542407705301004,0.548126765598274,0.536687551315171,0,
1.04229848363927,,,,,,0.542306199041904
1.0432,0.54320708238224,0.543207625752241,0.548926693034613,0.537487476250719,0,
1.04309656823623,,,,,,0.543104204223512
1.044,0.544007008871996,0.544007546646503,0.549726620865838,0.538287401515495,0,
1.0438946528332,,,,,,0.543902209846422
1.0448,0.544806935733532,0.544807467980616,0.550526549101204,0.539087327119133,0,
1.04469273743017,,,,,,0.544700215907638
1.0456,0.545606862976117,0.54560738975024,0.551326477749988,0.539887253071151,0,
1.04549082202713,,,,,,0.545498222403008
1.0464,0.546406790609,0.546407311949859,0.552126406821517,0.540687179380974,0,
1.0462889066241,,,,,,0.546296229327217
1.0472,0.547206718641426,0.547207234572778,0.552926336325187,0.541487106057951,0,
1.04708699122107,,,,,,0.547094236673783
1.048,0.548006647082654,0.548007157611115,0.553726266270476,0.542287033111374,0,
1.04788507581804,,,,,,0.547892244435048
1.0488,0.548806575941983,0.54880708105579,0.554526196666978,0.543086960550504,0,
1.048683160415,,,,,,0.548690252602174
1.0496,0.549606505228768,0.549607004896527,0.55532612752441,0.543886888384588,0,
1.04948124501197,,,,,,0.54948826116513
1.0504,0.550406434952442,0.55040692912184,0.556126058852639,0.544686816622876,0,
1.05027932960894,,,,,,0.550286270112694
1.0512,0.551206365122536,0.551206853719028,0.556925990661705,0.545486745274649,0,
1.05107741420591,,,,,,0.551084279432442
1.052,0.552006295748701,0.552006778674171,0.557725922961834,0.546286674349233,0,
1.05187549880287,,,,,,0.551882289110739
1.0528,0.552806226840725,0.55280670397212,0.558525855763463,0.547086603856023,0,
1.05267358339984,,,,,,0.552680299132739
1.0536,0.553606158408556,0.553606629596493,0.559325789077261,0.547886533804501,0,
1.05347166799681,,,,,,0.55347830948237
1.0544,0.554406090462322,0.554406555529665,0.560125722914147,0.548686464204259,0,
1.05426975259377,,,,,,0.554276320142336
1.0552,0.555206023012352,0.555206481752765,0.560925657285312,0.549486395065016,0,
1.05506783719074,,,,,,0.555074331094104
1.056,0.556005956069194,0.556006408245667,0.561725592202237,0.550286326396641,0,
1.05586592178771,,,,,,0.5558723423179
1.0568,0.556805889643637,0.556806334986985,0.562525527676718,0.551086258209173,0,
1.05666400638468,,,,,,0.556670353792703
1.0576,0.557605823746733,0.557606261954063,0.563325463720882,0.551886190512841,0,
1.05746209098164,,,,,,0.557468365496235
1.0584,0.558405758389812,0.558406189122973,0.564125400347209,0.552686123318083,0,
1.05826017557861,,,,,,0.55826637740496
1.0592,0.559205693584511,0.559206116468504,0.564925337568551,0.55348605663557,0,
1.05905826017558,,,,,,0.559064389494073
1.06,0.560005629342786,0.560006043964159,0.565725275398157,0.554285990476223,0,
1.05985634477255,,,,,,0.559862401737493
1.0608,0.560805565676936,0.560805971582144,0.566525213849687,0.555085924851233,0,
1.06065442936951,,,,,,0.56066041410786
1.0616,0.561605502599625,0.561605899293368,0.567325152937236,0.555885859772087,0,
1.06145251396648,,,,,,0.561458426576526
1.0624,0.562405440123898,0.562405827067426,0.568125092088738,0.556685795250579,0,
1.06225059856345,,,,,,0.562256439113548
1.0632,0.563205378263207,0.563205754872605,0.568925030964398,0.55748573129884,0,
1.06304868316041,,,,,,0.563054451687684
1.064,0.564005317031426,0.564005682675866,0.569724970055886,0.558285667929353,0,
1.06384676775738,,,,,,0.563852464266382
1.0648,0.564805256442873,0.564805610442845,0.570524909608019,0.559085605154972,0,
1.06464485235435,,,,,,0.564650476815778
1.0656,0.565605195330711,0.565605538137841,0.571324849622881,0.559885542988949,0,
1.06544293695132,,,,,,0.565448489300687
1.0664,0.566405134194019,0.566405465723813,0.572124790102627,0.560685481444946,0,
1.06624102154828,,,,,,0.566246501684596
1.0672,0.567205073516953,0.567205393162373,0.572924731049502,0.561485420537063,0,
1.06703910614525,,,,,,0.567044513929659
1.068,0.568005013301563,0.568005320413775,0.573724672465849,0.562285359684847,0,
1.06783719074222,,,,,,0.567842525996689
1.0688,0.568804953549966,0.568805247436917,0.574524614354125,0.563085298560333,0,
1.06863527533919,,,,,,0.568640537845152
1.0696,0.569604894264361,0.569605174189323,0.575324556716913,0.563885237655085,0,
1.06943335993615,,,,,,0.56943854943316
1.0704,0.570404835447037,0.570405100627146,0.576124499556937,0.564685177210496,0,
1.07023144453312,,,,,,0.570236560717465
1.0712,0.571204777100393,0.571205026705157,0.576924442877073,0.565485117228649,0,
1.07102952913009,,,,,,0.571034571653454
1.072,0.572004719226944,0.572004952376738,0.577724386680364,0.566285057711701,0,
1.07182761372706,,,,,,0.571832582195136
1.0728,0.572804661829342,0.572804877593877,0.578524330970034,0.567084998661897,0,
1.07262569832402,,,,,,0.572630592295145
1.0736,0.573604604910383,0.57360480230716,0.579324275749499,0.567884940081582,0,
1.07342378292099,,,,,,0.573428601904725
1.0744,0.574404548473024,0.574404726465766,0.580124221022381,0.568684881973212,0,
1.07422186751796,,,,,,0.574226610973727
1.0752,0.575204492520397,0.575204652077774,0.580924166792525,0.569484824339373,0,
1.07501995211492,,,,,,0.575024619450603
1.076,0.576004437055818,0.576004585399038,0.581724113064007,0.570284767182787,0,
1.07581803671189,,,,,,0.575822636415013
1.0768,0.576804382082805,0.576804522655202,0.58252405984115,0.571084710506334,0,
1.07661612130886,,,,,,0.576620658274772
1.0776,0.577604327605087,0.577604460540636,0.583324007128538,0.571884654313058,0,
1.07741420590583,,,,,,0.577418680759275
1.0784,0.578404273626623,0.578404399061938,0.584123954931027,0.572684598606182,0,
1.07821229050279,,,,,,0.578216703875085
1.0792,0.57920422015161,0.579204338225651,0.584923903253761,0.573484543389125,0,
1.07901037509976,,,,,,0.579014727628711
1.08,0.580004167184499,0.580004278038264,0.585723852102183,0.574284488665511,0,
1.07980845969673,,,,,,0.579812752026607
1.0808,0.580804114730006,0.580804218506214,0.58652380148205,0.575084434439185,0,
1.0806065442937,,,,,,0.580610777075178
1.0816,0.581604062793132,0.581604159635883,0.587323751399448,0.575884380714226,0,
1.08140462889066,,,,,,0.581408802780773
1.0824,0.582404011379166,0.5824041014336,0.588123701860799,0.576684327494958,0,
1.08220271348763,,,,,,0.582206829149688
1.0832,0.583203960493706,0.583204043905641,0.588923652872881,0.577484274785968,0,
1.0830007980846,,,,,,0.583004856188168
1.084,0.584003910142672,0.584003987058227,0.589723604442838,0.578284222592112,0,
1.08379888268156,,,,,,0.583802883902403
1.0848,0.584803860332314,0.584803930897527,0.590523556578196,0.579084170918537,0,
1.08459696727853,,,,,,0.584600912298531
1.0856,0.585603811069232,0.585603875429655,0.591323509286872,0.57988411977069,0,
1.0853950518755,,,,,,0.585398941382635
1.0864,0.586403762360385,0.586403820660672,0.592123462577191,0.580684069154328,0,
1.08619313647247,,,,,,0.586196971160749
1.0872,0.587203714213104,0.587203766596587,0.592923416457899,0.581484019075538,0,
1.08699122106943,,,,,,0.586995001638849
1.088,0.588003666635109,0.588003713243352,0.593723370938175,0.582283969540748,0,
1.0877893056664,,,,,,0.587793032822862
1.0888,0.588803619634521,0.588803660606868,0.594523325369199,0.583083920556736,0,
1.08858739026337,,,,,,0.588591064718658
1.0896,0.589603573219872,0.589603608692983,0.595323279614319,0.58388387213065,0,
1.08938547486034,,,,,,0.589389097332059
1.0904,0.590403527400122,0.590403557507489,0.596123234254035,0.584683824270017,0,
1.0901835594573,,,,,,0.590187130668829
1.0912,0.591203482184673,0.591203507056125,0.59692318933559,0.585483776982758,0,
1.09098164405427,,,,,,0.590985164734682
1.092,0.592003436257163,0.592003457344579,0.597723144858413,0.586283730277202,0,
1.09177972865124,,,,,,0.591783199535278
1.0928,0.592803390677359,0.592803408378482,0.598523100822044,0.587083684162095,0,
1.0925778132482,,,,,,0.592581235076224
1.0936,0.593603345539703,0.593603360163414,0.599323057226141,0.587883638646621,0,
1.09337589784517,,,,,,0.593379271363072
1.0944,0.594403300843573,0.594403312704899,0.600123014070488,0.588683593072637,0,
1.09417398244214,,,,,,0.594177308401325
1.0952,0.595203256588449,0.59520326600841,0.600922971355002,0.589483547320202,0,
1.09497206703911,,,,,,0.59497534619643
1.096,0.59600321277393,0.596003220079365,0.601722929079743,0.590283501963027,0,
1.09577015163607,,,,,,0.595773384753782
1.0968,0.596803169399735,0.596803174923128,0.602522887244917,0.591083457047686,0,
1.09656823623304,,,,,,0.596571424078722
1.0976,0.597603126465715,0.59760313054501,0.603322845850889,0.591883412573609,0,
1.09736632083001,,,,,,0.597369464176538
1.0984,0.598403083971854,0.598403086950269,0.604122804898184,0.592683368540335,0,
1.09816440542698,,,,,,0.598167505052467
1.0992,0.599203041918286,0.59920304414411,0.6049227643875,0.593483324947525,0,
1.09896249002394,,,,,,0.59896554671169
1.1,0.600003000305294,0.600003002131681,0.605722724319715,0.594283281794962,0,
1.09976057462091,,,,,,0.599763589159337
1.1008,0.600802959133322,0.60080296091808,0.606522684695889,0.595083239082567,0,
1.10055865921788,,,,,,0.600561632400484
1.1016,0.601602918402981,0.601602920508351,0.60732264551728,0.595883196810398,0,
1.10135674381484,,,,,,0.601359676440154
1.1024,0.602402878115056,0.602402880907481,0.608122606785345,0.596683154978663,0,
1.10215482841181,,,,,,0.602157721283318
1.1032,0.603202838270517,0.603202842120409,0.608922568501749,0.597483113587728,0,
1.10295291300878,,,,,,0.602955766934892
1.104,0.60400279887052,0.604002804152016,0.609722530668374,0.59828307263812,0,
1.10375099760575,,,,,,0.603753813399741
1.1048,0.604802759916422,0.604802767007131,0.610522493287325,0.599083032130537,0,
1.10454908220271,,,,,,0.604551860682674
1.1056,0.605602721409783,0.605602730690529,0.61132245636094,0.599882992065859,0,
1.10534716679968,,,,,,0.605349908788452
1.1064,0.606402683352375,0.606402695206932,0.612122419891793,0.600682952445148,0,
1.10614525139665,,,,,,0.606147957721777
1.1072,0.60720264574619,0.607202660561009,0.612922383882706,0.601482913269662,0,
1.10694333599362,,,,,,0.606946007487302
1.108,0.60800260859345,0.608002626757373,0.613722348336754,0.60228287454086,0,
1.10774142059058,,,,,,0.607744058089625
1.1088,0.608802571896609,0.608802593800586,0.614522313257272,0.603082836260409,0,
1.10853950518755,,,,,,0.608542109533292
1.1096,0.609602535658363,0.609602561695156,0.615322278647867,0.603882798430191,0,
1.10933758978452,,,,,,0.609340161822796
1.1104,0.610402499881661,0.610402530445535,0.616122244512418,0.604682761052315,0,
1.11013567438148,,,,,,0.610138214962576
1.1112,0.611202464569706,0.611202500056125,0.61692221085509,0.605482724129119,0,
1.11093375897845,,,,,,0.610936268957018
1.112,0.612002429725969,0.612002468816439,0.61772217768034,0.606282687663179,0,
1.11173184357542,,,,,,0.611734323810456
1.1128,0.612802395354191,0.612802434320672,0.618522144992921,0.607082651657318,0,
1.11252992817239,,,,,,0.612532374423501
1.1136,0.613602361458394,0.61360239913001,0.619322112797895,0.607882616114613,0,
1.11332801276935,,,,,,0.613330423765023
1.1144,0.614402328042888,0.614402364378622,0.620122081019724,0.608682581038402,0,
1.11412609736632,,,,,,0.614128473544912
1.1152,0.615202295112276,0.615202330063003,0.620922049203552,0.609482546432293,0,
1.11492418196329,,,,,,0.614926523759685
1.116,0.616002262671467,0.616002296179646,0.621722017362935,0.610282512300167,0,
1.11572226656026,,,,,,0.61572457440586
1.1168,0.616802230725676,0.616802262725044,0.62252198589678,0.611082478646191,0,
1.11652035115722,,,,,,0.616522625479957
1.1176,0.617602199117477,0.617602229695691,0.623321954803004,0.611882445474825,0,
1.11731843575419,,,,,,0.617320676978493
1.1184,0.618402167090413,0.618402197088079,0.624121924079574,0.612682412790822,0,
1.11811652035116,,,,,,0.618118728897987
1.1192,0.61920213543886,0.619202164898702,0.62492189372452,0.613482380599248,0,
1.11891460494812,,,,,,0.618916781234957
1.12,0.620002104160707,0.620002133124053,0.625721863735928,0.61428234882343,0,
1.11971268954509,,,,,,0.619714833985921
1.1208,0.620802073253894,0.620802101760624,0.626521834111953,0.615082317004338,0,
1.12051077414206,,,,,,0.620512887147397
1.1216,0.621602042716421,0.621602070804911,0.627321804850816,0.615882285166339,0,
1.12130885873903,,,,,,0.621310940715905
1.1224,0.622402012546344,0.622402040253405,0.628121775950808,0.616682253702787,0,
1.12210694333599,,,,,,0.622108994687961
1.1232,0.623201982741783,0.6232020101026,0.628921747410294,0.617482222611597,0,
1.12290502793296,,,,,,0.622907049060085
1.124,0.624001953300926,0.62400198034899,0.629721719227718,0.618282191890741,0,
1.12370311252993,,,,,,0.623705103828795
1.1248,0.624801924222028,0.624801950989066,0.630521691401601,0.619082161538245,0,
1.1245011971269,,,,,,0.624503158990609
1.1256,0.625601895503417,0.625601922019324,0.631321663930551,0.619882131552199,0,
1.12529928172386,,,,,,0.625301214542044
1.1264,0.626401867143496,0.626401893436254,0.63212163681326,0.620682101930756,0,
1.12609736632083,,,,,,0.626099270479621
1.1272,0.627201839140748,0.627201865236352,0.632921610048511,0.621482072672138,0,
1.1268954509178,,,,,,0.626897326799857
1.128,0.628001811493737,0.628001837416111,0.63372158363518,0.622282043774637,0,
1.12769353551476,,,,,,0.627695383499269
1.1288,0.628801784201111,0.628801809972023,0.634521557572238,0.623082015236618,0,
1.12849162011173,,,,,,0.628493440574377
1.1296,0.629601757261609,0.629601782900581,0.635321531858757,0.623881987056526,0,
1.1292897047087,,,,,,0.629291498021699
1.1304,0.630401730674059,0.63040175619828,0.636121506493908,0.624681959232883,0,
1.13008778930567,,,,,,0.630089555837753
1.1312,0.631201704437385,0.631201729861611,0.636921481476972,0.625481931764297,0,
1.13088587390263,,,,,,0.630887614019058
1.132,0.632001678550606,0.632001703887069,0.637721456807337,0.626281904649461,0,
1.1316839584996,,,,,,0.631685672562131
1.1328,0.632801653012845,0.632801678271147,0.6385214324845,0.627081877887157,0,
1.13248204309657,,,,,,0.632483731463491
1.1336,0.633601627823327,0.633601653010337,0.639321408508078,0.627881851476264,0,
1.13328012769354,,,,,,0.633281790719656
1.1344,0.634401602981385,0.634401628101134,0.640121384877802,0.628681825415752,0,
1.1340782122905,,,,,,0.634079850327144
1.1352,0.635201578486463,0.635201603540029,0.640921361593528,0.629481799704694,0,
1.13487629688747,,,,,,0.634877910282475
1.136,0.636001554338117,0.636001579323517,0.641721338655233,0.630281774342263,0,
1.13567438148444,,,,,,0.635675970582165
1.1368,0.63680153053602,0.636801555448091,0.642521316063025,0.63108174932774,0,
1.1364724660814,,,,,,0.636474031222734
1.1376,0.637601507079965,0.637601531910244,0.64332129381714,0.631881724660512,0,
1.13727055067837,,,,,,0.6372720922007
1.1384,0.638401483969869,0.638401508706469,0.64412127191795,0.63268170034008,0,
1.13806863527534,,,,,,0.63807015351258
1.1392,0.639201461205774,0.63920148583326,0.644921250365964,0.633481676366059,0,
1.13886671987231,,,,,,0.638868215154894
1.14,0.640001438787852,0.640001463287109,0.645721229161831,0.634281652738183,0,
1.13966480446927,,,,,,0.63966627712416
1.1408,0.640801416716406,0.64080144106451,0.646521208210084,0.635081629456307,0,
1.14046288906624,,,,,,0.640464339416895
1.1416,0.641601394991876,0.641601419161956,0.647321187339669,0.635881606520411,0,
1.14126097366321,,,,,,0.641262402029619
1.1424,0.64240137361484,0.64240139757594,0.648121166613733,0.636681583930602,0,
1.14205905826018,,,,,,0.642060464958849
1.1432,0.64320135258602,0.643201376302956,0.648921146170846,0.637481561687117,0,
1.14285714285714,,,,,,0.642858528201104
1.144,0.644001331712421,0.644001355339497,0.649721126008151,0.638281539790331,0,
1.14365522745411,,,,,,0.643656591752902
1.1448,0.644801310845234,0.644801334682055,0.650521106122809,0.639081518240752,0,
1.14445331205108,,,,,,0.644454655610761
1.1456,0.645601290262518,0.645601314327125,0.651321086511999,0.639881497039029,0,
1.14525139664804,,,,,,0.645252719771199
1.1464,0.646401269961409,0.646401294271199,0.652121067172916,0.640681476088357,0,
1.14604948124501,,,,,,0.646050784230736
1.1472,0.647201249939057,0.647201274510771,0.652921048102779,0.641481455217986,0,
1.14684756584198,,,,,,0.646848848985889
1.148,0.648001230192634,0.648001255042334,0.653721029298824,0.64228143449402,0,
1.14764565043895,,,,,,0.647646914033176
1.1488,0.648801210719325,0.648801235782058,0.654521010758311,0.643081414053081,0,
1.14844373503591,,,,,,0.648444979369116
1.1496,0.649601191516338,0.649601216682564,0.655320992478522,0.643881393892315,0,
1.14924181963288,,,,,,0.649243044810294
1.1504,0.6504011725809,0.65040119782816,0.656120974456765,0.644681374008882,0,
1.15003990422985,,,,,,0.650041110479344
1.1512,0.651201153910259,0.651201179236911,0.656920956690371,0.64548135439996,0,
1.15083798882682,,,,,,0.650839176412003
1.152,0.652001135501685,0.652001160905004,0.657720939176699,0.646281335062748,0,
1.15163607342378,,,,,,0.651637242604482
1.1528,0.652801117352474,0.652801142828623,0.658520921913133,0.64708131599446,0,
1.15243415802075,,,,,,0.652435309052995
1.1536,0.653601099459945,0.653601125003953,0.659320904897088,0.647881297192335,0,
1.15323224261772,,,,,,0.653233375753754
1.1544,0.654401081821442,0.65440110742718,0.660120888126007,0.648681278653634,0,
1.15403032721468,,,,,,0.654031442702971
1.1552,0.655201064434336,0.65520109009449,0.660920871597364,0.649481260375638,0,
1.15482841181165,,,,,,0.65482950989686
1.156,0.656001047296029,0.656001073002066,0.661720855308665,0.650281242355654,0,
1.15562649640862,,,,,,0.655627577331632
1.1568,0.656801030403947,0.656801056146095,0.662520839257448,0.651081224591015,0,
1.15642458100559,,,,,,0.6564256450035
1.1576,0.657601013755549,0.657601039522762,0.663320823441284,0.651881207079079,0,
1.15722266560255,,,,,,0.657223712908677
1.1584,0.658400997348326,0.658401023128252,0.664120807857782,0.652681189817232,0,
1.15802075019952,,,,,,0.658021781043375
1.1592,0.659200981179798,0.65920100695875,0.664920792504583,0.653481172802887,0,
1.15881883479649,,,,,,0.658819849403806
1.16,0.660000965247522,0.660000991010441,0.665720777379368,0.654281156033489,0,
1.15961691939346,,,,,,0.659617917986184
1.1608,0.660800949549085,0.660800975279511,0.666520762479855,0.655081139506511,0,
1.16041500399042,,,,,,0.66041598678672
1.1616,0.661600934082113,0.661600959762145,0.667320747803801,0.655881123219459,0,
1.16121308858739,,,,,,0.661214055801627
1.1624,0.662400918844268,0.662400944454528,0.668120733349003,0.656681107169872,0,
1.16201117318436,,,,,,0.662012125027117
1.1632,0.663200903833248,0.663200929352845,0.668920719113301,0.657481091355322,0,
1.16280925778132,,,,,,0.662810194459404
1.164,0.66400088904679,0.664000914453282,0.669720705094575,0.658281075773416,0,
1.16360734237829,,,,,,0.663608264094699
1.1648,0.664800874482673,0.664800899752023,0.670520691290751,0.659081060421798,0,
1.16440542697526,,,,,,0.664406333929216
1.1656,0.665600860138713,0.665600885245255,0.671320677699796,0.659881045298147,0,
1.16520351157223,,,,,,0.665204403959166
1.1664,0.666400846012771,0.666400870929163,0.672120664319728,0.660681030400183,0,
1.16600159616919,,,,,,0.666002474180762
1.1672,0.667200832102749,0.66720085679993,0.672920651134388,0.661481015725662,0,
1.16679968076616,,,,,,0.666800544590217
1.168,0.668000818406595,0.668000842853744,0.673720638129414,0.662281001272382,0,
1.16759776536313,,,,,,0.667598615183743
1.1688,0.6688008049223,0.668800829086788,0.674520625312195,0.663080987038182,0,
1.1683958499601,,,,,,0.668396685957553
1.1696,0.669600791647903,0.669600815495249,0.675320612687814,0.663880973020944,0,
1.16919393455706,,,,,,0.669194756907859
1.1704,0.670400778552856,0.670400802075311,0.676120600253525,0.664680959218593,0,
1.16999201915403,,,,,,0.669992828030873
1.1712,0.671200765639205,0.67120078882316,0.676920588006585,0.665480945629099,0,
1.170790103751,,,,,,0.670790899322809
1.172,0.672000752919756,0.672000775734981,0.677720575944252,0.666280932250476,0,
1.17158818834796,,,,,,0.671588970779878
1.1728,0.672800740391761,0.672800762806959,0.678520564063785,0.667080919066372,0,
1.17238627294493,,,,,,0.672387042398294
1.1736,0.673600728052477,0.673600750035279,0.679320552362445,0.667880906062647,0,
1.1731843575419,,,,,,0.673185114174268
1.1744,0.674400715899161,0.674400737416127,0.680120540837495,0.668680893246766,0,
1.17398244213887,,,,,,0.673983186104013
1.1752,0.675200703929072,0.675200724945688,0.680920529486198,0.669480880623703,0,
1.17478052673583,,,,,,0.674781258183742
1.176,0.676000692139469,0.676000712620147,0.68172051830582,0.670280868190713,0,
1.1755786113328,,,,,,0.675579330409667
1.1768,0.676800680527615,0.67680070043569,0.682520507293628,0.671080855945053,0,
1.17637669592977,,,,,,0.676377402778001
1.1776,0.677600669090773,0.677600688388501,0.68332049644689,0.671880843883981,0,
1.17717478052674,,,,,,0.677175475284956
1.1784,0.678400657826207,0.678400676474766,0.684120485762877,0.672680832004756,0,
1.1779728651237,,,,,,0.677973547926745
1.1792,0.679200646731183,0.67920066469067,0.684920475238859,0.673480820304639,0,
1.17877094972067,,,,,,0.67877162069958
1.18,0.68000063580297,0.680000653032398,0.68572046487211,0.674280808780893,0,
1.17956903431764,,,,,,0.679569693599673
1.1808,0.680800625038836,0.680800641496136,0.686520454659904,0.675080797430782,0,
1.1803671189146,,,,,,0.680367766623238
1.1816,0.681600614436053,0.681600630078068,0.687320444599516,0.67588078625157,0,
1.18116520351157,,,,,,0.681165839766486
1.1824,0.682400603991891,0.682400618774381,0.688120434688226,0.676680775240526,0,
1.18196328810854,,,,,,0.681963913025631
1.1832,0.683200593703626,0.683200607581259,0.688920424923311,0.677480764394916,0,
1.18276137270551,,,,,,0.682761986396885
1.184,0.684000583568532,0.684000596494887,0.689720415302052,0.678280753712012,0,
1.18355945730247,,,,,,0.683560059876459
1.1848,0.684800573583886,0.684800585511451,0.690520405821731,0.679080743189085,0,
1.18435754189944,,,,,,0.684358133460568
1.1856,0.685600563746967,0.685600575328507,0.691320396479631,0.679880732823408,0,
1.18515562649641,,,,,,0.685156207145423
1.1864,0.686400554055053,0.686400565940094,0.692120387273038,0.680680722612255,0,
1.18595371109338,,,,,,0.685954282186883
1.1872,0.687200544505427,0.687200556805165,0.692920378199238,0.681480712552902,0,
1.18675179569034,,,,,,0.686752357568162
1.188,0.68800053509537,0.68800054785327,0.693720369255518,0.682280702642627,0,
1.18754988028731,,,,,,0.687550433132626
1.1888,0.688800525822168,0.688800539082569,0.694520360439169,0.683080692878709,0,
1.18834796488428,,,,,,0.688348508878448
1.1896,0.689600516683105,0.689600530491223,0.695320351747481,0.683880683258428,0,
1.18914604948124,,,,,,0.689146584803802
1.1904,0.69040050767547,0.690400522077395,0.696120343177746,0.684680673779065,0,
1.18994413407821,,,,,,0.689944660906863
1.1912,0.69120049879655,0.691200513839245,0.69692033472726,0.685480664437906,0,
1.19074221867518,,,,,,0.690742737185806
1.192,0.692000490043636,0.692000505774933,0.697720326393316,0.686280655232234,0,
1.19154030327215,,,,,,0.691540813638803
1.1928,0.692800481414021,0.692800497882622,0.698520318173214,0.687080646159337,0,
1.19233838786911,,,,,,0.69233889026403
1.1936,0.693600472904996,0.693600490160472,0.699320310122435,0.687880637216501,0,
1.19313647246608,,,,,,0.69313696705966
1.1944,0.694400464513857,0.694400482606645,0.700120302255828,0.688680628401018,0,
1.19393455706305,,,,,,0.693935044023869
1.1952,0.6952004562379,0.6952004752193,0.700920294519865,0.689480619710176,0,
1.19473264166002,,,,,,0.694733121154829
1.196,0.696000448074423,0.6960004679966,0.701720286903295,0.69028061114127,0,
1.19553072625698,,,,,,0.695531198450716
1.1968,0.696800440137901,0.696800460936706,0.702520279404192,0.691080602691593,0,
1.19632881085395,,,,,,0.696329275909703
1.1976,0.697600432342175,0.697600454037778,0.703320272020649,0.691880594358441,0,
1.19712689545092,,,,,,0.697127353529966
1.1984,0.698400424666802,0.698400447297979,0.704120264750772,0.69268058613911,0,
1.19792498004789,,,,,,0.697925431309677
1.1992,0.699200417109848,0.699200440715467,0.704920257592688,0.693480578089889,0,
1.19872306464485,,,,,,0.698723509247012
1.2,0.700000409669396,0.700000434288406,0.705720250544535,0.694280570224249,0,
1.19952114924182,,,,,,0.699521587340144
1.2008,0.700800402343547,0.700800428014956,0.706520243604473,0.695080562489112,0,
1.20031923383879,,,,,,0.700319665587248
1.2016,0.701600395130417,0.701600421893278,0.707320236770673,0.695880554873355,0,
1.20111731843575,,,,,,0.701117743986498
1.2024,0.702400388028138,0.702400415921533,0.708120230041325,0.696680547375052,0,
1.20191540303272,,,,,,0.701915822536068
1.2032,0.70320038103486,0.703200410097883,0.708920223414636,0.697480539992294,0,
1.20271348762969,,,,,,0.702713901234133
1.204,0.704000374148748,0.704000404420488,0.709720216888828,0.698280532723191,0,
1.20351157222666,,,,,,0.703511980078867
1.2048,0.704800367367983,0.704800398887509,0.710520210462139,0.699080525565868,0,
1.20430965682362,,,,,,0.704310059068443
1.2056,0.705600360690763,0.705600393497108,0.711320204132825,0.699880518518463,0,
1.20510774142059,,,,,,0.705108138201037
1.2064,0.706400354115303,0.706400388247445,0.712120197899156,0.700680511579136,0,
1.20590582601756,,,,,,0.705906217474822
1.2072,0.707200347639833,0.707200383136682,0.712920191759421,0.701480504746058,0,
1.20670391061453,,,,,,0.706704296887973
1.208,0.708000341262599,0.70800037816298,0.713720185711924,0.702280498017421,0,
1.20750199521149,,,,,,0.707502376438664
1.2088,0.708800334981866,0.7088003733245,0.714520179754984,0.70308049139143,0,
1.20830007980846,,,,,,0.708300456125069
1.2096,0.709600328795912,0.709600368619403,0.715320173886938,0.703880484866307,0,
1.20909816440543,,,,,,0.709098535945362
1.2104,0.710400322703034,0.71040036404585,0.716120168106139,0.704680478440292,0,
1.20989624900239,,,,,,0.709896615897718
1.2112,0.711200316701543,0.711200359602002,0.716920162410957,0.70548047211164,0,
1.21069433359936,,,,,,0.71069469598031
1.212,0.712000310789768,0.712000355286021,0.717720156799777,0.706280465878621,0,
1.21149241819633,,,,,,0.711492776191314
1.2128,0.712800304966055,0.712800351096067,0.718520151271002,0.707080459739524,0,
1.2122905027933,,,,,,0.712290856528903
1.2136,0.713600299228764,0.713600347030301,0.719320145823048,0.707880453692653,0,
1.21308858739026,,,,,,0.713088936991252
1.2144,0.714400293576273,0.714400343086885,0.720120140454352,0.708680447736328,0,
1.21388667198723,,,,,,0.713887017576534
1.2152,0.715200288006975,0.715200339263979,0.720920135163362,0.709480441868886,0,
1.2146847565842,,,,,,0.714685098282925
1.216,0.71600028251928,0.716000335559745,0.721720129948549,0.71028043608868,0,
1.21548284118117,,,,,,0.715483179108598
1.2168,0.716800277111616,0.716800331972345,0.722520124808393,0.711080430394079,0,
1.21628092577813,,,,,,0.716281260051727
1.2176,0.717600271782425,0.717600328499937,0.723320119741396,0.71188042478347,0,
1.2170790103751,,,,,,0.717079341110487
1.2184,0.718400266530165,0.718400325140685,0.724120114746074,0.712680419255253,0,
1.21787709497207,,,,,,0.717877422283052
1.2192,0.719200261353314,0.719200321892749,0.724920109823035,0.713480413807848,0,
1.21867517956903,,,,,,0.718675503567596
1.22,0.720000256250361,0.72000031875429,0.725720104993555,0.714280408439689,0,
1.219473264166,,,,,,0.719473584962294
1.2208,0.720800251219816,0.72080031572347,0.726520100257146,0.715080403149227,0,
1.22027134876297,,,,,,0.720271666465319
1.2216,0.721600246260202,0.721600312798449,0.727320095592293,0.71588039793493,0,
1.22106943335994,,,,,,0.721069748074846
1.2224,0.722400241374243,0.722400309977388,0.728120090997867,0.716680392795282,0,
1.2218675179569,,,,,,0.72186782978905
1.2232,0.72320023660202,0.723200307258449,0.728920086472759,0.717480387728781,0,
1.22266560255387,,,,,,0.722665911606103
1.224,0.72400023190192,0.724000304639792,0.729720082015881,0.718280382733944,0,
1.22346368715084,,,,,,0.723463993524182
1.2248,0.724800227272801,0.724800302119579,0.730520077626171,0.71908037781141,0,
1.22426177174781,,,,,,0.724262075541459
1.2256,0.725600222713546,0.725600299695971,0.731320073302584,0.719880372982709,0,
1.22505985634477,,,,,,0.725060157656109
1.2264,0.726400218223055,0.726400297367129,0.732120069044098,0.720680368246794,0,
1.22585794094174,,,,,,0.725858239866307
1.2272,0.727200213800255,0.727200295131214,0.732920064849714,0.721480363582428,0,
1.22665602553871,,,,,,0.726656322170226
1.228,0.72800020944409,0.728000292986387,0.733720060718453,0.72228035898848,0,
1.22745411013567,,,,,,0.727454404566041
1.2288,0.72880020515353,0.728800290930809,0.734520056649359,0.723080354463842,0,
1.22825219473264,,,,,,0.728252487051926
1.2296,0.729600200927562,0.729600288962641,0.735320052641497,0.723880350007429,0,
1.22905027932961,,,,,,0.729050569626056
1.2304,0.730400196765198,0.730400287080045,0.736120048693952,0.724680345618175,0,
1.22984836392658,,,,,,0.729848652286604
1.2312,0.731200192665469,0.731200285281181,0.736920044805834,0.725480341295037,0,
1.23064644852354,,,,,,0.730646735031744
1.232,0.732000188627432,0.732000283564211,0.737720040976272,0.726280337036993,0,
1.23144453312051,,,,,,0.731444817859652
1.2328,0.73280018465016,0.732800281927295,0.738520037204417,0.727080332843045,0,
1.23224261771748,,,,,,0.732242900768501
1.2336,0.733600180732752,0.733600280368595,0.739320033489444,0.727880328712213,0,
1.23304070231445,,,,,,0.733040983756465
1.2344,0.734400176874328,0.734400278886272,0.740120029830546,0.728680324643542,0,
1.23383878691141,,,,,,0.733839066821719
1.2352,0.735200173074026,0.735200277478486,0.740920026226939,0.729480320636095,0,
1.23463687150838,,,,,,0.734637149962437
1.236,0.736000169331011,0.7360002761434,0.741720022677863,0.73028031668896,0,
1.23543495610535,,,,,,0.735435233176793
1.2368,0.736800165644465,0.736800274879174,0.742520019182577,0.731080312801246,0,
1.23623304070231,,,,,,0.736233316462961
1.2376,0.737600162013595,0.737600273683969,0.743320015740361,0.731880308972082,0,
1.23703112529928,,,,,,0.737031399819116
1.2384,0.738400158437629,0.738400272555946,0.74412001235052,0.73268030520062,0,
1.23782920989625,,,,,,0.737829483243432
1.2392,0.739200154915814,0.739200271493266,0.744920009012378,0.733480301486032,0,
1.23862729449322,,,,,,0.738627566734083
1.24,0.740000151447422,0.740000270494091,0.74572000572528,0.734280297827515,0,
1.23942537909018,,,,,,0.739425650289243
1.2408,0.740800148031744,0.740800269556581,0.746520002488595,0.735080294224285,0,
1.24022346368715,,,,,,0.740223733907087
1.2416,0.741600144668095,0.741600268678898,0.747319999301713,0.73588029067558,0,
1.24102154828412,,,,,,0.741021817585789
1.2424,0.74240014135581,0.742400267859203,0.748119996164044,0.736680287180659,0,
1.24181963288109,,,,,,0.741819901323522
1.2432,0.743200138094247,0.743200267095657,0.748919993075022,0.737480283738804,0,
1.24261771747805,,,,,,0.742617985118463
1.244,0.744000134882784,0.74400026638642,0.7497199900341,0.738280280349319,0,
1.24341580207502,,,,,,0.743416068968783
1.2448,0.744800131720821,0.744800265729654,0.750519987040756,0.739080277011528,0,
1.24421388667199,,,,,,0.744214152872658
1.2456,0.745600128607781,0.745600265123521,0.751319984094487,0.739880273724777,0,
1.24501197126895,,,,,,0.745012236828263
1.2464,0.746400125543107,0.74640026456618,0.752119981194811,0.740680270488436,0,
1.24581005586592,,,,,,0.74581032083377
1.2472,0.747200122526266,0.747200264055794,0.752919978341271,0.741480267301892,0,
1.24660814046289,,,,,,0.746608404887355
1.248,0.748000119556743,0.748000263590523,0.753719975533428,0.742280264164558,0,
1.24740622505986,,,,,,0.747406488987192
1.2488,0.748800116634047,0.748800263168529,0.754519972770868,0.743080261075867,0,
1.24820430965682,,,,,,0.748204573131454
1.2496,0.749600113757709,0.749600262787972,0.755319970053196,0.743880258035273,0,
1.24900239425379,,,,,,0.749002657318317
1.2504,0.75040011092728,0.750400262447014,0.75611996738004,0.744680255042252,0,
1.24980047885076,,,,,,0.749800741545954
1.2512,0.751200108142335,0.751200262143815,0.756919964751049,0.745480252096303,0,
1.25059856344773,,,,,,0.75059882581254
1.252,0.752000105402469,0.752000261876537,0.757719962165893,0.746280249196945,0,
1.25139664804469,,,,,,0.751396910116249
1.2528,0.752800102707297,0.752800261643341,0.758519959624266,0.747080246343719,0,
1.25219473264166,,,,,,0.752194994455255
1.2536,0.753600100056459,0.753600261442388,0.759319957125882,0.747880243536187,0,
1.25299281723863,,,,,,0.752993078827732
1.2544,0.754400097449615,0.754400261271839,0.760119954670476,0.748680240773935,0,
1.25379090183559,,,,,,0.753791163231854
1.2552,0.755200094886447,0.755200261129856,0.760919952257806,0.749480238056569,0,
1.25458898643256,,,,,,0.754589247665797
1.256,0.756000092366658,0.756000261014598,0.76171994988765,0.750280235383716,0,
1.25538707102953,,,,,,0.755387332127733
1.2568,0.756800089889973,0.756800260924228,0.76251994755981,0.751080232755026,0,
1.2561851556265,,,,,,0.756185416615838
1.2576,0.757600087456139,0.757600260856906,0.763319945274109,0.751880230170169,0,
1.25698324022346,,,,,,0.756983501128286
1.2584,0.758400085064924,0.758400260825355,0.764119943030389,0.752680227628839,0,
1.25778132482043,,,,,,0.75778158566325
1.2592,0.759200082716118,0.759200261268763,0.764919940828517,0.75348022513075,0,
1.2585794094174,,,,,,0.758579670237689
1.26,0.760000080409533,0.760000261877037,0.76571993866838,0.754280222675637,0,
1.25937749401437,,,,,,0.759377755411395
1.2608,0.760800078145003,0.760800262522945,0.766519936549887,0.755080220263258,0,
1.26017557861133,,,,,,0.760175840623757
1.2616,0.761600075922381,0.761600263204926,0.767319934472968,0.755880217893393,0,
1.2609736632083,,,,,,0.76097392587323
1.2624,0.762400073741544,0.762400263921422,0.768119932437575,0.756680215565841,0,
1.26177174780527,,,,,,0.761772011158265
1.2632,0.763200071602391,0.763200264670877,0.768919930443684,0.757480213280427,0,
1.26256983240223,,,,,,0.762570096477317
1.264,0.764000069504842,0.764000265451731,0.769719928491288,0.758280211036994,0,
1.2633679169992,,,,,,0.763368181828837
1.2648,0.764800067448838,0.764800266262426,0.770519926580406,0.759080208835408,0,
1.26416600159617,,,,,,0.764166267211279
1.2656,0.765600065434342,0.765600267101403,0.771319924711076,0.759880206675556,0,
1.26496408619314,,,,,,0.764964352623095
1.2664,0.766400063461338,0.766400267967106,0.772119922883357,0.760680204557347,0,
1.2657621707901,,,,,,0.765762438062739
1.2672,0.767200061529834,0.767200268857974,0.772919921097334,0.761480202480712,0,
1.26656025538707,,,,,,0.766560523528663
1.268,0.768000059639858,0.768000269772451,0.773719919353108,0.762280200445604,0,
1.26735833998404,,,,,,0.76735860901932
1.2688,0.768800057791458,0.768800270708977,0.774519917650807,0.763080198451996,0,
1.26815642458101,,,,,,0.768156694533164
1.2696,0.769600055984706,0.769600271665995,0.775319915990575,0.763880196499884,0,
1.26895450917797,,,,,,0.768954780068646
1.2704,0.770400054219696,0.770400272641947,0.776119914372582,0.764680194589286,0,
1.26975259377494,,,,,,0.769752865624221
1.2712,0.771200052496542,0.771200273635273,0.776919912797019,0.76548019272024,0,
1.27055067837191,,,,,,0.77055095119834
1.272,0.772000050815379,0.772000274644417,0.77771991128165,0.766280190892807,0,
1.27134876296887,,,,,,0.771349036789457
1.2728,0.772800049176367,0.772800275667819,0.77851990983773,0.767080189107068,0,
1.27214684756584,,,,,,0.772147122396025
1.2736,0.773600047579684,0.773600276703921,0.779319908443123,0.767880187363129,0,
1.27294493216281,,,,,,0.772945208016496
1.2744,0.774400046025531,0.774400277751165,0.780119907081933,0.768680185661114,0,
1.27374301675978,,,,,,0.773743293649324
1.2752,0.775200044549478,0.775200278807994,0.780919905753579,0.769480184001171,0,
1.27454110135674,,,,,,0.77454137929296
1.276,0.776000043138134,0.776000279872848,0.78171990445748,0.770280182383468,0,
1.27533918595371,,,,,,0.775339464945859
1.2768,0.776800041760495,0.776800280944169,0.782519903193053,0.771080180808196,0,
1.27613727055068,,,,,,0.776137550606473
1.2776,0.777600040415981,0.777600282020399,0.783319901959718,0.77188017929336,0,
1.27693535514765,,,,,,0.776935636273255
1.2784,0.778400039104009,0.778400283099981,0.784119900756892,0.772680177849882,0,
1.27773343974461,,,,,,0.777733721944658
1.2792,0.779200037824,0.779200284181355,0.784919899583996,0.773480176455506,0,
1.27853152434158,,,,,,0.778531807619135
1.28,0.78000003657537,0.780000285262963,0.785719898440447,0.774280175094542,0,
1.27932960893855,,,,,,0.779329893295138
1.2808,0.78080003535754,0.780800286343248,0.786519897325663,0.775080173766411,0,
1.28012769353551,,,,,,0.78012797897112
1.2816,0.781600034169927,0.78160028742065,0.787319896239064,0.77588017247053,0,
1.28092577813248,,,,,,0.780926064645535
1.2824,0.782400033011949,0.782400288493612,0.788119895180067,0.776680171206317,0,
1.28172386272945,,,,,,0.781724150316836
1.2832,0.783200031883027,0.783200289560576,0.788919894148093,0.777480169973193,0,
1.28252194732642,,,,,,0.782522235983475
1.284,0.784000030782577,0.784000290619982,0.789719893142558,0.778280168770574,0,
1.28332003192338,,,,,,0.783320321643904
1.2848,0.784800029710019,0.784800291670274,0.790519892162882,0.77908016759788,0,
1.28411811652035,,,,,,0.784118407296578
1.2856,0.785600028664771,0.785600292709892,0.791319891208482,0.779880166454529,0,
1.28491620111732,,,,,,0.784916492939949
1.2864,0.786400027646251,0.786400293737279,0.792119890278779,0.78068016533994,0,
1.28571428571429,,,,,,0.785714578572469
1.2872,0.78720002665388,0.787200294750875,0.79291988937319,0.781480164253532,0,
1.28651237031125,,,,,,0.786512664192592
1.288,0.788000025687074,0.788000295749124,0.793719888491134,0.782280163194722,0,
1.28731045490822,,,,,,0.787310749798771
1.2888,0.788800024745253,0.788800296730467,0.79451988763203,0.78308016216293,0,
1.28810853950519,,,,,,0.788108835389458
1.2896,0.789600023827834,0.789600297693345,0.795319886795295,0.783880161157573,0,
1.28890662410215,,,,,,0.788906920963106
1.2904,0.790400022934237,0.7904002986362,0.796119885980349,0.784680160178072,0,
1.28970470869912,,,,,,0.789705006518169
1.2912,0.791200022063881,0.791200299557474,0.79691988518661,0.785480159223844,0,
1.29050279329609,,,,,,0.790503092053099
1.292,0.792000021216183,0.792000300455609,0.797719884413497,0.786280158294307,0,
1.29130087789306,,,,,,0.791301177566348
1.2928,0.792800020390562,0.792800301329046,0.798519883660428,0.787080157388881,0,
1.29209896249002,,,,,,0.792099263056371
1.2936,0.793600019586438,0.793600302176227,0.799319882926823,0.787880156506984,0,
1.29289704708699,,,,,,0.79289734852162
1.2944,0.794400018803228,0.794400302995594,0.800119882212098,0.788680155648034,0,
1.29369513168396,,,,,,0.793695433960547
1.2952,0.795200018040351,0.79520030378559,0.800919881515674,0.78948015481145,0,
1.29449321628093,,,,,,0.794493519371606
1.296,0.796000017297225,0.796000304544654,0.801719880836968,0.790280153996651,0,
1.29529130087789,,,,,,0.79529160475325
1.2968,0.79680001657327,0.79680030527123,0.802519880175399,0.791080153203055,0,
1.29608938547486,,,,,,0.79608969010393
1.2976,0.797600015867903,0.797600305963759,0.803319879530386,0.791880152430081,0,
1.29688747007183,,,,,,0.796887775422102
1.2984,0.798400015180544,0.798400306620682,0.804119878901348,0.792680151677147,0,
1.29768555466879,,,,,,0.797685860706216
1.2992,0.799200014510611,0.799200307240442,0.804919878287702,0.793480150943672,0,
1.29848363926576,,,,,,0.798483945954726
1.3,0.800000013857522,0.800000307821481,0.805719877688867,0.794280150229075,0,
1.29928172386273,,,,,,0.799282031166086
1.3008,0.800800013220696,0.800800308362239,0.806519877104263,0.795080149532774,0,
1.3000798084597,,,,,,0.800080116338747
1.3016,0.801600012599552,0.801600308861159,0.807319876533307,0.795880148854187,0,
1.30087789305666,,,,,,0.800878201471163
1.3024,0.802400011993507,0.802400309316682,0.808119875975419,0.796680148192733,0,
1.30167597765363,,,,,,0.801676286561786
1.3032,0.803200011401982,0.803200309727251,0.808919875430016,0.797480147547831,0,
1.3024740622506,,,,,,0.802474371609071
1.304,0.804000010824394,0.804000310091307,0.809719874896518,0.7982801469189,0,
1.30327214684757,,,,,,0.803272456611468
1.3048,0.804800010260162,0.804800310407292,0.810519874374342,0.799080146305357,0,
1.30407023144453,,,,,,0.804070541567432
1.3056,0.805600009708704,0.805600310673647,0.811319873862907,0.799880145706622,0,
1.3048683160415,,,,,,0.804868626475415
1.3064,0.80640000916944,0.806400310888814,0.812119873361633,0.800680145122113,0,
1.30566640063847,,,,,,0.80566671133387
1.3072,0.807200008641786,0.807200311051236,0.812919872869938,0.801480144551249,0,
1.30646448523544,,,,,,0.806464796141251
1.308,0.808000008125163,0.808000311159353,0.813719872387239,0.802280143993447,0,
1.3072625698324,,,,,,0.807262880896009
1.3088,0.808800007618989,0.808800311211607,0.814519871912956,0.803080143448128,0,
1.30806065442937,,,,,,0.808060965596598
1.3096,0.809600007122682,0.809600311206442,0.815319871446507,0.803880142914708,0,
1.30885873902634,,,,,,0.80885905024147
1.3104,0.810400006635661,0.810400311142297,0.816119870987312,0.804680142392608,0,
1.3096568236233,,,,,,0.809657134829079
1.3112,0.811200006157345,0.811200311017615,0.816919870534787,0.805480141881245,0,
1.31045490822027,,,,,,0.810455219357878
1.312,0.812000005687151,0.812000310830837,0.817719870088353,0.806280141380038,0,
1.31125299281724,,,,,,0.811253303826319
1.3128,0.812800005224499,0.812800310580406,0.818519869647427,0.807080140888406,0,
1.31205107741421,,,,,,0.812051388232855
1.3136,0.813600004768807,0.813600310264763,0.819319869211429,0.807880140405767,0,
1.31284916201117,,,,,,0.81284947257594
1.3144,0.814400004319494,0.814400309882349,0.820119868779775,0.808680139931539,0,
1.31364724660814,,,,,,0.813647556854025
1.3152,0.815200003875978,0.815200309431608,0.820919868351887,0.809480139465143,0,
1.31444533120511,,,,,,0.814445641065565
1.316,0.816000003437678,0.816000308910979,0.821719867927181,0.810280139005994,0,
1.31524341580207,,,,,,0.815243725209011
1.3168,0.816800003004012,0.816800308318906,0.822519867505076,0.811080138553513,0,
1.31604150039904,,,,,,0.816041809282817
1.3176,0.8176000025744,0.817600307653829,0.823319867084992,0.811880138107119,0,
1.31683958499601,,,,,,0.816839893285435
1.3184,0.818400002148258,0.818400306914191,0.824119866666346,0.812680137666229,0,
1.31763766959298,,,,,,0.81763797721532
1.3192,0.819200001725008,0.819200306098434,0.824919866248558,0.813480137230262,0,
1.31843575418994,,,,,,0.818436061070922
1.32,0.820000001304065,0.820000305204998,0.825719865831044,0.814280136798636,0,
1.31923383878691,,,,,,0.819234144850696
1.3208,0.820800000884851,0.820800304232326,0.826519865413226,0.815080136370771,0,
1.32003192338388,,,,,,0.820032228553094
1.3216,0.821600000466782,0.821600303178861,0.82731986499452,0.815880135946085,0,
1.32083000798085,,,,,,0.820830312176569
1.3224,0.822400000049277,0.822400302043042,0.828119864574345,0.816680135523997,0,
1.32162809257781,,,,,,0.821628395719574
1.3232,0.823199999631755,0.823200300823312,0.82891986415212,0.817480135103924,0,
1.32242617717478,,,,,,0.822426479180562
1.324,0.823999999213635,0.824000299518114,0.829719863729884,0.818280134685286,0,
1.32322426177175,,,,,,0.823224562557986
1.3248,0.824799998794335,0.824800298125888,0.830519863462189,0.819080134267501,0,
1.32402234636872,,,,,,0.824022645850298
1.3256,0.825599998373274,0.825600296645076,0.831319863355093,0.819880133849988,0,
1.32482043096568,,,,,,0.824820729055952
1.3264,0.82639999794987,0.82640029507412,0.832119863258151,0.820680133432165,0,
1.32561851556265,,,,,,0.825618812173401
1.3272,0.827199997528818,0.827200293411463,0.832919863170997,0.821480133013451,0,
1.32641660015962,,,,,,0.826416895201096
1.328,0.82799999741659,0.828000291655545,0.833719863093266,0.822280132593264,0,
1.32721468475658,,,,,,0.827214978137492
1.3288,0.828799997314696,0.828800289804808,0.834519863024595,0.823080132171023,0,
1.32801276935355,,,,,,0.828013060981041
1.3296,0.829599997222773,0.829600287857694,0.835319862964618,0.823880131748803,0,
1.32881085395052,,,,,,0.828811143730196
1.3304,0.830399997140453,0.830400285812646,0.83611986291297,0.824680131483218,0,
1.32960893854749,,,,,,0.82960922638341
1.3312,0.831199997067375,0.831200283668104,0.836919862869288,0.825480131376193,0,
1.33040702314445,,,,,,0.830407308939136
1.332,0.831999997003171,0.832000282003725,0.837719862833205,0.826280131279318,0,
1.33120510774142,,,,,,0.831205391395827
1.3328,0.832799996947479,0.832800283021794,0.838519862804358,0.827080131192229,0,
1.33200319233839,,,,,,0.832003474335483
1.3336,0.833599996899932,0.833599645587455,0.839319862782381,0.827880131114562,0,
1.33280127693536,,,,,,0.832801559958791
1.33359936153232,,,,,,0.833599645587455
1.3344,0.834399996860166,0.834400285095142,0.84011986276691,0.828680131045952,0,
1.33439744612929,,,,,,0.834397731221099
1.3352,0.835199996827818,0.835200286138947,0.84091986275758,0.829480130986033,0,
1.33519553072626,,,,,,0.835195816859349
1.336,0.83599999680252,0.836000287186999,0.841719862754027,0.830280130934441,0,
1.33599361532322,,,,,,0.835993902501829
1.3368,0.83679999678391,0.836800288238922,0.842519862755885,0.831080130890811,0,
1.33679169992019,,,,,,0.836791988148164
1.3376,0.837599996771621,0.837600289294336,0.84331986276279,0.831880130854779,0,
1.33758978451716,,,,,,0.837590073797979
1.3384,0.838399996765291,0.838400290352865,0.844119862774378,0.83268013082598,0,
1.33838786911413,,,,,,0.838388159450899
1.3392,0.839199996764553,0.83920029141413,0.844919862790282,0.833480130804049,0,
1.33918595371109,,,,,,0.839186245106549
1.34,0.839999996769043,0.840000292477753,0.845719862810139,0.834280130788621,0,
1.33998403830806,,,,,,0.839984330764553
1.3408,0.840799996778396,0.840800293543357,0.846519862833585,0.835080130779332,0,
1.34078212290503,,,,,,0.840782416424537
1.3416,0.841599996792248,0.841600294610564,0.847319862860254,0.835880130775817,0,
1.341580207502,,,,,,0.841580502086126
1.3424,0.842399996810234,0.842400295678996,0.84811986288978,0.836680130777711,0,
1.34237829209896,,,,,,0.842378587748944
1.3432,0.843199996831989,0.843200296748275,0.848919862921801,0.837480130784649,0,
1.34317637669593,,,,,,0.843176673412616
1.344,0.843999996857148,0.844000297818023,0.849719862955951,0.838280130796267,0,
1.3439744612929,,,,,,0.843974759076767
1.3448,0.844799996885347,0.844800298887863,0.850519862991865,0.8390801308122,0,
1.34477254588986,,,,,,0.844772844741022
1.3456,0.84559999691622,0.845600299957417,0.851319863029178,0.839880130832083,0,
1.34557063048683,,,,,,0.845570930405006
1.3464,0.846399996949404,0.846400301026307,0.852119863067526,0.840680130855552,0,
1.3463687150838,,,,,,0.846369016068344
1.3472,0.847199996984533,0.847200302094155,0.852919863106544,0.841480130882241,0,
1.34716679968077,,,,,,0.84716710173066
1.348,0.847999997021242,0.848000303160583,0.853719863145868,0.842280130911786,0,
1.34796488427773,,,,,,0.84796518739158
1.3488,0.848799997059168,0.848800304225213,0.854519863185132,0.843080130943823,0,
1.3487629688747,,,,,,0.848763273050728
1.3496,0.849599997097945,0.849600305287669,0.855319863223971,0.843880130977986,0,
1.34956105347167,,,,,,0.84956135870773
1.3504,0.850399997137207,0.85040030634757,0.856119863262022,0.84468013101391,0,
1.35035913806864,,,,,,0.850359444362209
1.3512,0.851199997176592,0.851200307404541,0.856919863298919,0.845480131051232,0,
1.3511572226656,,,,,,0.851157530013792
1.352,0.851999997215734,0.852000308458204,0.857719863334298,0.846280131089586,0,
1.35195530726257,,,,,,0.851955615662103
1.3528,0.852799997254267,0.852800309508179,0.858519863367794,0.847080131128608,0,
1.35275339185954,,,,,,0.852753701306766
1.3536,0.853599997291829,0.85360031055409,0.859319863399042,0.847880131167932,0,
1.3535514764565,,,,,,0.853551786947407
1.3544,0.854399997328053,0.854400311595559,0.860119863427677,0.848680131207194,0,
1.35434956105347,,,,,,0.85434987258365
1.3552,0.855199997362575,0.855200312632208,0.860919863453334,0.84948013124603,0,
1.35514764565044,,,,,,0.855147958215121
1.356,0.85599999739503,0.856000313663659,0.86171986347565,0.850280131284074,0,
1.35594573024741,,,,,,0.855946043841444
1.3568,0.856799997425053,0.856800314689534,0.862519863494259,0.851080131320962,0,
1.35674381484437,,,,,,0.856744129462245
1.3576,0.857599997452281,0.857600315709455,0.863319863508796,0.851880131356329,0,
1.35754189944134,,,,,,0.857542215077147
1.3584,0.858399997476347,0.858400316723045,0.864119863518896,0.852680131389811,0,
1.35833998403831,,,,,,0.858340300685776
1.3592,0.859199997496888,0.859200317729926,0.864919863524196,0.853480131421042,0,
1.35913806863528,,,,,,0.859138386287757
1.36,0.859999997513538,0.86000031872972,0.86571986352433,0.854280131449658,0,
1.35993615323224,,,,,,0.859936471882715
1.3608,0.860799997525933,0.860800319722049,0.866519863518933,0.855080131475294,0,
1.36073423782921,,,,,,0.860734557470275
1.3616,0.861599997533708,0.861600320706535,0.867319863507641,0.855880131497585,0,
1.36153232242618,,,,,,0.86153264305006
1.3624,0.862399997536498,0.862400321682801,0.868119863490089,0.856680131516167,0,
1.36233040702314,,,,,,0.862330728621698
1.3632,0.863199997533939,0.863200322650469,0.868919863465912,0.857480131530675,0,
1.36312849162011,,,,,,0.863128814184811
1.364,0.863999997525666,0.86400032360916,0.869719863434746,0.858280131540745,0,
1.36392657621708,,,,,,0.863926899739026
1.3648,0.864799997511314,0.864800324558498,0.870519863396225,0.85908013154601,0,
1.36472466081405,,,,,,0.864724985283966
1.3656,0.865599997490518,0.865600325498104,0.871319863349986,0.859880131546108,0,
1.36552274541101,,,,,,0.865523070819258
1.3664,0.866399997462914,0.8664003264276,0.872119863295663,0.860680131540672,0,
1.36632083000798,,,,,,0.866321156344525
1.3672,0.867199997428136,0.867200327346608,0.872919863232891,0.861480131529338,0,
1.36711891460495,,,,,,0.867119241859392
1.368,0.867999997385821,0.868000328254752,0.873719863161306,0.862280131511742,0,
1.36791699920192,,,,,,0.867917327363486
1.3688,0.868799997335603,0.868800329151652,0.874519863080543,0.863080131487519,0,
1.36871508379888,,,,,,0.868715412856429
1.3696,0.869599997277118,0.869600330036932,0.875319862990237,0.863880131456304,0,
1.36951316839585,,,,,,0.869513498337848
1.3704,0.870399997210001,0.870400330910213,0.876119862890024,0.864680131417732,0,
1.37031125299282,,,,,,0.870311583807368
1.3712,0.871199997133886,0.871200331771118,0.876919862779539,0.865480131371438,0,
1.37110933758978,,,,,,0.871109669264612
1.372,0.871999997048411,0.872000332619268,0.877719862658417,0.866280131317058,0,
1.37190742218675,,,,,,0.871907754709206
1.3728,0.872799996953209,0.872800333454286,0.878519862526293,0.867080131254228,0,
1.37270550678372,,,,,,0.872705840140774
1.3736,0.873599996847916,0.873600334275794,0.879319862382803,0.867880131182581,0,
1.37350359138069,,,,,,0.873503925558943
1.3744,0.874399996732167,0.874400335083414,0.880119862227582,0.868680131101754,0,
1.37430167597765,,,,,,0.874302010963336
1.3752,0.875199996605598,0.875200335876768,0.880919862060265,0.869480131011382,0,
1.37509976057462,,,,,,0.875100096353578
1.376,0.875999996467843,0.87600033665548,0.881719861880487,0.8702801309111,0,
1.37589784517159,,,,,,0.875898181729295
1.3768,0.876799996318538,0.87680033741917,0.882519861765625,0.871080130800544,0,
1.37669592976856,,,,,,0.876696267090111
1.3776,0.877599996157319,0.877600338167461,0.883319861805741,0.871880130679348,0,
1.37749401436552,,,,,,0.877494352435651
1.3784,0.87839999598382,0.878400338899975,0.88411986193037,0.872680130547148,0,
1.37829209896249,,,,,,0.87829243776554
1.3792,0.879199995797677,0.879200339616334,0.88491986205626,0.873480130403578,0,
1.37909018355946,,,,,,0.879090523079403
1.38,0.879999995755078,0.880000340316161,0.885719862183272,0.874280130248276,0,
1.37988826815642,,,,,,0.879888608376865
1.3808,0.880799995879045,0.880800340999077,0.886519862311265,0.875080130080875,0,
1.38068635275339,,,,,,0.88068669365755
1.3816,0.881599996004344,0.881600341664705,0.887319862440101,0.875880129901011,0,
1.38148443735036,,,,,,0.881484778921084
1.3824,0.882399996130834,0.882400342312668,0.888119862569638,0.87668012978713,0,
1.38228252194733,,,,,,0.882282864167091
1.3832,0.883199996258375,0.883200342942586,0.888919862699737,0.877480129828382,0,
1.38308060654429,,,,,,0.883080949395196
1.384,0.883999996386828,0.884000343554083,0.889719862830259,0.87828012995302,0,
1.38387869114126,,,,,,0.883879034605024
1.3848,0.884799996516051,0.88480034414678,0.890519862961062,0.879080130078919,0,
1.38467677573823,,,,,,0.884677119796201
1.3856,0.885599996645907,0.885600344720301,0.891319863092009,0.879880130205938,0,
1.3854748603352,,,,,,0.88547520496835
1.3864,0.886399996776253,0.886400345274266,0.892119863222957,0.880680130333938,0,
1.38627294493216,,,,,,0.886273290121097
1.3872,0.887199996906952,0.887200345808298,0.892919863353768,0.881480130462778,0,
1.38707102952913,,,,,,0.887071375254067
1.388,0.887999997037862,0.888000346322019,0.893719863484302,0.88228013059232,0,
1.3878691141261,,,,,,0.887869460366884
1.3888,0.888799997168844,0.888800346815052,0.894519863614419,0.883080130722422,0,
1.38866719872306,,,,,,0.888667545459173
1.3896,0.889599997299759,0.889600347287019,0.895319863743979,0.883880130852946,0,
1.38946528332003,,,,,,0.88946563053056
1.3904,0.890399997430465,0.890400347737541,0.896119863872841,0.884680130983751,0,
1.390263367917,,,,,,0.890263715580669
1.3912,0.891199997560824,0.891200348166241,0.896919864000867,0.885480131114698,0,
1.39106145251397,,,,,,0.891061800609125
1.392,0.891999997690695,0.892000348572742,0.897719864127917,0.886280131245646,0,
1.39185953711093,,,,,,0.891859885615553
1.3928,0.892799997819939,0.892800348956664,0.898519864253849,0.887080131376456,0,
1.3926576217079,,,,,,0.892657970599578
1.3936,0.893599997948416,0.893600349317632,0.899319864378526,0.887880131506987,0,
1.39345570630487,,,,,,0.893456055560824
1.3944,0.894399998075985,0.894400349655266,0.900119864501806,0.888680131637101,0,
1.39425379090184,,,,,,0.894254140498918
1.3952,0.895199998202507,0.895200349969189,0.90091986462355,0.889480131766656,0,
1.3950518754988,,,,,,0.895052225413482
1.396,0.895999998327843,0.896000350259023,0.901719864743618,0.890280131895514,0,
1.39584996009577,,,,,,0.895850310304143
1.3968,0.896799998451851,0.89680035052439,0.90251986486187,0.891080132023534,0,
1.39664804469274,,,,,,0.896648395170525
1.3976,0.897599998574393,0.897600350764913,0.903319864978166,0.891880132150576,0,
1.3974461292897,,,,,,0.897446480012253
1.3984,0.898399998695328,0.898400350980213,0.904119865092366,0.892680132276501,0,
1.39824421388667,,,,,,0.898244564828952
1.3992,0.899199998814517,0.899200351169913,0.904919865204331,0.893480132401168,0,
1.39904229848364,,,,,,0.899042649620247
1.4,0.899999998931819,0.900000351333635,0.90571986531392,0.894280132524438,0,
1.39984038308061,,,,,,0.899840734385763
1.4008,0.900799999047095,0.900800351471002,0.906519865420994,0.895080132646171,0,
1.40063846767757,,,,,,0.900638819125124
1.4016,0.901599999160205,0.901600351581634,0.907319865525412,0.895880132766227,0,
1.40143655227454,,,,,,0.901436903837956
1.4024,0.902399999271008,0.902400351665155,0.908119865627036,0.896680132884466,0,
1.40223463687151,,,,,,0.902234988523884
1.4032,0.903199999379366,0.903200351721187,0.908919865725724,0.897480133000748,0,
1.40303272146848,,,,,,0.903033073182531
1.404,0.903999999485139,0.904000351749352,0.909719865821338,0.898280133114934,0,
1.40383080606544,,,,,,0.903831157813524
1.4048,0.904799999588185,0.904800351749271,0.910519865913737,0.899080133226882,0,
1.40462889066241,,,,,,0.904629242416486
1.4056,0.905599999688366,0.905600351720568,0.911319866002781,0.899880133336455,0,
1.40542697525938,,,,,,0.905427326991044
1.4064,0.906399999785541,0.906400351662865,0.912119866088331,0.900680133443511,0,
1.40622505985634,,,,,,0.906225411536821
1.4072,0.907199999879571,0.907200351575782,0.912919866170246,0.901480133547911,0,
1.40702314445331,,,,,,0.907023496053443
1.408,0.907999999970317,0.908000351458944,0.913719866248387,0.902280133649515,0,
1.40782122905028,,,,,,0.907821580540535
1.4088,0.908800000057637,0.908800351311972,0.914519866322613,0.903080133748183,0,
1.40861931364725,,,,,,0.90861966499772
1.4096,0.909600000141391,0.909600351134487,0.915319866392786,0.903880133843775,0,
1.40941739824421,,,,,,0.909417749424626
1.4104,0.910400000221442,0.910400350926114,0.916119866458765,0.904680133936151,0,
1.41021548284118,,,,,,0.910215833820875
1.4112,0.911200000297647,0.911200350686472,0.91691986652041,0.905480134025172,0,
1.41101356743815,,,,,,0.911013918186094
1.412,0.912000000369868,0.912000350415185,0.917719866577581,0.906280134110698,0,
1.41181165203512,,,,,,0.911812002519906
1.4128,0.912800000437964,0.912800350111875,0.918519866630139,0.907080134192588,0,
1.41260973663208,,,,,,0.912610086821937
1.4136,0.913600000501796,0.913600349776164,0.919319866677943,0.907880134270702,0,
1.41340782122905,,,,,,0.913408171091812
1.4144,0.914400000561224,0.914400349407675,0.920119866720854,0.908680134344902,0,
1.41420590582602,,,,,,0.914206255329156
1.4152,0.915200000616108,0.915200349006028,0.920919866758732,0.909480134415046,0,
1.41500399042298,,,,,,0.915004339533593
1.416,0.916000000666308,0.916000348570848,0.921719866791436,0.910280134480996,0,
1.41580207501995,,,,,,0.915802423704748
1.4168,0.916800000711683,0.916800348101755,0.922519866818828,0.911080134542611,0,
1.41660015961692,,,,,,0.916600507842246
1.4176,0.917600000752095,0.917600347598371,0.923319866840766,0.911880134599751,0,
1.41739824421389,,,,,,0.917398591945713
1.4184,0.918400000787404,0.918400347060321,0.924119866857113,0.912680134652277,0,
1.41819632881085,,,,,,0.918196676014773
1.4192,0.919200000817469,0.919200346487224,0.924919866867726,0.913480134700048,0,
1.41899441340782,,,,,,0.91899476004905
1.42,0.92000000084215,0.920000345878704,0.925719866872466,0.914280134742925,0,
1.41979249800479,,,,,,0.919792844048171
1.4208,0.920800000861309,0.920800345234382,0.926519866871195,0.915080134780768,0,
1.42059058260176,,,,,,0.920590928011759
1.4216,0.921600000874803,0.921600344553881,0.927319866863771,0.915880134813436,0,
1.42138866719872,,,,,,0.921389011939439
1.4224,0.922400000882496,0.922400343836824,0.928119866850055,0.916680134840791,0,
1.42218675179569,,,,,,0.922187095830837
1.4232,0.923200000884244,0.923200343082831,0.928919866829907,0.917480134862692,0,
1.42298483639266,,,,,,0.922985179685577
1.424,0.924000000879911,0.924000342291526,0.929719866803187,0.918280134879,0,
1.42378292098962,,,,,,0.923783263503284
1.4248,0.924800000869354,0.92480034146253,0.930519866769755,0.919080134889573,0,
1.42458100558659,,,,,,0.924581347283584
1.4256,0.925600000852435,0.925600340595466,0.931319866729471,0.919880134894273,0,
1.42537909018356,,,,,,0.9253794310261
1.4264,0.926400000829014,0.926400339689956,0.932119866682197,0.92068013489296,0,
1.42617717478053,,,,,,0.926177514730458
1.4272,0.92720000079895,0.927200338745622,0.93291986662779,0.921480134885494,0,
1.42697525937749,,,,,,0.926975598396283
1.428,0.928000000762104,0.928000337762087,0.933719866566112,0.922280134871735,0,
1.42777334397446,,,,,,0.927773682023199
1.4288,0.928800000718336,0.928800336738971,0.934519866497023,0.923080134851542,0,
1.42857142857143,,,,,,0.928571765610832
1.4296,0.929600000667505,0.929600335675899,0.93531986649959,0.923880134824776,0,
1.4293695131684,,,,,,0.929369849158805
1.4304,0.930400000609474,0.930400334572491,0.936119866583076,0.924680134791299,0,
1.43016759776536,,,,,,0.930167932666746
1.4312,0.9312000005441,0.93120033342837,0.936919866671028,0.925480134750968,0,
1.43096568236233,,,,,,0.930966016134277
1.432,0.932000000471245,0.932000332243158,0.937719866758853,0.926280134703645,0,
1.4317637669593,,,,,,0.931764099561024
1.4328,0.93280000055027,0.932800331016478,0.938519866846526,0.927080134649189,0,
1.43256185155627,,,,,,0.932562182946612
1.4336,0.933600000638278,0.933600329747951,0.939319866934024,0.927880134587461,0,
1.43335993615323,,,,,,0.933360266290666
1.4344,0.934400000726172,0.934400328744223,0.940119867021321,0.928680134518321,0,
1.4341580207502,,,,,,0.934158349592811
1.4352,0.935200000813927,0.935200328462931,0.940919867108393,0.929480134521924,0,
1.43495610534717,,,,,,0.93495643386528
1.436,0.936000000901518,0.936000328277631,0.941719867195215,0.930280134605472,0,
1.43575418994413,,,,,,0.935754518281679
1.4368,0.936800000988921,0.936800328078264,0.942519867281764,0.931080134693423,0,
1.4365522745411,,,,,,0.936552602684119
1.4376,0.937600001076111,0.937600327864701,0.943319867368014,0.931880134781247,0,
1.43735035913807,,,,,,0.937350687072472
1.4384,0.938400001163063,0.938400327636814,0.944119867453941,0.932680134868919,0,
1.43814844373504,,,,,,0.938148771446607
1.4392,0.939200001249754,0.939200327394471,0.944919867539521,0.933480134956415,0,
1.438946528332,,,,,,0.938946855806398
1.44,0.940000001336159,0.940000327137543,0.945719867624729,0.934280135043711,0,
1.43974461292897,,,,,,0.939744940151714
1.4408,0.940800001422252,0.940800326865901,0.946519867709541,0.935080135130782,0,
1.44054269752594,,,,,,0.940543024482428
1.4416,0.941600001508011,0.941600326579414,0.947319867793931,0.935880135217602,0,
1.4413407821229,,,,,,0.94134110879841
1.4424,0.94240000159341,0.942400326277954,0.948119867877876,0.936680135304149,0,
1.44213886671987,,,,,,0.942139193099532
1.4432,0.943200001678424,0.94320032596139,0.948919867961352,0.937480135390397,0,
1.44293695131684,,,,,,0.942937277385664
1.444,0.94400000176303,0.944000325629594,0.949719868044332,0.938280135476322,0,
1.44373503591381,,,,,,0.943735361656679
1.4448,0.944800001847202,0.944800325282434,0.950519868126794,0.939080135561899,0,
1.44453312051077,,,,,,0.944533445912446
1.4456,0.945600001930917,0.945600324919781,0.951319868208713,0.939880135647105,0,
1.44533120510774,,,,,,0.945331530152839
1.4464,0.94640000201415,0.946400324541506,0.952119868290064,0.940680135731913,0,
1.44612928970471,,,,,,0.946129614377727
1.4472,0.947200002096875,0.94720032414748,0.952919868370822,0.941480135816301,0,
1.44692737430168,,,,,,0.946927698586982
1.448,0.94800000217907,0.948000323737571,0.953719868450963,0.942280135900243,0,
1.44772545889864,,,,,,0.947725782780475
1.4488,0.948800002260709,0.948800323311651,0.954519868530463,0.943080135983715,0,
1.44852354349561,,,,,,0.948523866958078
1.4496,0.949600002341767,0.94960032286959,0.955319868609298,0.943880136066692,0,
1.44932162809258,,,,,,0.949321951119662
1.4504,0.950400002422221,0.950400322411259,0.956119868687442,0.944680136149151,0,
1.45011971268955,,,,,,0.950120035265098
1.4512,0.951200002502046,0.951200321936526,0.95691986876487,0.945480136231066,0,
1.45091779728651,,,,,,0.950918119394257
1.452,0.952000002581217,0.952000321445264,0.95771986884156,0.946280136312412,0,
1.45171588188348,,,,,,0.95171620350701
1.4528,0.95280000265971,0.952800320937342,0.958519868917486,0.947080136393166,0,
1.45251396648045,,,,,,0.952514287603229
1.4536,0.9536000027375,0.95360032041263,0.959319868992624,0.947880136473303,0,
1.45331205107741,,,,,,0.953312371682785
1.4544,0.954400002814563,0.954400319870999,0.960119869066949,0.948680136552799,0,
1.45411013567438,,,,,,0.954110455745549
1.4552,0.955200002890874,0.955200319312319,0.960919869140436,0.949480136631629,0,
1.45490822027135,,,,,,0.954908539791392
1.456,0.956000002966409,0.95600031873646,0.961719869213062,0.950280136709768,0,
1.45570630486832,,,,,,0.955706623820186
1.4568,0.956800003041144,0.956800318143294,0.962519869284801,0.951080136787192,0,
1.45650438946528,,,,,,0.956504707831802
1.4576,0.957600003115053,0.957600317532689,0.963319869355629,0.951880136863877,0,
1.45730247406225,,,,,,0.95730279182611
1.4584,0.958400003188113,0.958400316904516,0.964119869425523,0.952680136939797,0,
1.45810055865922,,,,,,0.958100875802984
1.4592,0.959200003260299,0.959200316258646,0.964919869494456,0.953480137014929,0,
1.45889864325619,,,,,,0.958898959762292
1.46,0.960000003331585,0.960000315594949,0.965719869562405,0.954280137089248,0,
1.45969672785315,,,,,,0.959697043703908
1.4608,0.960800003401949,0.960800314913296,0.966519869629346,0.95508013716273,0,
1.46049481245012,,,,,,0.960495127627701
1.4616,0.961600003471365,0.961600314213555,0.967319869695253,0.95588013723535,0,
1.46129289704709,,,,,,0.961293211533544
1.4624,0.96240000353981,0.962400313495599,0.968119869760103,0.956680137307083,0,
1.46209098164405,,,,,,0.962091295421307
1.4632,0.963200003607257,0.963200312759297,0.96891986982387,0.957480137377905,0,
1.46288906624102,,,,,,0.962889379290862
1.464,0.964000003673683,0.964000312004519,0.96971986988653,0.958280137447792,0,
1.46368715083799,,,,,,0.96368746314208
1.4648,0.964800003739064,0.964800311231136,0.970519869948059,0.959080137516719,0,
1.46448523543496,,,,,,0.964485546974832
1.4656,0.965600003803375,0.965600310439018,0.971319870008433,0.959880137584661,0,
1.46528332003192,,,,,,0.965283630788989
1.4664,0.966400003866591,0.966400309628035,0.972119870067626,0.960680137651595,0,
1.46608140462889,,,,,,0.966081714584423
1.4672,0.967200003928688,0.967200308798058,0.972919870125614,0.961480137717495,0,
1.46687948922586,,,,,,0.966879798361006
1.468,0.968000003989642,0.968000307948957,0.973719870182374,0.962280137782337,0,
1.46767757382283,,,,,,0.967677882118607
1.4688,0.968800004049427,0.968800307080603,0.974519870237879,0.963080137846096,0,
1.46847565841979,,,,,,0.968475965857098
1.4696,0.96960000410802,0.969600306192865,0.975319870292107,0.963880137908749,0,
1.46927374301676,,,,,,0.969274049576351
1.4704,0.970400004165396,0.970400305285614,0.976119870345031,0.964680137970271,0,
1.47007182761373,,,,,,0.970072133276237
1.4712,0.97120000422153,0.97120030435872,0.976919870396629,0.965480138030636,0,
1.47086991221069,,,,,,0.970870216956627
1.472,0.972000004276398,0.972000303412054,0.977719870446874,0.966280138089821,0,
1.47166799680766,,,,,,0.971668300617393
1.4728,0.972800004329976,0.972800302445485,0.978519870495744,0.967080138147801,0,
1.47246608140463,,,,,,0.972466384258404
1.4736,0.973600004382238,0.973600301458885,0.979319870543213,0.967880138204552,0,
1.4732641660016,,,,,,0.973264467879534
1.4744,0.974400004433162,0.974400300452123,0.980119870589257,0.968680138260049,0,
1.47406225059856,,,,,,0.974062551480653
1.4752,0.975200004482721,0.97520029942507,0.980919870633851,0.969480138314267,0,
1.47486033519553,,,,,,0.974860635061632
1.476,0.976000004530891,0.976000298377596,0.981719870676971,0.970280138367183,0,
1.4756584197925,,,,,,0.975658718622342
1.4768,0.976800004577649,0.976800297309571,0.982519870718592,0.971080138418772,0,
1.47645650438947,,,,,,0.976456802162655
1.4776,0.977600004622969,0.977600296220866,0.98331987075869,0.971880138469008,0,
1.47725458898643,,,,,,0.977254885682442
1.4784,0.978400004666827,0.978400295111352,0.984119870797241,0.972680138517868,0,
1.4780526735834,,,,,,0.978052969181574
1.4792,0.979200004709199,0.979200293980897,0.984919870834219,0.973480138565327,0,
1.47885075818037,,,,,,0.978851052659923
1.48,0.980000004750059,0.980000292829373,0.985719870869601,0.974280138611361,0,
1.47964884277733,,,,,,0.979649136117359
1.4808,0.980800004789385,0.98080029165665,0.986519870903362,0.975080138655946,0,
1.4804469273743,,,,,,0.980447219553754
1.4816,0.98160000482715,0.981600290462598,0.987319870935477,0.975880138699055,0,
1.48124501197127,,,,,,0.981245302968979
1.4824,0.982400004863331,0.982400289247088,0.988119870965922,0.976680138740666,0,
1.48204309656824,,,,,,0.982043386362906
1.4832,0.983200004897902,0.983200288009989,0.988919870994672,0.977480138780754,0,
1.4828411811652,,,,,,0.982841469735405
1.484,0.984000004930841,0.984000286751173,0.989719871021703,0.978280138819294,0,
1.48363926576217,,,,,,0.983639553086348
1.4848,0.984800004962121,0.984800285470509,0.990519871046991,0.979080138856261,0,
1.48443735035914,,,,,,0.984437636415606
1.4856,0.985600004991719,0.985600284167868,0.99131987107051,0.979880138891632,0,
1.48523543495611,,,,,,0.985235719723051
1.4864,0.98640000501961,0.98640028284312,0.992119871092237,0.980680138925382,0,
1.48603351955307,,,,,,0.986033803008553
1.4872,0.98720000504577,0.987200281496135,0.992919871112147,0.981480138957485,0,
1.48683160415004,,,,,,0.986831886271983
1.488,0.988000005070173,0.988000280126784,0.993719871130215,0.982280138987919,0,
1.48762968874701,,,,,,0.987629969513214
1.4888,0.988800005092797,0.988800278734937,0.994519871146418,0.983080139016657,0,
1.48842777334397,,,,,,0.988428052732116
1.4896,0.989600005113615,0.989600277320465,0.99531987116073,0.983880139043677,0,
1.48922585794094,,,,,,0.98922613592856
1.4904,0.990400005132604,0.990400275883237,0.996119871173126,0.984680139068953,0,
1.49002394253791,,,,,,0.990024219102418
1.4912,0.991200005149739,0.991200274423124,0.996919871183583,0.98548013909246,0,
1.49082202713488,,,,,,0.990822302253561
1.492,0.992000005164996,0.992000272939996,0.997719871192076,0.986280139114175,0,
1.49162011173184,,,,,,0.99162038538186
1.4928,0.99280000517835,0.992800271433723,0.998519871198581,0.987080139134072,0,
1.49241819632881,,,,,,0.992418468487187
1.4936,0.993600005189776,0.993600269904177,0.999319871203072,0.987880139152128,0,
1.49321628092578,,,,,,0.993216551569412
1.4944,0.994400005199251,0.994400268351227,1.00011987120553,0.988680139168317,0,
1.49401436552275,,,,,,0.994014634628407
1.4952,0.995200005206749,0.995200266774743,1.00091987120592,0.989480139182616,0,
1.49481245011971,,,,,,0.994812717664043
1.496,0.996000005212246,0.996000265174596,1.00171987120422,0.990280139194999,0,
1.49561053471668,,,,,,0.995610800676192
1.4968,0.996800005215718,0.996800263550656,1.00251987120042,0.991080139205443,0,
1.49640861931365,,,,,,0.996408883664724
1.4976,0.99760000521714,0.997600261902793,1.00330586620926,0.991880139213923,0,
1.49720670391061,,,,,,0.997206966629511
1.4984,0.998400005216488,0.998400260230878,1.00405574979842,0.992680139220414,0,
1.49800478850758,,,,,,0.998005049570424
1.4992,0.999200005213737,0.999200258534781,1.00475967516085,0.993480139224891,0,
1.49880287310455,,,,,,0.998803132487334
1.5,1.00000000520886,1.00000025711743,1.03066495612129,0.969335306204998,,
1.49960095770152,,,,,,0.999601215380113
1.5,1.00000000520886,1.00000025711743,1.03066495612129,0.969335306204998,,
1.5008,1.00076969850471,1.00076330471339,1.00605027516497,0.995080139227709,0,
1.50000000030002,,,,,,1.00000025711743
1.50000000030002,,,,,,1.00000025711743
1.50039904229848,,,,,,1.00039157174752
1.5016,1.00148432679058,1.00147940617966,1.00664374276142,0.995880139226,0,
1.50119712689545,,,,,,1.0011314860904
1.5024,1.00215177420703,1.0021480618405,1.00721106350521,0.996680139222181,0,
1.50199521149242,,,,,,1.00182070972205
1.5032,1.0027790695848,1.00277598541027,1.00775547244666,0.997463837504307,0,
1.50279329608939,,,,,,1.00246612005021
1.504,1.00337219737368,1.00336943846787,1.00827989160746,0.998198275496868,0,
1.50359138068635,,,,,,1.00307417609429
1.5048,1.00393625643878,1.00393393245333,1.00878693867706,0.998876425836762,0,
1.50438946528332,,,,,,1.00365086041769
1.5056,1.00447564083483,1.00447394284724,1.00927893036512,0.999507524197055,0,
1.50518754988029,,,,,,1.00420115597687
1.5064,1.00499410818814,1.00499308141176,1.00975788938075,1.00009739030724,0,
1.50598563447725,,,,,,1.00472899434832
1.5072,1.00549485372425,1.00549434427285,1.01022555773111,1.00065642482695,0,
1.50678371907422,,,,,,1.00523763661227
1.508,1.00598056871427,1.00598039995722,1.01068341612085,1.00118985741551,0,
1.50758180367119,,,,,,1.00572979086953
1.5088,1.00645349851494,1.00645355600417,1.0111327109626,1.00170202323532,0,
1.50837988826816,,,,,,1.00620805248725
1.5096,1.00691549972642,1.00691566049481,1.01157446779979,1.0021964920734,0,
1.50917797286512,,,,,,1.00667443454827
1.5104,1.0073680948762,1.00736831183362,1.01200950918325,1.00267617784846,0,
1.50997605746209,,,,,,1.00713061069529
1.5112,1.00781253101052,1.00781280462658,1.01243849043156,1.00314344051025,0,
1.51077414205906,,,,,,1.00757809024787
1.512,1.00824977802715,1.00825010014904,1.01286190275919,1.00360017848177,0,
1.51157222665603,,,,,,1.00801795977319
1.5128,1.00868061688212,1.00868099410443,1.01328010995015,1.00404791492412,0,
1.51237031125299,,,,,,1.00845105748932
1.5136,1.00910561926432,1.00910608298893,1.01369334798834,1.00448784123788,0,
1.51316839584996,,,,,,1.00887813144013
1.5144,1.00952521834759,1.00952576871988,1.01410175865433,1.00492088572602,0,
1.51396648044693,,,,,,1.00929963948155
1.5152,1.00993969282985,1.00994028285649,1.0145053971493,1.00534774571488,0,
1.51476456504389,,,,,,1.00971593042104
1.516,1.01034921663673,1.01034981433821,1.01490425076684,1.00576893485272,0,
1.51556264964086,,,,,,1.01012713356519
1.5168,1.01075386416717,1.01075443314074,1.01529825230118,1.00618480122729,0,
1.51636073423783,,,,,,1.01053348534077
1.5176,1.01115363250416,1.01115414476331,1.0156872902549,1.00659556147824,0,
1.5171588188348,,,,,,1.01093491666338
1.5184,1.01154845715494,1.0115488946656,1.01607122139598,1.00700132214957,0,
1.51795690343176,,,,,,1.01133149426817
1.5192,1.01193822249519,1.0119385713422,1.01644987423951,1.00740209952203,0,
1.51875498802873,,,,,,1.01172306558918
1.52,1.0123227771787,1.01232303407154,1.0168230643141,1.00779783889226,0,
1.5195530726257,,,,,,1.01210955366848
1.5208,1.01270193625157,1.01270210105553,1.01719058842939,1.00818842734895,0,
1.52035115722267,,,,,,1.01249076867394
1.5216,1.0130754998937,1.01307557420486,1.01755224456576,1.00857370941898,0,
1.52114924181963,,,,,,1.012866537489
1.5224,1.01344324572309,1.01344322806908,1.01790767573578,1.00895349203429,0,
1.5219473264166,,,,,,1.01323664498874
1.5232,1.01380495147459,1.0138048377939,1.01825675099449,1.00932756190576,0,
1.52274541101357,,,,,,1.01360086057467
1.524,1.01416038264461,1.01416017134615,1.01859931464952,1.00969568130268,0,
1.52354349561053,,,,,,1.01395896664776
1.5248,1.01450931344682,1.01450899228914,1.01893517479864,1.01005760876829,0,
1.5243415802075,,,,,,1.01431072311348
1.5256,1.01485151581994,1.01485107649145,1.01926414465261,1.01041294509694,0,
1.52513966480447,,,,,,1.01465589925495
1.5264,1.01518677535522,1.01518621601748,1.01958605291651,1.01076151461724,0,
1.52593774940144,,,,,,1.01499427865248
1.5272,1.01551488227455,1.01551421134431,1.01990073678546,1.01110311637652,0,
1.5267358339984,,,,,,1.01532566222465
1.528,1.01583564412045,1.01583484199833,1.02020804994163,1.01143751297716,0,
1.52753391859537,,,,,,1.01564985259545
1.5288,1.01614887652499,1.01614792633744,1.02050785668764,1.01176447347849,0,
1.52833200319234,,,,,,1.01596661527161
1.5296,1.01645441484284,1.01645332041245,1.02080003730337,1.01208378385998,0,
1.52913008778931,,,,,,1.01627580876723
1.5304,1.01675210451853,1.01675089348693,1.02108448438544,1.01239524142621,0,
1.52992817238627,,,,,,1.01657728914294
1.5312,1.01704181122998,1.01704050515577,1.02136110529985,1.01269866267373,0,
1.53072625698324,,,,,,1.01687093654482
1.532,1.01732341259052,1.01732203598262,1.02162982056274,1.01299387844514,0,
1.53152434158021,,,,,,1.0171565979514
1.5328,1.01759680554073,1.01759539194142,1.02189056425353,1.01328073943506,0,
1.53232242617717,,,,,,1.0174341785407
1.5336,1.01786190029437,1.01786048454468,1.02214328287062,1.0135591128314,0,
1.53312051077414,,,,,,1.0177035859617
1.5344,1.01811862493271,1.01811722358923,1.02238793505902,1.01382888527237,0,
1.53391859537111,,,,,,1.01796473540075
1.5352,1.01836691985535,1.0183655440376,1.02262449244614,1.01408996097355,0,
1.53471667996808,,,,,,1.01821753412171
1.536,1.01860674241763,1.01860540035175,1.02285293840797,1.01434226191743,0,
1.53551476456504,,,,,,1.01846193622854
1.5368,1.01883806424751,1.01883675933987,1.02307326796378,1.01458572721396,0,
1.53631284916201,,,,,,1.01869789695751
1.5376,1.01906087151136,1.01905960674559,1.02328548750577,1.014820314219,0,
1.53711093375898,,,,,,1.01892539103085
1.5384,1.01927516431133,1.01927393732909,1.0234896149417,1.01504599735091,0,
1.53790901835595,,,,,,1.01914441145307
1.5392,1.01948095723625,1.01947975853053,1.02368567903569,1.01526276785891,0,
1.53870710295291,,,,,,1.01935495416442
1.54,1.01967827858797,1.01967709238305,1.02387371675168,1.0154706340418,0,
1.53950518754988,,,,,,1.01955703377275
1.5408,1.01986716933504,1.0198659745502,1.02405375661739,1.01566962088251,0,
1.54030327214685,,,,,,1.01975067669259
1.5416,1.02004765840111,1.0200464559708,1.02422585705421,1.01585976888731,0,
1.54110135674381,,,,,,1.01993592389312
1.5424,1.02021981103418,1.020218601726,1.0243897389801,1.01604111098447,0,
1.54189944134078,,,,,,1.02011283182795
1.5432,1.02038369296007,1.02038246542136,1.0245457617096,1.0162137128179,0,
1.54269752593775,,,,,,1.02028147005826
1.544,1.02053937845618,1.02053811843931,1.02469404870426,1.01637730970666,0,
1.54349561053472,,,,,,1.02044188200727
1.5448,1.02068694782116,1.02068565652524,1.02483467836458,1.01653227757308,0,
1.54429369513168,,,,,,1.02059415484277
1.5456,1.0208264901771,1.02082518370947,1.02496773374315,1.01667875963368,0,
1.54509177972865,,,,,,1.02073838826407
1.5464,1.02095810041075,1.02095676939147,1.02509330233445,1.0168168568447,0,
1.54588986432562,,,,,,1.02087468764441
1.5472,1.02108187892528,1.02108051755427,1.02521147814648,1.01694667700158,0,
1.54668794892259,,,,,,1.02100310089076
1.548,1.02119793456615,1.0211965524129,1.02532235753614,1.01706833534495,0,
1.54748603351955,,,,,,1.02112376277279
1.5488,1.02130637771293,1.02130499320378,1.02542603972061,1.01718195474294,0,
1.54828411811652,,,,,,1.02123679016426
1.5496,1.02140732287115,1.02140594205305,1.02552262701906,1.01728766086347,0,
1.54908220271349,,,,,,1.02134230229223
1.5504,1.02150088809899,1.02149951960734,1.02561222819187,1.01738558395108,0,
1.54988028731045,,,,,,1.02144039070287
1.5512,1.02158720158022,1.02158585464779,1.02569495471459,1.01747586148734,0,
1.55067837190742,,,,,,1.02153119061761
1.552,1.02166638968024,1.0216650733116,1.02577091786888,1.01755863654587,0,
1.55147645650439,,,,,,1.0216148259147
1.5528,1.02173857962914,1.02173730353882,1.02584023071551,1.0176340514405,0,
1.55227454110136,,,,,,1.02169142255631
1.5536,1.02180390181557,1.02180267388375,1.02590301011504,1.01770225072921,0,
1.55307262569832,,,,,,1.02176110813121
1.5544,1.02186249257166,1.02186131306912,1.02595937616064,1.01776338427219,0,
1.55387071029529,,,,,,1.0218240102991
1.5552,1.02191448803621,1.02191335801904,1.02600944863873,1.01781760444723,0,
1.55466879489226,,,,,,1.02188025693664
1.556,1.02196002281539,1.02195895249665,1.0260533470969,1.01786506221288,0,
1.55546687948923,,,,,,1.02192998813014
1.5568,1.02199923339574,1.02199823352952,1.02609119311321,1.01790590911423,0,
1.55626496408619,,,,,,1.02197334796025
1.5576,1.02203225908038,1.02203133875878,1.02612311049789,1.01794029936291,0,
1.55706304868316,,,,,,1.02201046843947
1.5584,1.02205923935974,1.02205840875782,1.02614922310188,1.01796838794223,0,
1.55786113328013,,,,,,1.02204148853356
1.5592,1.02208031074103,1.02207958484601,1.02616965284288,1.01799032699888,0,
1.5586592178771,,,,,,1.0220665481074
1.56,1.02209561027392,1.02209500884703,1.02618452246723,1.01800626817207,0,
1.55945730247406,,,,,,1.02208578768622
1.5608,1.0221052766927,1.02210482284721,1.02619395645817,1.01801636449939,0,
1.56025538707103,,,,,,1.02209934821682
1.5616,1.0221094494199,1.02210913474996,1.02619808026159,1.01802076965442,0,
1.561053471668,,,,,,1.02210737082877
1.5624,1.02210826238403,1.02210807768209,1.02619689322572,1.01801951013538,0,
1.56185155626496,,,,,,1.02210994664826
1.5632,1.02210184984135,1.02210178942868,1.02619060209001,1.01801281878813,0,
1.56264964086193,,,,,,1.02210722696525
1.564,1.02209034676194,1.02209039705587,1.02617937781516,1.01800089233447,0,
1.5634477254589,,,,,,1.02209934190642
1.5648,1.02207389005377,1.02207402333597,1.02616334448125,1.01798387916061,0,
1.56424581005587,,,,,,1.0220864158218
1.5656,1.02205260891386,1.02205278714882,1.02614261980702,1.01796192003713,0,
1.56504389465283,,,,,,1.02206856950003
1.5664,1.02202663311521,1.02202683226606,1.02611732199194,1.01793515586268,0,
1.5658419792498,,,,,,1.02204591974226
1.5672,1.02199609188095,1.02199633940701,1.02608756913349,1.01790372719118,0,
1.56664006384677,,,,,,1.02201862072024
1.568,1.02196111656347,1.02196142010347,1.02605348125324,1.01786777431317,0,
1.56743814844373,,,,,,1.02198686286216
1.5688,1.02192183102172,1.02192218650479,1.02601517327202,1.01782743098168,0,
1.5682362330407,,,,,,1.02195072257993
1.5696,1.02187835930467,1.02187876478192,1.02597275934471,1.01778283038529,0,
1.56903431763767,,,,,,1.02191032609757
1.5704,1.02183082397205,1.02183127966645,1.02592635289143,1.01773410456573,0,
1.56983240223464,,,,,,1.02186579828204
1.5712,1.02177934855624,1.02177985435193,1.02587606796256,1.01768138409179,0,
1.5706304868316,,,,,,1.02181726254584
1.572,1.02172405088228,1.02172459827063,1.02582201534674,1.01762479483219,0,
1.57142857142857,,,,,,1.02176484074945
1.5728,1.02166504809221,1.02166562684457,1.0257643041423,1.01756446117192,0,
1.57222665602554,,,,,,1.02170863617009
1.5736,1.02160245539054,1.02160305739473,1.02570304231083,1.01750050595518,0,
1.57302474062251,,,,,,1.02164876795528
1.5744,1.02153638808032,1.02153700217135,1.02563833751568,1.01743304988166,0,
1.57382282521947,,,,,,1.02158535152832
1.5752,1.02146695683684,1.02146756985988,1.0255702950355,1.017362209914,0,
1.57462090981644,,,,,,1.02151849677587
1.576,1.02139427111134,1.02139486627008,1.02549901803418,1.01728810103099,0,
1.57541899441341,,,,,,1.02144831083873
1.5768,1.02131843819093,1.02131900175821,1.02542460827127,1.01721083679115,0,
1.57621707901038,,,,,,1.0213748979697
1.5776,1.02123956555278,1.02124010726874,1.02534716695256,1.01713052832114,0,
1.57701516360734,,,,,,1.02129836975024
1.5784,1.02115775600866,1.02115827947348,1.0252667932403,1.01704728330961,0,
1.57781324820431,,,,,,1.0212188630888
1.5792,1.02107311113254,1.02107361506485,1.02518358383159,1.0169612074483,0,
1.57861133280128,,,,,,1.02113645882422
1.58,1.02098573036231,1.02098621480991,1.02509763404655,1.01687240501385,0,
1.57940941739824,,,,,,1.02105125849969
1.5808,1.02089571292201,1.02089617738825,1.02500903827047,1.01678097785901,0,
1.58020750199521,,,,,,1.02096336162161
1.5816,1.02080315424756,1.02080359934951,1.02491788931056,1.01668702485182,0,
1.58100558659218,,,,,,1.02087286561763
1.5824,1.02070814808582,1.02070857493735,1.02482427748157,1.01659064278382,0,
1.58180367118915,,,,,,1.0207798657947
1.5832,1.0206107862907,1.02061119623312,1.0247282915927,1.01649192686972,0,
1.58260175578611,,,,,,1.02068445511837
1.584,1.02051115978891,1.0205115531358,1.02463001920988,1.01639097009997,0,
1.58339984038308,,,,,,1.02058672448169
1.5848,1.02040935681458,1.02040973320715,1.02452954650352,1.01628786293188,0,
1.58419792498005,,,,,,1.02048676258556
1.5856,1.020305463621,1.02030582164275,1.0244269575037,1.01618269376138,0,
1.58499600957702,,,,,,1.0203846557743
1.5864,1.0201995647292,1.02019990124416,1.02432233458882,1.01607554920608,0,
1.58579409417398,,,,,,1.0202804880529
1.5872,1.02009174319115,1.02009205435232,1.02421575871428,1.01596651385703,0,
1.58659217877095,,,,,,1.02017434104455
1.588,1.0199820800477,1.01998237734655,1.02410730938182,1.0158556701163,0,
1.58739026336792,,,,,,1.02006629654319
1.5888,1.01987065437944,1.01987094437356,1.02399706431084,1.01574309841214,0,
1.58818834796488,,,,,,1.01995645466277
1.5896,1.01975754357892,1.01975782982535,1.02388509954621,1.01562887741832,0,
1.58898643256185,,,,,,1.01984488069459
1.5904,1.019642823514,1.01964310931475,1.0237714896746,1.01551308395802,0,
1.58978451715882,,,,,,1.01973165115603
1.5912,1.01952656830045,1.0195268565492,1.02365630785644,1.01539579283723,0,
1.59058260175579,,,,,,1.01961684067719
1.592,1.01940885016349,1.01940914333074,1.02353962562671,1.01527707702883,0,
1.59138068635275,,,,,,1.01950052200088
1.5928,1.01928973974362,1.01929003955601,1.02342151287828,1.01515700772171,0,
1.59217877094972,,,,,,1.01938276598266
1.5936,1.01916930602216,1.01916961321626,1.02330203804407,1.01503565432004,0,
1.59297685554669,,,,,,1.01926364159077
1.5944,1.01904761634122,1.01904793039735,1.02318126804335,1.01491308447096,0,
1.59377494014366,,,,,,1.01914321590621
1.5952,1.01892473642375,1.01892505527973,1.02305926829402,1.01478936409205,0,
1.59457302474062,,,,,,1.01902155412268
1.596,1.01880073039349,1.01880107306193,1.02293610272519,1.01466455753357,0,
1.59537110933759,,,,,,1.01889871954662
1.5968,1.01867566097376,1.01867603935387,1.02281183383367,1.01453872758251,0,
1.59616919393456,,,,,,1.01877480268788
1.5976,1.01854958941467,1.01855000949307,1.02268652280591,1.01441193513106,0,
1.59696727853152,,,,,,1.01864984907704
1.5984,1.01842257507889,1.01842304192514,1.02256022936249,1.014284239511,0,
1.59776536312849,,,,,,1.0185239162012
1.5992,1.01829467600318,1.01829519386405,1.02243301157107,1.01415569851852,0,
1.59856344772546,,,,,,1.01839706223231
1.6,1.0181659487434,1.01816652078099,1.02230492622807,1.01402636839825,0,
1.59936153232243,,,,,,1.01826934361614
1.6008,1.01803644839581,1.01803707640436,1.02217602874096,1.01389630387006,0,
1.60015961691939,,,,,,1.01814081507221
1.6016,1.01790622861838,1.01790691271976,1.02204637314413,1.0137655581556,0,
1.60095770151636,,,,,,1.01801152959384
1.6024,1.01777534165217,1.01777607997002,1.02191601211496,1.01363418356411,0,
1.60175578611333,,,,,,1.01788153844812
1.6032,1.01764383904732,1.01764462665516,1.02178499713539,1.01350223270939,0,
1.6025538707103,,,,,,1.01775089117594
1.604,1.01751177298429,1.01751262764113,1.02165337932222,1.01336975403136,0,
1.60335195530726,,,,,,1.01761963559197
1.6048,1.01737919031979,1.01738013171981,1.02152120927272,1.01323679521571,0,
1.60415003990423,,,,,,1.01748785240129
1.6056,1.01724613841037,1.01724717337424,1.02138853351445,1.01310340302161,0,
1.6049481245012,,,,,,1.0173555824093
1.6064,1.01711266338379,1.0171137948267,1.02125539877255,1.01296962295006,0,
1.60574620909816,,,,,,1.01722285832132
1.6072,1.01697881016534,1.01698003916591,1.02112185059907,1.01283549927389,0,
1.60654429369513,,,,,,1.01708972417261
1.608,1.01684462250422,1.01684594792784,1.02098793339567,1.01270107506751,0,
1.6073423782921,,,,,,1.01695622246046
1.6088,1.01671014299991,1.01671156109575,1.02085369043662,1.01256639221984,0,
1.60814046288907,,,,,,1.01682239414418
1.6096,1.01657541310805,1.01657691710014,1.02071916388812,1.0124314910008,0,
1.60893854748603,,,,,,1.01668827864511
1.6104,1.01644047260298,1.01644205281879,1.02058439471024,1.01229641119162,0,
1.609736632083,,,,,,1.01655391384665
1.6112,1.0163053610864,1.01630700357674,1.02044942249776,1.01216119135429,0,
1.61053471667997,,,,,,1.01641933609418
1.612,1.01617011673934,1.01617183151224,1.02031428647146,1.01202586891913,0,
1.61133280127694,,,,,,1.01628458019514
1.6128,1.01603477671392,1.01603659371508,1.02017902453413,1.0118904802815,0,
1.6121308858739,,,,,,1.01614971334957
1.6136,1.01589937715905,1.01590130167767,1.02004367359147,1.01175506082969,0,
1.61292897047087,,,,,,1.01601479012141
1.6144,1.01576395324617,1.01576598362796,1.01990826957553,1.01161964497282,0,
1.61372705506784,,,,,,1.01587981338052
1.6152,1.01562853919502,1.01563067162982,1.01977284746836,1.01148426616852,0,
1.6145251396648,,,,,,1.01574481604589
1.616,1.01549316829935,1.0154953964432,1.01963744132585,1.01134895498803,0,
1.61532322426177,,,,,,1.01560982974495
1.6168,1.01535787054823,1.01536018752411,1.01950208385955,1.01121374314163,0,
1.61612130885874,,,,,,1.01547488481364
1.6176,1.01522267808855,1.01522507302465,1.01936680549515,1.01107866149322,0,
1.61691939345571,,,,,,1.01534001029632
1.6184,1.01508762156571,1.01509007979296,1.01923163816103,1.01094373963545,0,
1.61771747805267,,,,,,1.01520523394586
1.6192,1.01495273042165,1.01495523337328,1.01909661235191,1.01080900623662,0,
1.61851556264964,,,,,,1.01507058222358
1.62,1.01481803325192,1.0148205743847,1.01896175743695,1.01067448912662,0,
1.61931364724661,,,,,,1.01493608029926
1.6208,1.01468355782888,1.01468617416701,1.01882710195418,1.01054021532134,0,
1.62011173184358,,,,,,1.01480177109628
1.6216,1.01454933112491,1.01455202612981,1.01869267363245,1.01040621104698,0,
1.62090981644054,,,,,,1.01466773013005
1.6224,1.01441537933555,1.01441814872892,1.01855849941347,1.01027249988763,0,
1.62170790103751,,,,,,1.01453393734531
1.6232,1.0142817255759,1.01428456576745,1.01842460502382,1.01013910578057,0,
1.62250598563448,,,,,,1.01440041726183
1.624,1.01414839413394,1.01415130001147,1.01829101392927,1.01000605303834,0,
1.62330407023144,,,,,,1.01426719337225
1.6248,1.01401540950039,1.01401837319002,1.01815775059599,1.00987336464961,0,
1.62410215482841,,,,,,1.014134288142
1.6256,1.01388279447672,1.01388580599509,1.0180248393275,1.00974106268874,0,
1.62490023942538,,,,,,1.01400172300936
1.6264,1.01375057113986,1.01375361808167,1.01789230292784,1.00960916851922,0,
1.62569832402235,,,,,,1.01386951838542
1.6272,1.01361876086212,1.01362182806768,1.01776016348276,1.00947770281414,0,
1.62649640861931,,,,,,1.01373769365413
1.628,1.01348738433097,1.01349045551047,1.01762844237895,1.00934668557665,0,
1.62729449321628,,,,,,1.01360626717222
1.6288,1.01335646156889,1.0133595706975,1.01749716032321,1.00921613535636,0,
1.62809257781325,,,,,,1.01347525850508
1.6296,1.01322601093257,1.01322916079416,1.01736633714511,1.0090860698752,0,
1.62889066241022,,,,,,1.01334474428173
1.6304,1.01309605016539,1.01309923867018,1.01723599122275,1.00895650752213,0,
1.62968874700718,,,,,,1.01321469985377
1.6312,1.01296659803338,1.01296982136414,1.01710614067663,1.00882746569942,0,
1.63048683160415,,,,,,1.01308514287039
1.632,1.01283767176844,1.01284092508116,1.01697680410241,1.00869896100782,0,
1.63128491620112,,,,,,1.01295609015525
1.6328,1.01270928799582,1.01271256519292,1.01684799875645,1.00857100945776,0,
1.63208300079808,,,,,,1.01282755770649
1.6336,1.01258146275179,1.01258475623765,1.01671974128985,1.00844362648726,0,
1.63288108539505,,,,,,1.01269956069673
1.6344,1.0124542115013,1.01245751192012,1.01659204776583,1.0083168269799,0,
1.63367916999202,,,,,,1.01257211347306
1.6352,1.01232754915572,1.01233084511166,1.01646493367713,1.00819062496688,0,
1.63447725458899,,,,,,1.01244522955705
1.636,1.01220148967597,1.01220476785016,1.01633841386481,1.00806503326211,0,
1.63527533918595,,,,,,1.01231892164474
1.6368,1.01207604570753,1.01207931765628,1.01621250212139,1.00794006539635,0,
1.63607342378292,,,,,,1.01219320160665
1.6376,1.01195123125304,1.01195449891373,1.01608721156423,1.00781573419267,0,
1.63687150837989,,,,,,1.01206810939403
1.6384,1.0118270589529,1.01183031830317,1.01596255601328,1.0076920517774,0,
1.63766959297686,,,,,,1.01194364567766
1.6392,1.01170354095289,1.01170678725539,1.01583854812839,1.00756902979905,0,
1.63846767757382,,,,,,1.0118198176898
1.64,1.01158068892028,1.01158391713888,1.01571520007412,1.00744667944451,0,
1.63926576217079,,,,,,1.01169663718151
1.6408,1.01145851405994,1.01146171882202,1.01559252353571,1.00732501145509,0,
1.64006384676776,,,,,,1.01157411539605
1.6416,1.01133702713044,1.0113402026869,1.01547052973529,1.00720403600105,0,
1.64086193136472,,,,,,1.01145226308248
1.6424,1.01121623826634,1.01121937864319,1.01534922939572,1.00708376095753,0,
1.64166001596169,,,,,,1.01133109050941
1.6432,1.01109615466638,1.01109925614191,1.01522863197518,1.0069641960863,0,
1.64245810055866,,,,,,1.01121060747854
1.644,1.01097678720445,1.01097984418928,1.01510874578453,1.00684535060253,0,
1.64325618515563,,,,,,1.01109082333845
1.6448,1.01085814463833,1.01086115617263,1.01498958124025,1.00672723285467,0,
1.64405426975259,,,,,,1.01097174699814
1.6456,1.01074023531196,1.01074320157568,1.01487114709563,1.00660985079271,0,
1.64485235434956,,,,,,1.0108533920907
1.6464,1.01062306716892,1.01062598633923,1.01475345168817,1.00649321198162,0,
1.64565043894653,,,,,,1.01073576771515
1.6472,1.01050664776594,1.01050951843662,1.01463650295324,1.00637732361475,0,
1.6464485235435,,,,,,1.01061887953806
1.648,1.01039098428643,1.01039380572357,1.01452030843762,1.00626219252712,0,
1.64724660814046,,,,,,1.01050273563254
1.6488,1.0102760835539,1.01027885577731,1.0144048753132,1.00614782520888,0,
1.64804469273743,,,,,,1.01038734377982
1.6496,1.01016195204555,1.01016467591389,1.01429021039057,1.00603422781854,0,
1.6488427773344,,,,,,1.01027271148638
1.6504,1.01004859590571,1.01005127320552,1.01417632013272,1.00592140619636,0,
1.64964086193136,,,,,,1.01015884600104
1.6512,1.00993602095936,1.00993865449783,1.01406321066871,1.00580936519874,0,
1.65043894652833,,,,,,1.01004575433207
1.652,1.00982423172314,1.00982682642722,1.01395088748376,1.00569810827056,0,
1.6512370311253,,,,,,1.00993344326428
1.6528,1.00971323121637,1.00971578776408,1.01383935466894,1.00558764075009,0,
1.65203511572227,,,,,,1.00982191937615
1.6536,1.0096030259965,1.00960553429282,1.01372861646278,1.00547796764883,0,
1.65283320031923,,,,,,1.0097111810497
1.6544,1.00949362043204,1.00949607976472,1.01361867877971,1.00536909308358,0,
1.6536312849162,,,,,,1.00960122397552
1.6552,1.00938501860611,1.00938742862913,1.01350954595457,1.00526102089865,0,
1.65442936951317,,,,,,1.00949206262709
1.656,1.00927722432836,1.00927958459014,1.01340122203583,1.00515375467757,0,
1.65522745411014,,,,,,1.00938370098877
1.6568,1.00917024114694,1.00917255103774,1.01329371079773,1.00504729775488,0,
1.6560255387071,,,,,,1.00927614272572
1.6576,1.00906407236042,1.00906633105639,1.01318701575247,1.00494165322777,0,
1.65682362330407,,,,,,1.00916939119235
1.6584,1.00895872102974,1.00896092743348,1.01308114016238,1.00483682396781,0,
1.65762170790104,,,,,,1.00906344944074
1.6592,1.00885418999017,1.00885634266792,1.0129760870521,1.00473281263265,0,
1.658419792498,,,,,,1.00895832022903
1.66,1.00875048186324,1.00875257897856,1.01287185922076,1.0046296216777,0,
1.65921787709497,,,,,,1.00885400602986
1.6608,1.00864759906866,1.00864963880438,1.0127684592542,1.00452725045936,0,
1.66001596169194,,,,,,1.00875050903874
1.6616,1.00854553913943,1.00854752640399,1.01266588774873,1.00442569799373,0,
1.66081404628891,,,,,,1.00864783168292
1.6624,1.00844430196593,1.00844624160363,1.01256414311162,1.00432496716722,0,
1.66161213088587,,,,,,1.00854597823153
1.6632,1.00834389235472,1.00834578583307,1.01246322715343,1.00422506043608,0,
1.66241021548284,,,,,,1.00844494842207
1.664,1.00824431134433,1.00824616034761,1.01236314326298,1.00412597869686,0,
1.66320830007981,,,,,,1.008344743704
1.6648,1.0081455597647,1.00814736620399,1.01226389241218,1.00402772264706,0,
1.66400638467678,,,,,,1.00824536532055
1.6656,1.0080476382463,1.00804940427016,1.01216547536395,1.00393029279412,0,
1.66480446927374,,,,,,1.00814681431838
1.6664,1.00795054722935,1.00795219772003,1.01206789268154,1.00383368946433,0,
1.66560255387071,,,,,,1.00804909155733
1.6672,1.00785428697294,1.0078559809463,1.01197114473796,1.00373791281178,0,
1.66640063846768,,,,,,1.00795219772003
1.66719872306464,,,,,,1.00785613332166
1.668,1.00775885756419,1.0077605211012,1.01187523172535,1.00364296282732,0,
1.66799680766161,,,,,,1.00776089871958
1.6688,1.00766425892747,1.00766589517534,1.01178015366435,1.00354883934747,0,
1.66879489225858,,,,,,1.00766649412306
1.6696,1.0075704908335,1.00757209224878,1.0116859104135,1.00345554206338,0,
1.66959297685555,,,,,,1.0075729085428
1.6704,1.00747755290853,1.00747911817014,1.01159250167865,1.00336306740202,0,
1.67039106145251,,,,,,1.0074801478589
1.6712,1.00738543905507,1.00738697221719,1.01149992456158,1.00327141310967,0,
1.67118914604948,,,,,,1.00738821136257
1.672,1.00729414994374,1.00729565305519,1.01140817588915,1.00318057967873,0,
1.67198723064645,,,,,,1.00729709773183
1.6728,1.00720368594164,1.00720515914526,1.01131725620665,1.00309056651463,0,
1.67278531524342,,,,,,1.00720680544238
1.6736,1.00711404566329,1.00711548874972,1.0112271650903,1.0030013721723,0,
1.67358339984038,,,,,,1.00711733277294
1.6744,1.00702522757725,1.00702663993747,1.01113790106824,1.00291299506749,0,
1.67438148443735,,,,,,1.0070286778105
1.6752,1.00693723001341,1.00693861058932,1.01104946252317,1.00282543348386,0,
1.67517956903432,,,,,,1.00694083845563
1.676,1.00685005117031,1.00685139840342,1.01096184769986,1.00273868558012,0,
1.67597765363128,,,,,,1.00685381242782
1.6768,1.00676368912242,1.00676500090056,1.01087505471261,1.00265274939714,0,
1.67677573822825,,,,,,1.00676759727072
1.6776,1.00667814182752,1.00667941542955,1.0107890815528,1.00256762286506,0,
1.67757382282522,,,,,,1.00668219035749
1.6784,1.00659340713393,1.00659463917261,1.01070392609639,1.00248330381045,0,
1.67837190742219,,,,,,1.00659758889606
1.6792,1.00650948278791,1.00651066915069,1.01061958611139,1.0023997899634,0,
1.67916999201915,,,,,,1.00651378993446
1.68,1.00642636644089,1.00642750222887,1.0105360592654,1.00231707629806,0,
1.67996807661612,,,,,,1.00643079036611
1.6808,1.00634405033197,1.00634513512172,1.0104533404748,1.00223515936436,0,
1.68076616121309,,,,,,1.00634858693512
1.6816,1.00626253516764,1.00626356439862,1.01037142613525,1.00215403814816,0,
1.68156424581006,,,,,,1.00626717624158
1.6824,1.00618181817419,1.00618278648918,1.01029031519367,1.00207370979349,0,
1.68236233040702,,,,,,1.00618655474687
1.6832,1.00610189632879,1.00610279768858,1.01021000470949,1.00199417127637,0,
1.68316041500399,,,,,,1.00610671877895
1.684,1.00602276651823,1.00602359416292,1.01013049157065,1.00191541948699,0,
1.68395849960096,,,,,,1.00602766453768
1.6848,1.0059444255451,1.00594517277619,1.01005177257634,1.0018374512356,0,
1.68475658419793,,,,,,1.0059493881001
1.6856,1.00586687013379,1.0058675440503,1.00997384444329,1.00176026325852,0,
1.68555466879489,,,,,,1.0058719005282
1.6864,1.00579009693671,1.00579070721816,1.00989670381198,1.00168385222401,0,
1.68635275339186,,,,,,1.00579520197367
1.6872,1.00571410254027,1.00571464752692,1.00982034725297,1.00160821473828,0,
1.68715083798883,,,,,,1.00571927704948
1.688,1.00563888347108,1.00563936165849,1.00974477127307,1.00153334735139,0,
1.68794892258579,,,,,,1.00564412246247
1.6888,1.005564436202,1.00556484627601,1.0096699723217,1.00145924618872,0,
1.68874700718276,,,,,,1.00556973490036
1.6896,1.00549075632365,1.00549109803169,1.00959594633693,1.00138590559587,0,
1.68954509177973,,,,,,1.00549611103957
1.6904,1.00541783648709,1.00541811357475,1.00952268721487,1.00131332114074,0,
1.6903431763767,,,,,,1.00542324755294
1.6912,1.00534567575118,1.00534588955924,1.00945019109754,1.00124149056511,0,
1.69114126097366,,,,,,1.00535114111759
1.692,1.00527427011883,1.00527442265195,1.0093784553049,1.00117040990349,0,
1.69193934557063,,,,,,1.00527978842262
1.6928,1.00520361554112,1.00520370954025,1.00930747575646,1.00110007514132,0,
1.6927374301676,,,,,,1.00520918617694
1.6936,1.00513370792222,1.00513374693999,1.00923724832202,1.00103048221986,0,
1.69353551476456,,,,,,1.00513933111705
1.6944,1.00506454312445,1.00506453160336,1.00916776882682,1.00096162704104,0,
1.69433359936153,,,,,,1.00507022001478
1.6952,1.00499611697323,1.00499606032676,1.00909903305665,1.00089350547233,0,
1.6951316839585,,,,,,1.00500184968512
1.696,1.00492842526207,1.00492832995869,1.00903103676296,1.00082611335163,0,
1.69592976855547,,,,,,1.00493421699396
1.6968,1.00486146375755,1.00486133740762,1.00896377566798,1.00075944649211,0,
1.69672785315243,,,,,,1.0048673188659
1.6976,1.00479522820435,1.00479507964983,1.00889724546979,1.00069350068708,0,
1.6975259377494,,,,,,1.004801152292
1.6984,1.0047297143302,1.00472955373732,1.00883144184747,1.00062827091045,0,
1.69832402234637,,,,,,1.00473571433758
1.6992,1.00466491581412,1.00466475407244,1.00876635923388,1.00056375086583,0,
1.69912210694334,,,,,,1.00467100215001
1.7,1.00460082618943,1.00460065118732,1.00870199113772,1.00049993583391,0,
1.6999201915403,,,,,,1.00460698496174
1.7008,1.0045374432975,1.00453723333276,1.00863833365302,1.00043682273571,0,
1.70071827613727,,,,,,1.00454364721754
1.7016,1.00447476250027,1.00447452055138,1.00857538306207,1.00037440698301,0,
1.70151636073424,,,,,,1.00448101162402
1.7024,1.0044127791365,1.00441250853969,1.00851313465376,1.00031268396588,0,
1.70231444533121,,,,,,1.00441907390806
1.7032,1.00435148852554,1.00435119299824,1.00845158369615,1.00025164905634,0,
1.70311252992817,,,,,,1.0043578298001
1.704,1.00429088597117,1.0042905696362,1.00839072544037,1.00019129761209,0,
1.70391061452514,,,,,,1.00429727503858
1.7048,1.00423096676536,1.0042306341758,1.00833055512444,1.00013162498022,0,
1.70470869912211,,,,,,1.00423740537441
1.7056,1.00417172619206,1.00417138235689,1.0082710679772,1.0000726265009,0,
1.70550678371907,,,,,,1.00417821657539
1.7064,1.00411315953098,1.0041128099414,1.00821225922214,1.00001429751112,0,
1.70630486831604,,,,,,1.0041197044307
1.7072,1.0040552620614,1.00405491271791,1.00815412408127,0.999956633348342,0,
1.70710295291301,,,,,,1.00406186475537
1.708,1.00399802906594,1.00399768650608,1.008096657779,0.999899628370876,0,
1.70790103750998,,,,,,1.00400469339467
1.7088,1.00394145298476,1.00394112716124,1.00803985367983,0.999843276035944,0,
1.70869912210694,,,,,,1.00394818622863
1.7096,1.00388552897541,1.00388523057884,1.00798370592423,0.999787571985946,0,
1.70949720670391,,,,,,1.00389233917647
1.7104,1.00383025346393,1.00382999269898,1.0079282104534,0.999732512221316,0,
1.71029529130088,,,,,,1.00383714820105
1.7112,1.00377562147398,1.00377540951093,1.0078733627166,0.999678091821946,0,
1.71109337589785,,,,,,1.00378260931333
1.712,1.003721628024,1.00372147705761,1.00781915767604,0.999624305863057,0,
1.71189146049481,,,,,,1.00372871857682
1.7128,1.00366826812997,1.00366819144012,1.00776559029091,0.999571149417882,0,
1.71268954509178,,,,,,1.00367547211205
1.7136,1.00361553680811,1.00361554527947,1.00771265552019,0.999518617560354,0,
1.71348762968875,,,,,,1.00362286610101
1.7144,1.00356342907766,1.00356351059517,1.00766034832541,0.99946670536779,0,
1.71428571428571,,,,,,1.00357087162986
1.7152,1.00351193996359,1.00351207281496,1.00760866367345,0.999415407923579,0,
1.71508379888268,,,,,,1.00351946775633
1.716,1.00346106449935,1.00346125165455,1.00755759653936,0.999364720319871,0,
1.71588188347965,,,,,,1.00346867832385
1.7168,1.00341079772962,1.00341104186721,1.0075071419091,0.999314637660266,0,
1.71667996807662,,,,,,1.00341849812589
1.7176,1.00336113471301,1.0033614381883,1.00745729478236,0.999265154267772,0,
1.71747805267358,,,,,,1.0033689219379
1.7184,1.00331206787106,1.003312435337,1.0074080483163,0.999216263782645,0,
1.71827613727055,,,,,,1.00331994451906
1.7192,1.00326359346652,1.00326402801816,1.00735939755494,0.999167962228921,0,
1.71907422186752,,,,,,1.00327156061405
1.72,1.0032157068082,1.00321621092407,1.0073113380458,0.9991202448566,0,
1.71987230646449,,,,,,1.00322376495485
1.7208,1.00316840282793,1.00316897873625,1.00726386477953,0.99907310665378,0,
1.72067039106145,,,,,,1.00317655226248
1.7216,1.00312167646676,1.00312232612724,1.00721697264091,0.999026542617785,0,
1.72146847565842,,,,,,1.00312991724877
1.7224,1.00307552267701,1.00307624776239,1.00717065652598,0.998980547757166,0,
1.72226656025539,,,,,,1.00308385461814
1.7232,1.00302993642432,1.00303073830167,1.00712491134416,0.998935117093714,0,
1.72306464485235,,,,,,1.00303835906939
1.724,1.00298491268968,1.00298579240144,1.00707973202029,0.998890245664467,0,
1.72386272944932,,,,,,1.00299342529744
1.7248,1.00294044647146,1.00294140471627,1.00703511349667,0.998845928523725,0,
1.72466081404629,,,,,,1.00294904799512
1.7256,1.00289653278747,1.00289756990068,1.00699105073521,0.998802160745058,0,
1.72545889864326,,,,,,1.00290522185492
1.7264,1.00285316667701,1.002854282611,1.00694753871942,0.998758937388039,0,
1.72625698324022,,,,,,1.00286194157078
1.7272,1.00281034306794,1.00281153750711,1.0069045723569,0.99871625298123,0,
1.72705506783719,,,,,,1.00281920183987
1.728,1.00276805514778,1.00276932895849,1.00686214523449,0.998674101595842,0,
1.72785315243416,,,,,,1.00277699736432
1.7288,1.00272629930884,1.00272765002699,1.00682025286078,0.99863247931237,0,
1.72865123703113,,,,,,1.0027353212457
1.7296,1.00268507056634,1.00268649451439,1.00677889056281,0.99859138119882,0,
1.72944932162809,,,,,,1.00269416663889
1.7304,1.00264436395534,1.00264585881592,1.00673805332286,0.998550802342695,0,
1.73024740622506,,,,,,1.00265353038626
1.7312,1.00260417453224,1.0026057375168,1.00669773614488,0.998510737852546,0,
1.73104549082203,,,,,,1.00261340711042
1.732,1.00256449737641,1.0025661252095,1.0066579340561,0.998471182859539,0,
1.73184357541899,,,,,,1.00257379144087
1.7328,1.00252532759176,1.00252701649535,1.00661864210863,0.998432132519009,0,
1.73264166001596,,,,,,1.00253467801553
1.7336,1.00248666030829,1.00248840598612,1.00657985538103,0.998393582012026,0,
1.73343974461293,,,,,,1.00249606148238
1.7344,1.0024484906837,1.00245028830566,1.00654156897996,0.998355526546948,0,
1.7342378292099,,,,,,1.00245793650102
1.7352,1.00241081390495,1.00241265809147,1.0065037780417,0.998317961360992,0,
1.73503591380686,,,,,,1.00242029774429
1.736,1.00237362518984,1.00237550999637,1.0064664777338,0.998280881608061,0,
1.73583399840383,,,,,,1.00238313989983
1.7368,1.00233691928136,1.00233883869007,1.00642966286315,0.998244281952111,0,
1.7366320830008,,,,,,1.00234645767168
1.7376,1.00230069035618,1.00230263886078,1.00639332768543,0.998208157066169,0,
1.73743016759777,,,,,,1.0023102457819
1.7384,1.00226493463131,1.00226690521684,1.00635746792131,0.99817250298838,0,
1.73822825219473,,,,,,1.00227449897212
1.7392,1.00222964734253,1.00223163248831,1.00632207898546,0.998137315001159,0,
1.7390263367917,,,,,,1.00223921200518
1.74,1.00219482375343,1.00219681542861,1.0062871560948,0.998102588414253,0,
1.73982442138867,,,,,,1.00220437966664
1.7408,1.00216045915656,1.00216244881609,1.00625269449575,0.998068318565885,0,
1.74062250598563,,,,,,1.00216999676649
1.7416,1.00212654887459,1.00212852745568,1.00621868946527,0.998034500823905,0,
1.7414205905826,,,,,,1.00213605814061
1.7424,1.00209308826144,1.00209504774867,1.00618513631212,0.998001130586934,0,
1.74221867517957,,,,,,1.00210255865248
1.7432,1.00206007270349,1.00206201204263,1.006152030378,0.997968203285515,0,
1.74301675977654,,,,,,1.00206950009696
1.744,1.00202749762069,1.00202941983036,1.00611936703867,0.99793571438326,0,
1.7438148443735,,,,,,1.00203688661989
1.7448,1.00199535846773,1.00199725767717,1.00608714170516,0.997903659378,0,
1.74461292897047,,,,,,1.00200470218228
1.7456,1.00196365073518,1.00196552113176,1.00605534982491,0.997872033636129,0,
1.74541101356744,,,,,,1.0019729423482
1.7464,1.00193236907796,1.00193420581421,1.00602398617701,0.997840831949372,0,
1.74620909816441,,,,,,1.00194160275177
1.7472,1.00190150865587,1.00190330741849,1.00599304578445,0.997810049704509,0,
1.74700718276137,,,,,,1.00191067909976
1.748,1.00187106564854,1.00187282171496,1.0059625245999,0.997779682990836,0,
1.74780526735834,,,,,,1.00188016717397
1.7488,1.00184103558463,1.00184274455295,1.00593241824233,0.997749727376413,0,
1.74860335195531,,,,,,1.00185006283379
1.7496,1.00181141402403,1.0018130718632,1.00590272223224,0.997720178459996,0,
1.74940143655227,,,,,,1.00182036201869
1.7504,1.00178219655863,1.00178379966047,1.00587343212266,0.997691031871798,0,
1.75019952114924,,,,,,1.00179106075067
1.7512,1.00175337881306,1.00175492404597,1.00584454349989,0.997662283274236,0,
1.75099760574621,,,,,,1.0017621551368
1.752,1.00172495644545,1.00172644120996,1.00581605198428,0.99763392836269,0,
1.75179569034318,,,,,,1.00173364137168
1.7528,1.00169692514819,1.0016983426246,1.00578795323095,0.997605962866258,0,
1.75259377494014,,,,,,1.00170551573995
1.7536,1.00166928064865,1.00167065228922,1.00576024293058,0.997578382548508,0,
1.75331413764084,,,,,,1.00168045940223
1.75331413764084,,,,,,1.00168045940223
1.75339185953711,,,,,,1.00167777819276
1.7544,1.00164201871,1.00164336255547,1.00573291681015,0.997551183208232,0,
1.75418994413408,,,,,,1.001650454943
1.7552,1.00161513513192,1.00161645011837,1.00570597063369,0.997524360524588,0,
1.75498802873105,,,,,,1.00162350818187
1.756,1.00158862479078,1.00158990949768,1.00567939939811,0.997497909602935,0,
1.75578611332801,,,,,,1.00159693414758
1.7568,1.00156248377718,1.00156373342958,1.00565319896503,0.99747182656448,0,
1.75658419792498,,,,,,1.00157072276735
1.7576,1.00153670820848,1.00153792251895,1.00562736542119,0.997446107513308,0,
1.75738228252195,,,,,,1.00154487462471
1.7584,1.00151129394943,1.00151247039999,1.0056018946446,0.997420748346462,0,
1.75818036711891,,,,,,1.00151939036606
1.7592,1.00148623689722,1.00148735885816,1.00557678250019,0.99739574499295,0,
1.75897845171588,,,,,,1.0014942451405
1.76,1.00146153298204,1.00146258973654,1.00555202488631,0.997371093414197,0,
1.75977653631285,,,,,,1.00146943864793
1.7608,1.00143717816742,1.00143816837088,1.00552761773527,0.997346789604512,0,
1.76057462090982,,,,,,1.00144497825008
1.7616,1.0014131684508,1.00141409476119,1.00550355701371,0.997322829591551,0,
1.76137270550678,,,,,,1.00142086394695
1.7624,1.00138949986388,1.00139036890747,1.00547983872313,0.997299209436771,0,
1.76217079010375,,,,,,1.00139709573853
1.7632,1.00136616847317,1.00136698536047,1.00545645890028,0.9972759252359,0,
1.76296887470072,,,,,,1.00137367362482
1.764,1.0013431703804,1.00134392187459,1.00543341361768,0.997252973119389,0,
1.76376695929769,,,,,,1.00135057878938
1.7648,1.00132050172299,1.00132116644209,1.005410698984,0.997230349144051,0,
1.76456504389465,,,,,,1.00132778113598
1.7656,1.00129815787757,1.00129874185388,1.00538831045651,0.997208048890267,0,
1.76536312849162,,,,,,1.0013053127464
1.7664,1.00127613553008,1.00127664810995,1.00536624451739,0.997186069002172,0,
1.76616121308859,,,,,,1.00128317362064
1.7672,1.00125443090435,1.00125488521031,1.00534449743227,0.997164405726261,0,
1.76695929768555,,,,,,1.00126136375871
1.768,1.00123304022962,1.00123345315496,1.00532306540771,0.997143055317717,0,
1.76775738228252,,,,,,1.00123988316059
1.7688,1.00121195976825,1.00121232765324,1.00530194468015,0.997122014064382,0,
1.76855546687949,,,,,,1.00121873182629
1.7696,1.00119118581602,1.00119146969924,1.00528113151989,0.99710127828704,0,
1.76935355147646,,,,,,1.0011978304782
1.7704,1.0011707147024,1.00117091727484,1.00526062223138,0.997080844339698,0,
1.77015163607342,,,,,,1.00117723210073
1.7712,1.00115054279081,1.00115067284224,1.00524041315352,0.997060708609862,0,
1.77094972067039,,,,,,1.00115694024376
1.772,1.00113066647891,1.00113073640142,1.00522050065986,0.997040867518824,0,
1.77174780526736,,,,,,1.00113695490727
1.7728,1.00111108219886,1.0011111079524,1.00520088115895,0.997021317521934,0,
1.77254588986433,,,,,,1.00111727609129
1.7736,1.00109178641762,1.00109177329214,1.00518155109454,0.997002055097789,0,
1.77334397446129,,,,,,1.00109790379579
1.7744,1.0010727755417,1.00107269990318,1.00516250686152,0.996983076635339,0,
1.77414205905826,,,,,,1.001078793747
1.7752,1.00105404566037,1.00105389244321,1.00514374456672,0.996964378335051,0,
1.77494014365523,,,,,,1.00105993903221
1.776,1.00103559367029,1.00103537045671,1.0051252609956,0.996945957073243,0,
1.77573822825219,,,,,,1.00104136842717
1.7768,1.00101741614286,1.0010171339437,1.00510705273991,0.996927809442144,0,
1.77653631284916,,,,,,1.00102308193188
1.7776,1.00099950968227,1.00099918290417,1.00508911638299,0.996909932066337,0,
1.77733439744613,,,,,,1.00100507954635
1.7784,1.00098187092558,1.0009815146766,1.00507144854151,0.996892321602907,0,
1.7781324820431,,,,,,1.00098736127058
1.7792,1.00096449654294,1.00096411078905,1.00505404586562,0.99687497474159,0,
1.77893056664006,,,,,,1.00096991916443
1.78,1.00094738323767,1.00094695345105,1.00503690503902,0.996857888204924,0,
1.77972865123703,,,,,,1.00095271426106
1.7808,1.00093052774646,1.00093005768213,1.00502002277921,0.996841058748396,0,
1.780526735834,,,,,,1.00093577070222
1.7816,1.00091392683945,1.00091342045271,1.00500339583752,0.996824483160589,0,
1.78132482043097,,,,,,1.00091908547999
1.7824,1.00089757732044,1.00089703873322,1.0049870209993,0.996808158263337,0,
1.78212290502793,,,,,,1.00090265558647
1.7832,1.00088147602697,1.0008809094941,1.00497089508407,0.996792080892329,0,
1.7829209896249,,,,,,1.00088647801375
1.784,1.00086561962898,1.00086502970579,1.00495501476362,0.996776247733503,0,
1.78371907422187,,,,,,1.0008705497539
1.7848,1.00085000480752,1.0008493963387,1.004939376703,0.996760655527329,0,
1.78451715881883,,,,,,1.00085486779903
1.7856,1.00083462871947,1.00083400636327,1.00492397799966,0.996745301422977,0,
1.7853152434158,,,,,,1.00083942914121
1.7864,1.00081948830393,1.00081885674994,1.00490881560042,0.996730182375606,0,
1.78611332801277,,,,,,1.00082423077254
1.7872,1.00080458053131,1.00080394446913,1.00489388645963,0.996715295371377,0,
1.78691141260974,,,,,,1.00080926968511
1.788,1.00078990240343,1.00078926649127,1.00487918756336,0.996700637427487,0,
1.7877094972067,,,,,,1.000794542871
1.7888,1.00077545095347,1.0007748188152,1.00486471592941,0.996686205592194,0,
1.78850758180367,,,,,,1.0007800473223
1.7896,1.00076122324607,1.00076059592383,1.00485046860735,0.996671996944842,0,
1.78930566640064,,,,,,1.00076577737935
1.7904,1.00074721637727,1.0007465945468,1.00483644267849,0.996658008595896,0,
1.79010375099761,,,,,,1.00075172787956
1.7912,1.00073342747459,1.00073281352803,1.00482263525596,0.996644237686966,0,
1.79090183559457,,,,,,1.00073789885812
1.792,1.00071985369705,1.00071924969066,1.00480904348467,0.996630681390833,0,
1.79169992019154,,,,,,1.00072428716088
1.7928,1.00070649223514,1.00070589985783,1.00479566454136,0.996617336890764,0,
1.79249800478851,,,,,,1.0007108896337
1.7936,1.0006933400533,1.00069276085271,1.00478249539768,0.996604201184286,0,
1.79329608938547,,,,,,1.00069770312243
1.7944,1.00068039438721,1.00067982949844,1.00476953325622,0.996591271529497,0,
1.79409417398244,,,,,,1.00068472447295
1.7952,1.00066765262567,1.00066710261816,1.00475677548339,0.996578545317252,0,
1.79489225857941,,,,,,1.00067195053111
1.796,1.00065511205711,1.00065457703504,1.00474421936553,0.996566019848169,0,
1.79569034317638,,,,,,1.00065937814276
1.7968,1.00064276999905,1.00064224957221,1.00473186220799,0.996553692451694,0,
1.79648842777334,,,,,,1.00064700415378
1.7976,1.00063062379804,1.00063011705284,1.0047197013454,0.996541560486032,0,
1.79728651237031,,,,,,1.00063482541001
1.7984,1.00061867082962,1.00061817630006,1.00470773414164,0.996529621338079,0,
1.79808459696728,,,,,,1.00062283875733
1.7992,1.00060690849819,1.00060642979684,1.00469595798974,0.996517872423352,0,
1.79888268156425,,,,,,1.00061104104158
1.8,1.00059533423697,1.00059488194537,1.00468437031181,0.996506311185921,0,
1.79968076616121,,,,,,1.00059944334355
1.8008,1.00058394550792,1.00058352544809,1.00467296855897,0.996494935098342,0,
1.80047885075818,,,,,,1.0005880398481
1.8016,1.00057273980165,1.00057235351832,1.00466175021123,0.996483741661587,0,
1.80127693535515,,,,,,1.00057682116019
1.8024,1.0005617146374,1.00056136335169,1.00465071277746,0.996472728391258,0,
1.80207501995211,,,,,,1.00056578449549
1.8032,1.00055086735604,1.00055055214379,1.00463985360218,0.996461892658073,0,
1.80287310454908,,,,,,1.00055492706965
1.804,1.00054019562263,1.00053991709022,1.0046291703206,0.996451232131753,0,
1.80367118914605,,,,,,1.00054424609831
1.8048,1.00052969705808,1.00052945538661,1.00461866054896,0.996440744440482,0,
1.80446927374302,,,,,,1.00053373879713
1.8056,1.00051936927873,1.00051916422854,1.00460832189633,0.996430427209736,0,
1.80526735833998,,,,,,1.00052340238177
1.8064,1.00050920992773,1.00050904081162,1.00459815199672,0.996420278091551,0,
1.80606544293695,,,,,,1.00051323406787
1.8072,1.00049921667483,1.00049908233147,1.004588148511,0.996410294764392,0,
1.80686352753392,,,,,,1.0005032310711
1.808,1.00048938721634,1.00048928598368,1.00457830912677,0.996400474933033,0,
1.80766161213089,,,,,,1.00049339060709
1.8088,1.00047971927494,1.00047964896387,1.00456863155825,0.996390816328436,0,
1.80845969672785,,,,,,1.00048370989151
1.8096,1.0004702105996,1.00047016846763,1.0045591135461,0.996381316707618,0,
1.80925778132482,,,,,,1.00047418614001
1.8104,1.00046085896538,1.00046084169057,1.00454975285736,0.996371973853538,0,
1.81005586592179,,,,,,1.00046481656823
1.8112,1.0004516621734,1.0004516658283,1.00454054728524,0.99636278557443,0,
1.81085395051876,,,,,,1.00045559839184
1.812,1.00044261804098,1.00044263807642,1.00453149463994,0.996353749687509,0,
1.81165203511572,,,,,,1.00044652882648
1.8128,1.00043372427081,1.00043375864867,1.00452259262428,0.996344863916557,0,
1.81245011971269,,,,,,1.00043760508781
1.8136,1.00042497884162,1.00042504434269,1.00451383919588,0.996336126241325,0,
1.81324820430966,,,,,,1.00042883127589
1.8144,1.00041637964707,1.00041649738362,1.00450523224737,0.99632753456238,0,
1.81404628890662,,,,,,1.0004202402296
1.8152,1.00040792460525,1.00040809610371,1.00449676968994,0.996319086804555,0,
1.81484437350359,,,,,,1.00041179518
1.816,1.00039961165852,1.00039983820124,1.00448844945921,0.996310780916781,0,
1.81564245810056,,,,,,1.00040349384183
1.8168,1.00039143877336,1.00039172137449,1.0044802695151,0.996302614871934,0,
1.81644054269753,,,,,,1.00039533392981
1.8176,1.00038340394019,1.00038374332172,1.00447222784162,0.996294586666667,0,
1.81723862729449,,,,,,1.00038731315867
1.8184,1.00037550517321,1.00037590174122,1.00446432244674,0.996286694321254,0,
1.81803671189146,,,,,,1.00037942924315
1.8192,1.00036774051022,1.00036819433126,1.00445655136218,0.996278935879427,0,
1.81883479648843,,,,,,1.00037167989796
1.82,1.0003601080125,1.00036061879011,1.00444891264329,0.996271309408214,0,
1.8196328810854,,,,,,1.00036406283785
1.8208,1.00035260576457,1.00035317281605,1.00444140436886,0.996263812997779,0,
1.82043096568236,,,,,,1.00035657577754
1.8216,1.00034523187413,1.00034585410735,1.00443402464092,0.996256444761262,0,
1.82122905027933,,,,,,1.00034921643175
1.8224,1.00033798447177,1.00033866036229,1.00442677158463,0.996249202834616,0,
1.8220271348763,,,,,,1.00034198251522
1.8232,1.00033086171093,1.00033158927915,1.00441964334809,0.996242085376446,0,
1.82282521947326,,,,,,1.00033487174269
1.824,1.00032386176764,1.00032463855621,1.00441263810213,0.996235090567847,0,
1.82362330407023,,,,,,1.00032788182886
1.8248,1.00031698284042,1.00031780589172,1.00440575404021,0.996228216612244,0,
1.8244213886672,,,,,,1.00032101048849
1.8256,1.00031022315005,1.00031108898398,1.00439898937822,0.996221461735229,0,
1.82521947326417,,,,,,1.00031425543629
1.8264,1.00030358093948,1.00030448553126,1.0043923423543,0.996214824184403,0,
1.82601755786113,,,,,,1.00030761438699
1.8272,1.00029705447362,1.00029800374325,1.0043858112287,0.996208302229207,0,
1.8268156424581,,,,,,1.00030108505533
1.828,1.00029064203917,1.00029165010544,1.00437939428358,0.996201894160769,0,
1.82761372705507,,,,,,1.00029468698208
1.8288,1.00028434194448,1.00028541440802,1.00437308982288,0.996195598291736,0,
1.82841181165204,,,,,,1.00028841244357
1.8296,1.00027815251938,1.00027928909146,1.00436689617213,0.996189412956116,0,
1.829209896249,,,,,,1.00028224871916
1.8304,1.00027207211501,1.00027327216704,1.00436081167827,0.996183336508678,0,
1.83000798084597,,,,,,1.00027619383434
1.8312,1.00026609909174,1.00026736164602,1.00435483469807,0.996177367314091,0,
1.83080606544294,,,,,,1.00027024581459
1.832,1.00026023183944,1.00026155553968,1.00434896361708,0.996171503766538,0,
1.8316041500399,,,,,,1.0002644026854
1.8328,1.00025446878179,1.00025585185929,1.00434319685469,0.996165744293069,0,
1.83240223463687,,,,,,1.00025866247226
1.8336,1.00024880835289,1.00025024861612,1.00433753284161,0.996160087331419,0,
1.83320031923384,,,,,,1.00025302320066
1.8344,1.00024324900726,1.00024474382144,1.00433197002873,0.996154531339668,0,
1.83399840383081,,,,,,1.00024748289607
1.8352,1.00023778921974,1.00023933548652,1.00432650688733,0.99614907479608,0,
1.83479648842777,,,,,,1.000242039584
1.836,1.00023242748525,1.00023402162263,1.0043211419089,0.996143716198941,0,
1.83559457302474,,,,,,1.00023669128993
1.8368,1.00022716231868,1.00022880024104,1.00431587360499,0.996138454066393,0,
1.83639265762171,,,,,,1.00023143603933
1.8376,1.00022199225471,1.00022366935302,1.004310700507,0.996133286936271,0,
1.83719074221868,,,,,,1.00022627185771
1.8384,1.00021691584762,1.00021862696984,1.00430562116606,0.996128213365942,0,
1.83798882681564,,,,,,1.00022119677055
1.8392,1.00021193167115,1.00021367110277,1.00430063415283,0.996123231932138,0,
1.83878691141261,,,,,,1.00021620880333
1.84,1.00020703831835,1.00020879976309,1.00429573805736,0.996118341230796,0,
1.83958499600958,,,,,,1.00021130598154
1.8408,1.00020223440135,1.00020401441801,1.0042909314889,0.99611353987689,0,
1.84038308060654,,,,,,1.00020648633067
1.8416,1.00019751855127,1.00019933513237,1.00428621307573,0.996108826504273,0,
1.84118116520351,,,,,,1.00020175449172
1.8424,1.000192889418,1.00019475898536,1.004281581465,0.996104199765508,0,
1.84197924980048,,,,,,1.00019714443198
1.8432,1.00018834567008,1.00019026774388,1.00427703532257,0.996099658331707,0,
1.84277733439745,,,,,,1.00019261968497
1.844,1.00018388599447,1.00018585985477,1.00427257333285,0.996095200892368,0,
1.84357541899441,,,,,,1.0001881787086
1.8448,1.00017950909647,1.00018153376483,1.00426819419858,0.996090826155207,0,
1.84437350359138,,,,,,1.0001838199608
1.8456,1.00017521369947,1.0001772879209,1.00426389664073,0.996086532846,0,
1.84517158818835,,,,,,1.00017954189949
1.8464,1.00017099854483,1.00017312076978,1.0042596793983,0.996082319708415,0,
1.84596967278532,,,,,,1.00017534298259
1.8472,1.00016686239172,1.00016903075829,1.00425554122814,0.996078185503849,0,
1.84676775738228,,,,,,1.00017122166803
1.848,1.00016280401694,1.00016501633326,1.00425148090481,0.996074129011266,0,
1.84756584197925,,,,,,1.00016717641372
1.8488,1.00015882221473,1.00016107594151,1.0042474972204,0.996070149027029,0,
1.84836392657622,,,,,,1.00016320567759
1.8496,1.00015491579666,1.00015720802984,1.00424358898436,0.996066244337239,0,
1.84916201117318,,,,,,1.00015930791756
1.8504,1.00015108241798,1.00015341104509,1.0042397538774,0.996062412648103,0,
1.84996009577015,,,,,,1.00015548159155
1.8512,1.00014732181265,1.00014968343407,1.00423599158252,0.99605865367492,0,
1.85075818036712,,,,,,1.00015172515748
1.852,1.00014363287146,1.0001460236436,1.00423230100919,0.99605496630915,0,
1.85155626496409,,,,,,1.00014803707328
1.8528,1.00014001444947,1.0001424301205,1.00422868101178,0.996051349407661,0,
1.85235434956105,,,,,,1.00014441579687
1.8536,1.00013646541695,1.00013890131158,1.00422513045875,0.996047801842482,0,
1.85315243415802,,,,,,1.00014085978617
1.8544,1.00013298465919,1.00013543566367,1.00422164823365,0.996044322500607,0,
1.85395051875499,,,,,,1.0001373674991
1.8552,1.0001295710763,1.00013204353238,1.00421823323488,0.996040910283809,0,
1.85474860335196,,,,,,1.00013393739358
1.856,1.00012622358304,1.00012872982289,1.00421488437553,0.996037564108437,0,
1.85554668794892,,,,,,1.00013058898269
1.8568,1.00012294110858,1.00012548493533,1.00421160058318,0.996034282905229,0,
1.85634477254589,,,,,,1.00012731581404
1.8576,1.00011972259634,1.00012230299526,1.00420838079969,0.996031065619113,0,
1.85714285714286,,,,,,1.00012410599864
1.8584,1.00011656700378,1.00011918275447,1.00420522398101,0.996027911209022,0,
1.85794094173982,,,,,,1.00012095829721
1.8592,1.00011347330223,1.00011612296475,1.00420212909699,0.99602481864769,0,
1.85873902633679,,,,,,1.00011787147047
1.86,1.00011044047664,1.00011312237791,1.00419909513118,0.996021786921464,0,
1.85953711093376,,,,,,1.00011484427913
1.8608,1.00010746752546,1.00011017974574,1.00419612108063,0.996018815030114,0,
1.86033519553073,,,,,,1.00011187548392
1.8616,1.00010455346037,1.00010729382003,1.00419320595571,0.996015901986627,0,
1.86113328012769,,,,,,1.00010896384556
1.8624,1.00010169730614,1.00010446335258,1.00419034877988,0.996013046817029,0,
1.86193136472466,,,,,,1.00010610812475
1.8632,1.00009889810042,1.00010168709519,1.00418754858953,0.996010248560178,0,
1.86272944932163,,,,,,1.00010330708223
1.864,1.00009615489352,1.00009896379966,1.00418480443376,0.996007506267576,0,
1.8635275339186,,,,,,1.00010055947871
1.8648,1.00009346674825,1.00009629221777,1.00418211537419,0.996004819003176,0,
1.86432561851556,,,,,,1.0000978640749
1.8656,1.00009083273972,1.00009367110132,1.00417948048479,0.996002185843186,0,
1.86512370311253,,,,,,1.00009521963154
1.8664,1.00008825195511,1.00009109920212,1.00417689885164,0.995999605875875,0,
1.8659217877095,,,,,,1.00009262490933
1.8672,1.00008572349352,1.00008857527195,1.00417436957276,0.995997078201382,0,
1.86671987230646,,,,,,1.00009007866899
1.868,1.00008324646576,1.00008609806262,1.0041718917579,0.995994601935105,0,
1.86751795690343,,,,,,1.00008757967125
1.8688,1.00008082023604,1.00008366787226,1.0041694647667,0.99599217644146,0,
1.8683160415004,,,,,,1.00008512667682
1.8696,1.00007844414096,1.00008129365642,1.00416708793554,0.995989801050288,0,
1.86911412609737,,,,,,1.00008272099647
1.8704,1.00007611700015,1.00007897187788,1.00416476009082,0.995987474587117,0,
1.86991221069433,,,,,,1.0000803764826
1.8712,1.00007383797991,1.00007669619201,1.00416248039294,0.99598519621914,0,
1.8707102952913,,,,,,1.00007807837279
1.872,1.00007160625779,1.00007446573021,1.00416024801855,0.995982965124768,0,
1.87150837988827,,,,,,1.00007582579656
1.8728,1.00006942102241,1.0000722796372,1.00415806215543,0.995980780493445,0,
1.87230646448524,,,,,,1.00007361789664
1.8736,1.00006728147324,1.00007013707108,1.0041559220022,0.995978641525468,0,
1.8731045490822,,,,,,1.00007145382899
1.8744,1.00006518682049,1.00006803720327,1.00415382676826,0.995976547431803,0,
1.87390263367917,,,,,,1.00006933276277
1.8752,1.00006313628483,1.00006597921855,1.00415177567351,0.995974497433897,0,
1.87470071827614,,,,,,1.00006725388039
1.876,1.00006112909728,1.00006396231505,1.00414976794821,0.995972490763502,0,
1.8754988028731,,,,,,1.00006521637745
1.8768,1.00005916449901,1.00006198570423,1.00414780283279,0.995970526662488,0,
1.87629688747007,,,,,,1.00006321946279
1.8776,1.00005724174113,1.00006004861091,1.00414587957765,0.995968604382657,0,
1.87709497206704,,,,,,1.00006126235847
1.8784,1.00005536008453,1.00005815027326,1.004143997443,0.995966723185566,0,
1.87789305666401,,,,,,1.00005934429975
1.8792,1.00005351879968,1.00005628994279,1.00414215569864,0.995964882342338,0,
1.87869114126097,,,,,,1.00005746453512
1.88,1.00005171716649,1.00005446688435,1.00414035362384,0.995963081133482,0,
1.87948922585794,,,,,,1.00005562232631
1.8808,1.00004995447405,1.00005268037617,1.00413859050705,0.995961318848708,0,
1.88028731045491,,,,,,1.00005381694825
1.8816,1.0000482300205,1.00005092970978,1.00413686564584,0.995959594786745,0,
1.88108539505188,,,,,,1.00005204768909
1.8824,1.00004654311285,1.00004921419009,1.00413517834661,0.995957908255154,0,
1.88188347964884,,,,,,1.00005031385021
1.8832,1.00004489306677,1.0000475359018,1.00413352792447,0.995956258570152,0,
1.88268156424581,,,,,,1.0000486147462
1.884,1.0000432792064,1.0000458952322,1.00413191370302,0.995954645056419,0,
1.88347964884278,,,,,,1.00004695396356
1.8848,1.0000417008642,1.00004428994185,1.00413033501418,0.995953067046922,0,
1.88427773343974,,,,,,1.00004533014245
1.8856,1.00004015738075,1.00004271875992,1.00412879119803,0.995951523882728,0,
1.88507581803671,,,,,,1.00004374059386
1.8864,1.00003864810455,1.00004118119427,1.00412728160257,0.995950014912822,0,
1.88587390263368,,,,,,1.00004218481746
1.8872,1.00003717239185,1.00003967677082,1.00412580558358,0.99594853950711,0,
1.88667198723065,,,,,,1.00004066233083
1.888,1.00003573110212,1.0000382050335,1.00412436398687,0.995947098503786,0,
1.88747007182761,,,,,,1.00003917266938
1.8888,1.00003432268614,1.00003676554434,1.00412295528448,0.995945690360418,0,
1.88826815642458,,,,,,1.00003771538643
1.8896,1.00003294628986,1.00003535788338,1.00412157861559,0.995944314225666,0,
1.88906624102155,,,,,,1.00003629005316
1.8904,1.0000316013278,1.00003398164873,1.004120233392,0.995942969514458,0,
1.88986432561852,,,,,,1.00003489625864
1.8912,1.00003028722267,1.00003263645653,1.00411891903601,0.995941655649881,0,
1.89066241021548,,,,,,1.00003353360979
1.892,1.00002900340516,1.00003132194098,1.00411763497795,0.995940372063023,0,
1.89146049481245,,,,,,1.00003220173143
1.8928,1.00002774931385,1.00003003775432,1.00411638065599,0.995939118192814,0,
1.89225857940942,,,,,,1.00003090026626
1.8936,1.00002652439501,1.00002878356684,1.00411515551606,0.995937893485873,0,
1.89305666400638,,,,,,1.00002962887483
1.8944,1.00002532810245,1.00002755906689,1.00411395901159,0.995936697396346,0,
1.89385474860335,,,,,,1.0000283872356
1.8952,1.00002415989735,1.00002636396086,1.00411279060345,0.995935529385757,0,
1.89465283320032,,,,,,1.00002717504487
1.896,1.00002301924814,1.00002519797317,1.00411164975973,0.995934388922844,0,
1.89545091779729,,,,,,1.00002599201685
1.8968,1.00002190563031,1.00002405963947,1.0041105359556,0.995933275483403,0,
1.89624900239425,,,,,,1.0000248378836
1.8976,1.00002081852626,1.00002294057409,1.00410944867317,0.995932188550138,0,
1.89704708699122,,,,,,1.00002371064703
1.8984,1.00001975742517,1.00002184392069,1.0041083874013,0.995931127612494,0,
1.89784517158819,,,,,,1.00002259910988
1.8992,1.00001872182278,1.0000207723136,1.00410735163546,0.99593009216651,0,
1.89864325618516,,,,,,1.00002151281933
1.9,1.00001771122131,1.00001972529459,1.00410634087759,0.995929081714654,0,
1.89944134078212,,,,,,1.00002045131456
1.9008,1.00001672512924,1.00001870241388,1.0041053546359,0.995928095765672,0,
1.90023942537909,,,,,,1.00001941414317
1.9016,1.00001576306119,1.00001770323016,1.00410439242476,0.995927133834429,0,
1.90103750997606,,,,,,1.00001840086114
1.9024,1.00001482453774,1.00001672731064,1.00410345376451,0.995926195441749,0,
1.90183559457302,,,,,,1.00001741103285
1.9032,1.0000139090853,1.00001577423095,1.0041025381813,0.995925280114266,0,
1.90263367916999,,,,,,1.00001644423108
1.904,1.00001301623592,1.00001484357526,1.00410164520695,0.995924387384257,0,
1.90343176376696,,,,,,1.00001550003699
1.9048,1.00001214552715,1.00001393493616,1.00410077437881,0.995923516789496,0,
1.90422984836393,,,,,,1.00001457804017
1.9056,1.0000112965019,1.00001304791475,1.00409992523956,0.995922667875902,0,
1.90502793296089,,,,,,1.00001367783858
1.9064,1.00001046926465,1.0000121821206,1.00409909789065,0.995921840750513,0,
1.90582601755786,,,,,,1.00001279903859
1.9072,1.00000966444655,1.00001133717175,1.00409829296068,0.995921036033071,0,
1.90662410215483,,,,,,1.00001194125495
1.908,1.00000888034991,1.00001051269474,1.00409750876339,0.99592025203258,0,
1.9074221867518,,,,,,1.00001110411083
1.9088,1.00000811657029,1.00000970832456,1.00409674488762,0.995919488344772,0,
1.90822027134876,,,,,,1.00001028723778
1.9096,1.00000737270934,1.00000892370469,1.00409600093486,0.995918744571462,0,
1.90901835594573,,,,,,1.00000949027575
1.9104,1.00000664837465,1.0000081584871,1.00409527651252,0.995918020320427,0,
1.9098164405427,,,,,,1.00000871287309
1.9112,1.00000594317969,1.00000741341814,1.00409457123391,0.995917315205275,0,
1.91061452513966,,,,,,1.00000795468655
1.912,1.00000525674361,1.00000668840728,1.00409388471802,0.995916628845324,0,
1.91141260973663,,,,,,1.00000721686156
1.9128,1.00000458869117,1.00000598253408,1.00409321658945,0.995915960865473,0,
1.9122106943336,,,,,,1.00000649885303
1.9136,1.00000393865257,1.00000529532431,1.00409256647827,0.995915310896079,0,
1.91300877893057,,,,,,1.00000579961285
1.9144,1.00000330626338,1.00000462652028,1.00409193401988,0.995914678572826,0,
1.91380686352753,,,,,,1.00000511887778
1.9152,1.00000269116434,1.00000397587442,1.00409131885489,0.995914063536606,0,
1.9146049481245,,,,,,1.00000445639459
1.916,1.0000020930013,1.0000033431493,1.00409072062903,0.995913465433387,0,
1.91540303272147,,,,,,1.00000381192011
1.9168,1.00000151142505,1.00000272811763,1.00409013899296,0.995912883914092,0,
1.91620111731844,,,,,,1.00000318522117
1.9176,1.00000094609123,1.00000213056222,1.00408957360218,0.995912318634468,0,
1.9169992019154,,,,,,1.00000257607466
1.9184,1.00000039666016,1.00000155027604,1.00408902411692,0.995911769254964,0,
1.91779728651237,,,,,,1.00000198426749
1.9192,0.999999862796777,1.00000098706216,1.00408849020198,0.995911235440607,0,
1.91859537110934,,,,,,1.00000140959661
1.92,0.999999344170434,1.00000044073379,1.0040879715266,0.995910716860868,0,
1.9193934557063,,,,,,1.00000085186899
1.9208,0.999998840454828,0.999999911114279,1.00408746776439,0.995910213189544,0,
1.92019154030327,,,,,,1.00000031090163
1.9216,0.999998351327855,0.999999398037082,1.00408697859314,0.995909724104629,0,
1.92098962490024,,,,,,0.999999786521579
1.9224,0.999997876471486,0.999998901345799,1.00408650369471,0.995909249288187,0,
1.92178770949721,,,,,,0.999999278565908
1.9232,0.99999741557164,0.999998420894153,1.00408604275494,0.99590878842623,0,
1.92258579409417,,,,,,0.99999878688172
1.924,0.999996968318059,0.999997956545997,1.00408559546347,0.995908341208586,0,
1.92338387869114,,,,,,0.99999831132615
1.9248,0.999996534404183,0.999997507091189,1.00408516151366,0.995907907331533,0,
1.92418196328811,,,,,,0.999997851766366
1.9256,0.999996114598545,0.999997064847506,1.0040847416712,0.995907487559662,0,
1.92498004788508,,,,,,0.999997406679619
1.9264,0.999995708160686,0.999996634010393,1.00408433519957,0.995907081152932,0,
1.92577813248204,,,,,,0.99999696662798
1.9272,0.999995314447963,0.999996216171677,1.00408394145572,0.995906687469722,0,
1.92657621707901,,,,,,0.99999653975736
1.928,0.999994933191582,0.999995811016122,1.00408356016982,0.995906306241307,0,
1.92737430167598,,,,,,0.99999612575316
1.9288,0.999994564126934,0.999995418230585,1.00408319107721,0.995905937203149,0,
1.92817238627294,,,,,,0.999995724302856
1.9296,0.999994206993496,0.999995037504017,1.00408283391728,0.995905580094789,0,
1.92897047086991,,,,,,0.999995335096
1.9304,0.999993861534723,0.999994668527466,1.00408248843343,0.995905234659744,0,
1.92976855546688,,,,,,0.999994957824217
1.9312,0.999993527497947,0.99999431099407,1.00408215437293,0.995904900645406,0,
1.93056664006385,,,,,,0.999994592181205
1.932,0.999993204634268,0.999993964599064,1.00408183148681,0.995904577802936,0,
1.93136472466081,,,,,,0.999994237862738
1.9328,0.999992892698459,0.999993629039777,1.00408151952979,0.99590426588716,0,
1.93216280925778,,,,,,0.999993894566665
1.9336,0.999992591448857,0.999993304015631,1.00408121826016,0.99590396465647,0,
1.93296089385475,,,,,,0.999993561992907
1.9344,0.99999230064726,0.999992989228143,1.00408092743965,0.995903673872713,0,
1.93375897845172,,,,,,0.999993239843461
1.9352,0.999992020058821,0.999992684380924,1.00408064683337,0.995903393301095,0,
1.93455706304868,,,,,,0.999992927822398
1.936,0.999991749451953,0.99999238917968,1.00408037620968,0.995903122710074,0,
1.93535514764565,,,,,,0.999992625635862
1.9368,0.999991488598213,0.99999210333221,1.00408011534009,0.995902861871254,0,
1.93615323224262,,,,,,0.999992332992073
1.9376,0.999991237272211,0.999991826548408,1.00407986399917,0.995902610559287,0,
1.93695131683959,,,,,,0.999992049601324
1.9384,0.999990995251497,0.999991558540261,1.00407962196442,0.995902368551765,0,
1.93774940143655,,,,,,0.999991775175984
1.9392,0.999990762316461,0.999991299021852,1.00407938901619,0.99590213562912,0,
1.93854748603352,,,,,,0.999991509430495
1.94,0.999990538250229,0.999991047709357,1.00407916493757,0.995901911574517,0,
1.93934557063049,,,,,,0.999991252081372
1.9408,0.999990322838562,0.999990804321047,1.00407894951427,0.995901696173753,0,
1.94014365522745,,,,,,0.999991002847208
1.9416,0.999990115869749,0.999990568577286,1.00407874253456,0.995901489215151,0,
1.94094173982442,,,,,,0.999990761448666
1.9424,0.999989917134501,0.999990340200533,1.0040785437891,0.99590129048946,0,
1.94173982442139,,,,,,0.999990527608487
1.9432,0.999989726425856,0.999990118915342,1.0040783530709,0.995901099789969,0,
1.94253790901836,,,,,,0.999990301051483
1.944,0.999989543735223,0.999989904448359,1.00407817037111,0.995900917108826,0,
1.94333599361532,,,,,,0.999990081504543
1.9448,0.9999893697478,0.999989696528326,1.0040779963742,0.995900743129354,0,
1.94413407821229,,,,,,0.999989868696629
1.9456,0.99998920340237,0.999989494886078,1.00407782985542,0.995900576949323,0,
1.94493216280926,,,,,,0.999989662358777
1.9464,0.999989044519686,0.999989299254547,1.0040776709799,0.995900418059475,0,
1.94573024740623,,,,,,0.999989462224099
1.9472,0.999988892923214,0.999989109368755,1.0040775193901,0.995900266456329,0,
1.94652833200319,,,,,,0.999989268027779
1.948,0.999988748439052,0.999988924965822,1.00407737491214,0.99590012196596,0,
1.94732641660016,,,,,,0.999989079507076
1.9488,0.999988610895847,0.999988745784959,1.00407723737471,0.995899984416988,0,
1.94812450119713,,,,,,0.999988896401324
1.9496,0.999988480124703,0.999988571567473,1.00407710660891,0.995899853640496,0,
1.94892258579409,,,,,,0.999988718451932
1.9504,0.999988355959102,0.999988402056766,1.00407698244826,0.995899729469943,0,
1.94972067039106,,,,,,0.999988545402381
1.9512,0.999988238234818,0.999988236998332,1.00407686472856,0.99589961174108,0,
1.95051875498803,,,,,,0.999988376998228
1.952,0.999988126789829,0.999988076139761,1.00407675328779,0.995899500291867,0,
1.951316839585,,,,,,0.999988212987103
1.9528,0.999988021464235,0.999987923482237,1.00407664796609,0.995899394962382,0,
1.95211492418196,,,,,,0.999988053118712
1.9536,0.999987922100171,0.99998780725097,1.0040765486056,0.995899295594743,0,
1.95291300877893,,,,,,0.999987902097655
1.9544,0.999987828541722,0.999987702831202,1.00407645505043,0.995899202033018,0,
1.9537110933759,,,,,,0.999987791913309
1.9552,0.999987740634841,0.99998760529066,1.00407636714654,0.995899114123139,0,
1.95450917797287,,,,,,0.999987688713463
1.956,0.999987658227258,0.99998751446784,1.00407628474169,0.995899031712824,0,
1.95530726256983,,,,,,0.999987592337766
1.9568,0.999987581168402,0.999987430201235,1.00407620768532,0.995898954651483,0,
1.9561053471668,,,,,,0.999987502625869
1.9576,0.999987509309311,0.999987352329342,1.00407613582848,0.995898882790139,0,
1.95690343176377,,,,,,0.99998741941742
1.9584,0.999987442502545,0.999987280690654,1.00407606902375,0.995898815981339,0,
1.95770151636073,,,,,,0.999987342552069
1.9592,0.99998738060211,0.999987215123667,1.00407600712515,0.995898754079075,0,
1.9584996009577,,,,,,0.999987271869465
1.96,0.999987323463363,0.999987155466876,1.00407594998804,0.995898696938689,0,
1.95929768555467,,,,,,0.999987207209258
1.9608,0.999987270942931,0.999987101558774,1.00407589746907,0.995898644416797,0,
1.96009577015164,,,,,,0.999987148411096
1.9616,0.99998722289863,0.999987053237858,1.00407584942606,0.995898596371201,0,
1.9608938547486,,,,,,0.99998709531463
1.9624,0.99998717918937,0.999987010342622,1.00407580571805,0.99589855266069,0,
1.96169193934557,,,,,,0.999987047759508
1.9632,0.999987140506345,0.999986972711561,1.00407576703618,0.995898513976506,0,
1.96249002394254,,,,,,0.999987005585381
1.964,0.99998710660086,0.999986940183169,1.00407573313163,0.995898480070093,0,
1.96328810853951,,,,,,0.999986968631896
1.9648,0.999987076874485,0.999986912595943,1.004075703406,0.995898450342969,0,
1.96408619313647,,,,,,0.999986936738705
1.9656,0.999987051212092,0.999986889788375,1.00407567774424,0.995898424679946,0,
1.96488427773344,,,,,,0.999986909745455
1.9664,0.999987029500262,0.999986871598962,1.00407565603292,0.9958984029676,0,
1.96568236233041,,,,,,0.999986887491798
1.9672,0.999987011627227,0.999986857866198,1.0040756381603,0.995898385094152,0,
1.96648044692737,,,,,,0.999986869817381
1.968,0.999986997482804,0.999986848428578,1.0040756240162,0.995898370949411,0,
1.96727853152434,,,,,,0.999986856561854
1.9688,0.999986986958329,0.999986843124597,1.00407561349195,0.995898360424706,0,
1.96807661612131,,,,,,0.999986847564867
1.9696,0.999986979946595,0.999986841792749,1.00407560648037,0.995898353412824,0,
1.96887470071828,,,,,,0.999986842666069
1.9704,0.999986976341786,0.99998684427153,1.00407560287563,0.995898349807941,0,
1.96967278531524,,,,,,0.999986841705109
1.9712,0.999986976039415,0.999986850399434,1.00407560257327,0.995898349505564,0,
1.97047086991221,,,,,,0.999986844521638
1.972,0.999986978936258,0.999986860014957,1.00407560547005,0.995898352402463,0,
1.97126895450918,,,,,,0.999986850955303
1.9728,0.99998698493029,0.999986872956593,1.00407561146397,0.995898358396606,0,
1.97206703910615,,,,,,0.999986860845755
1.9736,0.999986993920622,0.999986889062836,1.00407562045414,0.9958983673871,0,
1.97286512370311,,,,,,0.999986874032643
1.9744,0.999987005807434,0.999986908172183,1.00407563234075,0.995898379274119,0,
1.97366320830008,,,,,,0.999986890355616
1.9752,0.999987020491916,0.999986930123127,1.00407564702498,0.995898393958848,0,
1.97446129289705,,,,,,0.999986909654323
1.976,0.999987037876199,0.999986954754164,1.00407566440899,0.995898411343413,0,
1.97525937749401,,,,,,0.999986931768415
1.9768,0.999987057863292,0.999986981903788,1.00407568439577,0.995898431330817,0,
1.97605746209098,,,,,,0.999986956537541
1.9776,0.999987080357018,0.999987011410494,1.00407570688915,0.995898453824882,0,
1.97685554668795,,,,,,0.999986983801349
1.9784,0.999987105261951,0.999987043112777,1.00407573179373,0.995898478730175,0,
1.97765363128492,,,,,,0.999987013399489
1.9792,0.99998713248335,0.999987076849132,1.00407575901475,0.995898505951952,0,
1.97845171588188,,,,,,0.999987045171611
1.98,0.999987161927097,0.999987112458054,1.0040757884581,0.99589853539609,0,
1.97924980047885,,,,,,0.999987078957363
1.9808,0.99998719349963,0.99998714744336,1.00407582003023,0.995898566969031,0,
1.98004788507582,,,,,,0.999987114596396
1.9816,0.999987227175845,0.999987166576445,1.0040758537059,0.995898600645795,0,
1.98084596967279,,,,,,0.999987149450985
1.9824,0.999987264068573,0.999987186841336,1.00407589059802,0.99589863753912,0,
1.98164405426975,,,,,,0.999987167577001
1.9832,0.999987303048396,0.999987209329021,1.00407592957736,0.995898676519433,0,
1.98244213886672,,,,,,0.999987187915193
1.984,0.999987344044021,0.9999872340395,1.00407597057249,0.995898717515554,0,
1.98324022346369,,,,,,0.99998721046556
1.9848,0.999987386985363,0.999987260972773,1.00407601351333,0.995898760457398,0,
1.98403830806065,,,,,,0.999987235228102
1.9856,0.9999874318035,0.99998729012884,1.00407605833096,0.99589880527604,0,
1.98483639265762,,,,,,0.99998726220282
1.9864,0.999987478430631,0.999987321507701,1.00407610495758,0.995898851903677,0,
1.98563447725459,,,,,,0.999987291389714
1.9872,0.99998752680003,0.999987355109355,1.00407615332648,0.995898900273582,0,
1.98643256185156,,,,,,0.999987322788783
1.988,0.999987576846003,0.999987390933803,1.00407620337195,0.995898950320059,0,
1.98723064644852,,,,,,0.999987356400027
1.9888,0.999987628503842,0.999987428981045,1.00407625502929,0.995899001978397,0,
1.98802873104549,,,,,,0.999987392223446
1.9896,0.999987681709781,0.999987469251082,1.00407630823473,0.995899055184829,0,
1.98882681564246,,,,,,0.999987430259041
1.9904,0.999987736400952,0.999987511743911,1.00407636292542,0.995899109876486,0,
1.98962490023943,,,,,,0.999987470506812
1.9912,0.999987792515341,0.999987556459535,1.00407641903933,0.995899165991353,0,
1.99042298483639,,,,,,0.999987512966758
1.992,0.999987849991743,0.999987603397953,1.00407647651526,0.995899223468222,0,
1.99122106943336,,,,,,0.999987557638879
1.9928,0.999987908769715,0.999987652559164,1.00407653529278,0.995899282246652,0,
1.99201915403033,,,,,,0.999987604523176
1.9936,0.999987968789539,0.99998770394317,1.00407659531216,0.99589934226692,0,
1.99281723862729,,,,,,0.999987653619648
1.9944,0.999988029992168,0.999987757549969,1.00407665651435,0.995899403469981,0,
1.99361532322426,,,,,,0.999987704928296
1.9952,0.99998809231919,0.999987813379562,1.00407671884096,0.995899465797421,0,
1.99441340782123,,,,,,0.999987758449119
1.996,0.999988155712777,0.999987871431949,1.00407678223414,0.99589952919141,0,
1.9952114924182,,,,,,0.999987814182117
1.9968,0.999988220115645,0.99998793170713,1.00407684663663,0.995899593594665,0,
1.99600957701516,,,,,,0.999987872127291
1.9976,0.999988285471009,0.999987994205105,1.00407691199162,0.995899658950398,0,
1.99680766161213,,,,,,0.99998793228464
1.9984,0.999988351722535,0.999988058925873,1.00407697824279,0.995899725202276,0,
1.9976057462091,,,,,,0.999987994654165
1.9992,0.999988418814301,0.999988125869436,1.00407704533423,0.995899792294375,0,
1.99840383080607,,,,,,0.999988059235865
2,0.999988486690748,0.999988195035792,1.00407711321027,0.995899860171224,0,
1.99920191540303,,,,,,0.999988126029741
2.0008,0.999988555718738,0.999988266430251,1.00407718223776,0.995899929199713,0,
2,,,,,,0.999988195035792
2.00079808459697,,,,,,0.999988266254018
2.0016,0.999988625959642,0.999988340047504,1.00407725247824,0.995899999441046,0,
2.00159616919393,,,,,,0.99998833968442
2.0024,0.999988696983538,0.999988415887551,1.0040773235018,0.995900070465272,0,
2.0023942537909,,,,,,0.999988415326997
2.0032,0.999988768749925,0.999988493950392,1.00407739526787,0.995900142231977,0,
2.00319233838787,,,,,,0.99998849318175
2.004,0.999988841219101,0.999988574236027,1.00407746773675,0.995900214701455,0,
2.00399042298484,,,,,,0.999988573248678
2.0048,0.999988914352126,0.999988656744456,1.00407754086948,0.995900287834769,0,
2.0047885075818,,,,,,0.999988655527781
2.0056,0.999988988110795,0.999988741365797,1.00407761462788,0.995900361593711,0,
2.00558659217877,,,,,,0.99998874001906
2.0064,0.999989062457602,0.99998882164959,1.00407768897443,0.995900435940777,0,
2.00638467677574,,,,,,0.999988820181955
2.0072,0.999989137355714,0.99998889827236,1.00407776387229,0.995900510839133,0,
2.00718276137271,,,,,,0.999988896621271
2.008,0.999989212768936,0.99998897489513,1.00407783928529,0.995900586252585,0,
2.00798084596967,,,,,,0.999988973060587
2.0088,0.999989288661681,0.9999890515179,1.00407791517782,0.995900662145544,0,
2.00877893056664,,,,,,0.999989049499902
2.0096,0.999989364998939,0.99998912814067,1.00407799151488,0.995900738483002,0,
2.00957701516361,,,,,,0.999989125939218
2.0104,0.999989441746245,0.999989204763441,1.004078068262,0.995900815230492,0,
2.01037509976057,,,,,,0.999989202378534
2.0112,0.999989518869648,0.999989281386211,1.00407814538523,0.995900892354065,0,
2.01117318435754,,,,,,0.99998927881785
2.012,0.999989596335681,0.999989358008981,1.00407822285111,0.995900969820252,0,
2.01197126895451,,,,,,0.999989355257166
2.0128,0.999989674111327,0.999989434631751,1.00407830062662,0.995901047596038,0,
2.01276935355148,,,,,,0.999989431696481
2.0136,0.999989752163991,0.999989511254521,1.00407837867916,0.995901125648826,0,
2.01356743814844,,,,,,0.999989508135797
2.0144,0.999989830461465,0.999989587877291,1.00407845697652,0.99590120394641,0,
2.01436552274541,,,,,,0.999989584575113
2.0152,0.999989908971901,0.999989664500062,1.00407853548686,0.99590128245694,0,
2.01516360734238,,,,,,0.999989661014429
2.016,0.999989987663776,0.999989741122832,1.00407861417866,0.995901361148895,0,
2.01596169193935,,,,,,0.999989737453745
2.0168,0.999990066505863,0.999989817745602,1.00407869302068,0.995901439991048,0,
2.01675977653631,,,,,,0.999989813893061
2.0176,0.9999901454672,0.999989894368372,1.00407877198197,0.995901518952435,0,
2.01755786113328,,,,,,0.999989890332376
2.0184,0.999990224517056,0.999989970991142,1.00407885103179,0.995901598002325,0,
2.01835594573025,,,,,,0.999989966771692
2.0192,0.999990303624902,0.999990047613913,1.0040789301395,0.995901677110308,0,
2.01915403032721,,,,,,0.999990043211008
2.02,0.999990383240451,0.999990124236683,1.00407900975489,0.995901756726009,0,
2.01995211492418,,,,,,0.999990119650324
2.0208,0.999990462970933,0.999990200859453,1.00407908948533,0.995901836456536,0,
2.02075019952115,,,,,,0.99999019608964
2.0216,0.999990542766879,0.999990277482223,1.00407916928125,0.995901916252508,0,
2.02154828411812,,,,,,0.999990272528955
2.0224,0.999990622606559,0.999990354104993,1.00407924912091,0.995901996092204,0,
2.02234636871508,,,,,,0.999990348968271
2.0232,0.99999070246867,0.999990430727764,1.00407932898302,0.995902075954321,0,
2.02314445331205,,,,,,0.999990425407587
2.024,0.999990782332314,0.999990507350534,1.00407940884667,0.995902155817961,0,
2.02394253790902,,,,,,0.999990501846903
2.0248,0.999990862176971,0.999990583973304,1.00407948869134,0.995902235662604,0,
2.02474062250599,,,,,,0.999990578286219
2.0256,0.999990941982478,0.999990660596074,1.00407956849687,0.995902315468086,0,
2.02553870710295,,,,,,0.999990654725535
2.0264,0.999991021729002,0.999990737218844,1.00407964824343,0.995902395214577,0,
2.02633679169992,,,,,,0.99999073116485
2.0272,0.999991101397022,0.999990813841614,1.00407972791149,0.995902474882554,0,
2.02713487629689,,,,,,0.999990807604166
2.028,0.9999911809673,0.999990890464385,1.00407980748182,0.99590255445278,0,
2.02793296089385,,,,,,0.999990884043482
2.0288,0.999991260420861,0.999990967087155,1.00407988693544,0.995902633906279,0,
2.02873104549082,,,,,,0.999990960482798
2.0296,0.999991339738965,0.999991043709925,1.00407996625362,0.995902713224314,0,
2.02952913008779,,,,,,0.999991036922114
2.0304,0.99999141890309,0.99999112024411,1.00408004541782,0.995902792388359,0,
2.03032721468476,,,,,,0.99999111336143
2.0312,0.999991497894901,0.999991195127165,1.00408012440972,0.995902871380082,0,
2.03112529928172,,,,,,0.999991188829421
2.032,0.999991576696231,0.999991262572231,1.00408020321115,0.995902950181317,0,
2.03192338387869,,,,,,0.999991256113007
2.0328,0.999991655289059,0.999991330017297,1.00408028180408,0.99590302877404,0,
2.03272146847566,,,,,,0.999991323396592
2.0336,0.999991733655479,0.999991397462363,1.00408036017061,0.995903107140347,0,
2.03351955307263,,,,,,0.999991390680178
2.0344,0.999991811777684,0.999991464907429,1.00408043829294,0.995903185262431,0,
2.03431763766959,,,,,,0.999991457963763
2.0352,0.999991889637939,0.999991532352495,1.00408051615332,0.995903263122557,0,
2.03511572226656,,,,,,0.999991525247349
2.036,0.999991967218556,0.999991599797561,1.00408059373407,0.995903340703038,0,
2.03591380686353,,,,,,0.999991592530934
2.0368,0.999992044501875,0.999991667242627,1.00408067101754,0.995903417986212,0,
2.03671189146049,,,,,,0.99999165981452
2.0376,0.999992121470236,0.999991734687694,1.00408074798601,0.995903494954457,0,
2.03750997605746,,,,,,0.999991727098105
2.0384,0.999992198263102,0.99999180213276,1.00408082477893,0.995903571747271,0,
2.03830806065443,,,,,,0.999991794381691
2.0392,0.999992275007986,0.999991869577826,1.0040809015239,0.995903648492076,0,
2.0391061452514,,,,,,0.999991861665276
2.04,0.999992351463508,0.999991937022892,1.00408097797956,0.99590372494746,0,
2.03990422984836,,,,,,0.999991928948862
2.0408,0.999992427618588,0.999992004467958,1.00408105413478,0.995903801102398,0,
2.04070231444533,,,,,,0.999991996232447
2.0416,0.999992503462346,0.999992071913024,1.00408112997868,0.995903876946008,0,
2.0415003990423,,,,,,0.999992063516033
2.0424,0.999992578984083,0.99999213935809,1.00408120550057,0.995903952467595,0,
2.04229848363927,,,,,,0.999992130799618
2.0432,0.999992654173271,0.999992206803156,1.00408128068991,0.995904027656627,0,
2.04309656823623,,,,,,0.999992198083204
2.044,0.999992729019527,0.999992274248222,1.00408135553633,0.995904102502724,0,
2.0438946528332,,,,,,0.999992265366789
2.0448,0.9999928035126,0.999992341693288,1.00408143002957,0.995904176995634,0,
2.04469273743017,,,,,,0.999992332650375
2.0456,0.999992877642357,0.999992409138355,1.00408150415949,0.995904251125224,0,
2.04549082202713,,,,,,0.99999239993396
2.0464,0.999992951398759,0.999992476583421,1.00408157791606,0.995904324881456,0,
2.0462889066241,,,,,,0.999992467217546
2.0472,0.999993024771848,0.999992544028487,1.00408165128933,0.99590439825437,0,
2.04708699122107,,,,,,0.999992534501131
2.048,0.99999309775173,0.999992611473553,1.00408172426939,0.995904471234075,0,
2.04788507581804,,,,,,0.999992601784717
2.0488,0.999993170328555,0.999992678918619,1.00408179684639,0.995904543810719,0,
2.048683160415,,,,,,0.999992669068302
2.0496,0.999993242492503,0.999992746363685,1.00408186901052,0.995904615974482,0,
2.04948124501197,,,,,,0.999992736351888
2.0504,0.999993314233763,0.999992813808751,1.00408194075197,0.995904687715555,0,
2.05027932960894,,,,,,0.999992803635473
2.0512,0.999993385542522,0.999992881253817,1.00408201206092,0.995904759024123,0,
2.05107741420591,,,,,,0.999992870919059
2.052,0.99999345640894,0.999992948698883,1.00408208292753,0.995904829890347,0,
2.05187549880287,,,,,,0.999992938202644
2.0528,0.999993526823137,0.999993016143949,1.00408215334193,0.995904900304348,0,
2.05267358339984,,,,,,0.999993005486229
2.0536,0.999993596775179,0.999993083589016,1.00408222329417,0.995904970256189,0,
2.05347166799681,,,,,,0.999993072769815
2.0544,0.999993666255052,0.999993151034082,1.00408229277424,0.995905039735859,0,
2.05426975259377,,,,,,0.9999931400534
2.0552,0.999993735252653,0.999993218479148,1.00408236177205,0.995905108733255,0,
2.05506783719074,,,,,,0.999993207336986
2.056,0.999993803757769,0.999993283686257,1.00408243027737,0.995905177238162,0,
2.05586592178771,,,,,,0.999993274620571
2.0568,0.99999387176006,0.999993336268372,1.00408249827982,0.995905245240304,0,
2.05666400638468,,,,,,0.999993328582986
2.0576,0.99999393954736,0.999993381478649,1.00408256606724,0.995905313027476,0,
2.05746209098164,,,,,,0.999993373685018
2.0584,0.999994006931408,0.999993426688925,1.00408263345147,0.995905380411345,0,
2.05826017557861,,,,,,0.99999341878705
2.0592,0.999994073850104,0.999993471899202,1.00408270037036,0.99590544732985,0,
2.05905826017558,,,,,,0.999993463889081
2.06,0.999994140298329,0.999993517109479,1.00408276681878,0.995905513777883,0,
2.05985634477255,,,,,,0.999993508991113
2.0608,0.999994206271023,0.999993562319756,1.00408283279166,0.995905579750384,0,
2.06065442936951,,,,,,0.999993554093145
2.0616,0.999994271763175,0.999993607530033,1.00408289828401,0.995905645242343,0,
2.06145251396648,,,,,,0.999993599195177
2.0624,0.999994336769808,0.99999365274031,1.00408296329083,0.995905710248781,0,
2.06225059856345,,,,,,0.999993644297209
2.0632,0.999994401285968,0.999993697950586,1.00408302780719,0.995905774764747,0,
2.06304868316042,,,,,,0.999993689399241
2.064,0.999994465306716,0.999993743160863,1.00408309182813,0.995905838785301,0,
2.06384676775738,,,,,,0.999993734501273
2.0648,0.999994528827112,0.99999378837114,1.00408315534872,0.995905902305501,0,
2.06464485235435,,,,,,0.999993779603305
2.0656,0.999994591842203,0.999993833581417,1.00408321836401,0.995905965320396,0,
2.06544293695132,,,,,,0.999993824705337
2.0664,0.999994654347015,0.999993878791694,1.00408328086902,0.995906027825012,0,
2.06624102154828,,,,,,0.999993869807369
2.0672,0.999994716336537,0.99999392400197,1.00408334285874,0.995906089814338,0,
2.06703910614525,,,,,,0.999993914909401
2.068,0.999994777805714,0.999993969212247,1.00408340432811,0.995906151283318,0,
2.06783719074222,,,,,,0.999993960011433
2.0688,0.999994838749429,0.999994014422524,1.00408346527202,0.995906212226836,0,
2.06863527533919,,,,,,0.999994005113465
2.0696,0.999994899162497,0.999994059632801,1.00408352568529,0.995906272639708,0,
2.06943335993615,,,,,,0.999994050215497
2.0704,0.99999495903965,0.999994104843078,1.00408358556261,0.995906332516689,0,
2.07023144453312,,,,,,0.999994095317528
2.0707963267949,0.999994988503139,0.999994127240653,1.030659687507,0.969329428236788,,
2.0707963267949,0.999994988503139,0.999994127240653,1.030659687507,0.969329428236788,,
2.0712,0.999987115258782,0.999981530927446,1.0040764860457,0.99588784884392,0,
2.07079632715198,,,,,,0.999994127240653
2.07079632715198,,,,,,0.999994127240653
2.07102952913009,,,,,,0.99999147342645
2.072,0.999928083671739,0.999923612484344,1.0040273500866,0.995802578123585,0,
2.07182761372706,,,,,,0.999944926146468
2.0728,0.999818005682193,0.999814857156886,1.00394351123035,0.99565682476332,0,
2.07262569832402,,,,,,0.999846251784786
2.0736,0.999664445741402,0.999662188360823,1.00382453988922,0.995459218735206,0,
2.07342378292099,,,,,,0.999702503488542
2.0744,0.999473860348156,0.999471827508095,1.00367097994843,0.995226889707592,0,
2.07422186751796,,,,,,0.999519916859377
2.0752,0.999251797483198,0.999249645583269,1.00348148132624,0.994966332023782,0,
2.07501995211492,,,,,,0.999304462776573
2.076,0.999002952482404,0.999000830269136,1.00326643909615,0.994682748096298,0,
2.07581803671189,,,,,,0.999061478763699
2.0768,0.998731406371739,0.998729684301091,1.00302786025801,0.994380277017163,0,
2.07661612130886,,,,,,0.998795476594562
2.0776,0.998440620842447,0.998439529564482,1.00276802683036,0.994062213979452,0,
2.07741420590583,,,,,,0.99850991976526
2.0784,0.998133530150199,0.998133018435231,1.00248927911789,0.993731177269531,0,
2.07821229050279,,,,,,0.998207556359856
2.0792,0.997812592181724,0.997812401616411,1.00219387397548,0.993389236376477,0,
2.07901037509976,,,,,,0.997890643415022
2.08,0.997479852314199,0.997479811267211,1.00188390835247,0.993038026407366,0,
2.07980845969673,,,,,,0.997561342915818
2.0808,0.997136990203656,0.997137055081838,1.00156126722639,0.992678653604914,0,
2.08060654429369,,,,,,0.99722162771329
2.0816,0.996785380159824,0.996785380321376,1.00122760614138,0.992312284036995,0,
2.08140462889066,,,,,,0.99687273071885
2.0824,0.996426137485039,0.996426028454828,1.00088434395611,0.991939700983831,0,
2.08220271348763,,,,,,0.996515907199758
2.0832,0.996060114222877,0.99606000802447,1.00053268134993,0.99156140837304,0,
2.0830007980846,,,,,,0.996152320043891
2.084,0.995688001654926,0.995687836827232,1.00017343867515,0.99117778400831,0,
2.08379888268156,,,,,,0.995782480222494
2.0848,0.995310278051283,0.995310053349982,0.999807598103003,0.990789034301638,0,
2.08459696727853,,,,,,0.995406911193676
2.0856,0.994927318174827,0.994927084575272,0.999435831840808,0.990395286986902,0,
2.0853950518755,,,,,,0.99502618067601
2.0864,0.994539323908612,0.994538988479842,0.999058578722377,0.989996552882998,0,
2.08619313647247,,,,,,0.994640292433261
2.0872,0.994146436079345,0.994145942694373,0.99867618785307,0.989592790544562,0,
2.08699122106943,,,,,,0.994249459279641
2.088,0.993748671693065,0.993747998707418,0.998288858075129,0.989183884208736,0,
2.0877893056664,,,,,,0.993853753678466
2.0888,0.993346009231958,0.993345145602922,0.997896725686319,0.988769687674753,0,
2.08858739026337,,,,,,0.993453166666921
2.0896,0.992938343582292,0.992937332572861,0.997499820785509,0.98835000786755,0,
2.08938547486034,,,,,,0.993047682192451
2.0904,0.992525551802706,0.992524412929556,0.997098128042025,0.987924637366503,0,
2.0901835594573,,,,,,0.992637155333857
2.0912,0.992107453469453,0.992106230570494,0.996691562269687,0.987493342828582,0,
2.09098164405427,,,,,,0.992221438503839
2.092,0.991683864267029,0.991682601255646,0.996280011176263,0.98705588581988,0,
2.09177972865124,,,,,,0.991800356876116
2.0928,0.991254565569803,0.991253316506457,0.995863317597407,0.986612019296087,0,
2.0925778132482,,,,,,0.99137370607731
2.0936,0.990819338890192,0.990818153826207,0.995441309868932,0.986161498036152,0,
2.09337589784517,,,,,,0.99094127227396
2.0944,0.990377952762247,0.99037686994928,0.995013792470329,0.985704080360149,0,
2.09417398244214,,,,,,0.990502816263445
2.0952,0.989930177787263,0.989929206631969,0.994580561631414,0.985239532865093,0,
2.09497206703911,,,,,,0.990058090577834
2.096,0.989475786294013,0.989474881291796,0.99414140583256,0.984767632894686,0,
2.09577015163607,,,,,,0.989606816257579
2.0968,0.989014556513658,0.989013663487719,0.993696111253423,0.984288171233388,0,
2.09656823623304,,,,,,0.989148708737499
2.0976,0.988546276604705,0.988545401548904,0.993244466045124,0.983800953207594,0,
2.09736632083001,,,,,,0.98868367688564
2.0984,0.988070744396107,0.988069817032642,0.992786262447522,0.983305800813612,0,
2.09816440542698,,,,,,0.988211425052524
2.0992,0.98758777249471,0.987586729678468,0.992321300253269,0.982802552459085,0,
2.09896249002394,,,,,,0.987731723088155
2.1,0.98709718495627,0.987096038855523,0.991849388106126,0.982294968442837,0,
2.09976057462091,,,,,,0.987244514050229
2.1008,0.986598823723503,0.98659755984685,0.991370345657429,0.981801657685504,0,
2.10055865921788,,,,,,0.986749596734543
2.1016,0.986092542862075,0.986092217403117,0.990884004243387,0.981326780118627,0,
2.10135674381484,,,,,,0.986246829248786
2.10186614411177,0.985922335664133,0.985923058159298,1.01658775716316,0.955257636660268,,
2.10186614411177,0.985922335664133,0.985923058159298,1.01658775716316,0.955257636660268,,
2.1024,0.985585552786268,0.985588252812223,0.990390207866162,0.980869627895206,0,
2.10215482841181,,,,,,0.985739572537276
2.1032,0.985100166199502,0.985101497587336,0.989888814126493,0.980427928707237,0,
2.10295291300878,,,,,,0.985246995307286
2.104,0.984635313109739,0.984636445402457,0.989380816966026,0.979999392842385,0,
2.10375099760575,,,,,,0.984777041431478
2.1048,0.984188158482127,0.984189511720795,0.988884061300266,0.979581849821355,0,
2.10454908220271,,,,,,0.984326413133334
2.1056,0.983755825988026,0.983757042074741,0.988408699190614,0.979173227104015,0,
2.10534716679968,,,,,,0.983890976070551
2.1064,0.983335699607061,0.983336595819415,0.987953843696659,0.97877155266042,0,
2.10614525139665,,,,,,0.98346820461913
2.1072,0.982925367297523,0.982925958787384,0.987516055762917,0.978374975194598,0,
2.10694333599362,,,,,,0.983055896349346
2.108,0.982522602544496,0.98252297385346,0.987092132752702,0.977981775222556,0,
2.10774142059058,,,,,,0.982651861641754
2.1088,0.982125371740412,0.982125623097306,0.98667921708323,0.977590335354431,0,
2.10853950518755,,,,,,0.982254059826034
2.1096,0.981731842756127,0.981732012470691,0.986274742738005,0.977199185591009,0,
2.10933758978452,,,,,,0.981860564946354
2.1104,0.981340323298103,0.981340431463887,0.985876421624487,0.976806992424515,0,
2.11013567438148,,,,,,0.98146959026368
2.1112,0.980949307276915,0.980949385105406,0.985482239301941,0.976412565787712,0,
2.11093375897845,,,,,,0.981079618042082
2.112,0.980557449328541,0.980557489817997,0.985090390831674,0.976014861439806,0,
2.11173184357542,,,,,,0.980689231541255
2.1128,0.980163563246053,0.980163532585396,0.984699295220586,0.975612977849831,0,
2.11252992817239,,,,,,0.980297143079177
2.1136,0.979766617196678,0.979766486169212,0.984307571014447,0.975206148182533,0,
2.11332801276935,,,,,,0.979902313014812
2.1144,0.979365726566573,0.979365426881899,0.983914020150079,0.974793740627245,0,
2.11412609736632,,,,,,0.979503760064109
2.1152,0.978960137952258,0.978959615773616,0.983517614655019,0.974375244742662,0,
2.11492418196329,,,,,,0.979100691351377
2.116,0.97854923133604,0.978548474619929,0.983117482323445,0.973950269812558,0,
2.11572226656026,,,,,,0.978692486554616
2.1168,0.978132499581739,0.978131529932254,0.982712886669,0.973518532353866,0,
2.11652035115722,,,,,,0.978278659156088
2.1176,0.977709549590249,0.977708351919587,0.982303221105765,0.973079847919203,0,
2.11731843575419,,,,,,0.977858769818661
2.1184,0.97728008793592,0.977278636322217,0.981887990290534,0.972634121154456,0,
2.11811652035116,,,,,,0.97743241522945
2.1192,0.976843913472268,0.976842244066748,0.981466804429326,0.972181335637125,0,
2.11891460494812,,,,,,0.976999479116744
2.12,0.976400908482043,0.976399018669359,0.981039367713611,0.97172154390622,0,
2.11971268954509,,,,,,0.976559783786777
2.1208,0.975951029352698,0.975948925049425,0.980605469054322,0.971254863157235,0,
2.12051077414206,,,,,,0.976113214016171
2.1216,0.975494298264006,0.975492033927131,0.980164974035108,0.970781464432578,0,
2.12130885873903,,,,,,0.975659878015217
2.1224,0.975030794187232,0.975028377582467,0.979717816680284,0.970301557764666,0,
2.12210694333599,,,,,,0.975199779089543
2.1232,0.974560656544744,0.974558103021712,0.979263991979579,0.969815399113893,0,
2.12290502793296,,,,,,0.974732999386178
2.124,0.974084060795467,0.974081421951201,0.978803548545018,0.969323271754535,0,
2.12370311252993,,,,,,0.974259794936864
2.1248,0.973601218169744,0.973598503418324,0.978336587574741,0.968825478675425,0,
2.1245011971269,,,,,,0.973780297663576
2.1256,0.973112388808299,0.973109618706365,0.977863252907634,0.968322349671116,0,
2.12529928172386,,,,,,0.973294736111086
2.1264,0.972617839036793,0.972615071062648,0.977383721200545,0.967814220216611,0,
2.12609736632083,,,,,,0.972803447881997
2.1272,0.972117864611326,0.972115126651209,0.97689820786415,0.967301436191113,0,
2.1268954509178,,,,,,0.972306673569368
2.128,0.971612784687981,0.971610103115071,0.976406956090557,0.966784348105318,0,
2.12769353551476,,,,,,0.971804716236668
2.1288,0.971102913784,0.971100330014124,0.975910224972694,0.966263299248973,0,
2.12849162011173,,,,,,0.97129791123251
2.1296,0.970588587143909,0.970586125330433,0.975408299628191,0.965738638940247,0,
2.1292897047087,,,,,,0.97078657267561
2.1304,0.970070137114147,0.970067805876236,0.97490147825537,0.965210702118549,0,
2.13008778930567,,,,,,0.970271018804269
2.1312,0.96954788926317,0.969545700726769,0.974390064736796,0.964679813235321,0,
2.13088587390263,,,,,,0.969751558354287
2.132,0.969022183069781,0.969020146212232,0.973874376152738,0.964146294685519,0,
2.1316839584996,,,,,,0.969228546089253
2.1328,0.968493333336794,0.968491445545856,0.973354727128345,0.963610446690376,0,
2.13248204309657,,,,,,0.968702283773543
2.1336,0.967961653049808,0.967959910587019,0.972831433392705,0.963072560101929,0,
2.13328012769354,,,,,,0.968173071354649
2.1344,0.967427454746343,0.967425850656599,0.972304814288026,0.962532912615607,0,
2.1340782122905,,,,,,0.96764123311206
2.1352,0.966891022811773,0.96688954765474,0.971775173151281,0.961991759655469,0,
2.13487629688747,,,,,,0.967107050434826
2.136,0.966352641062601,0.96635128291903,0.971242813110633,0.96144934916485,0,
2.13567438148444,,,,,,0.96657080097702
2.1368,0.965812577310387,0.965811327231028,0.970708030867741,0.960905906229917,0,
2.1364724660814,,,,,,0.966032766521162
2.1376,0.965271076719295,0.96526992829293,0.970171103772445,0.960361638818397,0,
2.13727055067837,,,,,,0.965493197100758
2.1384,0.964728383160197,0.964727324316934,0.96963230575738,0.959816743525236,0,
2.13806863527534,,,,,,0.96495233274071
2.1392,0.964184712015873,0.964183737818241,0.969091894374212,0.959271394875586,0,
2.13886671987231,,,,,,0.964410404937782
2.14,0.963640266148552,0.96363937048383,0.968550110714642,0.958725753319907,0,
2.13966480446927,,,,,,0.963867619689839
2.1408,0.963095238157158,0.963094412786718,0.968007188946153,0.958179964944879,0,
2.14046288906624,,,,,,0.963324169199341
2.1416,0.962549795771665,0.962549038530723,0.967463339346029,0.957634156716767,0,
2.14126097366321,,,,,,0.962780238298244
2.1424,0.962004096386463,0.962003399783434,0.966918760780474,0.957088445615092,0,
2.14205905826018,,,,,,0.962235982724985
2.1432,0.96145828226987,0.961457639551281,0.966373639053237,0.95654293174957,0,
2.14285714285714,,,,,,0.961691547000381
2.144,0.960912475743239,0.960911885129122,0.965828138838221,0.955997701593283,0,
2.14365522745411,,,,,,0.961147069698006
2.1448,0.960366792251137,0.960366243916678,0.965282413711454,0.955452832642011,0,
2.14445331205108,,,,,,0.960602660973737
2.1456,0.959821327633932,0.959820815571639,0.964736601296343,0.954908388276799,0,
2.14525139664804,,,,,,0.960058422812919
2.1464,0.959276165908507,0.959275686092141,0.964190822379284,0.954364420751705,0,
2.14604948124501,,,,,,0.95951445019094
2.1472,0.958731382995199,0.958730925728733,0.963645188135498,0.953820971997678,0,
2.14684756584198,,,,,,0.958970816086206
2.148,0.9581870389378,0.958186596729991,0.963099791949155,0.953278073807107,0,
2.14764565043895,,,,,,0.958427586110044
2.1488,0.957643184012456,0.95764275022699,0.962554716261695,0.952735748798907,0,
2.14844373503591,,,,,,0.957884817236052
2.1496,0.95709985795597,0.957099426002387,0.9620100336562,0.95219401082933,0,
2.14924181963288,,,,,,0.957342552430807
2.1504,0.956557090413475,0.956556655699439,0.961465802198551,0.95165286845957,0,
2.15003990422985,,,,,,0.956800826877287
2.1512,0.956014902053229,0.956014462394273,0.960922069970747,0.951112327980304,0,
2.15083798882682,,,,,,0.956259667351915
2.152,0.955473304759834,0.955472860944447,0.960378874562338,0.950572385123116,0,
2.15163607342378,,,,,,0.955719092048471
2.1528,0.954932306138172,0.954931858882483,0.959836243667798,0.950033031317384,0,
2.15243415802075,,,,,,0.955179111557191
2.1536,0.954391912122004,0.954391457390655,0.959294195983734,0.94949425392799,0,
2.15323224261772,,,,,,0.954639729631562
2.1544,0.953852115176346,0.953851652006337,0.958752742438436,0.948956036134106,0,
2.15403032721468,,,,,,0.954100944386539
2.1552,0.953312906327868,0.953312433075707,0.958211890279872,0.948418359738886,0,
2.15482841181165,,,,,,0.953562748401646
2.156,0.952774271650169,0.952773786539441,0.957671642175234,0.947881204564792,0,
2.15562649640862,,,,,,0.953025129574457
2.1568,0.952236193236987,0.952235695027792,0.95713199018683,0.947344545577936,0,
2.15642458100559,,,,,,0.952488071807329
2.1576,0.95169865265158,0.951698138338515,0.956592924050047,0.946808354728049,0,
2.15722266560255,,,,,,0.951951556544708
2.1584,0.951161628978355,0.951161093650105,0.956054428753049,0.946272606863423,0,
2.15802075019952,,,,,,0.951415562030764
2.1592,0.950625095603612,0.950624536649789,0.955516486149681,0.945737276386428,0,
2.15881883479649,,,,,,0.950880064596717
2.16,0.95008902378799,0.950088442286102,0.954979077065144,0.945202332879407,0,
2.15961691939346,,,,,,0.950345039582211
2.1608,0.949553389450602,0.949552785394814,0.954442179004031,0.944667745049714,0,
2.16041500399042,,,,,,0.949810461881984
2.1616,0.949018166303526,0.949017530143577,0.953905764663553,0.94413348575957,0,
2.16121308858739,,,,,,0.949276306643239
2.1624,0.948483322297437,0.9484826426523,0.953369806375168,0.943599528350005,0,
2.16201117318436,,,,,,0.948742526734695
2.1632,0.947948826234525,0.947948100204063,0.952834279367699,0.943065842692875,0,
2.16280925778132,,,,,,0.948209102920256
2.164,0.94741465228607,0.947413876814713,0.952299155721557,0.942532399823179,0,
2.16360734237829,,,,,,0.947676009137181
2.1648,0.946880773369529,0.946879947860287,0.95176440348225,0.941999174552812,0,
2.16440542697526,,,,,,0.947143219863873
2.1656,0.946347158127118,0.946346289735247,0.951229992761025,0.94146614291854,0,
2.16520351157223,,,,,,0.946610711766004
2.1664,0.945813778349939,0.945812860797025,0.950695897305593,0.940933278402142,0,
2.16600159616919,,,,,,0.946078461301517
2.1672,0.94528060986438,0.945279629859291,0.950162088803771,0.940400557025535,0,
2.16679968076616,,,,,,0.945546409008864
2.168,0.944747628709612,0.944746585471824,0.949628536653878,0.939867958352777,0,
2.16759776536313,,,,,,0.945014552650067
2.1688,0.944214807353395,0.944213708513916,0.949095213661508,0.939335463538034,0,
2.1683958499601,,,,,,0.944482871740854
2.1696,0.943682123072905,0.943680983090468,0.948562095655453,0.93880305098748,0,
2.16919393455706,,,,,,0.943951348780865
2.1704,0.943149556237474,0.943148390557869,0.948029157660866,0.938270702702993,0,
2.16999201915403,,,,,,0.943419969672382
2.1712,0.942617088259836,0.942615889692893,0.947496373400765,0.937738403900802,0,
2.170790103751,,,,,,0.942888711623648
2.172,0.942084696395993,0.942083457997685,0.946963720957602,0.937206141222903,0,
2.17158818834797,,,,,,0.942357516275606
2.1728,0.941552364396475,0.941551094537795,0.946431180959276,0.93667389856869,0,
2.17238627294493,,,,,,0.94182639558196
2.1736,0.941020078011534,0.941018787520457,0.945898733668349,0.936141663843011,0,
2.1731843575419,,,,,,0.941295336468987
2.1744,0.940487824207406,0.940486527930463,0.945366358089475,0.935609427330215,0,
2.17398244213887,,,,,,0.940764328503299
2.1752,0.939955585728526,0.939954300720338,0.944834038507207,0.935077180343346,0,
2.17478052673583,,,,,,0.940233364105677
2.176,0.939423352408577,0.939422077456775,0.944301760996036,0.934544912474127,0,
2.1755786113328,,,,,,0.939702421591714
2.1768,0.938891114699919,0.938889846788323,0.943769511367242,0.934012616650494,0,
2.17637669592977,,,,,,0.939171466790694
2.1776,0.938358864238487,0.938357608994964,0.943237274294093,0.933480287244397,0,
2.17717478052674,,,,,,0.938640509018501
2.1784,0.937826589852462,0.937825357115939,0.942705039778281,0.93294791932808,0,
2.1779728651237,,,,,,0.938109540505856
2.1792,0.937294286007302,0.937293085848083,0.94217279859506,0.932415507352237,0,
2.17877094972067,,,,,,0.937578555098686
2.18,0.936761947042418,0.936760785817434,0.941640541616822,0.931883047875264,0,
2.17956903431764,,,,,,0.937047548308131
2.1808,0.936229568306768,0.936228444910828,0.941108259209269,0.931350538342079,0,
2.1803671189146,,,,,,0.936516506658693
2.1816,0.935697143918493,0.935696059265687,0.940575945805324,0.930817976725383,0,
2.18116520351157,,,,,,0.935985419365432
2.1824,0.935164671349999,0.935163628001773,0.940043596021106,0.930285361695105,0,
2.18196328810854,,,,,,0.935454288492184
2.1832,0.934632148037765,0.934631148256391,0.939511204873024,0.929752692562108,0,
2.18276137270551,,,,,,0.93492311069538
2.184,0.934099572156015,0.934098618083397,0.938978767393228,0.929219969221878,0,
2.18355945730247,,,,,,0.934391883550205
2.1848,0.933566942560437,0.933566034677906,0.938446281045685,0.928687192369875,0,
2.18435754189944,,,,,,0.933860605530626
2.1856,0.933034258731899,0.933033395833166,0.937913743468398,0.928154364557561,0,
2.18515562649641,,,,,,0.9333292728237
2.1864,0.932501520720181,0.932500701653868,0.937381153021347,0.927621487180832,0,
2.18595371109338,,,,,,0.93279788455047
2.1872,0.931968729460106,0.931967952825721,0.936848508730228,0.927088562163188,0,
2.18675179569034,,,,,,0.932266441602327
2.188,0.93143588810125,0.931435150191762,0.936315810230203,0.926555592151363,0,
2.18754988028731,,,,,,0.931734944492986
2.1888,0.930902997388115,0.930902295157886,0.935783057810413,0.926022580149474,0,
2.18834796488428,,,,,,0.931203394313511
2.1896,0.930370059679632,0.930369388415592,0.935250253003796,0.925489529470635,0,
2.18914604948124,,,,,,0.930671792696942
2.1904,0.929837077727233,0.92983643146576,0.934717398308534,0.924956442745271,0,
2.18994413407821,,,,,,0.930140139600334
2.1912,0.929304054626533,0.929303427009489,0.934184494904558,0.924423317214517,0,
2.19074221867518,,,,,,0.929608437684063
2.192,0.928770993769012,0.928770377764976,0.933651545255502,0.923890156890867,0,
2.19154030327215,,,,,,0.929076689646103
2.1928,0.928237897502586,0.928237286592433,0.933118552204292,0.923356965296513,0,
2.19233838786911,,,,,,0.928544898185813
2.1936,0.92770476118545,0.927704156573556,0.93258551892491,0.922823744415433,0,
2.19313647246608,,,,,,0.92801306624705
2.1944,0.927171592019257,0.927170989267823,0.932052448526327,0.922290495933336,0,
2.19393455706305,,,,,,0.927481196974505
2.1952,0.926638392168523,0.92663778731623,0.931519341473519,0.921757221168974,0,
2.19473264166002,,,,,,0.926949290755914
2.196,0.926105163549841,0.926104554134499,0.93098619631384,0.921223921314134,0,
2.19553072625698,,,,,,0.926417351822027
2.1968,0.925571907763219,0.925571292472224,0.930453018891267,0.920690600513214,0,
2.19632881085395,,,,,,0.925885382965687
2.1976,0.925038626023417,0.925038004945961,0.92991981130293,0.920157261028815,0,
2.19712689545092,,,,,,0.925353386872423
2.1984,0.924505319513317,0.924504694109094,0.929386575379724,0.91962390489938,0,
2.19792498004789,,,,,,0.924821366078797
2.1992,0.923971993464239,0.923971363189994,0.928853312617661,0.919090534510112,0,
2.19872306464485,,,,,,0.924289323118947
2.2,0.923438649047566,0.923438014488283,0.9283200242226,0.91855715228514,0,
2.19952114924182,,,,,,0.923757261658182
2.2008,0.92290528861958,0.922904649669847,0.927786712464342,0.918023760687513,0,
2.20031923383879,,,,,,0.923225183041684
2.2016,0.922371914575542,0.922371270406793,0.92725338148299,0.917490357293351,0,
2.20111731843575,,,,,,0.922693089130932
2.2024,0.921838529349686,0.921837878004155,0.926720032767767,0.916956943631987,0,
2.20191540303272,,,,,,0.92216098145213
2.2032,0.921305135415226,0.921304474381966,0.92618666868501,0.91642352264003,0,
2.20271348762969,,,,,,0.921628861149141
2.204,0.920771728552428,0.920771063797701,0.925653291640087,0.915890096129585,0,
2.20351157222666,,,,,,0.921096730625561
2.2048,0.920238312398706,0.920237647429751,0.925119904077399,0.915356665555908,0,
2.20430965682362,,,,,,0.920564595285921
2.2056,0.919704889633308,0.919704225266949,0.924586506674302,0.914823232321121,0,
2.20510774142059,,,,,,0.920032453592936
2.2064,0.919171461750273,0.919170798078555,0.924053097319147,0.914289797358901,0,
2.20590582601756,,,,,,0.919500306501517
2.2072,0.918638030190533,0.918637366304281,0.923519679391983,0.913756361442488,0,
2.20670391061453,,,,,,0.918968154655649
2.208,0.918104596341912,0.918103931710441,0.922986255253996,0.913222925873791,0,
2.20750199521149,,,,,,0.918435998363231
2.2088,0.917571160971618,0.917570497493056,0.922452826384899,0.912689491784912,0,
2.20830007980846,,,,,,0.917903840265812
2.2096,0.917037724855087,0.917037063969915,0.921919394211325,0.912156060125104,0,
2.20909816440543,,,,,,0.917371683859753
2.2104,0.916504289487137,0.916503630903485,0.92138595995463,0.911622631775385,0,
2.20989624900239,,,,,,0.916839527546398
2.2112,0.915970855866969,0.915970198778571,0.920852524384217,0.911089207347568,0,
2.21069433359936,,,,,,0.916307371901732
2.212,0.915437424925556,0.915436767926096,0.920319088468432,0.9105557863776,0,
2.21149241819633,,,,,,0.91577521735129
2.2128,0.914903997525646,0.914903340057215,0.919785653569194,0.910022369638051,0,
2.2122905027933,,,,,,0.915243064167023
2.2136,0.914370574187125,0.914369916919649,0.919252220667422,0.909488957735522,0,
2.21308858739026,,,,,,0.91471091487221
2.2144,0.913837154085308,0.913836498571799,0.918718790675818,0.908955550934326,0,
2.21388667198723,,,,,,0.914178770751484
2.2152,0.913303738578225,0.913303085083294,0.918185364365203,0.908422149407377,0,
2.2146847565842,,,,,,0.91364663116864
2.216,0.91277032799709,0.912769676874768,0.917651941894832,0.907888753236196,0,
2.21548284118117,,,,,,0.913114496587869
2.2168,0.912236922581711,0.91223627429378,0.917118523025482,0.907355362479475,0,
2.21628092577813,,,,,,0.912582367400985
2.2176,0.911703522480492,0.91170287761482,0.916585108839794,0.906821977046253,0,
2.2170790103751,,,,,,0.912050243927423
2.2184,0.911170127750436,0.911169487039302,0.916051699644476,0.906288596740656,0,
2.21787709497207,,,,,,0.911518126414244
2.2192,0.910636738450861,0.910636102695569,0.915518295654825,0.905755221291261,0,
2.21867517956903,,,,,,0.910986015036127
2.22,0.91010335443569,0.910102724638893,0.914984896994732,0.905221850339764,0,
2.219473264166,,,,,,0.910453909895376
2.2208,0.909569975490772,0.909569352851471,0.914451503721822,0.904688483437824,0,
2.22027134876297,,,,,,0.909921811021917
2.2216,0.909036601323659,0.90903598724243,0.913918115840299,0.904155120993446,0,
2.22106943335994,,,,,,0.909389718373297
2.2224,0.908503231551861,0.908502619602551,0.913384733185807,0.90362176339417,0,
2.2218675179569,,,,,,0.908857631834688
2.2232,0.907969865702855,0.907969251473199,0.91285135552317,0.903088409809546,0,
2.22266560255387,,,,,,0.908325539160621
2.224,0.907436504507711,0.907435886471899,0.912317982535756,0.902555059576078,0,
2.22346368715084,,,,,,0.907793448826956
2.2248,0.906903148227955,0.906902524940447,0.911784613816892,0.902021712196678,0,
2.22426177174781,,,,,,0.907261361989074
2.2256,0.906369795632401,0.906369166815046,0.91125124921712,0.901488367116991,0,
2.22505985634477,,,,,,0.906729278583636
2.2264,0.905836446265835,0.905835812031904,0.910717889341497,0.900955024267009,0,
2.22585794094174,,,,,,0.906197198547304
2.2272,0.905303099615778,0.905302460527225,0.91018453405081,0.900421685519582,0,
2.22665602553871,,,,,,0.905665121816739
2.228,0.904769755112484,0.904769112237216,0.909651182322158,0.899888349942079,0,
2.22745411013567,,,,,,0.905133048328603
2.2288,0.904236412869363,0.904235767098081,0.909117833684935,0.899355016775202,0,
2.22825219473264,,,,,,0.904600978019558
2.2296,0.903703075405141,0.903702425046026,0.908584487611271,0.89882168578356,0,
2.22905027932961,,,,,,0.904068910826264
2.2304,0.903169740520264,0.903169086017257,0.908051143714839,0.898288356725233,0,
2.22984836392658,,,,,,0.903536846685385
2.2312,0.902636407984104,0.902635749535873,0.907517802754921,0.897755029351776,0,
2.23064644852354,,,,,,0.90300478553358
2.232,0.902103077559513,0.902102413820358,0.906984465983326,0.897221703408219,0,
2.23144453312051,,,,,,0.902472726713357
2.2328,0.901569749002811,0.901569079515459,0.906451131729166,0.896688378633063,0,
2.23224261771748,,,,,,0.901940667959048
2.2336,0.901036422063798,0.901035747122691,0.905917799760057,0.896155054758285,0,
2.23304070231445,,,,,,0.901408611195605
2.2344,0.900503096485745,0.90050241651516,0.905384469837091,0.895621731509334,0,
2.23383878691141,,,,,,0.90087655629704
2.2352,0.899969772005397,0.899969087565974,0.904851141714833,0.895088408755145,0,
2.23463687150838,,,,,,0.90034450313737
2.236,0.899436448352977,0.899435760148239,0.904317815141324,0.894555086294251,0,
2.23543495610535,,,,,,0.899812451590607
2.2368,0.898903125252177,0.898902434135064,0.903784489858079,0.894021763853577,0,
2.23623304070231,,,,,,0.899280401530766
2.2376,0.898369802625263,0.898369109399553,0.903251165600089,0.893488441184462,0,
2.23703112529928,,,,,,0.898748352831861
2.2384,0.897836480225331,0.897835785814815,0.90271784209582,0.892955118050735,0,
2.23782920989625,,,,,,0.898216305367905
2.2392,0.897303157769696,0.897302463253956,0.902184519122294,0.892421794216224,0,
2.23862729449322,,,,,,0.897684259012913
2.24,0.896769835022191,0.896769141590083,0.901651196556342,0.891888469444759,0,
2.23942537909018,,,,,,0.897152213640899
2.2408,0.896236511746645,0.896235820146779,0.90111787414145,0.891355143500166,0,
2.24022346368715,,,,,,0.896620169125877
2.2416,0.895703187706888,0.895702498383207,0.900584551607426,0.890821816146275,0,
2.24102154828412,,,,,,0.896088124581167
2.2424,0.895169862666751,0.895169176550743,0.900051228718102,0.89028848714691,0,
2.24181963288109,,,,,,0.895556079606056
2.2432,0.894636536390064,0.894635854673632,0.89951790523731,0.889755157553019,0,
2.24261771747805,,,,,,0.895024034700511
2.244,0.894103208640657,0.894102532593741,0.898984580928881,0.889221830324693,0,
2.24341580207502,,,,,,0.89449198970753
2.2448,0.893569879182362,0.893569210152941,0.898451255556649,0.888688503595523,0,
2.24421388667199,,,,,,0.893959944470114
2.2456,0.893036549538687,0.893035887193101,0.897917928884447,0.888155176281068,0,
2.24501197126895,,,,,,0.893427898831263
2.2464,0.892503223197183,0.892502563556091,0.897384600676109,0.88762184830575,0,
2.24581005586592,,,,,,0.892895852633976
2.2472,0.891969896325674,0.891969239083779,0.89685127116803,0.887088519593989,0,
2.24660814046289,,,,,,0.892363805721253
2.248,0.891436568848583,0.891435913618036,0.896317942411177,0.886555190070211,0,
2.24740622505986,,,,,,0.891831757936094
2.2488,0.890903240690334,0.89090258700073,0.895784615927333,0.886021859658834,0,
2.24820430965682,,,,,,0.8912997091215
2.2496,0.890369911775349,0.890369259073732,0.89525128889319,0.885488528284283,0,
2.24900239425379,,,,,,0.890767659120469
2.2504,0.88983658202805,0.889835932134868,0.894717961233169,0.884955195870978,0,
2.24980047885076,,,,,,0.890235607776001
2.2512,0.88930325137286,0.88930260566981,0.894184632871694,0.884421862343341,0,
2.25059856344773,,,,,,0.889703558200478
2.252,0.888769919734202,0.888769278663215,0.893651303733188,0.883888529548873,0,
2.25139664804469,,,,,,0.88917150866403
2.2528,0.888236587036499,0.888235950865817,0.893117973742076,0.883355197196982,0,
2.25219473264166,,,,,,0.888639458398402
2.2536,0.887703253204173,0.887702622200426,0.89258464282278,0.882821864572976,0,
2.25299281723863,,,,,,0.888107407326956
2.2544,0.88716992079073,0.887169292589853,0.892051310899724,0.882288531547829,0,
2.25379090183559,,,,,,0.887575355373053
2.2552,0.886636588461436,0.886635961956907,0.89151797789733,0.881755198123962,0,
2.25458898643256,,,,,,0.887043302460055
2.256,0.886103255729232,0.886102630224399,0.890984644446029,0.881221864303794,0,
2.25538707102953,,,,,,0.886511248511325
2.2568,0.885569922596538,0.885569297315139,0.890451312055184,0.880688530089746,0,
2.2561851556265,,,,,,0.885979193450224
2.2576,0.885036589065774,0.885035963151937,0.889917979617693,0.880155195484237,0,
2.25698324022346,,,,,,0.885447137200114
2.2584,0.88450325513936,0.884502627657602,0.889384646777941,0.879621860489687,0,
2.25778132482043,,,,,,0.884915079684357
2.2592,0.883969920819715,0.883969291141067,0.88885131353835,0.879088525108517,0,
2.2585794094174,,,,,,0.884383020826314
2.26,0.88343658610926,0.883435956950036,0.888317979901339,0.878555189578547,0,
2.25937749401437,,,,,,0.883850961045903
2.2608,0.882903251010415,0.882902623242375,0.887784645869328,0.878021854301348,0,
2.26017557861133,,,,,,0.883318904512741
2.2616,0.8823699155256,0.882369289245505,0.887251311444738,0.877488519047837,0,
2.2609736632083,,,,,,0.882786847674339
2.2624,0.881836579979053,0.881835954981879,0.886717976629988,0.876955183710368,0,
2.26177174780527,,,,,,0.882254790552991
2.2632,0.881303244800735,0.881302620473951,0.886184641427498,0.876421848314696,0,
2.26256983240223,,,,,,0.881722733170989
2.264,0.88076990951962,0.880769285744173,0.885651305926106,0.875888512886577,0,
2.2633679169992,,,,,,0.881190675550626
2.2648,0.880236574161462,0.880235950814998,0.88511797047844,0.875355177451766,0,
2.26416600159617,,,,,,0.880658617714195
2.2656,0.879703238752018,0.879702615708879,0.884584635272518,0.87482184203602,0,
2.26496408619314,,,,,,0.880126559683987
2.2664,0.879169903317043,0.87916928044827,0.884051299970714,0.874288506665094,0,
2.2657621707901,,,,,,0.879594501482295
2.2672,0.878636567882293,0.878635945055623,0.883517964598784,0.873755171364744,0,
2.26656025538707,,,,,,0.879062443131413
2.268,0.878103232473524,0.878102609553392,0.882984629182484,0.873221836160724,0,
2.26735833998404,,,,,,0.878530384653631
2.2688,0.87756989711649,0.877569273964029,0.88245129374757,0.872688500704703,0,
2.26815642458101,,,,,,0.877998326071244
2.2696,0.877036561836949,0.877035938309988,0.881917958319797,0.872155165105863,0,
2.26895450917797,,,,,,0.877466267406543
2.2704,0.876503226660655,0.876502602613722,0.88138462292492,0.871621829499243,0,
2.26975259377494,,,,,,0.876934208681821
2.2712,0.875969891101942,0.875969266897683,0.880851287588695,0.871088493910844,0,
2.27055067837191,,,,,,0.876402149919371
2.272,0.875436555488371,0.875435931184324,0.880317952336879,0.870555158352585,0,
2.27134876296887,,,,,,0.875870091141485
2.2728,0.874903219884303,0.8749025954961,0.879784617057894,0.870021822836385,0,
2.27214684756584,,,,,,0.875338032370455
2.2736,0.874369884301657,0.874369259855462,0.87925128148445,0.869488487374161,0,
2.27294493216281,,,,,,0.874805973628575
2.2744,0.87383654875235,0.873835924284864,0.878717945873431,0.868955151977834,0,
2.27374301675978,,,,,,0.874273914938136
2.2752,0.873303213248303,0.873302588806759,0.878184610275115,0.868421816659321,0,
2.27454110135674,,,,,,0.873741856321431
2.276,0.872769877801433,0.8727692534436,0.877651274701421,0.867888481430541,0,
2.27533918595371,,,,,,0.873209797800753
2.2768,0.87223654242366,0.87223591821784,0.877117939164269,0.867355146303414,0,
2.27613727055068,,,,,,0.872677739398395
2.2776,0.871703207126903,0.871702583151931,0.876584603675575,0.866821811289858,0,
2.27693535514765,,,,,,0.872145681136648
2.2784,0.871169871923079,0.871169247137887,0.87605126824726,0.866288476401792,0,
2.27773343974461,,,,,,0.871613623037805
2.2792,0.870636536824109,0.870635910452449,0.875517932891243,0.865755141651134,0,
2.27853152434158,,,,,,0.871081563770662
2.28,0.870103201841909,0.870102573631117,0.87498459761944,0.865221807049803,0,
2.27932960893855,,,,,,0.870549503935165
2.2808,0.869569866988401,0.869569236766926,0.874451262443773,0.864688472609719,0,
2.28012769353551,,,,,,0.870017444049394
2.2816,0.869036532275501,0.869035899869029,0.87391792737616,0.864155138342799,0,
2.28092577813248,,,,,,0.869485384122438
2.2824,0.868503197715129,0.868502562946581,0.873384592428518,0.863621804260962,0,
2.28172386272945,,,,,,0.868953324163384
2.2832,0.867969863319204,0.867969226008735,0.872851257612767,0.863088470376128,0,
2.28252194732642,,,,,,0.868421264181322
2.284,0.867436529099644,0.867435889064644,0.872317922940826,0.862555136700214,0,
2.28332003192338,,,,,,0.867889204185339
2.2848,0.866903195068368,0.866902552123462,0.871784588424614,0.86202180324514,0,
2.28411811652035,,,,,,0.867357144184523
2.2856,0.866369861237296,0.866369215194342,0.871251254076049,0.861488469348353,0,
2.28491620111732,,,,,,0.866825084187963
2.2864,0.865836527618345,0.865835878286438,0.87071791990705,0.860955135317466,0,
2.28571428571429,,,,,,0.866293024204746
2.2872,0.865303194223434,0.865302541408904,0.870184585929536,0.860421801380214,0,
2.28651237031125,,,,,,0.86576096424396
2.288,0.864769860142397,0.864769204570892,0.869651252155426,0.859888467548608,0,
2.28731045490822,,,,,,0.865228904314694
2.2888,0.86423652612992,0.864235867781558,0.869117918596638,0.859355133826478,0,
2.28810853950519,,,,,,0.864696844426035
2.2896,0.863703192220285,0.863702531050053,0.868584585017477,0.858821800217655,0,
2.28890662410215,,,,,,0.864164784587072
2.2904,0.863169858417325,0.863169194385532,0.868051250954851,0.85828846672597,0,
2.28970470869912,,,,,,0.863632724806894
2.2912,0.86263652472487,0.862635857797148,0.867517916969991,0.857755133355254,0,
2.29050279329609,,,,,,0.863100665094587
2.292,0.86210319114675,0.862102521294054,0.866984583089002,0.857221800109338,0,
2.29130087789306,,,,,,0.86256860545924
2.2928,0.861569857686797,0.861569184885405,0.866451249315716,0.856688466992053,0,
2.29209896249002,,,,,,0.862036545909941
2.2936,0.861036524348842,0.861035848580353,0.865917915653964,0.856155134007231,0,
2.29289704708699,,,,,,0.861504486455779
2.2944,0.860503191136716,0.860502512388053,0.865384582107577,0.855621801158702,0,
2.29369513168396,,,,,,0.860972427105841
2.2952,0.85996985805425,0.859969176317657,0.864851248680385,0.855088468450297,0,
2.29449321628093,,,,,,0.860440367869215
2.296,0.859436525105275,0.85943584037832,0.86431791537622,0.854555135885846,0,
2.29529130087789,,,,,,0.85990830875499
2.2968,0.858903192293622,0.858902504615447,0.863784582198913,0.854021803469183,0,
2.29608938547486,,,,,,0.859376249772253
2.2976,0.858369859623123,0.858369169094767,0.863251249152295,0.853488471204137,0,
2.29688747007183,,,,,,0.858844190970809
2.2984,0.857836527097607,0.857835833758733,0.862717916240196,0.852955139094539,0,
2.29768555466879,,,,,,0.858312132417895
2.2992,0.857303194720907,0.857302498608156,0.862184583466449,0.85242180714422,0,
2.29848363926576,,,,,,0.857780074040815
2.3,0.856769862496852,0.856769163652884,0.861651250834883,0.851888475357011,0,
2.29928172386273,,,,,,0.85724801584935
2.3008,0.856236530429275,0.856235828902769,0.86111791834933,0.851355143736744,0,
2.3000798084597,,,,,,0.856715957853277
2.3016,0.855703198522006,0.85570249436766,0.860584586013622,0.850821812260068,0,
2.30087789305666,,,,,,0.856183900062377
2.3024,0.855169866778876,0.855169160057406,0.860051253831588,0.850288480173519,0,
2.30167597765363,,,,,,0.85565184248643
2.3032,0.854636535203716,0.854635825981857,0.859517921807061,0.849755147869201,0,
2.3024740622506,,,,,,0.855119785135213
2.304,0.854103203763196,0.854102492150863,0.85898458994387,0.849221815589126,0,
2.30327214684757,,,,,,0.854587728018507
2.3048,0.853569871439468,0.853569158574274,0.858451258245847,0.848688483330166,0,
2.30407023144453,,,,,,0.854055671146091
2.3056,0.853036539142275,0.85303582526194,0.857917926706844,0.848155151089187,0,
2.3048683160415,,,,,,0.853523614527744
2.3064,0.852503206868486,0.852502492223709,0.857384595029145,0.84762181886306,0,
2.30566640063847,,,,,,0.852991558173245
2.3072,0.851969874614969,0.851969159469433,0.856851262712543,0.847088486648653,0,
2.30646448523544,,,,,,0.852459502092375
2.308,0.851436542378594,0.851435827008959,0.856317930421635,0.846555154442833,0,
2.3072625698324,,,,,,0.851927446294911
2.3088,0.850903210156229,0.85090249485214,0.855784598153289,0.846021822242472,0,
2.30806065442937,,,,,,0.851395390790634
2.3096,0.850369877944743,0.850369163008823,0.855251265904376,0.845488490044437,0,
2.30885873902634,,,,,,0.850863335589323
2.3104,0.849836545741005,0.849835831488859,0.854717933671763,0.844955157845597,0,
2.3096568236233,,,,,,0.850331280700757
2.3112,0.849303213541883,0.849302500302098,0.85418460145232,0.844421825642822,0,
2.31045490822027,,,,,,0.849799226134715
2.312,0.848769881344247,0.848769169458388,0.853651269242914,0.843888493432978,0,
2.31125299281724,,,,,,0.849267171900977
2.3128,0.848236549144965,0.848235838967581,0.853117937040415,0.843355161212937,0,
2.31205107741421,,,,,,0.848735118009322
2.3136,0.847703216940907,0.847702508839525,0.852584604841693,0.842821828979567,0,
2.31284916201117,,,,,,0.84820306446953
2.3144,0.84716988472894,0.847169179084071,0.852051272643615,0.842288496729735,0,
2.31364724660814,,,,,,0.847671011291378
2.3152,0.846636552505935,0.846635849711068,0.851517940443051,0.841755164460311,0,
2.31444533120511,,,,,,0.847138958484648
2.316,0.846103220268758,0.846102518329011,0.850984608236868,0.841221832168165,0,
2.31524341580208,,,,,,0.846606906059119
2.3168,0.84556988801428,0.845569186686667,0.850451276021937,0.840688499850164,0,
2.31604150039904,,,,,,0.846074851491494
2.3176,0.84503655573937,0.845035855084269,0.849917943795126,0.840155167503178,0,
2.31683958499601,,,,,,0.84554279677261
2.3184,0.844503223440895,0.844502523528039,0.849384611553303,0.839621835124649,0,
2.31763766959298,,,,,,0.845010742103907
2.3192,0.843969891115726,0.843969192013488,0.848851279293339,0.839088502716283,0,
2.31843575418994,,,,,,0.844478687480929
2.32,0.84343655876073,0.84343586053613,0.8483179470121,0.838555170272247,0,
2.31923383878691,,,,,,0.843946632899224
2.3208,0.842903226373561,0.842902529091477,0.847784614706457,0.838021837787831,0,
2.32003192338388,,,,,,0.843414578354334
2.3216,0.842369893957413,0.842369197675044,0.847251282373278,0.837488505259955,0,
2.32083000798085,,,,,,0.842882523841806
2.3224,0.841836561503138,0.841835866282343,0.846717950009642,0.836955172685535,0,
2.32162809257781,,,,,,0.842350469357185
2.3232,0.841303229007657,0.841302534908886,0.846184617614691,0.836421840061492,0,
2.32242617717478,,,,,,0.841818414896016
2.324,0.840769896467887,0.840769203550188,0.845651285188304,0.835888507384743,0,
2.32322426177175,,,,,,0.841286360453844
2.3248,0.840236563880747,0.840235872201761,0.845117952722964,0.835355174652208,0,
2.32402234636872,,,,,,0.840754306026214
2.3256,0.839703231243156,0.839702540859119,0.84458462021559,0.834821841860803,0,
2.32482043096568,,,,,,0.840222251608672
2.3264,0.839169898552031,0.839169209517774,0.844051287663099,0.834288509007449,0,
2.32561851556265,,,,,,0.839690197196763
2.3272,0.838636565804292,0.838635878173239,0.843517955062411,0.833755176089062,0,
2.32641660015962,,,,,,0.839158142786031
2.328,0.838103232996857,0.838102546821028,0.842984622410443,0.833221843102563,0,
2.32721468475658,,,,,,0.838626088372022
2.3288,0.837569900126644,0.837569215456654,0.842451289704116,0.832688510044868,0,
2.32801276935355,,,,,,0.838094033950281
2.3296,0.837036567190572,0.83703588407563,0.841917956940346,0.832155176912898,0,
2.32881085395052,,,,,,0.837561979516353
2.3304,0.836503234185559,0.836502552673468,0.841384624116052,0.83162184370357,0,
2.32960893854749,,,,,,0.837029925065784
2.3312,0.835969901108524,0.835969221245683,0.840851291228154,0.831088510413802,0,
2.33040702314445,,,,,,0.836497870594118
2.332,0.835436567956385,0.835435889787786,0.840317958273568,0.830555177040514,0,
2.33120510774142,,,,,,0.835965816096901
2.3328,0.834903234726061,0.834902558295292,0.839784625249214,0.830021843580623,0,
2.33200319233839,,,,,,0.835433761569678
2.3336,0.83436990141447,0.834369652407394,0.839251292152011,0.829488510031049,0,
2.33280127693535,,,,,,0.834901707007993
2.33359936153232,,,,,,0.834369652407394
2.3344,0.833836568018531,0.83383589518841,0.838717958978877,0.828955176388709,0,
2.33439744612929,,,,,,0.833837597763423
2.3352,0.833303234535163,0.83330256356506,0.838184625726729,0.828421842713193,0,
2.33519553072626,,,,,,0.833305543071627
2.336,0.832769900961282,0.832769231889144,0.837651292392488,0.827888509280432,0,
2.33599361532322,,,,,,0.832773488327551
2.3368,0.832236567293809,0.832235900156175,0.837117958973071,0.827355175915189,0,
2.33679169992019,,,,,,0.83224143352674
2.3376,0.831703233615341,0.831702568361664,0.836584625465396,0.826821842519052,0,
2.33758978451716,,,,,,0.831709378664738
2.3384,0.831169900272785,0.831169236501127,0.836051291866383,0.826288509092188,0,
2.33838786911413,,,,,,0.831177323737092
2.3392,0.830636566899213,0.830635904570074,0.835517958195957,0.825755175634765,0,
2.33918595371109,,,,,,0.830645268739347
2.34,0.830103233494792,0.83010257256402,0.834984624607694,0.825221842146949,0,
2.33998403830806,,,,,,0.830113213667046
2.3408,0.829569900059689,0.829569240478478,0.834451291256809,0.824688508628907,0,
2.34078212290503,,,,,,0.829581158515737
2.3416,0.829036566594071,0.82903590830896,0.833917957874953,0.824155175080808,0,
2.341580207502,,,,,,0.829049103280963
2.3424,0.828503233098105,0.828502576050981,0.833384624462292,0.823621841502818,0,
2.34237829209896,,,,,,0.82851704795827
2.3432,0.82796989957196,0.827969243700052,0.832851291018995,0.823088507895104,0,
2.34317637669593,,,,,,0.827984992543204
2.344,0.8274365660158,0.827435911251687,0.832317957545227,0.822555174257834,0,
2.3439744612929,,,,,,0.827452937031309
2.3448,0.826903232429795,0.826902578701399,0.831784624041157,0.822021840591174,0,
2.34477254588986,,,,,,0.82692088141813
2.3456,0.826369898814112,0.826369246044702,0.831251290506952,0.821488506895293,0,
2.34557063048683,,,,,,0.826388825699213
2.3464,0.825836565168917,0.825835913277108,0.830717956942778,0.820955173170357,0,
2.3463687150838,,,,,,0.825856769870103
2.3472,0.825303231494378,0.82530258039413,0.830184623348803,0.820421839416534,0,
2.34716679968077,,,,,,0.825324713926345
2.348,0.824769897790661,0.824769247391281,0.829651289725195,0.81988850563399,0,
2.34796488427773,,,,,,0.824792657863484
2.3488,0.824236564057935,0.824235914264075,0.82911795607212,0.819355171822893,0,
2.3487629688747,,,,,,0.824260601677065
2.3496,0.823703230296366,0.823702581008025,0.828584622389745,0.81882183798341,0,
2.34956105347167,,,,,,0.823728545362634
2.3504,0.823169896506122,0.823169247618644,0.828051288678239,0.818288504115709,0,
2.35035913806864,,,,,,0.823196488915735
2.3512,0.822636562687369,0.822635914091444,0.827517954937767,0.817755170219955,0,
2.3511572226656,,,,,,0.822664432331915
2.352,0.822103228840276,0.822102580434944,0.826984621168498,0.817221836307513,0,
2.35195530726257,,,,,,0.822132375606717
2.3528,0.821569894965008,0.821569246947961,0.826451287370598,0.816688502410177,0,
2.35275339185954,,,,,,0.82160031896792
2.3536,0.821036561061735,0.821035914877981,0.825917953544235,0.816155168507971,0,
2.3535514764565,,,,,,0.821068263831638
2.3544,0.820503227145926,0.820502582785275,0.825384619689576,0.815621834590594,0,
2.35434956105347,,,,,,0.820536208672811
2.3552,0.819969893255372,0.819969250668673,0.824851285806788,0.815088500659101,0,
2.35514764565044,,,,,,0.820004153490278
2.356,0.819436559348889,0.819435918527007,0.824317951900148,0.814555166714573,0,
2.35594573024741,,,,,,0.81947209828288
2.3568,0.818903225427512,0.818902586359109,0.823784617991121,0.814021832758118,0,
2.35674381484437,,,,,,0.818940043049456
2.3576,0.818369891492305,0.818369254163812,0.82325128409629,0.81348849879087,0,
2.35754189944134,,,,,,0.818407987788847
2.3584,0.817836557544356,0.817835921939945,0.822717950185807,0.812955164813988,0,
2.35833998403831,,,,,,0.817875932499893
2.3592,0.817303223584778,0.817302589686342,0.822184616260716,0.81242183082866,0,
2.35913806863528,,,,,,0.817343877181434
2.36,0.816769889614714,0.816769257401833,0.821651282322087,0.811888496836096,0,
2.35993615323224,,,,,,0.816811821832309
2.3608,0.816236555635329,0.816235925085251,0.821117948371015,0.811355162837537,0,
2.36073423782921,,,,,,0.81627976645136
2.3616,0.815703221647818,0.815702592735428,0.820584614408622,0.810821828834246,0,
2.36153232242618,,,,,,0.815747711037425
2.3624,0.8151698876534,0.815169260351194,0.820051280436055,0.810288494827516,0,
2.36233040702314,,,,,,0.815215655589345
2.3632,0.81463655365332,0.814635927931382,0.819517946454488,0.809755160818662,0,
2.36312849162011,,,,,,0.81468360010596
2.364,0.814103219648851,0.814102595474822,0.818984612465122,0.809221826809029,0,
2.36392657621708,,,,,,0.81415154458611
2.3648,0.81356988564129,0.813569262980348,0.818451278469183,0.808688492799988,0,
2.36472466081405,,,,,,0.813619489028635
2.3656,0.813036551631962,0.813035930446791,0.817917944467925,0.808155158792932,0,
2.36552274541101,,,,,,0.813087433432376
2.3664,0.812503217622218,0.812502597872982,0.817384610462625,0.807621824789285,0,
2.36632083000798,,,,,,0.812555377796171
2.3672,0.811969883613434,0.811969265257753,0.81685127645459,0.807088490790494,0,
2.36711891460495,,,,,,0.812023322118862
2.368,0.811436549607012,0.811435932599936,0.81631794244515,0.806555156798035,0,
2.36791699920192,,,,,,0.811491266399288
2.3688,0.810903215604383,0.810902599898362,0.815784608435664,0.806021822813409,0,
2.36871508379888,,,,,,0.810959210636289
2.3696,0.810369881607003,0.810369267151864,0.815251274427514,0.805488488838142,0,
2.36951316839585,,,,,,0.810427154828706
2.3704,0.809836547616351,0.809835934359272,0.814717940422111,0.804955154873787,0,
2.37031125299282,,,,,,0.809895098975378
2.3712,0.809303213633936,0.809302601519419,0.814184606420892,0.804421820921924,0,
2.37110933758978,,,,,,0.809363043075146
2.372,0.808769879661293,0.808769268631136,0.813651272425318,0.803888486984159,0,
2.37190742218675,,,,,,0.808830987126848
2.3728,0.808236545699981,0.808235935693255,0.813117938436878,0.803355153062123,0,
2.37270550678372,,,,,,0.808298931129327
2.3736,0.807703211751587,0.807702602704607,0.812584604457087,0.802821819157475,0,
2.37350359138069,,,,,,0.807766875081421
2.3744,0.807169877817724,0.807169269664025,0.812051270487487,0.802288485271898,0,
2.37430167597765,,,,,,0.807234818981971
2.3752,0.80663654390003,0.80663593657034,0.811517936529644,0.801755151407104,0,
2.37509976057462,,,,,,0.806702762829816
2.376,0.806103210000171,0.806102603422384,0.810984602585152,0.801221817564828,0,
2.37589784517159,,,,,,0.806170706623798
2.3768,0.805569876119838,0.805569270218988,0.810451268655631,0.800688483746835,0,
2.37669592976856,,,,,,0.805638650362754
2.3776,0.805036542260748,0.805035936958984,0.809917934742726,0.800155149954912,0,
2.37749401436552,,,,,,0.805106594045527
2.3784,0.804503208424646,0.804502603641204,0.809384600848111,0.799621816190876,0,
2.37829209896249,,,,,,0.804574537670956
2.3792,0.8039698746133,0.803969270264479,0.808851266973482,0.799088482456567,0,
2.37909018355946,,,,,,0.80404248123788
2.38,0.803436540828508,0.803435936827641,0.808317933120565,0.798555148753854,0,
2.37988826815642,,,,,,0.80351042474514
2.3808,0.802903207072091,0.802902603329522,0.807784599291111,0.798021815084631,0,
2.38068635275339,,,,,,0.802978368191577
2.3816,0.802369873345899,0.802369269768954,0.807251265486896,0.797488481450818,0,
2.38148443735036,,,,,,0.802446311576029
2.3824,0.801836539651806,0.801835936144768,0.806717931709724,0.796955147854361,0,
2.38228252194733,,,,,,0.801914254897337
2.3832,0.801303205991714,0.801302602455796,0.806184597961424,0.796421814297233,0,
2.38308060654429,,,,,,0.801382198154342
2.384,0.800769872367548,0.80076926870087,0.805651264243851,0.795888480781432,0,
2.38387869114126,,,,,,0.800850141345883
2.3848,0.800236538781263,0.800235934878821,0.805117930558888,0.795355147308984,0,
2.38467677573823,,,,,,0.8003180844708
2.3856,0.799703205234839,0.799702600988481,0.804584596908443,0.794821813802858,0,
2.3854748603352,,,,,,0.799786027527933
2.3864,0.799169871730281,0.799169267028681,0.804051263294451,0.794288480177788,0,
2.38627294493216,,,,,,0.799253970516122
2.3872,0.798636538269622,0.798635932998255,0.80351792971887,0.79375514653053,0,
2.38707102952913,,,,,,0.798721913434208
2.388,0.798103204746804,0.798102598896032,0.802984596183688,0.793221812904831,0,
2.3878691141261,,,,,,0.79818985628103
2.3888,0.797569871084195,0.797569264720844,0.802451262690919,0.792688479301473,0,
2.38866719872306,,,,,,0.797657799055429
2.3896,0.797036537442572,0.797035930518706,0.801917929213567,0.79215514572124,0,
2.38946528332003,,,,,,0.797125741756244
2.3904,0.796503203822719,0.796502596574922,0.80138459565321,0.791621812164914,0,
2.390263367917,,,,,,0.796593684661828
2.3912,0.795969870225417,0.795969263052773,0.800851261996237,0.791088478633279,0,
2.39106145251397,,,,,,0.796061628079435
2.392,0.79543653665145,0.795435929507711,0.80031792836046,0.790555145127116,0,
2.39185953711093,,,,,,0.795529571474243
2.3928,0.794903203101601,0.794902595939701,0.799784594746663,0.790021811647209,0,
2.3926576217079,,,,,,0.79499751484622
2.3936,0.794369869576652,0.794369262348713,0.799251261155627,0.789488478194341,0,
2.39345570630487,,,,,,0.794465458195333
2.3944,0.793836536077386,0.793835928734712,0.798717927588137,0.788955144769296,0,
2.39425379090184,,,,,,0.79393340152155
2.3952,0.793303202604587,0.793302595097667,0.798184594044974,0.788421811372854,0,
2.3950518754988,,,,,,0.793401344824838
2.396,0.792769869159037,0.792769261437545,0.797651260526922,0.7878884780058,0,
2.39584996009577,,,,,,0.792869288105166
2.3968,0.792236535741518,0.792235927754312,0.797117927034764,0.787355144668916,0,
2.39664804469274,,,,,,0.7923372313625
2.3976,0.791703202352814,0.791702594047937,0.796584593569282,0.786821811362985,0,
2.3974461292897,,,,,,0.791805174596808
2.3984,0.791169868993708,0.791169260318386,0.796051260131259,0.78628847808879,0,
2.39824421388667,,,,,,0.791273117808057
2.3992,0.790636535664983,0.790635926565627,0.795517926721478,0.785755144847114,0,
2.39904229848364,,,,,,0.790741060996216
2.4,0.79010320236742,0.790102592789627,0.794984593340723,0.78522181163874,0,
2.39984038308061,,,,,,0.790209004161251
2.4008,0.789569869101804,0.789569258990354,0.794451259989775,0.78468847846445,0,
2.40063846767757,,,,,,0.789676947303131
2.4016,0.789036535868917,0.789035925167774,0.793917926669418,0.784155145325028,0,
2.40143655227454,,,,,,0.789144890421822
2.4024,0.788503202669542,0.788502591321856,0.793384593380434,0.783621812221256,0,
2.40223463687151,,,,,,0.788612833517292
2.4032,0.787969869504462,0.787969257452566,0.792851260123607,0.783088479153917,0,
2.40303272146848,,,,,,0.78808077658951
2.404,0.78743653637446,0.787435923559872,0.79231792689972,0.782555146123794,0,
2.40383080606544,,,,,,0.787548719638442
2.4048,0.786903203280317,0.786902589643741,0.791784593709554,0.78202181313167,0,
2.40462889066241,,,,,,0.787016662664055
2.4056,0.786369870222819,0.78636925570414,0.791251260553893,0.781488480178328,0,
2.40542697525938,,,,,,0.786484605666319
2.4064,0.785836537202746,0.785835921741037,0.790717927433521,0.780955147264551,0,
2.40622505985634,,,,,,0.785952548645199
2.4072,0.785303204220883,0.785302587754399,0.790184594349219,0.78042181439112,0,
2.40702314445331,,,,,,0.785420491600664
2.408,0.784769871278012,0.784769253744193,0.789651261301771,0.779888481558821,0,
2.40782122905028,,,,,,0.784888434532681
2.4088,0.784236538374915,0.784235919710387,0.789117928291959,0.779355148768434,0,
2.40861931364725,,,,,,0.784356377441218
2.4096,0.783703205512377,0.783702585652948,0.788584595320567,0.778821816020744,0,
2.40941739824421,,,,,,0.783824320326242
2.4104,0.783169872691179,0.783169251571843,0.788051262388377,0.778288483316533,0,
2.41021548284118,,,,,,0.783292263187721
2.4112,0.782636539912104,0.78263591746704,0.787517929496172,0.777755150656583,0,
2.41101356743815,,,,,,0.782760206025622
2.412,0.782103207175936,0.782102583338506,0.786984596644735,0.777221818041678,0,
2.41181165203512,,,,,,0.782228148839913
2.4128,0.781569874483456,0.781569249186207,0.786451263834848,0.7766884854726,0,
2.41260973663208,,,,,,0.781696091630561
2.4136,0.781036541835449,0.781035915010113,0.785917931067296,0.776155152950133,0,
2.41340782122905,,,,,,0.781164034397534
2.4144,0.780503209232697,0.780502580810189,0.78538459834286,0.775621820475059,0,
2.41420590582602,,,,,,0.7806319771408
2.4152,0.779969876675982,0.779969246586403,0.784851265662323,0.775088488048161,0,
2.41500399042298,,,,,,0.780099919860326
2.416,0.779436544166089,0.779435912338723,0.784317933026469,0.774555155670223,0,
2.41580207501995,,,,,,0.77956786255608
2.4168,0.778903211703798,0.778902578067115,0.783784600436079,0.774021823342025,0,
2.41660015961692,,,,,,0.779035805228028
2.4176,0.778369879289894,0.778369243771548,0.783251267891938,0.773488491064353,0,
2.41739824421389,,,,,,0.77850374787614
2.4184,0.777836546925159,0.777835909451988,0.782717935394827,0.772955158837988,0,
2.41819632881085,,,,,,0.777971690500381
2.4192,0.777303214610377,0.777302575108403,0.782184602945531,0.772421826367316,0,
2.41899441340782,,,,,,0.777439633100721
2.42,0.776769882346329,0.776769240740759,0.781651270544831,0.771888493550575,0,
2.41979249800479,,,,,,0.776907575677125
2.4208,0.776236550133798,0.776235906349025,0.78111793819351,0.771355160640443,0,
2.42059058260176,,,,,,0.776375518229563
2.4216,0.775703217568353,0.775702571933167,0.780584605892352,0.770821827728399,0,
2.42138866719872,,,,,,0.775843460758001
2.4224,0.775169884659355,0.775169237493154,0.780051273642139,0.77028849481395,0,
2.42218675179569,,,,,,0.775311403262407
2.4232,0.774636551748807,0.774635903028952,0.779517941334837,0.7697551618966,0,
2.42298483639266,,,,,,0.774779345742749
2.424,0.774103218836214,0.774102568540529,0.778984608677134,0.769221828975855,0,
2.42378292098963,,,,,,0.774247288198993
2.4248,0.773569885921083,0.773569234027851,0.778451275767719,0.768688496051222,0,
2.42458100558659,,,,,,0.773715230631108
2.4256,0.773036553002918,0.773035899490886,0.777917942856622,0.768155163122205,0,
2.42537909018356,,,,,,0.773183173039062
2.4264,0.772503220081226,0.772502564929602,0.777384609943347,0.767621830188312,0,
2.42617717478053,,,,,,0.772651115422821
2.4272,0.771969887155513,0.77196923040134,0.776851277027401,0.767088497249046,0,
2.42697525937749,,,,,,0.772119057782353
2.428,0.771436554225284,0.771435896049324,0.77631794410829,0.766555164303915,0,
2.42777334397446,,,,,,0.77158700032137
2.4288,0.770903221290045,0.770902561815896,0.775784611185517,0.766021831352423,0,
2.42857142857143,,,,,,0.771054943025435
2.4296,0.770369888349301,0.770369227582663,0.775251278258591,0.765488498394077,0,
2.4293695131684,,,,,,0.770522885729559
2.4304,0.769836555402559,0.769835893350099,0.774717945327017,0.764955165428382,0,
2.43016759776536,,,,,,0.769990828434212
2.4312,0.769303222449324,0.769302559118681,0.7741846123903,0.764421832454845,0,
2.43096568236233,,,,,,0.769458771139868
2.432,0.768769889489102,0.768769224888883,0.773651279447946,0.76388849947297,0,
2.4317637669593,,,,,,0.768926713846997
2.4328,0.768236556521398,0.768235890661181,0.773117946499459,0.763355166482263,0,
2.43256185155626,,,,,,0.768394656556072
2.4336,0.767703223545718,0.767702556436051,0.772584613544348,0.76282183348223,0,
2.43335993615323,,,,,,0.767862599267565
2.4344,0.767169890561569,0.767169222213967,0.772051280582117,0.762288500472378,0,
2.4341580207502,,,,,,0.767330541981947
2.4352,0.766636557568455,0.766635887995406,0.771517947612271,0.761755167452211,0,
2.43495610534717,,,,,,0.766798484699692
2.436,0.766103224565882,0.766102553780842,0.770984614634317,0.761221834421235,0,
2.43575418994413,,,,,,0.76626642742127
2.4368,0.765569891553357,0.76556921957075,0.77045128164776,0.760688501378957,0,
2.4365522745411,,,,,,0.765734370147153
2.4376,0.765036558530384,0.765035885365608,0.769917948652106,0.760155168324881,0,
2.43735035913807,,,,,,0.765202312877815
2.4384,0.764503225496471,0.764502551165888,0.769384615646861,0.759621835258514,0,
2.43814844373504,,,,,,0.764670255613726
2.4392,0.763969892451121,0.763969216972068,0.76885128263153,0.759088502179361,0,
2.438946528332,,,,,,0.764138198355359
2.44,0.763436559393842,0.763435882784622,0.76831794960562,0.758555169086928,0,
2.43974461292897,,,,,,0.763606141103185
2.4408,0.762903226324138,0.762902548604026,0.767784616568635,0.75802183598072,0,
2.44054269752594,,,,,,0.763074083857677
2.4416,0.762369893241516,0.762369214430755,0.767251283520082,0.757488502860244,0,
2.4413407821229,,,,,,0.762542026619306
2.4424,0.761836560145481,0.761835880265284,0.766717950459466,0.756955169725005,0,
2.44213886671987,,,,,,0.762009969388545
2.4432,0.761303227035539,0.761302546108089,0.766184617386293,0.756421836574509,0,
2.44293695131684,,,,,,0.761477912165865
2.444,0.760769893911196,0.760769211959646,0.765651284300069,0.755888503408262,0,
2.44373503591381,,,,,,0.760945854951739
2.4448,0.760236560771956,0.760235877820428,0.765117951200299,0.755355170225768,0,
2.44453312051077,,,,,,0.760413797746638
2.4456,0.759703227617328,0.759702543690913,0.76458461808649,0.754821837026535,0,
2.44533120510774,,,,,,0.759881740551035
2.4464,0.759169894446815,0.759169209571575,0.764051284958147,0.754288503810068,0,
2.44612928970471,,,,,,0.759349683365401
2.4472,0.758636561259923,0.758635875462891,0.763517951814775,0.753755170575872,0,
2.44692737430168,,,,,,0.758817626190208
2.448,0.758103228056159,0.758102541365334,0.762984618655881,0.753221837323453,0,
2.44772545889864,,,,,,0.758285569025929
2.4488,0.757569894835028,0.75756920727938,0.762451285480969,0.752688504052317,0,
2.44852354349561,,,,,,0.757753511873035
2.4496,0.757036561596035,0.757035873205505,0.761917952289547,0.75215517076197,0,
2.44932162809258,,,,,,0.757221454731998
2.4504,0.756503228338687,0.756502539144185,0.761384619081119,0.751621837451917,0,
2.45011971268955,,,,,,0.756689397603291
2.4512,0.75596989506249,0.755969205095894,0.760851285855191,0.751088504121664,0,
2.45091779728651,,,,,,0.756157340487385
2.452,0.755436561766948,0.755435871061108,0.76031795261127,0.750555170770717,0,
2.45171588188348,,,,,,0.755625283384752
2.4528,0.754903228451567,0.754902537040302,0.75978461934886,0.750021837496579,0,
2.45251396648045,,,,,,0.755093226295864
2.4536,0.754369895115854,0.754369203033952,0.759251286067468,0.749488504292604,0,
2.45331205107741,,,,,,0.754561169221193
2.4544,0.753836561759315,0.753835869042533,0.758717952766598,0.748955171097529,0,
2.45411013567438,,,,,,0.754029112161212
2.4552,0.753303228515428,0.75330253506652,0.758184619445758,0.74842183789447,0,
2.45490822027135,,,,,,0.753497055116391
2.456,0.752769895326106,0.752769201106389,0.757651286104452,0.747888504683265,0,
2.45570630486832,,,,,,0.752964998087204
2.4568,0.752236562128919,0.752235867162616,0.757117952778164,0.747355171463752,0,
2.45650438946528,,,,,,0.752432941074121
2.4576,0.751703228923704,0.751702533235675,0.75658461954893,0.746821838235768,0,
2.45730247406225,,,,,,0.751900884077616
2.4584,0.7511698957103,0.751169199326042,0.756051286357496,0.746288504999151,0,
2.45810055865922,,,,,,0.75136882709816
2.4592,0.750636562488544,0.750635865434192,0.755517953158153,0.745755171753737,0,
2.45889864325619,,,,,,0.750836770136224
2.46,0.750103229258274,0.750102531560601,0.75498461995074,0.745221838499365,0,
2.45969672785315,,,,,,0.750304713192282
2.4608,0.749569896019326,0.749569197705743,0.754451286735093,0.744688505235873,0,
2.46049481245012,,,,,,0.749772656266804
2.4616,0.749036562771539,0.749035863870095,0.75391795351105,0.744155171963097,0,
2.46129289704709,,,,,,0.749240599360264
2.4624,0.74850322951475,0.748502530054133,0.753384620278449,0.743621838680876,0,
2.46209098164405,,,,,,0.748708542473132
2.4632,0.747969896248796,0.74796919625833,0.752851287037128,0.743088505389046,0,
2.46288906624102,,,,,,0.748176485605881
2.464,0.747436562973516,0.747435862483163,0.752317953786924,0.742555172087446,0,
2.46368715083799,,,,,,0.747644428758983
2.4648,0.746903229688746,0.746902528729106,0.751784620527673,0.742021838775912,0,
2.46448523543496,,,,,,0.74711237193291
2.4656,0.746369896394325,0.746369194996636,0.751251287259215,0.741488505454284,0,
2.46528332003192,,,,,,0.746580315128133
2.4664,0.745836563090089,0.745835861286227,0.750717953981387,0.740955172122397,0,
2.46608140462889,,,,,,0.746048258345125
2.4672,0.745303229775877,0.745302527598356,0.750184620694025,0.74042183878009,0,
2.46687948922586,,,,,,0.745516201584358
2.468,0.744769896451525,0.744769193933497,0.749651287396968,0.7398885054272,0,
2.46767757382283,,,,,,0.744984144846304
2.4688,0.744236563116872,0.744235860292125,0.749117954090053,0.739355172063564,0,
2.46847565841979,,,,,,0.744452088131434
2.4696,0.743703229771755,0.743702526674717,0.748584620773118,0.738821838689021,0,
2.46927374301676,,,,,,0.743920031440221
2.4704,0.743169896416011,0.743169193081747,0.748051287446,0.738288505303407,0,
2.47007182761373,,,,,,0.743387974773137
2.4712,0.742636563049478,0.742635859513691,0.747517954108537,0.737755171906561,0,
2.47086991221069,,,,,,0.742855918130653
2.472,0.742103229671994,0.742102525971025,0.746984620760566,0.737221838498319,0,
2.47166799680766,,,,,,0.742323861513241
2.4728,0.741569896283396,0.741569192454222,0.746451287401925,0.73668850507852,0,
2.47246608140463,,,,,,0.741791804921374
2.4736,0.741036562883521,0.741035858963761,0.745917954032451,0.736155171647,0,
2.4732641660016,,,,,,0.741259748355524
2.4744,0.740503229472208,0.740502525500114,0.745384620651983,0.735621838203599,0,
2.47406225059856,,,,,,0.740727691816162
2.4752,0.739969896049293,0.739969192063758,0.744851287260356,0.735088504748152,0,
2.47486033519553,,,,,,0.740195635303761
2.476,0.739436562614615,0.739435858655168,0.74431795385741,0.734555171280497,0,
2.4756584197925,,,,,,0.739663578818792
2.4768,0.73890322916801,0.73890252527482,0.743784620442981,0.734021837800473,0,
2.47645650438947,,,,,,0.739131522361727
2.4776,0.738369895709317,0.738369191923188,0.743251287016908,0.733488504307916,0,
2.47725458898643,,,,,,0.738599465933039
2.4784,0.737836562238373,0.737835858600749,0.742717953579027,0.732955170802664,0,
2.4780526735834,,,,,,0.738067409533199
2.4792,0.737303228755015,0.737302525307977,0.742184620129176,0.732421837284555,0,
2.47885075818037,,,,,,0.73753535316268
2.48,0.736769895259081,0.736769192045349,0.741651286667193,0.731888503753427,0,
2.47964884277733,,,,,,0.737003296821953
2.4808,0.736236561750408,0.736235858813338,0.741117953192915,0.731355170209115,0,
2.4804469273743,,,,,,0.73647124051149
2.4816,0.735703228228835,0.735702525612422,0.74058461970618,0.730821836651459,0,
2.48124501197127,,,,,,0.735939184231763
2.4824,0.735169894694198,0.735169192443074,0.740051286206825,0.730288503080297,0,
2.48204309656824,,,,,,0.735407127983244
2.4832,0.734636561146336,0.734635859305771,0.739517952694689,0.729755169495464,0,
2.4828411811652,,,,,,0.734875071766406
2.484,0.734103227585085,0.734102526200988,0.738984619169607,0.7292218358968,0,
2.48363926576217,,,,,,0.73434301558172
2.4848,0.733569894010283,0.7335691931292,0.738451285631419,0.728688502284141,0,
2.48443735035914,,,,,,0.733810959429658
2.4856,0.733036560421768,0.733035860090882,0.73791795207996,0.728155168657324,0,
2.48523543495611,,,,,,0.733278903310692
2.4864,0.732503226819377,0.73250252708651,0.737384618515071,0.727621835134909,0,
2.48603351955307,,,,,,0.732746847225294
2.4872,0.731969893202948,0.73196919411656,0.736851284936586,0.72708850167761,0,
2.48683160415004,,,,,,0.732214791173936
2.488,0.731436559572318,0.731435861181507,0.736317951344345,0.726555168229446,0,
2.48762968874701,,,,,,0.731682735157091
2.4888,0.730903226089631,0.730902528281825,0.735784617738185,0.726021834781152,0,
2.48842777334397,,,,,,0.731150679175229
2.4896,0.730369892641653,0.730369195417991,0.735251284117942,0.725488501332896,0,
2.48922585794094,,,,,,0.730618623228823
2.4904,0.729836559193421,0.72983586259048,0.734717950527041,0.724955167884845,0,
2.49002394253791,,,,,,0.730086567318345
2.4912,0.729303225745104,0.729302529799767,0.734184617053674,0.724421834437167,0,
2.49082202713488,,,,,,0.729554511444268
2.492,0.72876989229687,0.728769197046327,0.733651283605628,0.723888500990031,0,
2.49162011173184,,,,,,0.729022455607062
2.4928,0.728236558848886,0.728235864330637,0.733117950157373,0.723355167543605,0,
2.49241819632881,,,,,,0.7284903998072
2.4936,0.727703225401321,0.72770253165317,0.732584616709078,0.722821834098057,0,
2.49321628092578,,,,,,0.727958344045153
2.4944,0.727169891954343,0.727169199014404,0.732051283260911,0.722288500653554,0,
2.49401436552275,,,,,,0.727426288321395
2.4952,0.726636558508119,0.726635866414812,0.73151794981304,0.721755167210265,0,
2.49481245011971,,,,,,0.726894232636397
2.496,0.726103225062819,0.726102533854871,0.730984616365633,0.721221833768358,0,
2.49561053471668,,,,,,0.72636217699063
2.4968,0.725569891618609,0.725569201335056,0.730451282918857,0.720688500328001,0,
2.49640861931365,,,,,,0.725830121384567
2.4976,0.725036558175658,0.725035868855841,0.729917949472881,0.720155166889362,0,
2.49720670391061,,,,,,0.725298065818679
2.4984,0.724503224734134,0.724502536417703,0.729384616027874,0.719621833452608,0,
2.49800478850758,,,,,,0.72476601029344
2.4992,0.723969891294205,0.723969204021118,0.728851282584002,0.719088500017909,0,
2.49880287310455,,,,,,0.72423395480932
2.5,0.72343655785604,0.723435871666559,0.728317949141434,0.718555166585432,0,
2.49960095770152,,,,,,0.723701899366792
2.5008,0.722903224419805,0.722902539354504,0.727784615700339,0.718021833155344,0,
2.50039904229848,,,,,,0.723169843966327
2.5016,0.722369890985669,0.722369207085425,0.727251282260883,0.717488499727815,0,
2.50119712689545,,,,,,0.722637788608398
2.5024,0.7218365575538,0.721835874321866,0.726717948823236,0.716955166303012,0,
2.50199521149242,,,,,,0.722105733293476
2.5032,0.721303224124367,0.721302541034727,0.726184615387565,0.716421832881104,0,
2.50279329608939,,,,,,0.721573676961437
2.504,0.720769890697537,0.720769207730773,0.725651281954038,0.715888499462257,0,
2.50359138068635,,,,,,0.721041620590342
2.5048,0.720236557273479,0.720235874431579,0.725117948522824,0.715355166046641,0,
2.50438946528332,,,,,,0.720509564223997
2.5056,0.719703223852359,0.719702541137119,0.724584615094089,0.714821832634423,0,
2.50518754988029,,,,,,0.719977507862376
2.5064,0.719169890434347,0.71916920784737,0.724051281668003,0.714288499225771,0,
2.50598563447725,,,,,,0.719445451505455
2.5072,0.71863655701961,0.718635874562307,0.723517948244734,0.713755165820854,0,
2.50678371907422,,,,,,0.718913395153211
2.508,0.718103223608317,0.718102541281906,0.722984614824449,0.713221832419839,0,
2.50758180367119,,,,,,0.718381338805619
2.5088,0.717569890200635,0.717569208006142,0.722451281407317,0.712688499022895,0,
2.50837988826816,,,,,,0.717849282462655
2.5096,0.717036556796733,0.717035874734991,0.721917947993504,0.712155165630189,0,
2.50917797286512,,,,,,0.717317226124294
2.5104,0.716503223396778,0.716502541468428,0.721384614583181,0.71162183224189,0,
2.50997605746209,,,,,,0.716785169790513
2.5112,0.715969890000939,0.715969208206428,0.720851281176514,0.711088498858165,0,
2.51077414205906,,,,,,0.716253113461286
2.512,0.715436556609384,0.715435874948968,0.720317947773672,0.710555165479184,0,
2.51157222665603,,,,,,0.71572105713659
2.5128,0.71490322322228,0.714902541696023,0.719784614374823,0.710021832105112,0,
2.51237031125299,,,,,,0.7151890008164
2.5136,0.714369889839796,0.714369208447568,0.719251280980134,0.70948849873612,0,
2.51316839584996,,,,,,0.714656944500692
2.5144,0.7138365564621,0.713835875203579,0.718717947589774,0.708955165372374,0,
2.51396648044693,,,,,,0.714124888189442
2.5152,0.713303223089359,0.713302541964032,0.718184614203911,0.708421832014043,0,
2.51476456504389,,,,,,0.713592831882626
2.516,0.712769889721743,0.712769208728902,0.717651280822712,0.707888498661295,0,
2.51556264964086,,,,,,0.713060775580218
2.5168,0.712236556359419,0.712235875498164,0.717117947446347,0.707355165314298,0,
2.51636073423783,,,,,,0.712528719282196
2.5176,0.711703223002554,0.711702542271794,0.716584614074983,0.70682183197322,0,
2.5171588188348,,,,,,0.711996662988534
2.5184,0.711169889651317,0.711169209049769,0.716051280708787,0.706288498638229,0,
2.51795690343176,,,,,,0.711464606699208
2.5192,0.710636556305876,0.710635875832062,0.715517947347929,0.705755165309493,0,
2.51875498802873,,,,,,0.710932550414194
2.52,0.7101032229664,0.71010254261865,0.714984613992575,0.70522183192852,0,
2.5195530726257,,,,,,0.710400494133469
2.5208,0.709569889633055,0.709569209409508,0.714451280642895,0.704688498525826,0,
2.52035115722267,,,,,,0.709868437857006
2.5216,0.709036556306011,0.709035876204612,0.713917947299056,0.704155165122966,0,
2.52114924181963,,,,,,0.709336381584783
2.5224,0.708503222905239,0.708502543003937,0.713384613961226,0.703621831720867,0,
2.5219473264166,,,,,,0.708804325316774
2.5232,0.70796988950184,0.707969209807459,0.712851280629573,0.703088498319557,0,
2.52274541101357,,,,,,0.708272269052956
2.524,0.707436556099179,0.707435876615154,0.712317947282731,0.702555164919067,0,
2.52354349561053,,,,,,0.707740212793305
2.5248,0.706903222697286,0.706902543426996,0.711784613881253,0.702021831519425,0,
2.5243415802075,,,,,,0.707208156537795
2.5256,0.70636988929619,0.706369210242962,0.711251280478052,0.701488498120661,0,
2.52513966480447,,,,,,0.706676100286404
2.5264,0.705836555895921,0.705835877063027,0.710717947075597,0.700955164722805,0,
2.52593774940144,,,,,,0.706144044039106
2.5272,0.705303222496509,0.705302543887166,0.710184613673918,0.700421831325887,0,
2.5267358339984,,,,,,0.705611987795876
2.528,0.704769889097984,0.704769210715356,0.709651280273045,0.699888497929936,0,
2.52753391859537,,,,,,0.705079931556692
2.5288,0.704236555700374,0.704235877547571,0.709117946873006,0.699355164534982,0,
2.52833200319234,,,,,,0.704547875321528
2.5296,0.70370322230371,0.703702544383788,0.708584613473832,0.698821831141054,0,
2.52913008778931,,,,,,0.704015819090361
2.5304,0.703169888908021,0.703169211223981,0.708051280075553,0.698288497748182,0,
2.52992817238627,,,,,,0.703483762863165
2.5312,0.702636555513336,0.702635878068126,0.707517946678197,0.697755164356396,0,
2.53072625698324,,,,,,0.702951706639917
2.532,0.702103222119686,0.7021025449162,0.706984613281794,0.697221830965724,0,
2.53152434158021,,,,,,0.702419650420593
2.5328,0.7015698887271,0.701569211768176,0.706451279886375,0.696688497576198,0,
2.53232242617717,,,,,,0.701887594205168
2.5336,0.701036555335607,0.701035878624031,0.705917946491968,0.696155164187845,0,
2.53312051077414,,,,,,0.701355537993617
2.5344,0.700503221945237,0.700502545483741,0.705384613098604,0.695621830800697,0,
2.53391859537111,,,,,,0.700823481785918
2.5352,0.69996988855602,0.699969212347281,0.704851279706311,0.695088497414783,0,
2.53471667996808,,,,,,0.700291425582044
2.536,0.699436555167986,0.699435879214626,0.70431794631512,0.694555164030131,0,
2.53551476456504,,,,,,0.699759369381973
2.5368,0.698903221781163,0.698902546085753,0.70378461292506,0.694021830646772,0,
2.53631284916201,,,,,,0.699227313185679
2.5376,0.698369888395581,0.698369212960635,0.70325127953616,0.693488497264736,0,
2.53711093375898,,,,,,0.698695256993139
2.5384,0.697836555011271,0.69783587983925,0.702717946148451,0.692955163884051,0,
2.53790901835595,,,,,,0.698163200804328
2.5392,0.697303221628262,0.697302546721572,0.702184612761962,0.692421830504748,0,
2.53870710295291,,,,,,0.697631144619221
2.54,0.696769888246583,0.696769213607578,0.701651279376722,0.691888497126857,0,
2.53950518754988,,,,,,0.697099088437795
2.5408,0.696236554866263,0.696235880497243,0.701117945992761,0.691355163750406,0,
2.54030327214685,,,,,,0.696567032260026
2.5416,0.695703221487333,0.695702547390541,0.700584612610108,0.690821830375425,0,
2.54110135674381,,,,,,0.696034976085889
2.5424,0.695169888109823,0.69516921428745,0.700051279228794,0.690288497001944,0,
2.54189944134078,,,,,,0.695502919915359
2.5432,0.694636554733761,0.694635881187944,0.699517945848848,0.689755163629993,0,
2.54269752593775,,,,,,0.694970863748412
2.544,0.694103221359177,0.694102548091998,0.6989846124703,0.689221830259601,0,
2.54349561053472,,,,,,0.694438807585025
2.5448,0.693569887986102,0.693569214999589,0.698451279093178,0.688688496890798,0,
2.54429369513168,,,,,,0.693906751425173
2.5456,0.693036554614563,0.693035881910692,0.697917945717513,0.688155163523613,0,
2.54509177972865,,,,,,0.693374695268831
2.5464,0.692503221244592,0.692502548825283,0.697384612343334,0.687621830158077,0,
2.54588986432562,,,,,,0.692842639115975
2.5472,0.691969887876218,0.691969215743336,0.696851278970671,0.687088496794217,0,
2.54668794892259,,,,,,0.692310582966582
2.548,0.69143655450947,0.691435882664829,0.696317945599554,0.686555163432065,0,
2.54748603351955,,,,,,0.691778526820626
2.5488,0.690903221144378,0.690902549589735,0.695784612230012,0.68602183007165,0,
2.54828411811652,,,,,,0.691246470678084
2.5496,0.690369887780971,0.69036921651803,0.695251278862074,0.685488496713001,0,
2.54908220271349,,,,,,0.69071441453893
2.5504,0.689836554419279,0.689835883449692,0.694717945495771,0.684955163356148,0,
2.54988028731045,,,,,,0.690182358403142
2.5512,0.689303221059333,0.689302550384693,0.694184612131131,0.684421830001121,0,
2.55067837190742,,,,,,0.689650302270694
2.552,0.68876988770116,0.688769217323011,0.693651278768185,0.683888496647949,0,
2.55147645650439,,,,,,0.689118246141562
2.5528,0.688236554344792,0.688235884264621,0.693117945406962,0.683355163296661,0,
2.55227454110136,,,,,,0.688586190015723
2.5536,0.687703220990256,0.687702551209498,0.692584612047492,0.682821829947288,0,
2.55307262569832,,,,,,0.688054133893151
2.5544,0.687169887637585,0.687169218157618,0.692051278689804,0.682288496599859,0,
2.55387071029529,,,,,,0.687522077773822
2.5552,0.686636554286806,0.686635885108957,0.691517945333928,0.681755163254403,0,
2.55466879489226,,,,,,0.686990021657713
2.556,0.686103220937949,0.686102552063489,0.690984611979893,0.681221829910951,0,
2.55546687948923,,,,,,0.686457965544798
2.5568,0.685569887591044,0.685569219021191,0.69045127862773,0.680688496569532,0,
2.55626496408619,,,,,,0.685925909435054
2.5576,0.68503655424612,0.685035885982037,0.689917945277466,0.680155163230174,0,
2.55706304868316,,,,,,0.685393853328456
2.5584,0.684503220903208,0.684502552946005,0.689384611929134,0.679621829892909,0,
2.55786113328013,,,,,,0.68486179722498
2.5592,0.683969887562337,0.683969219913069,0.688851278582761,0.679088496557766,0,
2.5586592178771,,,,,,0.684329741124602
2.56,0.683436554223536,0.683435886883204,0.688317945238378,0.678555163224774,0,
2.55945730247406,,,,,,0.683797685027298
2.5608,0.682903220886834,0.682902553856386,0.687784611896014,0.678021829893962,0,
2.56025538707103,,,,,,0.683265628933042
2.5616,0.682369887552263,0.682369220832591,0.687251278555698,0.677488496565361,0,
2.561053471668,,,,,,0.682733572841811
2.5624,0.68183655421985,0.681835887811794,0.686717945217461,0.676955163239,0,
2.56185155626496,,,,,,0.682201516753581
2.5632,0.681303220889626,0.681302554793972,0.686184611881331,0.676421829914908,0,
2.56264964086193,,,,,,0.681669460668327
2.564,0.680769887561621,0.680769221779098,0.68565127854734,0.675888496593116,0,
2.5634477254589,,,,,,0.681137404586025
2.5648,0.680236554235863,0.680235888767149,0.685117945215515,0.675355163273652,0,
2.56424581005587,,,,,,0.680605348506651
2.5656,0.679703220912383,0.679702555758101,0.684584611885886,0.674821829956547,0,
2.56504389465283,,,,,,0.68007329243018
2.5664,0.679169887591211,0.679169222751929,0.684051278558485,0.674288496641829,0,
2.5658419792498,,,,,,0.679541236356588
2.5672,0.678636554272374,0.678635889748608,0.683517945233339,0.67375516332953,0,
2.56664006384677,,,,,,0.679009180285851
2.568,0.678103220955905,0.678102556748114,0.682984611910478,0.673221830019678,0,
2.56743814844374,,,,,,0.678477124217944
2.5688,0.677569887641831,0.677569223750423,0.682451278589933,0.672688496712302,0,
2.5682362330407,,,,,,0.677945068152844
2.5696,0.677036554330183,0.67703589075551,0.681917945271732,0.672155163407433,0,
2.56903431763767,,,,,,0.677413012090526
2.5704,0.67650322102099,0.67650255776335,0.681384611955906,0.6716218301051,0,
2.56983240223464,,,,,,0.676880956030966
2.5712,0.675969887714281,0.67596922477392,0.680851278642484,0.671088496805332,0,
2.5706304868316,,,,,,0.676348899974138
2.572,0.675436554410087,0.675435891787194,0.680317945331495,0.67055516350816,0,
2.57142857142857,,,,,,0.67581684392002
2.5728,0.674903221108437,0.674902558803149,0.679784612022969,0.670021830213612,0,
2.57222665602554,,,,,,0.675284787868587
2.5736,0.674369887809361,0.674369225821759,0.679251278716936,0.669488496921719,0,
2.57302474062251,,,,,,0.674752731819814
2.5744,0.673836554512887,0.673835892843001,0.678717945413425,0.66895516363251,0,
2.57382282521947,,,,,,0.674220675773678
2.5752,0.673303221219047,0.67330255986685,0.678184612112466,0.668421830346015,0,
2.57462090981644,,,,,,0.673688619730153
2.576,0.672769887927869,0.672769226893281,0.677651278814088,0.667888497062262,0,
2.57541899441341,,,,,,0.673156563689217
2.5768,0.672236554639383,0.672235893888471,0.677117945518322,0.667355163781283,0,
2.57621707901037,,,,,,0.672624507650843
2.5776,0.671703221353618,0.671702560815184,0.676584612225196,0.666821830503106,0,
2.57701516360734,,,,,,0.672092451568734
2.5784,0.671169888070604,0.671169227719983,0.676051278934741,0.666288497227761,0,
2.57781324820431,,,,,,0.671560395409415
2.5792,0.670636554790372,0.67063589462323,0.675517945646986,0.665755163955277,0,
2.57861133280128,,,,,,0.6710283392486
2.58,0.670103221512949,0.670102561524859,0.67498461236196,0.665221830685685,0,
2.57940941739824,,,,,,0.670496283086223
2.5808,0.669569888238367,0.669569228424803,0.674451279079693,0.664688497419014,0,
2.58020750199521,,,,,,0.669964226922218
2.5816,0.669036554966654,0.669035895322994,0.673917945800215,0.664155164155292,0,
2.58100558659218,,,,,,0.669432170756519
2.5824,0.66850322169784,0.668502562219368,0.673384612523556,0.663621830894552,0,
2.58180367118915,,,,,,0.668900114589059
2.5832,0.667969888431955,0.667969229113856,0.672851279249744,0.66308849763682,0,
2.58260175578611,,,,,,0.668368058419772
2.584,0.667436555169029,0.667435896006392,0.672317945978809,0.662555164382128,0,
2.58339984038308,,,,,,0.667836002248592
2.5848,0.666903221909091,0.666902562896909,0.671784612710782,0.662021831130505,0,
2.58419792498005,,,,,,0.667303946075453
2.5856,0.666369888652169,0.66636922978534,0.671251279445692,0.66148849788198,0,
2.58499600957702,,,,,,0.666771889900288
2.5864,0.665836555398296,0.66583589667162,0.670717946183568,0.660955164624419,0,
2.58579409417398,,,,,,0.666239833723032
2.5872,0.665303222147499,0.66530256355568,0.67018461292444,0.660421831326296,0,
2.58659217877095,,,,,,0.665707777543617
2.588,0.664769888899808,0.664769230437455,0.669651279668337,0.659888498014924,0,
2.58739026336792,,,,,,0.665175721361978
2.5888,0.664236555638624,0.664235897316877,0.669117946415289,0.659355164703975,0,
2.58818834796488,,,,,,0.664643665178048
2.5896,0.663703222326939,0.66370256419388,0.668584613165326,0.658821831393438,0,
2.58898643256185,,,,,,0.664111608991761
2.5904,0.663169889015682,0.663169231068397,0.668051279914012,0.658288498083304,0,
2.58978451715882,,,,,,0.663579552803051
2.5912,0.662636555704845,0.662635897940362,0.667517946639267,0.657755164773563,0,
2.59058260175579,,,,,,0.663047496611851
2.592,0.662103222394418,0.662102564809707,0.666984613327697,0.657221831464208,0,
2.59138068635275,,,,,,0.662515440418096
2.5928,0.661569889084392,0.661569231676365,0.666451280016553,0.656688498155227,0,
2.59217877094972,,,,,,0.661983384221718
2.5936,0.661036555774757,0.661035898540271,0.665917946705826,0.656155164846611,0,
2.59297685554669,,,,,,0.661451328022652
2.5944,0.660503222465503,0.660502565401357,0.665384613395507,0.655621831538352,0,
2.59377494014366,,,,,,0.660919271820832
2.5952,0.659969889156622,0.659969232259557,0.664851280085585,0.65508849823044,0,
2.59457302474062,,,,,,0.660387215616191
2.596,0.659436555848104,0.659435899114804,0.664317946776052,0.654555164922865,0,
2.59537110933759,,,,,,0.659855159408663
2.5968,0.65890322253994,0.658902565967031,0.663784613466899,0.654021831615619,0,
2.59616919393456,,,,,,0.659323103198182
2.5976,0.658369889232121,0.658369232816171,0.663251280158116,0.653488498308691,0,
2.59696727853152,,,,,,0.658791046984681
2.5984,0.657836555924636,0.657835899662157,0.662717946849693,0.652955165002073,0,
2.59776536312849,,,,,,0.658258990768094
2.5992,0.657303222617477,0.657302566504924,0.662184613541621,0.652421831695755,0,
2.59856344772546,,,,,,0.657726934548355
2.6,0.656769889310634,0.656769233344404,0.661651280233892,0.651888498389728,0,
2.59936153232243,,,,,,0.657194878325397
2.6008,0.656236556004099,0.65623590018053,0.661117946926494,0.651355165083982,0,
2.60015961691939,,,,,,0.656662822099156
2.6016,0.655703222697861,0.655702567013236,0.66058461361942,0.650821831778508,0,
2.60095770151636,,,,,,0.656130765869563
2.6024,0.655169889391911,0.655169233842455,0.66005128031266,0.650288498473297,0,
2.60175578611333,,,,,,0.655598709636553
2.6032,0.65463655608624,0.65463590066812,0.659517947006204,0.649755165168339,0,
2.6025538707103,,,,,,0.655066653400059
2.604,0.654103222780838,0.654102567490165,0.658984613700043,0.649221831863625,0,
2.60335195530726,,,,,,0.654534597160016
2.6048,0.653569889475697,0.653569234308522,0.658451280394169,0.648688498559146,0,
2.60415003990423,,,,,,0.654002540916357
2.6056,0.653036556170806,0.653035901123125,0.65791794708857,0.648155165254891,0,
2.6049481245012,,,,,,0.653470484669016
2.6064,0.652503222866157,0.652502567933908,0.657384613783238,0.647621831950853,0,
2.60574620909816,,,,,,0.652938428417926
2.6072,0.65196988956174,0.651969234740803,0.656851280478164,0.647088498647021,0,
2.60654429369513,,,,,,0.652406372163021
2.608,0.651436556257546,0.651435901543744,0.656317947173339,0.646555165343387,0,
2.6073423782921,,,,,,0.651874315904236
2.6088,0.650903222953565,0.650902568342664,0.655784613868752,0.64602183203994,0,
2.60814046288907,,,,,,0.651342259641503
2.6096,0.650369889649788,0.650369235137496,0.655251280564395,0.645488498736671,0,
2.60893854748603,,,,,,0.650810203374756
2.6104,0.649836556346205,0.649835901928173,0.654717947260257,0.644955165433572,0,
2.609736632083,,,,,,0.65027814710393
2.6112,0.649303223042808,0.64930256871463,0.654184613956331,0.644421832130632,0,
2.61053471667997,,,,,,0.649746090828958
2.612,0.648769889739587,0.648769235496798,0.653651280652606,0.643888498827843,0,
2.61133280127694,,,,,,0.649214034549774
2.6128,0.648236556436533,0.648235902274612,0.653117947349074,0.643355165525195,0,
2.6121308858739,,,,,,0.64868197826631
2.6136,0.647703223133635,0.647702569048005,0.652584614045724,0.642821832222678,0,
2.61292897047087,,,,,,0.648149921978502
2.6144,0.647169889830885,0.647169235816909,0.652051280742548,0.642288498920283,0,
2.61372705506784,,,,,,0.647617865686283
2.6152,0.646636556528274,0.646635902581258,0.651517947439535,0.641755165618002,0,
2.6145251396648,,,,,,0.647085809389587
2.616,0.646103223225792,0.646102569340986,0.650984614136678,0.641221832315824,0,
2.61532322426177,,,,,,0.646553753088347
2.6168,0.64556988992343,0.645569236096025,0.650451280833965,0.64068849901374,0,
2.61612130885874,,,,,,0.646021696782497
2.6176,0.645036556621178,0.64503590284631,0.649917947531389,0.640155165711741,0,
2.61691939345571,,,,,,0.64548964047197
2.6184,0.644503223319027,0.644502569591772,0.649384614228938,0.639621832409817,0,
2.61771747805267,,,,,,0.644957584156702
2.6192,0.643969890016968,0.643969236332345,0.648851280926606,0.639088499107959,0,
2.61851556264964,,,,,,0.644425527836625
2.62,0.643436556714991,0.643435903067964,0.648317947624381,0.638555165806159,0,
2.61931364724661,,,,,,0.643893471511672
2.6208,0.642903223413087,0.64290256979856,0.647784614322255,0.638021832504405,0,
2.62011173184358,,,,,,0.643361415181779
2.6216,0.642369890111246,0.642369236524068,0.647251281020218,0.63748849920269,0,
2.62090981644054,,,,,,0.642829358846878
2.6224,0.64183655680946,0.64183590324442,0.64671794771826,0.636955165901003,0,
2.62170790103751,,,,,,0.642297302506903
2.6232,0.641303223507718,0.641302569959549,0.646184614416373,0.636421832599336,0,
2.62250598563448,,,,,,0.641765246161789
2.624,0.640769890206012,0.64076923666939,0.645651281114547,0.635888499297678,0,
2.62330407023144,,,,,,0.641233189811467
2.6248,0.640236556904333,0.640235903373875,0.645117947812773,0.635355165996021,0,
2.62410215482841,,,,,,0.640701133455874
2.6256,0.63970322360267,0.639702570072938,0.644584614511041,0.634821832694355,0,
2.62490023942538,,,,,,0.640169077094942
2.6264,0.639169890301014,0.63916923676651,0.644051281209342,0.634288499392671,0,
2.62569832402235,,,,,,0.639637020728605
2.6272,0.638636556999357,0.638635903454527,0.643517947907667,0.63375516609096,0,
2.62649640861931,,,,,,0.639104964356796
2.628,0.638103223697688,0.638102570136922,0.642984614606006,0.633221832789211,0,
2.62729449321628,,,,,,0.63857290797945
2.6288,0.637569890395998,0.637569236813627,0.64245128130435,0.632688499487417,0,
2.62809257781325,,,,,,0.6380408515965
2.6296,0.637036557094279,0.637035903484576,0.641917948002689,0.632155166185566,0,
2.62889066241022,,,,,,0.63750879520788
2.6304,0.63650322379252,0.636502570149701,0.641384614701015,0.631621832883651,0,
2.62968874700718,,,,,,0.636976738813523
2.6312,0.635969890490712,0.635969236808937,0.640851281399317,0.631088499581662,0,
2.63048683160415,,,,,,0.636444682413364
2.632,0.635436557188846,0.635435903462217,0.640317948097587,0.630555166279589,0,
2.63128491620112,,,,,,0.635912626007336
2.6328,0.634903223886913,0.634902570109473,0.639784614795815,0.630021832977422,0,
2.63208300079808,,,,,,0.635380569595373
2.6336,0.634369890584903,0.63436923675064,0.639251281493992,0.629488499675154,0,
2.63288108539505,,,,,,0.634848513177408
2.6344,0.633836557282806,0.633835903385649,0.638717948192108,0.628955166372773,0,
2.63367916999202,,,,,,0.634316456753376
2.6352,0.633303223980614,0.633302570014436,0.638184614890154,0.628421833070272,0,
2.63447725458899,,,,,,0.633784400323209
2.636,0.632769890678318,0.632769236636932,0.63765128158812,0.62788849976764,0,
2.63527533918595,,,,,,0.633252343886843
2.6368,0.632236557375907,0.632235903253072,0.637117948285998,0.627355166464868,0,
2.63607342378292,,,,,,0.63272028744421
2.6376,0.631703224073372,0.631702569862787,0.636584614983778,0.626821833161947,0,
2.63687150837989,,,,,,0.632188230995244
2.6384,0.631169890770704,0.631169236466013,0.636051281681451,0.626288499858867,0,
2.63766959297686,,,,,,0.63165617453988
2.6392,0.630636557467894,0.630635903062681,0.635517948379007,0.625755166555619,0,
2.63846767757382,,,,,,0.63112411807805
2.64,0.630103224164932,0.630102569652725,0.634984615076436,0.625221833252195,0,
2.63926576217079,,,,,,0.630592061609688
2.6408,0.629569890861809,0.62956923623608,0.63445128177373,0.624688499948583,0,
2.64006384676776,,,,,,0.630060005134729
2.6416,0.629036557558516,0.629035902812676,0.63391794847088,0.624155166644776,0,
2.64086193136472,,,,,,0.629527948653106
2.6424,0.628503224255043,0.628502569382448,0.633384615167874,0.623621833340763,0,
2.64166001596169,,,,,,0.628995892164752
2.6432,0.62796989095138,0.62796923594533,0.632851281864705,0.623088500036535,0,
2.64245810055866,,,,,,0.628463835669602
2.644,0.627436557647519,0.627435902501254,0.632317948561364,0.622555166732083,0,
2.64325618515563,,,,,,0.627931779167589
2.6448,0.626903224343451,0.626902569050154,0.63178461525784,0.622021833427398,0,
2.64405426975259,,,,,,0.627399722658646
2.6456,0.626369891039165,0.626369235591963,0.631251281954124,0.62148850012247,0,
2.64485235434956,,,,,,0.626867666142709
2.6464,0.625836557734652,0.625835902126614,0.630717948650207,0.62095516681729,0,
2.64565043894653,,,,,,0.62633560961971
2.6472,0.625303224429904,0.625302568654041,0.630184615346081,0.620421833511848,0,
2.6464485235435,,,,,,0.625803553089583
2.648,0.62476989112491,0.624769235174176,0.629651282041734,0.619888500206136,0,
2.64724660814046,,,,,,0.625271496552261
2.6488,0.624236557819661,0.624235901686954,0.629117948737158,0.619355166900143,0,
2.64804469273743,,,,,,0.62473944000768
2.6496,0.623703224514149,0.623702568192307,0.628584615432344,0.618821833593861,0,
2.6488427773344,,,,,,0.624207383455772
2.6504,0.623169891208363,0.623169234690167,0.628051282127281,0.618288500287279,0,
2.64964086193136,,,,,,0.62367532689647
2.6512,0.622636557902294,0.622635901180471,0.627517948821962,0.617755166980389,0,
2.65043894652833,,,,,,0.62314327032971
2.652,0.622103224595933,0.622102567826955,0.626984615516376,0.617221833673181,0,
2.6512370311253,,,,,,0.622611213755424
2.6528,0.62156989128927,0.621569234523003,0.626451282210514,0.616688500365647,0,
2.65203511572227,,,,,,0.622079157344891
2.6536,0.621036557982297,0.62103590122027,0.625917948904366,0.616155167060942,0,
2.65283320031923,,,,,,0.621547100978146
2.6544,0.620503224675004,0.620502567916802,0.625384615597924,0.615621833760069,0,
2.6536312849162,,,,,,0.621015044610664
2.6552,0.61996989136738,0.619969234612609,0.624851282291178,0.615088500460165,0,
2.65442936951317,,,,,,0.620482988242452
2.656,0.619436558063747,0.619435901307696,0.624317948984119,0.614555167160197,0,
2.65522745411014,,,,,,0.619950931873518
2.6568,0.618903224763887,0.61890256800207,0.623784615676737,0.614021833860158,0,
2.6560255387071,,,,,,0.619418875503867
2.6576,0.618369891463967,0.618369234695738,0.623251282370186,0.613488500560043,0,
2.65682362330407,,,,,,0.618886819133507
2.6584,0.617836558163981,0.617835901388708,0.622717949067565,0.612955167259845,0,
2.65762170790104,,,,,,0.618354762762445
2.6592,0.617303224863923,0.617302568080987,0.62218461576769,0.61242183395956,0,
2.658419792498,,,,,,0.617822706390689
2.66,0.616769891563787,0.616769234772581,0.621651282467752,0.611888500659181,0,
2.65921787709497,,,,,,0.617290650018244
2.6608,0.616236558263567,0.616235901463498,0.621117949167746,0.611355167358701,0,
2.66001596169194,,,,,,0.616758593645119
2.6616,0.615703224963258,0.615702568153745,0.620584615867667,0.610821834058116,0,
2.66081404628891,,,,,,0.61622653727132
2.6624,0.615169891662853,0.615169234843328,0.620051282567509,0.61028850075742,0,
2.66161213088587,,,,,,0.615694480896853
2.6632,0.614636558362346,0.614635901532256,0.619517949267265,0.609755167456606,0,
2.66241021548284,,,,,,0.615162424521727
2.664,0.614103225061732,0.614102568220534,0.61898461596693,0.609221834155669,0,
2.66320830007981,,,,,,0.614630368145948
2.6648,0.613569891761005,0.61356923490817,0.618451282666497,0.608688500854602,0,
2.66400638467678,,,,,,0.614098311769523
2.6656,0.613036558460159,0.613035901595171,0.617917949365962,0.6081551675534,0,
2.66480446927374,,,,,,0.613566255392458
2.6664,0.612503225159188,0.612502142636441,0.617384616065318,0.607621834252058,0,
2.66560255387071,,,,,,0.613034199014762
2.6672,0.611969891858087,0.611969234967295,0.616851282764559,0.607088500950568,0,
2.66640063846768,,,,,,0.612502142636441
2.66719872306465,,,,,,0.611970086257502
2.668,0.611436558556848,0.611435901652431,0.616317949463679,0.606555167648926,0,
2.66799680766161,,,,,,0.611438029877952
2.6688,0.610903225255468,0.610902568336961,0.615784616162673,0.606021834347125,0,
2.66879489225858,,,,,,0.610905973497798
2.6696,0.610369891953938,0.610369235020892,0.615251282861535,0.60548850104516,0,
2.66959297685555,,,,,,0.610373917117047
2.6704,0.609836558652255,0.609835901704229,0.614717949560258,0.604955167743025,0,
2.67039106145251,,,,,,0.609841860735706
2.6712,0.609303225350411,0.609302568386981,0.614184616258837,0.604421834440713,0,
2.67118914604948,,,,,,0.609309804353783
2.672,0.608769892048401,0.608769235069154,0.613651282957267,0.603888501138219,0,
2.67198723064645,,,,,,0.608777747971283
2.6728,0.60823655874622,0.608235901750755,0.61311794965554,0.603355167835538,0,
2.67278531524342,,,,,,0.608245691588214
2.6736,0.60770322544386,0.607702568431792,0.612584616353652,0.602821834532663,0,
2.67358339984038,,,,,,0.607713635204583
2.6744,0.607169892141317,0.607169235112272,0.612051283051596,0.602288501229587,0,
2.67438148443735,,,,,,0.607181578820397
2.6752,0.606636558838585,0.606635901792201,0.611517949749367,0.601755167926307,0,
2.67517956903432,,,,,,0.606649522435664
2.676,0.606103225535657,0.606102568471587,0.610984616446958,0.601221834622815,0,
2.67597765363128,,,,,,0.606117466050389
2.6768,0.605569892232528,0.605569235150436,0.610451283144365,0.600688501319105,0,
2.67677573822825,,,,,,0.605585409664581
2.6776,0.605036558929192,0.605035901828756,0.60991794984158,0.600155168015173,0,
2.67757382282522,,,,,,0.605053353278245
2.6784,0.604503225625642,0.604502568506554,0.609384616538597,0.599621834711011,0,
2.67837190742219,,,,,,0.604521296891389
2.6792,0.603969892321874,0.603969235183836,0.608851283235413,0.599088501406615,0,
2.67916999201915,,,,,,0.603989240504021
2.68,0.603436559017881,0.603435901860611,0.608317949932019,0.598555168101978,0,
2.67996807661612,,,,,,0.603457184116146
2.6808,0.602903225713658,0.602902568536885,0.607784616628411,0.598021834797094,0,
2.68076616121309,,,,,,0.602925127727773
2.6816,0.602369892409198,0.602369235212664,0.607251283324583,0.597488501491958,0,
2.68156424581006,,,,,,0.602393071338907
2.6824,0.601836559104496,0.601835901887956,0.606717950020528,0.596955168186562,0,
2.68236233040702,,,,,,0.601861014949556
2.6832,0.601303225799545,0.601302568562769,0.606184616716241,0.596421834880903,0,
2.68316041500399,,,,,,0.601328958559728
2.684,0.60076989249434,0.600769235237109,0.605651283411716,0.595888501574974,0,
2.68395849960096,,,,,,0.600796902169428
2.6848,0.600236559188876,0.600235901910982,0.605117950106947,0.595355168268769,0,
2.68475658419792,,,,,,0.600264845778665
2.6856,0.599703225883146,0.599702568584397,0.604584616801928,0.594821834962282,0,
2.68555466879489,,,,,,0.599732789387444
2.6864,0.599169892577143,0.59916923525736,0.604051283496654,0.594288501655507,0,
2.68635275339186,,,,,,0.599200732995774
2.6872,0.598636559270863,0.598635901929879,0.603517950191118,0.593755168348438,0,
2.68715083798883,,,,,,0.59866867660366
2.688,0.5981032259643,0.59810256860196,0.602984616885314,0.593221835041071,0,
2.68794892258579,,,,,,0.598136620211111
2.6888,0.597569892657448,0.59756923527361,0.602451283579237,0.592688501733397,0,
2.68874700718276,,,,,,0.597604563818132
2.6896,0.5970365593503,0.597035901944837,0.601917950272882,0.592155168425412,0,
2.68954509177973,,,,,,0.597072507424732
2.6904,0.596503226042851,0.596502568615647,0.601384616966241,0.59162183511711,0,
2.6903431763767,,,,,,0.596540451030916
2.6912,0.595969892735095,0.595969235286048,0.600851283659309,0.591088501808486,0,
2.69114126097366,,,,,,0.596008394636693
2.692,0.595436559427026,0.595435901956046,0.60031795035208,0.590555168499532,0,
2.69193934557063,,,,,,0.595476338242068
2.6928,0.594903226118639,0.59490256862565,0.599784617044549,0.590021835190244,0,
2.6927374301676,,,,,,0.59494428184705
2.6936,0.594369892809927,0.594369235294864,0.599251283736709,0.589488501880615,0,
2.69353551476456,,,,,,0.594412225451644
2.6944,0.593836559500884,0.593835901963698,0.598717950428555,0.588955168570639,0,
2.69433359936153,,,,,,0.593880169055858
2.6952,0.593303226191506,0.593302568632157,0.59818461712008,0.588421835260311,0,
2.6951316839585,,,,,,0.5933481126597
2.696,0.592769892881785,0.592769235300249,0.59765128381128,0.587888501949625,0,
2.69592976855547,,,,,,0.592816056263175
2.6968,0.592236559571716,0.592235901967981,0.597117950502147,0.587355168638575,0,
2.69672785315243,,,,,,0.592283999866291
2.6976,0.591703226261293,0.59170256863536,0.596584617192676,0.586821835327155,0,
2.6975259377494,,,,,,0.591751943469056
2.6984,0.591169892950511,0.591169235302393,0.596051283882862,0.586288502015359,0,
2.69832402234637,,,,,,0.591219887071475
2.6992,0.590636559639362,0.590635901969087,0.595517950572698,0.585755168703181,0,
2.69912210694334,,,,,,0.590687830673556
2.7,0.590103226327842,0.590102568635449,0.594984617262178,0.585221835390616,0,
2.6999201915403,,,,,,0.590155774275307
2.7008,0.589569893015945,0.589569235301486,0.594451283951298,0.584688502077657,0,
2.70071827613727,,,,,,0.589623717876733
2.7016,0.589036559703664,0.589035901967206,0.593917950640049,0.584155168764299,0,
2.70151636073424,,,,,,0.589091661477842
2.7024,0.588503226390994,0.588502568632614,0.593384617328428,0.583621835450535,0,
2.70231444533121,,,,,,0.588559605078641
2.7032,0.587969893077929,0.587969235297719,0.592851284016428,0.583088502136361,0,
2.70311252992817,,,,,,0.588027548679137
2.704,0.587436559764463,0.587435901962527,0.592317950704042,0.582555168821769,0,
2.70391061452514,,,,,,0.587495492279337
2.7048,0.586903226450591,0.586902568627046,0.591784617391266,0.582021835506755,0,
2.70470869912211,,,,,,0.586963435879249
2.7056,0.586369893136306,0.586369235291282,0.591251284078094,0.581488502191312,0,
2.70550678371907,,,,,,0.586431379478878
2.7064,0.585836559821602,0.585835901955243,0.590717950764519,0.580955168875435,0,
2.70630486831604,,,,,,0.585899323078232
2.7072,0.585303226506473,0.585302568618934,0.590184617450535,0.580421835559117,0,
2.70710295291301,,,,,,0.585367266677318
2.708,0.584769893190915,0.584769235282365,0.589651284136138,0.579888502242353,0,
2.70790103750998,,,,,,0.584835210276142
2.7088,0.58423655987492,0.584235901945541,0.58911795082132,0.579355168925136,0,
2.70869912210694,,,,,,0.584303153874713
2.7096,0.583703226558484,0.58370256860847,0.588584617506076,0.578821835607462,0,
2.70949720670391,,,,,,0.583771097473037
2.7104,0.583169893241599,0.583169235271159,0.588051284190401,0.578288502289323,0,
2.71029529130088,,,,,,0.583239041071121
2.7112,0.582636559924261,0.582635901933614,0.587517950874287,0.577755168970715,0,
2.71109337589785,,,,,,0.582706984668972
2.712,0.582103226606463,0.582102568595843,0.58698461755773,0.577221835651631,0,
2.71189146049481,,,,,,0.582174928266596
2.7128,0.581569893288199,0.581569235257853,0.586451284240724,0.576688502332065,0,
2.71268954509178,,,,,,0.581642871864002
2.7136,0.581036559969465,0.581035901919651,0.585917950923262,0.576155169012012,0,
2.71348762968875,,,,,,0.581110815461195
2.7144,0.580503226650252,0.580502568581244,0.585384617605339,0.575621835691466,0,
2.71428571428571,,,,,,0.580578759058184
2.7152,0.579969893330557,0.579969235242639,0.584851284286949,0.575088502370421,0,
2.71508379888268,,,,,,0.580046702654974
2.716,0.579436560010373,0.579435901903843,0.584317950968086,0.57455516904887,0,
2.71588188347965,,,,,,0.579514646251574
2.7168,0.578903226689694,0.578902568564863,0.583784617648744,0.574021835726809,0,
2.71667996807662,,,,,,0.578982589847989
2.7176,0.578369893368514,0.578369235225707,0.583251284328917,0.573488502404231,0,
2.71747805267358,,,,,,0.578450533444227
2.7184,0.577836560046827,0.57783590188638,0.5827179510086,0.57295516908113,0,
2.71827613727055,,,,,,0.577918477040296
2.7192,0.577303226724628,0.577302568546891,0.582184617687787,0.5724218357575,0,
2.71907422186752,,,,,,0.577386420636201
2.72,0.576769893401911,0.576769235207246,0.581651284366471,0.571888502433337,0,
2.71987230646449,,,,,,0.57685436423195
2.7208,0.576236560078669,0.576235901867453,0.581117951044647,0.571355169108633,0,
2.72067039106145,,,,,,0.57632230782755
2.7216,0.575703226754898,0.575702568527517,0.580584617722309,0.570821835783382,0,
2.72146847565842,,,,,,0.575790251423008
2.7224,0.57516989343059,0.575169235187448,0.580051284399451,0.57028850245758,0,
2.72226656025539,,,,,,0.575258195018331
2.7232,0.57463656010574,0.57463590184725,0.579517951076066,0.56975516913122,0,
2.72306464485235,,,,,,0.574726138613526
2.724,0.574103226780343,0.574102568506932,0.578984617752151,0.569221835804296,0,
2.72386272944932,,,,,,0.574194082208599
2.7248,0.573569893454392,0.573569235166501,0.578451284427697,0.568688502476802,0,
2.72466081404629,,,,,,0.573662025803559
2.7256,0.573036560127882,0.573035901825964,0.577917951102701,0.568155169148734,0,
2.72545889864326,,,,,,0.573129969398412
2.7264,0.572503226800806,0.572502568485327,0.577384617777155,0.567621835820083,0,
2.72625698324022,,,,,,0.572597912993164
2.7272,0.571969893473159,0.571969235144598,0.576851284451053,0.567088502490845,0,
2.72705506783719,,,,,,0.572065856587824
2.728,0.571436560144935,0.571435901803784,0.576317951124391,0.566555169161014,0,
2.72785315243416,,,,,,0.571533800182397
2.7288,0.570903226816128,0.570902568462891,0.575784617797163,0.566021835830585,0,
2.72865123703113,,,,,,0.571001743776891
2.7296,0.570369893486732,0.570369235121928,0.575251284469361,0.56548850249955,0,
2.72944932162809,,,,,,0.570469687371314
2.7304,0.569836560156742,0.569835901780901,0.57471795114098,0.564955169167905,0,
2.73024740622506,,,,,,0.569937630965671
2.7312,0.56930322682615,0.569302568439816,0.574184617812015,0.564421835835642,0,
2.73104549082203,,,,,,0.56940557455997
2.732,0.568769893494953,0.568769235098681,0.573651284482459,0.563888502502758,0,
2.73184357541899,,,,,,0.568873518154217
2.7328,0.568236560163143,0.568235901757504,0.573117951152307,0.563355169169245,0,
2.73264166001596,,,,,,0.568341461748421
2.7336,0.567703226830715,0.567702568416291,0.572584617821553,0.562821835835097,0,
2.73343974461293,,,,,,0.567809405342588
2.7344,0.567169893497663,0.567169235075049,0.572051284490191,0.56228850250031,0,
2.7342378292099,,,,,,0.567277348936725
2.7352,0.56663656016398,0.566635901733784,0.571517951158215,0.561755169164877,0,
2.73503591380686,,,,,,0.566745292530838
2.736,0.566103226829662,0.566102568392506,0.57098461782562,0.561221835828792,0,
2.73583399840383,,,,,,0.566213236124936
2.7368,0.565569893494703,0.56556923505122,0.570451284492398,0.560688502492049,0,
2.7366320830008,,,,,,0.565681179719024
2.7376,0.565036560159096,0.565035901709933,0.569917951158546,0.560155169154642,0,
2.73743016759777,,,,,,0.56514912331311
2.7384,0.564503226822835,0.564502568368652,0.569384617824055,0.559621835816566,0,
2.73822825219473,,,,,,0.564617066907201
2.7392,0.563969893485915,0.563969235027385,0.568851284488922,0.559088502477815,0,
2.7390263367917,,,,,,0.564085010501304
2.74,0.56343656014833,0.563435901686138,0.568317951153139,0.558555169138382,0,
2.73982442138867,,,,,,0.563552954095426
2.7408,0.562903226810074,0.56290256834492,0.567784617816701,0.558021835798263,0,
2.74062250598563,,,,,,0.563020897689574
2.7416,0.562369893471141,0.562369235003735,0.567251284479603,0.55748850245745,0,
2.7414205905826,,,,,,0.562488841283755
2.7424,0.561836560131525,0.561835901662593,0.566717951141837,0.556955169115939,0,
2.74221867517957,,,,,,0.561956784877975
2.7432,0.56130322679122,0.561302568321499,0.566184617803399,0.556421835773722,0,
2.74301675977654,,,,,,0.561424728472243
2.744,0.560769893450221,0.560769234980461,0.565651284464283,0.555888502430796,0,
2.7438148443735,,,,,,0.560892672066564
2.7448,0.560236560108522,0.560235901639485,0.565117951124482,0.555355169087153,0,
2.74461292897047,,,,,,0.560360615660946
2.7456,0.559703226766116,0.55970256829858,0.564584617783991,0.554821835742787,0,
2.74541101356744,,,,,,0.559828559255397
2.7464,0.559169893422998,0.559169234957751,0.564051284442804,0.554288502397694,0,
2.74620909816441,,,,,,0.559296502849921
2.7472,0.558636560079162,0.558635901617007,0.563517951100915,0.553755169051865,0,
2.74700718276137,,,,,,0.558764446444528
2.748,0.558103226734602,0.558102568276353,0.562984617758317,0.553221835705298,0,
2.74780526735834,,,,,,0.558232390039224
2.7488,0.557569893389312,0.557569234935798,0.562451284415007,0.552688502357984,0,
2.74860335195531,,,,,,0.557700333634016
2.7496,0.557036560043287,0.557035901595347,0.561917951070976,0.552155169009919,0,
2.74940143655227,,,,,,0.55716827722891
2.7504,0.55650322669652,0.556502568255009,0.561384617726221,0.551621835661096,0,
2.75019952114924,,,,,,0.556636220823915
2.7512,0.555969893349005,0.55596923491479,0.560851284380733,0.55108850231151,0,
2.75099760574621,,,,,,0.556104164419036
2.752,0.555436560000738,0.555435901574697,0.560317951034509,0.550555168961154,0,
2.75179569034318,,,,,,0.555572108014281
2.7528,0.554903226651711,0.554902568234738,0.559784617687541,0.550021835610024,0,
2.75259377494014,,,,,,0.555040051609657
2.7536,0.55436989330192,0.554369234894919,0.559251284339825,0.549488502258112,0,
2.75339185953711,,,,,,0.554507995205171
2.7544,0.553836559951357,0.553835901555247,0.558717950991353,0.548955168905413,0,
2.75418994413408,,,,,,0.553975938800829
2.7552,0.553303226600018,0.553302568215729,0.558184617642121,0.548421835551921,0,
2.75498802873105,,,,,,0.55344388239664
2.756,0.552769893247896,0.552769234876374,0.557651284292122,0.547888502197631,0,
2.75578611332801,,,,,,0.552911825992609
2.7568,0.552236559894985,0.552235901537186,0.557117950941351,0.547355168842537,0,
2.75658419792498,,,,,,0.552379769588745
2.7576,0.551703226541281,0.551702568198175,0.556584617589802,0.546821835486632,0,
2.75738228252195,,,,,,0.551847713185053
2.7584,0.551169893186776,0.551169234859346,0.556051284237468,0.54628850212991,0,
2.75818036711891,,,,,,0.551315656781541
2.7592,0.550636559831464,0.550635901520706,0.555517950884344,0.545755168772366,0,
2.75897845171588,,,,,,0.550783600378216
2.76,0.550103226475341,0.550102568182264,0.554984617530424,0.545221835413995,0,
2.75977653631285,,,,,,0.550251543975084
2.7608,0.5495698931184,0.549569234844025,0.554451284175703,0.544688502054789,0,
2.76057462090982,,,,,,0.549719487572154
2.7616,0.549036559760635,0.549035901505997,0.553917950820174,0.544155168694744,0,
2.76137270550678,,,,,,0.549187431169431
2.7624,0.548503226402041,0.548502568168187,0.553384617463831,0.543621835333853,0,
2.76217079010375,,,,,,0.548655374766924
2.7632,0.547969893042611,0.547969234830602,0.552851284106669,0.543088501972111,0,
2.76296887470072,,,,,,0.548123318364638
2.764,0.54743655968234,0.547435901493249,0.552317950748681,0.542555168609511,0,
2.76376695929769,,,,,,0.547591261962581
2.7648,0.546903226321221,0.546902568156135,0.551784617389862,0.542021835246048,0,
2.76456504389465,,,,,,0.547059205560759
2.7656,0.54636989295925,0.546369234819267,0.551251284030207,0.541488501881715,0,
2.76536312849162,,,,,,0.546527149159181
2.7664,0.545836559596419,0.545835901482652,0.550717950669708,0.540955168516508,0,
2.76616121308859,,,,,,0.545995092757853
2.7672,0.545303226232724,0.545302568146297,0.55018461730836,0.54042183515042,0,
2.76695929768555,,,,,,0.545463036356781
2.768,0.544769892868157,0.54476923481021,0.549651283946158,0.539888501783445,0,
2.76775738228252,,,,,,0.544930979955973
2.7688,0.544236559502715,0.544235901474397,0.549117950583095,0.539355168415577,0,
2.76855546687949,,,,,,0.544398923555436
2.7696,0.54370322613639,0.543702568138865,0.548584617219166,0.538821835046811,0,
2.76935355147646,,,,,,0.543866867155177
2.7704,0.543169892769176,0.543169234803621,0.548051283854364,0.538288501677141,0,
2.77015163607342,,,,,,0.543334810755203
2.7712,0.542636559401068,0.542635901468673,0.547517950488685,0.53775516830656,0,
2.77094972067039,,,,,,0.54280275435552
2.772,0.542103226032061,0.542102568134028,0.546984617122121,0.537221834935063,0,
2.77174780526736,,,,,,0.542270697956136
2.7728,0.541569892662147,0.541569234799692,0.546451283754667,0.536688501562644,0,
2.77254588986433,,,,,,0.541738641557058
2.7736,0.541036559291321,0.541035901465672,0.545917950386318,0.536155168189298,0,
2.77334397446129,,,,,,0.541206585158293
2.7744,0.540503225919578,0.540502568131977,0.545384617017067,0.535621834815017,0,
2.77414205905826,,,,,,0.540674528759848
2.7752,0.539969892546911,0.539969234798611,0.544851283646908,0.535088501439797,0,
2.77494014365523,,,,,,0.54014247236173
2.776,0.539436559173315,0.539435901465584,0.544317950275836,0.534555168063632,0,
2.77573822825219,,,,,,0.539610415963946
2.7768,0.538903225798783,0.538902568132901,0.543784616903845,0.534021834686515,0,
2.77653631284916,,,,,,0.539078359566502
2.7776,0.53836989242331,0.53836923480057,0.543251283530929,0.533488501308441,0,
2.77733439744613,,,,,,0.538546303169406
2.7784,0.537836559046891,0.537835901468598,0.542717950157081,0.532955167929404,0,
2.7781324820431,,,,,,0.538014246772665
2.7792,0.537303225669518,0.537302568136992,0.542184616782297,0.532421834549397,0,
2.77893056664006,,,,,,0.537482190376285
2.78,0.536769892291186,0.536769234805759,0.541651283406569,0.531888501168416,0,
2.77972865123703,,,,,,0.536950133980275
2.7808,0.53623655891189,0.536235901474906,0.541117950029894,0.531355167786454,0,
2.780526735834,,,,,,0.53641807758464
2.7816,0.535703225531623,0.53570256814444,0.540584616652264,0.530821834403506,0,
2.78132482043097,,,,,,0.535886021189388
2.7824,0.53516989215038,0.535169234814368,0.540051283273673,0.530288501019565,0,
2.78212290502793,,,,,,0.535353964794526
2.7832,0.534636558768154,0.534635901484697,0.539517949894116,0.529755167634626,0,
2.7829209896249,,,,,,0.534821908400061
2.784,0.534103225384941,0.534102568155434,0.538984616513587,0.529221834248683,0,
2.78371907422187,,,,,,0.534289852006
2.7848,0.533569892000733,0.533569234826587,0.53845128313208,0.528688500861729,0,
2.78451715881883,,,,,,0.533757795612349
2.7856,0.533036558615525,0.533035901498162,0.537917949749589,0.52815516747376,0,
2.7853152434158,,,,,,0.533225739219116
2.7864,0.532503225229312,0.532502568170166,0.537384616366109,0.527621834084769,0,
2.78611332801277,,,,,,0.532693682826308
2.7872,0.531969891842087,0.531969234842607,0.536851282981632,0.527088500698192,0,
2.78691141260974,,,,,,0.532161626433932
2.788,0.531436558453844,0.531435901515491,0.536317949596154,0.526555167345543,0,
2.7877094972067,,,,,,0.531629570041994
2.7888,0.530903225064578,0.530902568188826,0.535784616209669,0.526021834004961,0,
2.78850758180367,,,,,,0.531097513650503
2.7896,0.530369891678989,0.530369234862618,0.535251282822171,0.525488500664346,0,
2.78930566640064,,,,,,0.530565457259464
2.7904,0.529836558338433,0.529835901536875,0.534717949433653,0.5249551673237,0,
2.79010375099761,,,,,,0.530033400868885
2.7912,0.529303224997842,0.529302568211603,0.534184616045375,0.524421833983022,0,
2.79090183559457,,,,,,0.529501344478772
2.792,0.528769891657218,0.52876923488681,0.533651282671879,0.523888500642315,0,
2.79169992019154,,,,,,0.528969288089134
2.7928,0.528236558316563,0.528235901562503,0.533117949331313,0.52335516730158,0,
2.79249800478851,,,,,,0.528437231699976
2.7936,0.527703224975877,0.527702568238689,0.532584615990713,0.522821833960818,0,
2.79329608938547,,,,,,0.527905175311306
2.7944,0.527169891635162,0.527169234915375,0.532051282650081,0.522288500620031,0,
2.79409417398244,,,,,,0.527373118923131
2.7952,0.526636558294419,0.526635901592567,0.531517949309418,0.521755167279219,0,
2.79489225857941,,,,,,0.526841062535458
2.796,0.526103224953651,0.526102568270273,0.530984615968724,0.521221833938384,0,
2.79569034317638,,,,,,0.526309006148293
2.7968,0.525569891612856,0.5255692349485,0.530451282628002,0.520688500597528,0,
2.79648842777334,,,,,,0.525776949761644
2.7976,0.525036558272039,0.525035901627256,0.529917949287252,0.520155167256651,0,
2.79728651237031,,,,,,0.525244893375518
2.7984,0.524503224931198,0.524502568306546,0.529384615946477,0.519621833915756,0,
2.79808459696728,,,,,,0.524712836989922
2.7992,0.523969891590336,0.523969234986379,0.528851282605676,0.519088500574842,0,
2.79888268156425,,,,,,0.524180780604863
2.8,0.523436558249454,0.52343590166676,0.528317949264852,0.518555167233912,0,
2.79968076616121,,,,,,0.523648724220347
2.8008,0.522903224908553,0.522902568337705,0.527784615924005,0.518021833892967,0,
2.80047885075818,,,,,,0.523116667836382
2.8016,0.522369891567635,0.522369234987984,0.527251282583138,0.517488500552007,0,
2.80127693535515,,,,,,0.52258461142814
2.8024,0.5218365582267,0.521835901629201,0.526717949242251,0.516955167211036,0,
2.80207501995211,,,,,,0.52205255500483
2.8032,0.521303224885751,0.521302568270275,0.526184615901345,0.516421833870052,0,
2.80287310454908,,,,,,0.521520498581378
2.804,0.520769891544788,0.52076923491121,0.525651282560423,0.515888500529059,0,
2.80367118914605,,,,,,0.520988442157787
2.8048,0.520236558203813,0.520235901552009,0.525117949219485,0.515355167188056,0,
2.80446927374302,,,,,,0.520456385734058
2.8056,0.519703224862826,0.519702568192673,0.524584615878532,0.514821833847047,0,
2.80526735833998,,,,,,0.519924329310194
2.8064,0.519169891521831,0.519169234833205,0.524051282537565,0.514288500506031,0,
2.80606544293695,,,,,,0.519392272886199
2.8072,0.518636558180826,0.518635901473608,0.523517949196587,0.51375516716501,0,
2.80686352753392,,,,,,0.518860216462073
2.808,0.518103224839814,0.518102568113884,0.522984615855598,0.513221833823986,0,
2.80766161213089,,,,,,0.51832816003782
2.8088,0.517569891498797,0.517569234754036,0.5224512825146,0.512688500482959,0,
2.80845969672785,,,,,,0.517796103613443
2.8096,0.517036558157775,0.517035901394066,0.521917949173594,0.512155167141931,0,
2.80925778132482,,,,,,0.517264047188942
2.8104,0.51650322481675,0.516502568033976,0.521384615832581,0.511621833800903,0,
2.81005586592179,,,,,,0.516731990764323
2.8112,0.515969891475722,0.51596923467377,0.520851282491562,0.511088500459877,0,
2.81085395051876,,,,,,0.516199934339585
2.812,0.515436558134694,0.515435901313448,0.520317949150539,0.510555167118853,0,
2.81165203511572,,,,,,0.515667877914733
2.8128,0.514903224793666,0.514902567953016,0.519784615809513,0.510021833777834,0,
2.81245011971269,,,,,,0.515135821489768
2.8136,0.514369891452641,0.514369234592473,0.519251282468485,0.50948850043682,0,
2.81324820430966,,,,,,0.514603765064694
2.8144,0.513836558111618,0.513835901231824,0.518717949127457,0.508955167095813,0,
2.81404628890662,,,,,,0.514071708639511
2.8152,0.5133032247706,0.51330256787107,0.51818461578643,0.508421833754814,0,
2.81484437350359,,,,,,0.513539652214224
2.816,0.512769891429588,0.512769234510214,0.517651282445405,0.507888500413823,0,
2.81564245810056,,,,,,0.513007595788834
2.8168,0.512236558088582,0.512235901149259,0.517117949104384,0.507355167072844,0,
2.81644054269753,,,,,,0.512475539363344
2.8176,0.511703224747585,0.511702567788207,0.516584615763367,0.506821833731876,0,
2.81723862729449,,,,,,0.511943482937756
2.8184,0.511169891406598,0.51116923442706,0.516051282422357,0.506288500390921,0,
2.81803671189146,,,,,,0.511411426512073
2.8192,0.510636558065621,0.510635901065822,0.515517949081354,0.505755167049981,0,
2.81883479648843,,,,,,0.510879370086298
2.82,0.510103224724656,0.510102567704493,0.514984615740359,0.505221833709056,0,
2.8196328810854,,,,,,0.510347313660432
2.8208,0.509569891383705,0.509569234343078,0.514451282399374,0.504688500368148,0,
2.82043096568236,,,,,,0.509815257234478
2.8216,0.509036558042769,0.509035900981577,0.513917949058401,0.504155167027259,0,
2.82122905027933,,,,,,0.509283200808439
2.8224,0.508503224701848,0.508502567619995,0.51338461571744,0.503621833686389,0,
2.8220271348763,,,,,,0.508751144382317
2.8232,0.507969891360945,0.507969234258334,0.512851282376493,0.50308850034554,0,
2.82282521947326,,,,,,0.508219087956115
2.824,0.50743655802006,0.507435900896595,0.512317949035561,0.502555167004713,0,
2.82362330407023,,,,,,0.507687031529835
2.8248,0.506903224679196,0.506902567534781,0.511784615694645,0.502021833663909,0,
2.8244213886672,,,,,,0.507154975103479
2.8256,0.506369891338352,0.506369234172895,0.511251282353747,0.50148850032313,0,
2.82521947326417,,,,,,0.50662291867705
2.8264,0.505836557997531,0.50583590081094,0.510717949012868,0.500955166982377,0,
2.82601755786113,,,,,,0.506090862250551
2.8272,0.505303224656734,0.505302567448918,0.510184615672009,0.500421833641651,0,
2.8268156424581,,,,,,0.505558805823984
2.828,0.504769891315962,0.50476923408683,0.509651282331171,0.499888500300954,0,
2.82761372705507,,,,,,0.505026749397351
2.8288,0.504236557975216,0.504235900724681,0.509117948990356,0.499355166960286,0,
2.82841181165203,,,,,,0.504494692970655
2.8296,0.503703224634497,0.503702567362472,0.508584615649566,0.49882183361965,0,
2.829209896249,,,,,,0.503962636543899
2.8304,0.503169891293808,0.503169234000205,0.5080512823088,0.498288500279046,0,
2.83000798084597,,,,,,0.503430580117084
2.8312,0.502636557953148,0.502635900637884,0.507517948968062,0.497755166938476,0,
2.83080606544294,,,,,,0.502898523690214
2.832,0.50210322461252,0.502102567275511,0.506984615627351,0.49722183359794,0,
2.8316041500399,,,,,,0.50236646726329
2.8328,0.501569891271925,0.501569233913087,0.50645128228667,0.496688500257441,0,
2.83240223463687,,,,,,0.501834410836316
2.8336,0.501036557931364,0.501035900550617,0.505917948946019,0.49615516691698,0,
2.83320031923384,,,,,,0.501302354409293
2.8344,0.500503224590838,0.500502567188102,0.5053846156054,0.495621833576557,0,
2.83399840383081,,,,,,0.500770297982225
2.8352,0.499969891250349,0.499969233825544,0.504851282264814,0.495088500236175,0,
2.83479648842777,,,,,,0.500238241555113
2.836,0.499436557909898,0.499435900462947,0.504317948924262,0.494555166895833,0,
2.83559457302474,,,,,,0.49970618512796
2.8368,0.498903224569486,0.498902567100312,0.503784615583746,0.494021833555535,0,
2.83639265762171,,,,,,0.499174128700769
2.8376,0.498369891229114,0.498369233737643,0.503251282243267,0.493488500215281,0,
2.83719074221868,,,,,,0.498642072273542
2.8384,0.497836557888784,0.497835900374941,0.502717948902826,0.492955166875072,0,
2.83798882681564,,,,,,0.498110015846281
2.8392,0.497303224548497,0.497302567012209,0.502184615562425,0.492421833534909,0,
2.83878691141261,,,,,,0.49757795941899
2.84,0.496769891208255,0.496769233649449,0.501651282222064,0.491888500194794,0,
2.83958499600958,,,,,,0.49704590299167
2.8408,0.496236557868058,0.496235900286665,0.501117948881746,0.491355166854729,0,
2.84038308060654,,,,,,0.496513846564323
2.8416,0.495703224527908,0.495702566923859,0.500584615541471,0.490821833514713,0,
2.84118116520351,,,,,,0.495981790136953
2.8424,0.495169891187806,0.495169233561032,0.500051282201241,0.49028850017475,0,
2.84197924980048,,,,,,0.495449733709563
2.8432,0.494636557847754,0.494635900198188,0.499517948861057,0.489755166834839,0,
2.84277733439745,,,,,,0.494917677282153
2.844,0.494103224507752,0.494102566835329,0.49898461552092,0.489221833494983,0,
2.84357541899441,,,,,,0.494385620854727
2.8448,0.493569891167803,0.493569233472458,0.498451282180831,0.488688500155183,0,
2.84437350359138,,,,,,0.493853564427287
2.8456,0.493036557827906,0.493035900109576,0.497917948840792,0.488155166815439,0,
2.84517158818835,,,,,,0.493321507999837
2.8464,0.492503224488065,0.492502566746687,0.497384615500805,0.487621833475753,0,
2.84596967278532,,,,,,0.492789451572377
2.8472,0.491969891148279,0.491969233383793,0.49685128216087,0.487088500136127,0,
2.84676775738228,,,,,,0.492257395144911
2.848,0.491436557808551,0.491435900020897,0.496317948820988,0.486555166796561,0,
2.84756584197925,,,,,,0.491725338717441
2.8488,0.490903224468881,0.490902566658,0.495784615481162,0.486021833457058,0,
2.84836392657622,,,,,,0.49119328228997
2.8496,0.490369891129271,0.490369233295106,0.495251282141391,0.485488500117618,0,
2.84916201117318,,,,,,0.4906612258625
2.8504,0.489836557789722,0.489835899932217,0.494717948801679,0.484955166778242,0,
2.84996009577015,,,,,,0.490129169435033
2.8512,0.489303224450235,0.489302566569335,0.494184615462025,0.484421833438933,0,
2.85075818036712,,,,,,0.489597113007573
2.852,0.488769891110812,0.488769233206463,0.493651282122431,0.48388850009969,0,
2.85155626496409,,,,,,0.489065056580121
2.8528,0.488236557771454,0.488235899843604,0.493117948782899,0.483355166760516,0,
2.85235434956105,,,,,,0.48853300015268
2.8536,0.487703224432162,0.487702566480759,0.492584615443429,0.482821833421411,0,
2.85315243415802,,,,,,0.488000943725252
2.8544,0.487169891092937,0.487169233117932,0.492051282104023,0.482288500082378,0,
2.85395051875499,,,,,,0.48746888729784
2.8552,0.486636557753782,0.486635899755125,0.491517948764683,0.481755166743417,0,
2.85474860335196,,,,,,0.486936830870447
2.856,0.486103224414696,0.486102566392339,0.490984615425409,0.481221833404529,0,
2.85554668794892,,,,,,0.486404774443074
2.8568,0.485569891075682,0.485569233029579,0.490451282086203,0.480688500065717,0,
2.85634477254589,,,,,,0.485872718015725
2.8576,0.48503655773674,0.485035899666846,0.489917948747066,0.48015516672698,0,
2.85714285714286,,,,,,0.485340661588401
2.8584,0.484503224397873,0.484502566304143,0.489384615408,0.479621833388321,0,
2.85794094173982,,,,,,0.484808605161106
2.8592,0.48396989105908,0.483969232941472,0.488851282069005,0.479088500049741,0,
2.85873902633679,,,,,,0.484276548733841
2.86,0.483436557720364,0.483435899578836,0.488317948730083,0.478555166711241,0,
2.85953711093376,,,,,,0.48374449230661
2.8608,0.482903224381726,0.482902566216237,0.487784615391236,0.478021833372822,0,
2.86033519553073,,,,,,0.483212435879414
2.8616,0.482369891043167,0.482369232853678,0.487251282052464,0.477488500034486,0,
2.86113328012769,,,,,,0.482680379452256
2.8624,0.481836557704689,0.481835899491161,0.486717948713769,0.476955166696233,0,
2.86193136472466,,,,,,0.482148323025139
2.8632,0.481303224366292,0.481302566128689,0.486184615375153,0.476421833358066,0,
2.86272944932163,,,,,,0.481616266598065
2.864,0.480769891027977,0.480769232766264,0.485651282036615,0.475888500019985,0,
2.8635275339186,,,,,,0.481084210171036
2.8648,0.480236557689748,0.480235899403888,0.485117948698158,0.475355166681992,0,
2.86432561851556,,,,,,0.480552153744056
2.8656,0.479703224351603,0.479702566041565,0.484584615359784,0.474821833344088,0,
2.86512370311253,,,,,,0.480020097317126
2.8664,0.479169891013546,0.479169232679297,0.484051282021492,0.474288500006275,0,
2.8659217877095,,,,,,0.479488040890248
2.8672,0.478636557675577,0.478635899317086,0.483517948683285,0.473755166668553,0,
2.86671987230646,,,,,,0.478955984463427
2.868,0.478103224337697,0.478102565954934,0.482984615345164,0.473221833330923,0,
2.86751795690343,,,,,,0.478423928036663
2.8688,0.477569890999907,0.477569232592844,0.48245128200713,0.472688499993388,0,
2.8683160415004,,,,,,0.477891871609959
2.8696,0.47703655766221,0.477035899230819,0.481917948669185,0.472155166655949,0,
2.86911412609737,,,,,,0.477359815183318
2.8704,0.476503224324606,0.476502565868861,0.48138461533133,0.471621833318606,0,
2.86991221069433,,,,,,0.476827758756743
2.8712,0.475969890987097,0.475969232506973,0.480851281993565,0.471088499981362,0,
2.8707102952913,,,,,,0.476295702330235
2.872,0.475436557649683,0.475435899145156,0.480317948655893,0.470555166644216,0,
2.87150837988827,,,,,,0.475763645903797
2.8728,0.474903224312366,0.474902565783415,0.479784615318314,0.470021833307172,0,
2.87230646448524,,,,,,0.475231589477432
2.8736,0.474369890975148,0.47436923242175,0.47925128198083,0.469488499970229,0,
2.8731045490822,,,,,,0.474699533051142
2.8744,0.47383655763803,0.473835899060165,0.478717948643443,0.46895516663339,0,
2.87390263367917,,,,,,0.47416747662493
2.8752,0.473303224301012,0.473302565698662,0.478184615306153,0.468421833296655,0,
2.87470071827614,,,,,,0.473635420198798
2.876,0.472769890964096,0.472769232337243,0.477651281968961,0.467888499960025,0,
2.8754988028731,,,,,,0.473103363772749
2.8768,0.472236557627285,0.472235898975911,0.477117948631869,0.467355166623503,0,
2.87629688747007,,,,,,0.472571307346784
2.8776,0.471703224290578,0.471702565614669,0.476584615294879,0.466821833287089,0,
2.87709497206704,,,,,,0.472039250920907
2.8784,0.471169890953977,0.471169232253518,0.476051281957992,0.466288499950785,0,
2.87789305666401,,,,,,0.47150719449512
2.8792,0.470636557617484,0.470635898892463,0.475517948621208,0.465755166614592,0,
2.87869114126097,,,,,,0.470975138069425
2.88,0.470103224281099,0.470102565531503,0.47498461528453,0.46522183327851,0,
2.87948922585794,,,,,,0.470443081643825
2.8808,0.469569890944824,0.469569232170644,0.474451281947958,0.464688499942543,0,
2.88028731045491,,,,,,0.469911025218323
2.8816,0.469036557608661,0.469035898809886,0.473917948611494,0.46415516660669,0,
2.88108539505188,,,,,,0.46937896879292
2.8824,0.46850322427261,0.468502565449233,0.473384615275139,0.463621833270953,0,
2.88188347964884,,,,,,0.46884691236762
2.8832,0.467969890936673,0.467969232088687,0.472851281938894,0.463088499935334,0,
2.88268156424581,,,,,,0.468314855942424
2.884,0.467436557600851,0.467435898728249,0.47231794860276,0.462555166599833,0,
2.88347964884278,,,,,,0.467782799517336
2.8848,0.466903224265146,0.466902565367924,0.47178461526674,0.462021833264452,0,
2.88427773343974,,,,,,0.467250743092357
2.8856,0.466369890929558,0.466369232007714,0.471251281930834,0.461488499929193,0,
2.88507581803671,,,,,,0.466718686667491
2.8864,0.465836557594089,0.46583589864762,0.470717948595044,0.460955166594056,0,
2.88587390263368,,,,,,0.466186630242739
2.8872,0.465303224258741,0.465302565287645,0.47018461525937,0.460421833259043,0,
2.88667198723065,,,,,,0.465654573818104
2.888,0.464769890923514,0.464769231927792,0.469651281923814,0.459888499924154,0,
2.88747007182761,,,,,,0.465122517393589
2.8888,0.46423655758841,0.464235898568063,0.469117948588378,0.459355166589393,0,
2.88826815642458,,,,,,0.464590460969196
2.8896,0.46370322425343,0.463702565208461,0.468584615253062,0.458821833254759,0,
2.88906624102155,,,,,,0.464058404544927
2.8904,0.463169890918575,0.463169231848988,0.468051281917868,0.458288499920254,0,
2.88986432561852,,,,,,0.463526348120786
2.8912,0.462636557583848,0.462635898489648,0.467517948582797,0.457755166585879,0,
2.89066241021548,,,,,,0.462994291696773
2.892,0.462103224249248,0.462102565130441,0.466984615247851,0.457221833251635,0,
2.89146049481245,,,,,,0.462462235272893
2.8928,0.461569890914777,0.461569231771371,0.46645128191303,0.456688499917524,0,
2.89225857940942,,,,,,0.461930178849147
2.8936,0.461036557580438,0.46103589841244,0.465917948578337,0.456155166583548,0,
2.89305666400638,,,,,,0.461398122425538
2.8944,0.46050322424623,0.460502565053651,0.465384615243772,0.455621833249707,0,
2.89385474860335,,,,,,0.460866066002068
2.8952,0.459969890912155,0.459969231695006,0.464851281909337,0.455088499916002,0,
2.89465283320032,,,,,,0.46033400957874
2.896,0.459436557578214,0.459435898336507,0.464317948575032,0.454555166582436,0,
2.89545091779729,,,,,,0.459801953155557
2.8968,0.45890322424441,0.458902564978158,0.46378461524086,0.454021833249008,0,
2.89624900239425,,,,,,0.45926989673252
2.8976,0.458369890910742,0.458369231619961,0.463251281906821,0.453488499915722,0,
2.89704708699122,,,,,,0.458737840309632
2.8984,0.457836557577213,0.457835898261917,0.462717948572917,0.452955166582577,0,
2.89784517158819,,,,,,0.458205783886896
2.8992,0.457303224243823,0.45730256490403,0.462184615239149,0.452421833249575,0,
2.89864325618516,,,,,,0.457673727464314
2.9,0.456769890910574,0.456769231546302,0.461651281905519,0.451888499916718,0,
2.89944134078212,,,,,,0.457141671041889
2.9008,0.456236557577467,0.456235898188736,0.461117948572027,0.451355166584006,0,
2.90023942537909,,,,,,0.456609614619623
2.9016,0.455703224244504,0.455702564831334,0.460584615238675,0.450821833251441,0,
2.90103750997606,,,,,,0.456077558197518
2.9024,0.455169890911686,0.455169231474098,0.460051281905465,0.450288499919025,0,
2.90183559457302,,,,,,0.455545501775577
2.9032,0.454636557579013,0.454635898117032,0.459517948572396,0.449755166586758,0,
2.90263367916999,,,,,,0.455013445353803
2.904,0.454103224246488,0.454102564760137,0.458984615239472,0.449221833254642,0,
2.90343176376696,,,,,,0.454481388932198
2.9048,0.453569890914111,0.453569231403416,0.458451281906692,0.448688499922678,0,
2.90422984836393,,,,,,0.453949332510764
2.9056,0.453036557581885,0.453035898046871,0.457917948574059,0.448155166590867,0,
2.90502793296089,,,,,,0.453417276089504
2.9064,0.452503224249809,0.452502564690506,0.457384615241574,0.447621833259212,0,
2.90582601755786,,,,,,0.45288521966842
2.9072,0.451969890917886,0.451969231334321,0.456851281909238,0.447088499927712,0,
2.90662410215483,,,,,,0.452353163247516
2.908,0.451436557586117,0.451435897978321,0.456317948577052,0.446555166596369,0,
2.9074221867518,,,,,,0.451821106826792
2.9088,0.450903224254503,0.450902564622507,0.455784615245017,0.446021833265185,0,
2.90822027134876,,,,,,0.451289050406252
2.9096,0.450369890923045,0.450369231266883,0.455251281913135,0.445488499934161,0,
2.90901835594573,,,,,,0.450756993985899
2.9104,0.449836557591744,0.449835897911449,0.454717948581408,0.444955166603298,0,
2.9098164405427,,,,,,0.450224937565734
2.9112,0.449303224260603,0.44930256455621,0.454184615249836,0.444421833272597,0,
2.91061452513966,,,,,,0.44969288114576
2.912,0.448769890929622,0.448769231201167,0.45365128191842,0.44388849994206,0,
2.91141260973663,,,,,,0.44916082472598
2.9128,0.448236557598802,0.448235897846322,0.453117948587162,0.443355166611688,0,
2.9122106943336,,,,,,0.448628768306396
2.9136,0.447703224268145,0.447702564491679,0.452584615256064,0.442821833281482,0,
2.91300877893057,,,,,,0.448096711887011
2.9144,0.447169890937652,0.44716923113724,0.452051281925126,0.442288499951444,0,
2.91380686352753,,,,,,0.447564655467827
2.9152,0.446636557607325,0.446635897783007,0.45151794859435,0.441755166621575,0,
2.9146049481245,,,,,,0.447032599048846
2.916,0.446103224277164,0.446102564428984,0.450984615263738,0.441221833291876,0,
2.91540303272147,,,,,,0.446500542630071
2.9168,0.445569890947171,0.445569231075171,0.450451281933289,0.440688499962348,0,
2.91620111731844,,,,,,0.445968486211505
2.9176,0.445036557617347,0.445035897721572,0.449917948603006,0.440155166632993,0,
2.9169992019154,,,,,,0.445436429793149
2.9184,0.444503224287694,0.444502564368189,0.44938461527289,0.439621833303812,0,
2.91779728651237,,,,,,0.444904373375007
2.9192,0.443969890958212,0.443969231015026,0.448851281942943,0.439088499974807,0,
2.91859537110934,,,,,,0.444372316957081
2.92,0.443436557628904,0.443435897662083,0.448317948613165,0.438555166645978,0,
2.91939345570631,,,,,,0.443840260539373
2.9208,0.442903224299769,0.442902564309364,0.447784615283557,0.438021833317326,0,
2.92019154030327,,,,,,0.443308204121886
2.9216,0.442369890970811,0.442369230956871,0.447251281954122,0.437488499984612,0,
2.92098962490024,,,,,,0.442776147704622
2.9224,0.441836557642029,0.441835897604608,0.446717948624861,0.436955166648251,0,
2.92178770949721,,,,,,0.442244091287584
2.9232,0.441303224313426,0.441302564252575,0.446184615295774,0.436421833311123,0,
2.92258579409417,,,,,,0.441712034870774
2.924,0.440769890979202,0.440769230900776,0.445651281966863,0.43588849997402,0,
2.92338387869114,,,,,,0.441179978454195
2.9248,0.440236557642056,0.440235897549213,0.445117948638129,0.435355166636942,0,
2.92418196328811,,,,,,0.440647922037849
2.9256,0.439703224304935,0.439702564197889,0.444584615308016,0.434821833299889,0,
2.92498004788508,,,,,,0.440115865621738
2.9264,0.439169890967839,0.439169230846805,0.444051281973008,0.434288499962861,0,
2.92577813248204,,,,,,0.439583809205866
2.9272,0.438636557630767,0.438635897495966,0.443517948635869,0.43375516662586,0,
2.92657621707901,,,,,,0.439051752790234
2.928,0.438103224293721,0.438102564145373,0.442984615298754,0.433221833288885,0,
2.92737430167598,,,,,,0.438519696374845
2.9288,0.437569890956701,0.437569230795028,0.442451281961664,0.432688499951936,0,
2.92817238627294,,,,,,0.437987639959702
2.9296,0.437036557619706,0.437035897444934,0.4419179486246,0.432155166615015,0,
2.92897047086991,,,,,,0.437455583544806
2.9304,0.436503224282738,0.436502564095094,0.441384615287561,0.431621833278121,0,
2.92976855546688,,,,,,0.436923527130161
2.9312,0.435969890945797,0.43596923074551,0.440851281950547,0.431088499941255,0,
2.93056664006385,,,,,,0.436391470715769
2.932,0.435436557608883,0.435435897396184,0.44031794861356,0.430555166604416,0,
2.93136472466081,,,,,,0.435859414301632
2.9328,0.434903224271996,0.43490256404712,0.439784615276599,0.430021833267606,0,
2.93216280925778,,,,,,0.435327357887753
2.9336,0.434369890935137,0.434369230698319,0.439251281939665,0.429488499930825,0,
2.93296089385475,,,,,,0.434795301474134
2.9344,0.433836557598306,0.433835897349784,0.438717948602758,0.428955166594073,0,
2.93375897845172,,,,,,0.434263245060778
2.9352,0.433303224261504,0.433302564001517,0.438184615265879,0.428421833257351,0,
2.93455706304868,,,,,,0.433731188647688
2.936,0.432769890924731,0.432769230653522,0.437651281929027,0.427888499920658,0,
2.93535514764565,,,,,,0.433199132234865
2.9368,0.432236557587987,0.4322358973058,0.437117948592204,0.427355166583996,0,
2.93615323224262,,,,,,0.432667075822312
2.9376,0.431703224251272,0.431702563958353,0.43658461525541,0.426821833247364,0,
2.93695131683958,,,,,,0.432135019410032
2.9384,0.431169890914588,0.431169230611186,0.436051281918645,0.426288499910763,0,
2.93774940143655,,,,,,0.431602962998026
2.9392,0.430636557577934,0.430635897264299,0.435517948581908,0.425755166574194,0,
2.93854748603352,,,,,,0.431070906586299
2.94,0.43010322424131,0.430102563917696,0.434984615245202,0.425221833237656,0,
2.93934557063049,,,,,,0.430538850174851
2.9408,0.429569890904717,0.429569230571378,0.434451281908525,0.424688499901149,0,
2.94014365522745,,,,,,0.430006793763686
2.9416,0.429036557568156,0.429035897225349,0.433917948571879,0.424155166564676,0,
2.94094173982442,,,,,,0.429474737352806
2.9424,0.428503224231627,0.428502563879611,0.433384615235264,0.423621833228235,0,
2.94173982442139,,,,,,0.428942680942213
2.9432,0.427969890895129,0.427969230534166,0.43285128189868,0.423088499891827,0,
2.94253790901836,,,,,,0.428410624531911
2.944,0.427436557558665,0.427435897189017,0.432317948562128,0.422555166555452,0,
2.94333599361532,,,,,,0.4278785681219
2.9448,0.426903224222232,0.426902563844166,0.431784615225607,0.422021833219111,0,
2.94413407821229,,,,,,0.427346511712185
2.9456,0.426369890885833,0.426369230499616,0.431251281889118,0.421488499882805,0,
2.94493216280926,,,,,,0.426814455302767
2.9464,0.425836557549467,0.42583589715537,0.430717948552662,0.420955166546533,0,
2.94573024740623,,,,,,0.426282398893648
2.9472,0.425303224213136,0.425302563811429,0.430184615216239,0.420421833210295,0,
2.94652833200319,,,,,,0.425750342484832
2.948,0.424769890876838,0.424769230467796,0.429651281879848,0.419888499874093,0,
2.94732641660016,,,,,,0.425218286076321
2.9488,0.424236557540575,0.424235897124474,0.429117948543492,0.419355166537926,0,
2.94812450119713,,,,,,0.424686229668117
2.9496,0.423703224204347,0.423702563781466,0.428584615207169,0.418821833201795,0,
2.94892258579409,,,,,,0.424154173260222
2.9504,0.423169890868154,0.423169230431847,0.428051281870881,0.4182884998657,0,
2.94972067039106,,,,,,0.42362211685264
2.9512,0.422636557531997,0.422635897072783,0.427517948534627,0.417755166529642,0,
2.95051875498803,,,,,,0.423090060437234
2.952,0.422103224195876,0.422102563712306,0.426984615198409,0.417221833193621,0,
2.951316839585,,,,,,0.422558004012151
2.9528,0.421569890859791,0.421569230351861,0.426451281862225,0.416688499857637,0,
2.95211492418196,,,,,,0.422025947587099
2.9536,0.421036557523742,0.421035896991449,0.425917948526078,0.416155166521691,0,
2.95291300877893,,,,,,0.421493891162078
2.9544,0.420503224187731,0.420502563631071,0.425384615189966,0.415621833185782,0,
2.9537110933759,,,,,,0.420961834737091
2.9552,0.419969890851757,0.419969230270728,0.424851281853891,0.415088499849912,0,
2.95450917797287,,,,,,0.420429778312137
2.956,0.419436557515821,0.41943589691042,0.424317948517853,0.414555166514081,0,
2.95530726256983,,,,,,0.419897721887219
2.9568,0.418903224179923,0.418902563550149,0.423784615181851,0.414021833178289,0,
2.9561053471668,,,,,,0.419365665462336
2.9576,0.418369890844063,0.418369230189916,0.423251281845888,0.413488499842536,0,
2.95690343176377,,,,,,0.41883360903749
2.9584,0.417836557508243,0.417835896829722,0.422717948509962,0.412955166506823,0,
2.95770151636073,,,,,,0.418301552612681
2.9592,0.417303224172461,0.417302563469567,0.422184615174074,0.41242183317115,0,
2.9584996009577,,,,,,0.417769496187911
2.96,0.416769890836719,0.416769230109453,0.421651281838225,0.411888499835518,0,
2.95929768555467,,,,,,0.41723743976318
2.9608,0.416236557501016,0.41623589674938,0.421117948502415,0.411355166499926,0,
2.96009577015164,,,,,,0.41670538333849
2.9616,0.415703224165354,0.41570256338935,0.420584615166643,0.410821833164376,0,
2.9608938547486,,,,,,0.416173326913842
2.9624,0.415169890829733,0.415169230029363,0.420051281830912,0.410288499828867,0,
2.96169193934557,,,,,,0.415641270489235
2.9632,0.414636557494152,0.414635896669421,0.419517948495221,0.4097551664934,0,
2.96249002394254,,,,,,0.415109214064672
2.964,0.414103224158613,0.414102563309523,0.41898461515957,0.409221833157975,0,
2.96328810853951,,,,,,0.414577157640154
2.9648,0.413569890823115,0.413569229949672,0.418451281823959,0.408688499822593,0,
2.96408619313647,,,,,,0.41404510121568
2.9656,0.41303655748766,0.413035896589868,0.417917948488389,0.408155166487254,0,
2.96488427773344,,,,,,0.413513044791253
2.9664,0.412503224152246,0.412502563230112,0.417384615152861,0.407621833151958,0,
2.96568236233041,,,,,,0.412980988366872
2.9672,0.411969890816876,0.411969229870405,0.416851281817375,0.407088499816706,0,
2.96648044692737,,,,,,0.41244893194254
2.968,0.411436557481548,0.411435896510749,0.416317948481931,0.406555166481498,0,
2.96727853152434,,,,,,0.411916875518256
2.9688,0.410903224146264,0.410902563151142,0.415784615146528,0.406021833146334,0,
2.96807661612131,,,,,,0.411384819094022
2.9696,0.410369890811023,0.410369229791588,0.415251281811169,0.405488499811215,0,
2.96887470071828,,,,,,0.410852762669839
2.9704,0.409836557475827,0.409835896432087,0.414717948475853,0.404955166476141,0,
2.96967278531524,,,,,,0.410320706245708
2.9712,0.409303224140675,0.40930256307264,0.414184615140581,0.404421833141112,0,
2.97047086991221,,,,,,0.409788649821629
2.972,0.408769890805568,0.408769229713247,0.413651281805353,0.40388849980613,0,
2.97126895450918,,,,,,0.409256593397604
2.9728,0.408236557470506,0.40823589635391,0.413117948470168,0.403355166471193,0,
2.97206703910615,,,,,,0.408724536973634
2.9736,0.40770322413549,0.40770256299463,0.412584615135028,0.402821833136303,0,
2.97286512370311,,,,,,0.408192480549719
2.9744,0.407169890800519,0.407169229635407,0.412051281799933,0.402288499801459,0,
2.97366320830008,,,,,,0.40766042412586
2.9752,0.406636557465595,0.406635896276243,0.411517948464884,0.401755166466663,0,
2.97446129289705,,,,,,0.407128367702059
2.976,0.406103224130717,0.406102562917138,0.41098461512988,0.401221833131915,0,
2.97525937749401,,,,,,0.406596311278317
2.9768,0.405569890795887,0.405569229558093,0.410451281794921,0.400688499797214,0,
2.97605746209098,,,,,,0.406064254854633
2.9776,0.405036557461103,0.40503589619911,0.40991794846001,0.400155166462561,0,
2.97685554668795,,,,,,0.40553219843101
2.9784,0.404503224126367,0.40450256284019,0.409384615125145,0.399621833127958,0,
2.97765363128492,,,,,,0.405000142007447
2.9792,0.40396989079168,0.403969229481332,0.408851281790327,0.399088499793403,0,
2.97845171588188,,,,,,0.404468085583947
2.98,0.40343655745704,0.403435896122539,0.408317948455556,0.398555166458898,0,
2.97924980047885,,,,,,0.40393602916051
2.9808,0.402903224122449,0.40290256276381,0.407784615120833,0.398021833124442,0,
2.98004788507582,,,,,,0.403403972737137
2.9816,0.402369890787908,0.402369229405148,0.407251281786158,0.397488499790036,0,
2.98084596967279,,,,,,0.402871916313828
2.9824,0.401836557453416,0.401835896046553,0.406717948451532,0.396955166455681,0,
2.98164405426975,,,,,,0.402339859890586
2.9832,0.401303224118973,0.401302562688026,0.406184615116955,0.396421833121376,0,
2.98244213886672,,,,,,0.40180780346741
2.984,0.400769890784581,0.400769229329568,0.405651281782426,0.395888499787123,0,
2.98324022346369,,,,,,0.401275747044302
2.9848,0.400236557450239,0.400235895971179,0.405117948447947,0.39535516645292,0,
2.98403830806065,,,,,,0.400743690621262
2.9856,0.399703224115948,0.399702562612862,0.404584615113518,0.39482183311877,0,
2.98483639265762,,,,,,0.400211634198292
2.9864,0.399169890781709,0.399169229254616,0.40405128177914,0.394288499784672,0,
2.98563447725459,,,,,,0.399679577775393
2.9872,0.39863655744752,0.398635895896443,0.403517948444812,0.393755166450627,0,
2.98643256185156,,,,,,0.399147521352565
2.988,0.398103224113384,0.398102562538343,0.402984615110534,0.393221833116634,0,
2.98723064644852,,,,,,0.398615464929809
2.9888,0.3975698907793,0.397569229180318,0.402451281776308,0.392688499782694,0,
2.98802873104549,,,,,,0.398083408507127
2.9896,0.397036557445268,0.397035895822369,0.401917948442134,0.392155166448808,0,
2.98882681564246,,,,,,0.397551352084519
2.9904,0.39650322411129,0.396502562464496,0.401384615108012,0.391621833114976,0,
2.98962490023943,,,,,,0.397019295661986
2.9912,0.395969890777365,0.395969229106701,0.400851281773942,0.391088499781199,0,
2.99042298483639,,,,,,0.39648723923953
2.992,0.395436557443493,0.395435895748984,0.400317948439925,0.390555166447476,0,
2.99122106943336,,,,,,0.39595518281715
2.9928,0.394903224109676,0.394902562391346,0.39978461510596,0.390021833113807,0,
2.99201915403033,,,,,,0.395423126394849
2.9936,0.394369890775913,0.394369229033788,0.39925128177205,0.389488499780195,0,
2.99281723862729,,,,,,0.394891069972626
2.9944,0.393836557442204,0.393835895676312,0.398717948438193,0.388955166446638,0,
2.99361532322426,,,,,,0.394359013550484
2.9952,0.393303224108551,0.393302562318918,0.39818461510439,0.388421833113137,0,
2.99441340782123,,,,,,0.393826957128422
2.996,0.392769890774953,0.392769228961607,0.397651281770642,0.387888499779692,0,
2.9952114924182,,,,,,0.393294900706442
2.9968,0.392236557441411,0.39223589560438,0.397117948436948,0.387355166446304,0,
2.99600957701516,,,,,,0.392762844284545
2.9976,0.391703224107925,0.391702562247238,0.396584615103309,0.386821833112974,0,
2.99680766161213,,,,,,0.392230787862731
2.9984,0.391169890774496,0.391169228890183,0.396051281769727,0.386288499779701,0,
2.9976057462091,,,,,,0.391698731441002
2.9992,0.390636557441124,0.390635895533214,0.3955179484362,0.385755166446485,0,
2.99840383080607,,,,,,0.391166675019359
3,0.390103224107808,0.390102562176332,0.394984615102729,0.385221833113328,0,
2.99920191540303,,,,,,0.390634618597802
3.0008,0.38956989077455,0.38956922881954,0.394451281769315,0.384688499780229,0,
3,,,,,,0.390102562176332
3.00079808459697,,,,,,0.389570505754951
3.0016,0.389036557441351,0.389035895462837,0.393917948435958,0.38415516644719,0,
3.00159616919393,,,,,,0.389038449333659
3.0024,0.388503224108209,0.388502562106226,0.393384615102658,0.383621833114209,0,
3.0023942537909,,,,,,0.388506392912458
3.0032,0.387969890775126,0.387969228749705,0.392851281769416,0.383088499781288,0,
3.00319233838787,,,,,,0.387974336491347
3.004,0.387436557442102,0.387435895393278,0.392317948436232,0.382555166448427,0,
3.00399042298484,,,,,,0.387442280070329
3.0048,0.386903224109138,0.386902562036944,0.391784615103106,0.382021833115627,0,
3.0047885075818,,,,,,0.386910223649404
3.0056,0.386369890776233,0.386369228680704,0.391251281770039,0.381488499782887,0,
3.00558659217877,,,,,,0.386378167228573
3.0064,0.385836557443388,0.38583589532456,0.390717948437031,0.380955166450208,0,
3.00638467677574,,,,,,0.385846110807836
3.0072,0.385303224110604,0.385302561968512,0.390184615104082,0.38042183311759,0,
3.00718276137271,,,,,,0.385314054387196
3.008,0.38476989077788,0.384769228612562,0.389651281771193,0.379888499785034,0,
3.00798084596967,,,,,,0.384781997966652
3.0088,0.384236557445217,0.384235895256709,0.389117948438365,0.37935516645254,0,
3.00877893056664,,,,,,0.384249941546206
3.0096,0.383703224112616,0.383702561900956,0.388584615105597,0.378821833120109,0,
3.00957701516361,,,,,,0.383717885125859
3.0104,0.383169890780077,0.383169228545303,0.388051281772889,0.37828849978774,0,
3.01037509976057,,,,,,0.383185828705612
3.0112,0.3826365574476,0.382635895189751,0.387517948440243,0.377755166455435,0,
3.01117318435754,,,,,,0.382653772285465
3.012,0.382103224115185,0.382102561834301,0.386984615107659,0.377221833123193,0,
3.01197126895451,,,,,,0.382121715865419
3.0128,0.381569890782834,0.381569228478955,0.386451281775136,0.376688499791015,0,
3.01276935355148,,,,,,0.381589659445476
3.0136,0.381036557450545,0.381035895123711,0.385917948442676,0.376155166458901,0,
3.01356743814844,,,,,,0.381057603025637
3.0144,0.38050322411832,0.380502561768573,0.385384615110278,0.375621833126851,0,
3.01436552274541,,,,,,0.380525546605901
3.0152,0.379969890786159,0.379969228413541,0.384851281777943,0.375088499794867,0,
3.01516360734238,,,,,,0.379993490186271
3.016,0.379436557454062,0.379435895058616,0.384317948445672,0.374555166462948,0,
3.01596169193935,,,,,,0.379461433766748
3.0168,0.37890322412203,0.378902561703798,0.383784615113464,0.374021833131094,0,
3.01675977653631,,,,,,0.378929377347331
3.0176,0.378369890790063,0.378369228349089,0.38325128178132,0.373488499799306,0,
3.01755786113328,,,,,,0.378397320928022
3.0184,0.377836557458162,0.377835894994489,0.382717948449241,0.372955166467585,0,
3.01835594573025,,,,,,0.377865264508823
3.0192,0.377303224126326,0.37730256164,0.382184615117227,0.372421833135931,0,
3.01915403032721,,,,,,0.377333208089733
3.02,0.376769890794556,0.376769228285623,0.381651281785277,0.371888499804343,0,
3.01995211492418,,,,,,0.376801151670755
3.0208,0.376236557462853,0.376235894931358,0.381117948453393,0.371355166472823,0,
3.02075019952115,,,,,,0.376269095251888
3.0216,0.375703224131216,0.375702561577206,0.380584615121575,0.37082183314137,0,
3.02154828411812,,,,,,0.375737038833134
3.0224,0.375169890799646,0.375169228223169,0.380051281789823,0.370288499809986,0,
3.02234636871508,,,,,,0.375204982414494
3.0232,0.374636557468144,0.374635894869247,0.379517948458138,0.36975516647867,0,
3.02314445331205,,,,,,0.374672925995968
3.024,0.37410322413671,0.374102561515441,0.378984615126519,0.369221833147423,0,
3.02394253790902,,,,,,0.374140869577558
3.0248,0.373569890805344,0.373569228161752,0.378451281794968,0.368688499816245,0,
3.02474062250599,,,,,,0.373608813159264
3.0256,0.373036557474046,0.373035894808182,0.377917948463484,0.368155166485137,0,
3.02553870710295,,,,,,0.373076756741089
3.0264,0.372503224142818,0.37250256145473,0.377384615132068,0.367621833154098,0,
3.02633679169992,,,,,,0.372544700323031
3.0272,0.371969890811659,0.371969228101399,0.37685128180072,0.36708849982313,0,
3.02713487629689,,,,,,0.372012643905093
3.028,0.371436557480569,0.371435894748188,0.376317948469441,0.366555166492232,0,
3.02793296089385,,,,,,0.371480587487275
3.0288,0.370903224149549,0.3709025613951,0.375784615138231,0.366021833161406,0,
3.02873104549082,,,,,,0.370948531069578
3.0296,0.3703698908186,0.370369228042134,0.375251281807091,0.36548849983065,0,
3.02952913008779,,,,,,0.370416474652004
3.0304,0.369836557487721,0.369835894689292,0.37471794847602,0.364955166499966,0,
3.03032721468476,,,,,,0.369884418234552
3.0312,0.369303224156913,0.369302561336575,0.374184615145019,0.364421833169354,0,
3.03112529928172,,,,,,0.369352361817225
3.032,0.368769890826177,0.368769227983983,0.373651281814088,0.363888499838815,0,
3.03192338387869,,,,,,0.368820305400023
3.0328,0.368236557495512,0.368235894631518,0.373117948483229,0.363355166508348,0,
3.03272146847566,,,,,,0.368288248982946
3.0336,0.36770322416492,0.367702561279181,0.37258461515244,0.362821833177954,0,
3.03351955307263,,,,,,0.367756192565997
3.0344,0.367169890834399,0.367169227926972,0.372051281821723,0.362288499847634,0,
3.03431763766959,,,,,,0.367224136149175
3.0352,0.366636557503952,0.366635894574893,0.371517948491078,0.361755166517387,0,
3.03511572226656,,,,,,0.366692079732482
3.036,0.366103224173578,0.366102561222944,0.370984615160505,0.361221833187215,0,
3.03591380686353,,,,,,0.366160023315919
3.0368,0.365569890843278,0.365569227871127,0.370451281830004,0.360688499857117,0,
3.03671189146049,,,,,,0.365627966899486
3.0376,0.365036557513051,0.365035894519441,0.369917948499576,0.360155166527093,0,
3.03750997605746,,,,,,0.365095910483185
3.0384,0.364503224182898,0.364502561167889,0.369384615169222,0.359621833197145,0,
3.03830806065443,,,,,,0.364563854067017
3.0392,0.36396989085282,0.363969227816471,0.368851281838941,0.359088499867273,0,
3.0391061452514,,,,,,0.364031797650981
3.04,0.363436557522817,0.363435894465189,0.368317948508735,0.358555166537476,0,
3.03990422984836,,,,,,0.363499741235081
3.0408,0.362903224192889,0.362902561114042,0.367784615178602,0.358021833207756,0,
3.04070231444533,,,,,,0.362967684819315
3.0416,0.362369890863037,0.362369227763032,0.367251281848544,0.357488499878112,0,
3.0415003990423,,,,,,0.362435628403686
3.0424,0.361836557533261,0.361835894412161,0.366717948518561,0.356955166548545,0,
3.04229848363927,,,,,,0.361903571988194
3.0432,0.361303224203561,0.361302561061428,0.366184615188654,0.356421833219056,0,
3.04309656823623,,,,,,0.36137151557284
3.044,0.360769890873938,0.360769227710836,0.365651281858822,0.355888499889644,0,
3.0438946528332,,,,,,0.360839459157626
3.0448,0.360236557544392,0.360235894360384,0.365117948529066,0.35535516656031,0,
3.04469273743017,,,,,,0.360307402742551
3.0456,0.359703224214923,0.359702561010074,0.364584615199387,0.354821833231054,0,
3.04549082202713,,,,,,0.359775346327617
3.0464,0.359169890885532,0.359169227659906,0.364051281869784,0.354288499901878,0,
3.0462889066241,,,,,,0.359243289912826
3.0472,0.358636557556219,0.358635894309882,0.363517948540259,0.35375516657278,0,
3.04708699122107,,,,,,0.358711233498176
3.048,0.358103224226985,0.358102560960003,0.362984615210811,0.353221833243762,0,
3.04788507581804,,,,,,0.358179177083671
3.0488,0.357569890897829,0.35756922761027,0.362451281881441,0.352688499914823,0,
3.048683160415,,,,,,0.357647120669311
3.0496,0.357036557568753,0.357035894260683,0.361917948552149,0.352155166585965,0,
3.04948124501197,,,,,,0.357115064255096
3.0504,0.356503224239756,0.356502560911243,0.361384615222936,0.351621833257187,0,
3.05027932960894,,,,,,0.356583007841028
3.0512,0.355969890910839,0.355969227561952,0.360851281893802,0.35108849992849,0,
3.05107741420591,,,,,,0.356050951427107
3.052,0.355436557582002,0.35543589421281,0.360317948564747,0.350555166599875,0,
3.05187549880287,,,,,,0.355518895013335
3.0528,0.354903224253246,0.354902560863818,0.359784615235772,0.350021833271341,0,
3.05267358339984,,,,,,0.354986838599712
3.0536,0.354369890924571,0.354369227514978,0.359251281906876,0.349488499942888,0,
3.05347166799681,,,,,,0.35445478218624
3.0544,0.353836557595977,0.353835894166289,0.358717948578061,0.348955166614518,0,
3.05426975259377,,,,,,0.353922725772919
3.0552,0.353303224267464,0.353302560817754,0.358184615249326,0.34842183328623,0,
3.05506783719074,,,,,,0.35339066935975
3.056,0.352769890939034,0.352769227469373,0.357651281920673,0.347888499958026,0,
3.05586592178771,,,,,,0.352858612946734
3.0568,0.352236557610686,0.352235894121147,0.357117948592101,0.347355166629905,0,
3.05666400638468,,,,,,0.352326556533873
3.0576,0.351703224282421,0.351702560773077,0.35658461526361,0.346821833301867,0,
3.05746209098164,,,,,,0.351794500121166
3.0584,0.351169890954239,0.351169227425164,0.356051281935202,0.346288499973914,0,
3.05826017557861,,,,,,0.351262443708615
3.0592,0.35063655762614,0.350635894077409,0.355517948606877,0.345755166646045,0,
3.05905826017558,,,,,,0.350730387296222
3.06,0.350103224298125,0.350102560729812,0.354984615278634,0.345221833318261,0,
3.05985634477255,,,,,,0.350198330883986
3.0608,0.349569890970194,0.349569227382376,0.354451281950474,0.344688499990562,0,
3.06065442936951,,,,,,0.349666274471909
3.0616,0.349036557642348,0.349035894035099,0.353917948622398,0.344155166662947,0,
3.06145251396648,,,,,,0.349134218059992
3.0624,0.348503224314586,0.348502560687985,0.353384615294405,0.34362183333542,0,
3.06225059856345,,,,,,0.348602161648235
3.0632,0.34796989098691,0.347969227341033,0.352851281966497,0.343088500007978,0,
3.06304868316042,,,,,,0.348070105236641
3.064,0.347436557659319,0.347435893994245,0.352317948638674,0.342555166680623,0,
3.06384676775738,,,,,,0.347538048825208
3.0648,0.346903224331814,0.346902560647621,0.351784615310935,0.342021833353354,0,
3.06464485235435,,,,,,0.347005992413939
3.0656,0.346369891004396,0.346369227301162,0.351251281983282,0.341488500026173,0,
3.06544293695132,,,,,,0.346473936002835
3.0664,0.345836557677064,0.34583589395487,0.350717948655714,0.340955166699079,0,
3.06624102154828,,,,,,0.345941879591896
3.0672,0.345303224349819,0.345302560608745,0.350184615328232,0.340421833372074,0,
3.06703910614525,,,,,,0.345409823181123
3.068,0.344769891022661,0.344769227262789,0.349651282000837,0.339888500045156,0,
3.06783719074222,,,,,,0.344877766770518
3.0688,0.344236557695591,0.344235893917002,0.349117948673528,0.339355166718626,0,
3.06863527533919,,,,,,0.344345710360081
3.0696,0.343703224368609,0.343702560571384,0.348584615346306,0.33882183339274,0,
3.06943335993615,,,,,,0.343813653949813
3.0704,0.343169891041715,0.343169227225933,0.348051282019172,0.3382885000662,0,
3.07023144453312,,,,,,0.343281597539715
3.0707963267949,0.342905673181674,0.342905009051998,0.373570372185538,0.312240310048133,,
3.0707963267949,0.342905673181674,0.342905009051998,0.373570372185538,0.312240310048133,,
3.0712,0.342636557715561,0.342635894060078,0.347517948692126,0.337755166738974,0,
3.07079632725198,,,,,,0.342905009051998
3.07079632725198,,,,,,0.342905009051998
3.07102952913009,,,,,,0.342749541234063
3.072,0.342103224389531,0.342102561065566,0.346984615365168,0.337221833411084,0,
3.07182761372706,,,,,,0.342217485176082
3.0728,0.341569891062803,0.34156922806139,0.346451282038292,0.336688500082557,0,
3.07262569832402,,,,,,0.341685429108876
3.0736,0.341036557735394,0.341035895045793,0.345917948712352,0.336155166753419,0,
3.07342378292099,,,,,,0.341153373030641
3.0744,0.340503224407328,0.340502562017255,0.345384615386134,0.335621833423702,0,
3.07422186751796,,,,,,0.340621316939842
3.0752,0.339969891078632,0.339969228974399,0.344851282059224,0.335088500093434,0,
3.07501995211492,,,,,,0.34008926083506
3.076,0.339436557749332,0.339435895916133,0.344317948731638,0.334555166762652,0,
3.07581803671189,,,,,,0.339557204715112
3.0768,0.338903224419461,0.33890256284176,0.343784615403403,0.33402183343139,0,
3.07661612130886,,,,,,0.339025148579237
3.0776,0.338369891089048,0.338369229750859,0.343251282074544,0.333488500099685,0,
3.07741420590583,,,,,,0.338493092426992
3.0784,0.33783655775813,0.337835896643085,0.342717948745091,0.332955166767571,0,
3.07821229050279,,,,,,0.337961036258035
3.0792,0.337303224426742,0.337302563518212,0.342184615415075,0.332421833435084,0,
3.07901037509976,,,,,,0.337428980072026
3.08,0.33676989109492,0.336769230376355,0.341651282084526,0.331888500102259,0,
3.07980845969673,,,,,,0.336896923869105
3.0808,0.336236557762699,0.336235897217609,0.341117948753482,0.331355166769129,0,
3.08060654429369,,,,,,0.336364867649314
3.0816,0.335703224430114,0.335702564042296,0.340584615421977,0.330821833435728,0,
3.08140462889066,,,,,,0.335832811412909
3.0824,0.335169891097201,0.335169230850896,0.340051282090048,0.330288500102086,0,
3.08220271348763,,,,,,0.335300755160407
3.0832,0.334636557763992,0.334635897643828,0.339517948757729,0.329755166768235,0,
3.0830007980846,,,,,,0.334768698892158
3.084,0.33410322443052,0.334102564421718,0.338984615425057,0.329221833434203,0,
3.08379888268156,,,,,,0.334236642608787
3.0848,0.333569891096816,0.333569231185198,0.338451282092064,0.328688500100015,0,
3.08459696727853,,,,,,0.333704586310895
3.0856,0.333036557762911,0.333035897935021,0.337917948758784,0.328155166765698,0,
3.0853950518755,,,,,,0.333172529999193
3.0864,0.332503224428832,0.332502564672058,0.33738461542525,0.327621833431275,0,
3.08619313647247,,,,,,0.332640473674536
3.0872,0.331969891094605,0.331969231397237,0.336851282091492,0.327088500096767,0,
3.08699122106943,,,,,,0.332108417337818
3.088,0.331436557760255,0.331435898111433,0.33631794875754,0.326555166762195,0,
3.0877893056664,,,,,,0.331576360990032
3.0888,0.330903224425804,0.330902564815302,0.335784615423421,0.326021833427579,0,
3.08858739026337,,,,,,0.331044304631704
3.0896,0.330369891091275,0.330369231509834,0.335251282089161,0.325488500092935,0,
3.08938547486034,,,,,,0.330512248263827
3.0904,0.329836557756688,0.329835898195891,0.334717948754784,0.324955166758279,0,
3.0901835594573,,,,,,0.329980191887366
3.0912,0.329303224422061,0.329302564874109,0.334184615420312,0.324421833423622,0,
3.09098164405427,,,,,,0.329448135502872
3.092,0.328769891087412,0.328769231545334,0.333651282085768,0.323888500088977,0,
3.09177972865124,,,,,,0.328916079111194
3.0928,0.328236557752752,0.328235898210336,0.33311794875117,0.323355166754356,0,
3.0925778132482,,,,,,0.328384022713151
3.0936,0.327703224418096,0.327702564869763,0.332584615416537,0.322821833419766,0,
3.09337589784517,,,,,,0.327851966309363
3.0944,0.327169891083456,0.327169231524315,0.332051282081885,0.322288500085216,0,
3.09417398244214,,,,,,0.327319909900532
3.0952,0.326636557748841,0.326635898174655,0.331517948747226,0.321755166750711,0,
3.09497206703911,,,,,,0.326787853487338
3.096,0.326103224414261,0.326102564821389,0.330984615412575,0.321221833416258,0,
3.09577015163607,,,,,,0.326255797070383
3.0968,0.325569891079721,0.325569231465108,0.330451282077941,0.32068850008186,0,
3.09656823623304,,,,,,0.325723740650264
3.0976,0.325036557745229,0.325035898106366,0.329917948743336,0.32015516674752,0,
3.09736632083001,,,,,,0.325191684227551
3.0984,0.32450322441079,0.324502564745663,0.329384615408766,0.319621833413243,0,
3.09816440542698,,,,,,0.324659627802742
3.0992,0.323969891076408,0.323969231383479,0.32885128207424,0.319088500079028,0,
3.09896249002394,,,,,,0.324127571376324
3.1,0.323436557742084,0.323435898020256,0.328317948739762,0.318555166744876,0,
3.09976057462091,,,,,,0.323595514948755
3.1008,0.322903224407823,0.322902564656377,0.327784615405338,0.318021833410787,0,
3.10055865921788,,,,,,0.323063458520426
3.1016,0.322369891073625,0.32236923129219,0.327251282070971,0.317488500076763,0,
3.10135674381484,,,,,,0.322531402091693
3.1024,0.32183655773949,0.321835897928018,0.326717948736664,0.3169551667428,0,
3.10215482841181,,,,,,0.321999345662879
3.1032,0.321303224405419,0.321302564564158,0.32618461540242,0.316421833408899,0,
3.10295291300878,,,,,,0.321467289234295
3.104,0.320769891071411,0.320769231200861,0.325651282068239,0.315888500075057,0,
3.10375099760575,,,,,,0.320935232806204
3.1048,0.320236557737466,0.320235897838338,0.325117948734121,0.315355166741272,0,
3.10454908220271,,,,,,0.320403176378824
3.1056,0.31970322440358,0.319702564476768,0.324584615400067,0.31482183340754,0,
3.10534716679968,,,,,,0.319871119952343
3.1064,0.319169891069754,0.319169231116296,0.324051282066076,0.314288500073862,0,
3.10614525139665,,,,,,0.319339063526917
3.1072,0.318636557735984,0.31863589775704,0.323517948732147,0.313755166740232,0,
3.10694333599362,,,,,,0.318807007102665
3.108,0.318103224402267,0.318102564399101,0.322984615398277,0.313221833406648,0,
3.10774142059058,,,,,,0.318274950679702
3.1088,0.317569891068602,0.317569231042534,0.322451282064466,0.312688500073107,0,
3.10853950518755,,,,,,0.317742894258095
3.1096,0.317036557734985,0.31703589768736,0.32191794873071,0.312155166739605,0,
3.10933758978452,,,,,,0.317210837837872
3.1104,0.316503224401414,0.316502564333576,0.321384615397008,0.311621833406139,0,
3.11013567438148,,,,,,0.31667878141904
3.1112,0.315969891067883,0.315969230981171,0.320851282063356,0.311088500072707,0,
3.11093375897845,,,,,,0.316146725001577
3.112,0.315436557734392,0.31543589763021,0.320317948729751,0.310555166739305,0,
3.11173184357542,,,,,,0.315614668585491
3.1128,0.314903224400936,0.314902564280767,0.31978461539619,0.310021833405931,0,
3.11252992817239,,,,,,0.315082612170963
3.1136,0.314369891067512,0.314369230932738,0.31925128206267,0.309488500072581,0,
3.11332801276935,,,,,,0.314550555757852
3.1144,0.313836557734118,0.313835897586096,0.318717948729188,0.308955166739255,0,
3.11412609736632,,,,,,0.314018499346132
3.1152,0.313303224400751,0.31330256424081,0.318184615395741,0.308421833405951,0,
3.11492418196329,,,,,,0.313486442935772
3.116,0.312769891067408,0.312769230896819,0.317651282062325,0.307888500072665,0,
3.11572226656026,,,,,,0.312954386526739
3.1168,0.312236557734088,0.312235897554037,0.317117948728938,0.307355166739392,0,
3.11652035115722,,,,,,0.312422330118923
3.1176,0.311703224400789,0.311702564212423,0.316584615395578,0.30682183340613,0,
3.11731843575419,,,,,,0.311890273712285
3.1184,0.311169891067508,0.311169230871932,0.316051282062241,0.30628850007288,0,
3.11811652035116,,,,,,0.311358217306782
3.1192,0.310636557734238,0.310635897532512,0.315517948728927,0.30575516673964,0,
3.11891460494812,,,,,,0.310826160902362
3.12,0.31010322440098,0.310102564194104,0.314984615395633,0.305221833406408,0,
3.11971268954509,,,,,,0.310294104498977
3.1208,0.309569891067733,0.309569230856616,0.314451282062355,0.304688500073182,0,
3.12051077414206,,,,,,0.309762048096551
3.1216,0.309036557734495,0.309035897519967,0.313917948729088,0.304155166739959,0,
3.12130885873903,,,,,,0.309229991694964
3.1224,0.308503224401265,0.30850256418413,0.313384615395833,0.303621833406738,0,
3.12210694333599,,,,,,0.308697935294204
3.1232,0.307969891068041,0.307969230849058,0.312851282062588,0.303088500073519,0,
3.12290502793296,,,,,,0.30816587889422
3.124,0.307436557734818,0.307435897514712,0.312317948729352,0.302555166740301,0,
3.12370311252993,,,,,,0.307633822494972
3.1248,0.306903224401598,0.306902564180997,0.311784615396124,0.302021833407083,0,
3.1245011971269,,,,,,0.307101766096424
3.1256,0.30636989106838,0.30636923084779,0.3112512820629,0.301488500073864,0,
3.12529928172386,,,,,,0.306569709698382
3.1264,0.305836557735161,0.305835897515077,0.310717948729678,0.300955166740642,0,
3.12609736632083,,,,,,0.306037653300846
3.1272,0.305303224401943,0.305302564182814,0.310184615396458,0.300421833407417,0,
3.1268954509178,,,,,,0.305505596903776
3.128,0.304769891068724,0.304769230850955,0.30965128206324,0.299888500074188,0,
3.12769353551476,,,,,,0.304973540507125
3.1288,0.304236557735501,0.304235897519447,0.309117948730022,0.299355166740955,0,
3.12849162011173,,,,,,0.30444148411085
3.1296,0.303703224402275,0.303702564188214,0.308584615396804,0.298821833407718,0,
3.1292897047087,,,,,,0.30390942771488
3.1304,0.303169891069045,0.303169230857198,0.308051282063583,0.298288500074476,0,
3.13008778930567,,,,,,0.303377371319134
3.1312,0.302636557735811,0.302635897526374,0.307517948730359,0.297755166741228,0,
3.13088587390263,,,,,,0.302845314923594
3.132,0.302103224402573,0.302102564195699,0.306984615397132,0.297221833407975,0,
3.1316839584996,,,,,,0.302313258528218
3.1328,0.301569891069329,0.301569230865138,0.306451282063901,0.296688500074717,0,
3.13248204309657,,,,,,0.301781202132969
3.1336,0.30103655773608,0.301035897534645,0.305917948730666,0.296155166741453,0,
3.13328012769354,,,,,,0.301249145737812
3.1344,0.300503224402826,0.300502564204175,0.305384615397426,0.295621833408182,0,
3.1340782122905,,,,,,0.300717089342685
3.1352,0.299969891069566,0.299969230873709,0.304851282064181,0.295088500074906,0,
3.13487629688747,,,,,,0.300185032947572
3.136,0.2994365577363,0.299435897543218,0.304317948730931,0.294555166741625,0,
3.13567438148444,,,,,,0.299652976552446
3.1368,0.298903224403028,0.298902564212681,0.303784615397675,0.294021833408338,0,
3.1364724660814,,,,,,0.29912092015728
3.1376,0.298369891069751,0.298369230882074,0.303251282064413,0.293488500075046,0,
3.13727055067837,,,,,,0.298588863762057
3.1384,0.297836557736468,0.297835897551373,0.302717948731146,0.292955166741749,0,
3.13806863527534,,,,,,0.298056807366749
3.1392,0.29730322440318,0.297302564220564,0.302184615397873,0.292421833408447,0,
3.13886671987231,,,,,,0.297524750971336
3.14,0.296769891069886,0.29676923088964,0.301651282064594,0.29188850007514,0,
3.13966480446927,,,,,,0.296992694575811
3.1408,0.296236557736588,0.296235897558594,0.30111794873131,0.291355166741829,0,
3.14046288906624,,,,,,0.296460638180166
3.1416,0.295703224403285,0.295702564227422,0.30058461539802,0.290821833408513,0,
3.14126097366321,,,,,,0.295928581784398
3.1424,0.295169891069976,0.295169230896109,0.300051282064725,0.290288500075193,0,
3.14205905826018,,,,,,0.295396525388503
3.1432,0.294636557736664,0.294635897564645,0.299517948731425,0.28975516674187,0,
3.14285714285714,,,,,,0.29486446899245
3.144,0.294103224403347,0.29410256423304,0.298984615398121,0.289221833408544,0,
3.14365522745411,,,,,,0.294332412596256
3.1448,0.293569891070026,0.293569230901298,0.298451282064811,0.288688500075216,0,
3.14445331205108,,,,,,0.293800356199924
3.1456,0.293036557736702,0.293035897569425,0.297917948731498,0.288155166741884,0,
3.14525139664804,,,,,,0.293268299803457
3.1464,0.292503224403375,0.292502564237419,0.29738461539818,0.287621833408548,0,
3.14604948124501,,,,,,0.292736243406864
3.1472,0.291969891070046,0.291969230905271,0.296851282064858,0.28708850007521,0,
3.14684756584198,,,,,,0.292204187010131
3.148,0.291436557736713,0.291435897572988,0.296317948731534,0.28655516674187,0,
3.14764565043895,,,,,,0.291672130613257
3.1488,0.290903224403377,0.290902564240579,0.295784615398206,0.286021833408527,0,
3.14844373503591,,,,,,0.291140074216255
3.1496,0.290369891070038,0.290369230908048,0.295251282064876,0.285488500075183,0,
3.14924181963288,,,,,,0.29060801781913
3.1504,0.289836557736697,0.289835897575401,0.294717948731542,0.284955166741837,0,
3.15003990422985,,,,,,0.290075961421888
3.1512,0.289303224403354,0.289302564242642,0.294184615398205,0.28442183340849,0,
3.15083798882682,,,,,,0.289543905024532
3.152,0.288769891070009,0.288769230909777,0.293651282064865,0.283888500075143,0,
3.15163607342378,,,,,,0.289011848627068
3.1528,0.288236557736663,0.288235897576809,0.293117948731524,0.283355166741795,0,
3.15243415802075,,,,,,0.2884797922295
3.1536,0.287703224403316,0.287702564243741,0.292584615398181,0.282821833408446,0,
3.15323224261772,,,,,,0.287947735831832
3.1544,0.287169891069968,0.287169230910577,0.292051282064835,0.282288500075097,0,
3.15403032721468,,,,,,0.287415679434066
3.1552,0.28663655773662,0.286635897577354,0.291517948731489,0.281755166741748,0,
3.15482841181165,,,,,,0.286883623036206
3.156,0.286103224403271,0.286102564244111,0.290984615398142,0.281221833408399,0,
3.15562649640862,,,,,,0.286351566638329
3.1568,0.285569891069922,0.285569230910838,0.290451282064794,0.28068850007505,0,
3.15642458100559,,,,,,0.285819510240427
3.1576,0.285036557736573,0.285035897577534,0.289917948731445,0.280155166741701,0,
3.15722266560255,,,,,,0.28528745384249
3.1584,0.284503224403224,0.284502564244209,0.289384615398096,0.279621833408354,0,
3.15802075019952,,,,,,0.284755397444528
3.1592,0.283969891069875,0.283969230910875,0.288851282064747,0.279088500075008,0,
3.15881883479649,,,,,,0.284223341046551
3.16,0.283436557736527,0.283435897577539,0.288317948731398,0.278555166741663,0,
3.15961691939346,,,,,,0.283691284648569
3.1608,0.28290322440318,0.282902564244212,0.287784615398049,0.27802183340832,0,
3.16041500399042,,,,,,0.283159228250591
3.1616,0.282369891069834,0.282369230910903,0.287251282064701,0.277488500074979,0,
3.16121308858739,,,,,,0.282627171852626
3.1624,0.28183655773649,0.281835897577618,0.286717948731352,0.27695516674164,0,
3.16201117318436,,,,,,0.282095115454682
3.1632,0.281303224403147,0.281302564244365,0.286184615398006,0.276421833408304,0,
3.16280925778132,,,,,,0.281563059056767
3.164,0.280769891069807,0.280769230911069,0.285651282064661,0.275888500074971,0,
3.16360734237829,,,,,,0.281031002658888
3.1648,0.280236557736469,0.280235897577691,0.285117948731317,0.275355166741634,0,
3.16440542697526,,,,,,0.280498946260881
3.1656,0.279703224403133,0.279702564244295,0.284584615397975,0.274821833408295,0,
3.16520351157223,,,,,,0.279966889862843
3.1664,0.279169891069801,0.279169230910891,0.284051282064635,0.274288500074957,0,
3.16600159616919,,,,,,0.279434833464798
3.1672,0.278636557736462,0.278635897577481,0.283517948731298,0.273755166741619,0,
3.16679968076616,,,,,,0.278902777066747
3.168,0.278103224403123,0.278102564244064,0.282984615397963,0.273221833408283,0,
3.16759776536313,,,,,,0.278370720668689
3.1688,0.277569891069785,0.277569230910638,0.282451282064629,0.272688500074948,0,
3.1683958499601,,,,,,0.277838664270623
3.1696,0.277036557736448,0.277035897577203,0.28191794873129,0.272155166741614,0,
3.16919393455706,,,,,,0.277306607872549
3.1704,0.276503224403112,0.276502564243755,0.281384615397951,0.271621833408281,0,
3.16999201915403,,,,,,0.276774551474463
3.1712,0.275969891069777,0.275969230910294,0.280851282064614,0.271088500074949,0,
3.170790103751,,,,,,0.276242495076365
3.172,0.275436557736443,0.275435897576815,0.280317948731277,0.270555166741619,0,
3.17158818834797,,,,,,0.275710438678251
3.1728,0.274903224403111,0.274902564243335,0.279784615397941,0.27002183340829,0,
3.17238627294493,,,,,,0.275178382280118
3.1736,0.274369891069779,0.274369230909863,0.279251282064606,0.269488500074962,0,
3.1731843575419,,,,,,0.274646325882003
3.1744,0.273836557736449,0.273835897576387,0.278717948731273,0.268955166741633,0,
3.17398244213887,,,,,,0.274114269483884
3.1752,0.27330322440312,0.273302564242909,0.27818461539794,0.268421833408303,0,
3.17478052673583,,,,,,0.273582213085763
3.176,0.272769891069793,0.272769230909429,0.277651282064609,0.267888500074972,0,
3.1755786113328,,,,,,0.273050156687639
3.1768,0.272236557736464,0.272235897575947,0.27711794873128,0.267355166741643,0,
3.17637669592977,,,,,,0.272518100289514
3.1776,0.271703224403133,0.271702564242465,0.276584615397952,0.266821833408313,0,
3.17717478052674,,,,,,0.271986043891387
3.1784,0.271169891069803,0.271169230908982,0.276051282064624,0.266288500074983,0,
3.1779728651237,,,,,,0.27145398749326
3.1792,0.270636557736473,0.2706358975755,0.275517948731294,0.265755166741654,0,
3.17877094972067,,,,,,0.270921931095133
3.18,0.270103224403143,0.27010256424202,0.274984615397963,0.265221833408324,0,
3.17956903431764,,,,,,0.270389874697007
3.1808,0.269569891069814,0.269569230908542,0.274451282064633,0.264688500074995,0,
3.1803671189146,,,,,,0.269857818298884
3.1816,0.269036557736484,0.26903589757506,0.273917948731303,0.264155166741665,0,
3.18116520351157,,,,,,0.269325761900762
3.1824,0.268503224403155,0.268502564241574,0.273384615397973,0.263621833408336,0,
3.18196328810854,,,,,,0.268793705502631
3.1832,0.267969891069825,0.267969230908089,0.272851282064644,0.263088500075007,0,
3.18276137270551,,,,,,0.268261649104501
3.184,0.267436557736496,0.267435897574605,0.272317948731314,0.262555166741678,0,
3.18355945730247,,,,,,0.267729592706372
3.1848,0.266903224403167,0.266902564241123,0.271784615397985,0.262021833408349,0,
3.18435754189944,,,,,,0.267197536308244
3.1856,0.266369891069837,0.266369230907643,0.271251282064656,0.26148850007502,0,
3.18515562649641,,,,,,0.266665479910118
3.1864,0.265836557736508,0.265835897574165,0.270717948731327,0.260955166741691,0,
3.18595371109338,,,,,,0.266133423511995
3.1872,0.265303224403179,0.265302564240691,0.270184615397997,0.260421833408362,0,
3.18675179569034,,,,,,0.265601367113874
3.188,0.264769891069851,0.264769230907221,0.269651282064668,0.259888500075033,0,
3.18754988028731,,,,,,0.265069310715757
3.1888,0.264236557736522,0.264235897573754,0.269117948731339,0.259355166741704,0,
3.18834796488428,,,,,,0.264537254317643
3.1896,0.263703224403193,0.263702564240291,0.26858461539801,0.258821833408375,0,
3.18914604948124,,,,,,0.264005197919534
3.1904,0.263169891069863,0.263169230906828,0.268051282064681,0.258288500075045,0,
3.18994413407821,,,,,,0.263473141521427
3.1912,0.262636557736534,0.262635897573367,0.267517948731352,0.257755166741715,0,
3.19074221867518,,,,,,0.26294108512332
3.192,0.262103224403205,0.262102564239909,0.266984615398023,0.257221833408386,0,
3.19154030327215,,,,,,0.262409028725215
3.1928,0.261569891069876,0.261569230906455,0.266451282064694,0.256688500075056,0,
3.19233838786911,,,,,,0.261876972327115
3.1936,0.261036557736546,0.261035897573006,0.265917948731365,0.256155166741725,0,
3.19313647246608,,,,,,0.261344915929018
3.1944,0.260503224403216,0.260502564239561,0.265384615398035,0.255621833408394,0,
3.19393455706305,,,,,,0.260812859530926
3.1952,0.259969891069886,0.25996923090612,0.264851282064706,0.255088500075063,0,
3.19473264166002,,,,,,0.260280803132838
3.196,0.259436557736555,0.259435897572685,0.264317948731376,0.254555166741732,0,
3.19553072625698,,,,,,0.259748746734755
3.1968,0.258903224403225,0.258902564239255,0.263784615398046,0.254021833408401,0,
3.19632881085395,,,,,,0.259216690336677
3.1976,0.258369891069894,0.25836923090583,0.263251282064716,0.253488500075069,0,
3.19712689545092,,,,,,0.258684633938604
3.1984,0.257836557736562,0.257835897572411,0.262717948731385,0.252955166741736,0,
3.19792498004789,,,,,,0.258152577540537
3.1992,0.25730322440323,0.257302564238998,0.262184615398055,0.252421833408403,0,
3.19872306464485,,,,,,0.257620521142476
3.2,0.256769891069898,0.256769230905592,0.261651282064724,0.25188850007507,0,
3.19952114924182,,,,,,0.257088464744421
3.2008,0.256236557736566,0.256235897572192,0.261117948731392,0.251355166741736,0,
3.20031923383879,,,,,,0.256556408346373
3.2016,0.255703224403233,0.255702564238799,0.26058461539806,0.250821833408402,0,
3.20111731843575,,,,,,0.256024351948331
3.2024,0.255169891069899,0.255169230905414,0.260051282064728,0.250288500075067,0,
3.20191540303272,,,,,,0.255492295550296
3.2032,0.254636557736565,0.254635897572035,0.259517948731395,0.249755166741733,0,
3.20271348762969,,,,,,0.254960239152269
3.204,0.254103224403231,0.254102564238665,0.258984615398062,0.249221833408399,0,
3.20351157222666,,,,,,0.254428182754248
3.2048,0.253569891069896,0.253569230905303,0.258451282064729,0.248688500075067,0,
3.20430965682362,,,,,,0.253896126356236
3.2056,0.253036557736562,0.253035897571948,0.257917948731395,0.248155166741734,0,
3.20510774142059,,,,,,0.253364069958232
3.2064,0.252503224403229,0.252502564238603,0.25738461539806,0.2476218334084,0,
3.20590582601756,,,,,,0.252832013560236
3.2072,0.251969891069896,0.251969230905258,0.256851282064725,0.247088500075067,0,
3.20670391061453,,,,,,0.252299957162249
3.208,0.251436557736563,0.251435897571903,0.256317948731391,0.246555166741733,0,
3.20750199521149,,,,,,0.251767900764259
3.2088,0.25090322440323,0.250902564238545,0.255784615398059,0.246021833408399,0,
3.20830007980846,,,,,,0.251235844366253
3.2096,0.250369891069896,0.250369230905191,0.255251282064726,0.245488500075065,0,
3.20909816440543,,,,,,0.250703787968252
3.2104,0.249836557736562,0.249835897571841,0.254717948731392,0.24495516674173,0,
3.20989624900239,,,,,,0.250171731570255
3.2112,0.249303224403228,0.249302564238496,0.254184615398059,0.244421833408396,0,
3.21069433359936,,,,,,0.249639675172262
3.212,0.248769891069894,0.248769230905155,0.253651282064725,0.243888500075061,0,
3.21149241819633,,,,,,0.249107618774273
3.2128,0.24823655773656,0.248235897571818,0.253117948731392,0.243355166741726,0,
3.2122905027933,,,,,,0.248575562376289
3.2136,0.247703224403225,0.247702564238485,0.252584615398058,0.242821833408391,0,
3.21308858739026,,,,,,0.248043505978308
3.2144,0.24716989106989,0.247169230905156,0.252051282064723,0.242288500075055,0,
3.21388667198723,,,,,,0.247511449580332
3.2152,0.246636557736555,0.246635897571832,0.251517948731389,0.24175516674172,0,
3.2146847565842,,,,,,0.24697939318236
3.216,0.24610322440322,0.246102564238512,0.250984615398054,0.241221833408384,0,
3.21548284118117,,,,,,0.246447336784392
3.2168,0.245569891069884,0.245569230905196,0.250451282064719,0.240688500075047,0,
3.21628092577813,,,,,,0.245915280386429
3.2176,0.245036557736549,0.245035897571884,0.249917948731384,0.240155166741711,0,
3.2170790103751,,,,,,0.245383223988469
3.2184,0.244503224403212,0.244502564238577,0.249384615398049,0.239621833408374,0,
3.21787709497207,,,,,,0.244851167590514
3.2192,0.243969891069876,0.243969230905274,0.248851282064713,0.239088500075037,0,
3.21867517956903,,,,,,0.244319111192563
3.22,0.24343655773654,0.243435897571975,0.248317948731377,0.2385551667417,0,
3.219473264166,,,,,,0.243787054794617
3.2208,0.242903224403203,0.24290256423868,0.247784615398041,0.238021833408364,0,
3.22027134876297,,,,,,0.243254998396674
3.2216,0.242369891069866,0.24236923090539,0.247251282064705,0.237488500075028,0,
3.22106943335994,,,,,,0.242722941998736
3.2224,0.241836557736528,0.241835897572103,0.246717948731368,0.236955166741692,0,
3.2218675179569,,,,,,0.242190885600802
3.2232,0.241303224403192,0.241302564238821,0.246184615398031,0.236421833408356,0,
3.22266560255387,,,,,,0.241658829202872
3.224,0.240769891069857,0.240769230905544,0.245651282064694,0.235888500075021,0,
3.22346368715084,,,,,,0.241126772804947
3.2248,0.240236557736521,0.240235897572262,0.245117948731357,0.235355166741685,0,
3.22426177174781,,,,,,0.240594716407025
3.2256,0.239703224403185,0.239702564238973,0.244584615398021,0.234821833408349,0,
3.22505985634477,,,,,,0.240062660009096
3.2264,0.23916989106985,0.239169230905682,0.244051282064686,0.234288500075014,0,
3.22585794094174,,,,,,0.23953060361116
3.2272,0.238636557736514,0.238635897572392,0.24351794873135,0.233755166741678,0,
3.22665602553871,,,,,,0.238998547213224
3.228,0.238103224403178,0.238102564239103,0.242984615398014,0.233221833408343,0,
3.22745411013567,,,,,,0.23846649081529
3.2288,0.237569891069843,0.237569230905816,0.242451282064678,0.232688500075007,0,
3.22825219473264,,,,,,0.237934434417357
3.2296,0.237036557736507,0.237035897572528,0.241917948731343,0.232155166741672,0,
3.22905027932961,,,,,,0.237402378019424
3.2304,0.236503224403172,0.236502564239242,0.241384615398007,0.231621833408336,0,
3.22984836392658,,,,,,0.236870321621492
3.2312,0.235969891069836,0.235969230905956,0.240851282064671,0.231088500075001,0,
3.23064644852354,,,,,,0.236338265223561
3.232,0.2354365577365,0.23543589757267,0.240317948731336,0.230555166741665,0,
3.23144453312051,,,,,,0.23580620882563
3.2328,0.234903224403165,0.234902564239385,0.239784615398,0.23002183340833,0,
3.23224261771748,,,,,,0.2352741524277
3.2336,0.23436989106983,0.234369230906099,0.239251282064665,0.229488500074995,0,
3.23304070231445,,,,,,0.234742096029769
3.2344,0.233836557736494,0.233835897572814,0.238717948731329,0.22895516674166,0,
3.23383878691141,,,,,,0.234210039631839
3.2352,0.233303224403159,0.233302564239528,0.238184615397994,0.228421833408325,0,
3.23463687150838,,,,,,0.233677983233908
3.236,0.232769891069824,0.232769230906243,0.237651282064659,0.22788850007499,0,
3.23543495610535,,,,,,0.233145926835978
3.2368,0.232236557736489,0.232235897572956,0.237117948731323,0.227355166741655,0,
3.23623304070231,,,,,,0.232613870438047
3.2376,0.231703224403154,0.23170256423967,0.236584615397988,0.226821833408321,0,
3.23703112529928,,,,,,0.232081814040116
3.2384,0.231169891069819,0.231169230906382,0.236051282064653,0.226288500074986,0,
3.23782920989625,,,,,,0.231549757642184
3.2392,0.230636557736484,0.230635897573094,0.235517948731318,0.225755166741651,0,
3.23862729449322,,,,,,0.231017701244251
3.24,0.23010322440315,0.230102564239805,0.234984615397983,0.225221833408316,0,
3.23942537909018,,,,,,0.230485644846318
3.2408,0.229569891069815,0.229569230906514,0.234451282064648,0.224688500074982,0,
3.24022346368715,,,,,,0.229953588448383
3.2416,0.22903655773648,0.229035897573223,0.233917948731314,0.224155166741647,0,
3.24102154828412,,,,,,0.229421532050447
3.2424,0.228503224403146,0.22850256423993,0.233384615397979,0.223621833408313,0,
3.24181963288109,,,,,,0.228889475652511
3.2432,0.227969891069811,0.227969230906636,0.232851282064644,0.223088500074979,0,
3.24261771747805,,,,,,0.228357419254573
3.244,0.227436557736477,0.22743589757334,0.232317948731309,0.222555166741644,0,
3.24341580207502,,,,,,0.227825362856633
3.2448,0.226903224403142,0.226902564240043,0.231784615397975,0.22202183340831,0,
3.24421388667199,,,,,,0.227293306458692
3.2456,0.226369891069808,0.226369230906743,0.23125128206464,0.221488500074977,0,
3.24501197126895,,,,,,0.226761250060749
3.2464,0.225836557736474,0.225835897573442,0.230717948731306,0.220955166741643,0,
3.24581005586592,,,,,,0.226229193662804
3.2472,0.22530322440314,0.225302564240139,0.230184615397971,0.220421833408309,0,
3.24660814046289,,,,,,0.225697137264858
3.248,0.224769891069806,0.224769230906833,0.229651282064637,0.219888500074975,0,
3.24740622505986,,,,,,0.225165080866909
3.2488,0.224236557736472,0.224235897573525,0.229117948731303,0.219355166741642,0,
3.24820430965682,,,,,,0.224633024468958
3.2496,0.223703224403138,0.223702564240215,0.228584615397969,0.218821833408309,0,
3.24900239425379,,,,,,0.224100968071004
3.2504,0.223169891069805,0.223169230906902,0.228051282064635,0.218288500074975,0,
3.24980047885076,,,,,,0.223568911673048
3.2512,0.222636557736471,0.222635897573586,0.227517948731301,0.217755166741642,0,
3.25059856344773,,,,,,0.22303685527509
3.252,0.222103224403138,0.222102564240268,0.226984615397967,0.21722183340831,0,
3.25139664804469,,,,,,0.222504798877129
3.2528,0.221569891069805,0.221569230906946,0.226451282064634,0.216688500074977,0,
3.25219473264166,,,,,,0.221972742479164
3.2536,0.221036557736472,0.221035897573621,0.225917948731301,0.216155166741645,0,
3.25299281723863,,,,,,0.221440686081197
3.2544,0.220503224403139,0.220502564240294,0.225384615397968,0.215621833408312,0,
3.25379090183559,,,,,,0.220908629683227
3.2552,0.219969891069806,0.219969230906962,0.224851282064635,0.215088500074979,0,
3.25458898643256,,,,,,0.220376573285254
3.256,0.219436557736474,0.219435897573628,0.224317948731302,0.214555166741646,0,
3.25538707102953,,,,,,0.219844516887277
3.2568,0.218903224403142,0.218902564240289,0.223784615397969,0.214021833408313,0,
3.2561851556265,,,,,,0.219312460489296
3.2576,0.218369891069809,0.218369230906947,0.223251282064636,0.21348850007498,0,
3.25698324022346,,,,,,0.218780404091312
3.2584,0.217836557736476,0.217835897573601,0.222717948731304,0.212955166741647,0,
3.25778132482043,,,,,,0.218248347693324
3.2592,0.217303224403143,0.217302564240251,0.222184615397971,0.212421833408314,0,
3.2585794094174,,,,,,0.217716291295333
3.26,0.21676989106981,0.216769230906933,0.221651282064639,0.211888500074981,0,
3.25937749401437,,,,,,0.217184234897337
3.2608,0.216236557736477,0.216235897573623,0.221117948731306,0.211355166741648,0,
3.26017557861133,,,,,,0.216652178499383
3.2616,0.215703224403144,0.215702564240313,0.220584615397973,0.210821833408315,0,
3.2609736632083,,,,,,0.216120122101428
3.2624,0.215169891069811,0.215169230907002,0.22005128206464,0.210288500074983,0,
3.26177174780527,,,,,,0.215588065703473
3.2632,0.214636557736478,0.21463589757369,0.219517948731306,0.209755166741649,0,
3.26256983240223,,,,,,0.215056009305517
3.264,0.214103224403145,0.214102564240377,0.218984615397973,0.209221833408317,0,
3.2633679169992,,,,,,0.21452395290756
3.2648,0.213569891069812,0.213569230907064,0.21845128206464,0.208688500074984,0,
3.26416600159617,,,,,,0.213991896509602
3.2656,0.213036557736479,0.213035897573749,0.217917948731308,0.208155166741651,0,
3.26496408619314,,,,,,0.213459840111643
3.2664,0.212503224403147,0.212502564240433,0.217384615397975,0.207621833408318,0,
3.2657621707901,,,,,,0.212927783713683
3.2672,0.211969891069813,0.211969230907116,0.216851282064642,0.207088500074985,0,
3.26656025538707,,,,,,0.212395727315723
3.268,0.211436557736481,0.211435897573799,0.216317948731309,0.206555166741653,0,
3.26735833998404,,,,,,0.211863670917761
3.2688,0.210903224403148,0.21090256424048,0.215784615397976,0.20602183340832,0,
3.26815642458101,,,,,,0.211331614519798
3.2696,0.210369891069815,0.21036923090716,0.215251282064643,0.205488500074987,0,
3.26895450917797,,,,,,0.210799558121834
3.2704,0.209836557736482,0.209835897573839,0.21471794873131,0.204955166741654,0,
3.26975259377494,,,,,,0.210267501723869
3.2712,0.209303224403149,0.209302564240516,0.214184615397977,0.204421833408321,0,
3.27055067837191,,,,,,0.209735445325902
3.272,0.208769891069816,0.208769230907192,0.213651282064644,0.203888500074988,0,
3.27134876296887,,,,,,0.209203388927935
3.2728,0.208236557736484,0.208235897573867,0.213117948731312,0.203355166741656,0,
3.27214684756584,,,,,,0.208671332529966
3.2736,0.207703224403151,0.207702564240541,0.212584615397979,0.202821833408323,0,
3.27294493216281,,,,,,0.208139276131996
3.2744,0.207169891069818,0.207169230907214,0.212051282064646,0.20228850007499,0,
3.27374301675978,,,,,,0.207607219734024
3.2752,0.206636557736485,0.206635897573884,0.211517948731313,0.201755166741657,0,
3.27454110135674,,,,,,0.207075163336052
3.276,0.206103224403152,0.206102564240554,0.21098461539798,0.201221833408324,0,
3.27533918595371,,,,,,0.206543106938078
3.2768,0.205569891069819,0.205569230907222,0.210451282064647,0.200688500074991,0,
3.27613727055068,,,,,,0.206011050540102
3.2776,0.205036557736487,0.205035897573889,0.209917948731315,0.200155166741658,0,
3.27693535514765,,,,,,0.205478994142125
3.2784,0.204503224403154,0.204502564240554,0.209384615397982,0.199621833408326,0,
3.27773343974461,,,,,,0.204946937744147
3.2792,0.203969891069821,0.203969230907217,0.208851282064649,0.199088500074992,0,
3.27853152434158,,,,,,0.204414881346167
3.28,0.203436557736488,0.20343589757388,0.208317948731316,0.198555166741659,0,
3.27932960893855,,,,,,0.203882824948186
3.2808,0.202903224403155,0.20290256424054,0.207784615397983,0.198021833408326,0,
3.28012769353551,,,,,,0.203350768550203
3.2816,0.202369891069822,0.202369230907199,0.20725128206465,0.197488500074993,0,
3.28092577813248,,,,,,0.202818712152218
3.2824,0.201836557736489,0.201835897573856,0.206717948731318,0.19695516674166,0,
3.28172386272945,,,,,,0.202286655754231
3.2832,0.201303224403156,0.201302564240511,0.206184615397984,0.196421833408327,0,
3.28252194732642,,,,,,0.201754599356243
3.284,0.200769891069823,0.200769230907165,0.205651282064651,0.195888500074994,0,
3.28332003192338,,,,,,0.201222542958254
3.2848,0.20023655773649,0.200235897573817,0.205117948731319,0.195355166741661,0,
3.28411811652035,,,,,,0.200690486560262
3.2856,0.199703224403157,0.199702564240467,0.204584615397986,0.194821833408328,0,
3.28491620111732,,,,,,0.200158430162269
3.2864,0.199169891069824,0.199169230907115,0.204051282064653,0.194288500074995,0,
3.28571428571429,,,,,,0.199626373764274
3.2872,0.19863655773649,0.198635897573761,0.203517948731319,0.193755166741661,0,
3.28651237031125,,,,,,0.199094317366277
3.288,0.198103224403157,0.198102564240405,0.202984615397986,0.193221833408328,0,
3.28731045490822,,,,,,0.198562260968278
3.2888,0.197569891069824,0.197569230907048,0.202451282064653,0.192688500074994,0,
3.28810853950519,,,,,,0.198030204570278
3.2896,0.197036557736491,0.197035897573688,0.20191794873132,0.192155166741661,0,
3.28890662410215,,,,,,0.197498148172275
3.2904,0.196503224403157,0.196502564240327,0.201384615397987,0.191621833408328,0,
3.28970470869912,,,,,,0.19696609177427
3.2912,0.195969891069824,0.195969230906963,0.200851282064653,0.191088500074995,0,
3.29050279329609,,,,,,0.196434035376264
3.292,0.19543655773649,0.195435897573597,0.20031794873132,0.190555166741662,0,
3.29130087789306,,,,,,0.195901978978255
3.2928,0.194903224403157,0.194902564240229,0.199784615397987,0.19002183340833,0,
3.29209896249002,,,,,,0.195369922580244
3.2936,0.194369891069825,0.19436923090686,0.199251282064653,0.189488500074997,0,
3.29289704708699,,,,,,0.194837866182231
3.2944,0.193836557736492,0.193835897573497,0.19871794873132,0.188955166741664,0,
3.29369513168396,,,,,,0.194305809784216
3.2952,0.193303224403159,0.193302564240149,0.198184615397987,0.188421833408331,0,
3.29449321628093,,,,,,0.19377375338621
3.296,0.192769891069826,0.192769230906803,0.197651282064654,0.187888500074998,0,
3.29529130087789,,,,,,0.193241696988219
3.2968,0.192236557736493,0.192235897573457,0.197117948731321,0.187355166741665,0,
3.29608938547486,,,,,,0.192709640590228
3.2976,0.191703224403161,0.19170256424011,0.196584615397989,0.186821833408332,0,
3.29688747007183,,,,,,0.192177584192237
3.2984,0.191169891069828,0.191169230906763,0.196051282064656,0.186288500074999,0,
3.29768555466879,,,,,,0.191645527794245
3.2992,0.190636557736495,0.190635897573415,0.195517948731323,0.185755166741666,0,
3.29848363926576,,,,,,0.191113471396253
3.3,0.190103224403162,0.190102564240068,0.19498461539799,0.185221833408334,0,
3.29928172386273,,,,,,0.190581414998261
3.3008,0.189569891069829,0.18956923090672,0.194451282064657,0.184688500075001,0,
3.3000798084597,,,,,,0.190049358600269
3.3016,0.189036557736496,0.189035897573372,0.193917948731324,0.184155166741668,0,
3.30087789305666,,,,,,0.189517302202276
3.3024,0.188503224403163,0.188502564240024,0.193384615397992,0.183621833408335,0,
3.30167597765363,,,,,,0.188985245804283
3.3032,0.18796989106983,0.187969230906675,0.192851282064659,0.183088500075002,0,
3.3024740622506,,,,,,0.18845318940629
3.304,0.187436557736497,0.187435897573326,0.192317948731326,0.182555166741669,0,
3.30327214684757,,,,,,0.187921133008296
3.3048,0.186903224403165,0.186902564239977,0.191784615397993,0.182021833408336,0,
3.30407023144453,,,,,,0.187389076610303
3.3056,0.186369891069832,0.186369230906628,0.19125128206466,0.181488500075003,0,
3.3048683160415,,,,,,0.186857020212309
3.3064,0.185836557736499,0.185835897573278,0.190717948731327,0.18095516674167,0,
3.30566640063847,,,,,,0.186324963814315
3.3072,0.185303224403166,0.185302564239928,0.190184615397994,0.180421833408337,0,
3.30646448523544,,,,,,0.18579290741632
3.308,0.184769891069833,0.184769230906578,0.189651282064661,0.179888500075004,0,
3.3072625698324,,,,,,0.185260851018326
3.3088,0.1842365577365,0.184235897573228,0.189117948731328,0.179355166741671,0,
3.30806065442937,,,,,,0.184728794620331
3.3096,0.183703224403167,0.183702564239878,0.188584615397995,0.178821833408338,0,
3.30885873902634,,,,,,0.184196738222336
3.3104,0.183169891069834,0.183169230906528,0.188051282064662,0.178288500075005,0,
3.3096568236233,,,,,,0.183664681824341
3.3112,0.182636557736501,0.182635897573177,0.187517948731329,0.177755166741672,0,
3.31045490822027,,,,,,0.183132625426346
3.312,0.182103224403168,0.182102564239826,0.186984615397996,0.177221833408339,0,
3.31125299281724,,,,,,0.18260056902835
3.3128,0.181569891069835,0.181569230906476,0.186451282064663,0.176688500075006,0,
3.31205107741421,,,,,,0.182068512630355
3.3136,0.181036557736502,0.181035897573125,0.18591794873133,0.176155166741673,0,
3.31284916201117,,,,,,0.181536456232359
3.3144,0.180503224403169,0.180502564239774,0.185384615397997,0.17562183340834,0,
3.31364724660814,,,,,,0.181004399834363
3.3152,0.179969891069835,0.179969230906422,0.184851282064664,0.175088500075006,0,
3.31444533120511,,,,,,0.180472343436368
3.316,0.179436557736502,0.179435897573071,0.184317948731331,0.174555166741673,0,
3.31524341580208,,,,,,0.179940287038372
3.3168,0.178903224403169,0.17890256423972,0.183784615397998,0.17402183340834,0,
3.31604150039904,,,,,,0.179408230640376
3.3176,0.178369891069836,0.178369230906369,0.183251282064665,0.173488500075007,0,
3.31683958499601,,,,,,0.178876174242379
3.3184,0.177836557736503,0.177835897573017,0.182717948731332,0.172955166741674,0,
3.31763766959298,,,,,,0.178344117844383
3.3192,0.177303224403169,0.177302564239665,0.182184615397998,0.17242183340834,0,
3.31843575418994,,,,,,0.177812061446387
3.32,0.176769891069836,0.176769230906314,0.181651282064665,0.171888500075007,0,
3.31923383878691,,,,,,0.177280005048391
3.3208,0.176236557736503,0.176235897572962,0.181117948731332,0.171355166741674,0,
3.32003192338388,,,,,,0.176747948650394
3.3216,0.17570322440317,0.175702564239611,0.180584615397999,0.17082183340834,0,
3.32083000798085,,,,,,0.176215892252398
3.3224,0.175169891069837,0.175169230906259,0.180051282064666,0.170288500075007,0,
3.32162809257781,,,,,,0.175683835854401
3.3232,0.174636557736503,0.174635897572907,0.179517948731332,0.169755166741674,0,
3.32242617717478,,,,,,0.175151779456405
3.324,0.17410322440317,0.174102564239556,0.178984615397999,0.16922183340834,0,
3.32322426177175,,,,,,0.174619723058408
3.3248,0.173569891069836,0.173569230906204,0.178451282064666,0.168688500075007,0,
3.32402234636872,,,,,,0.174087666660412
3.3256,0.173036557736503,0.173035897572853,0.177917948731333,0.168155166741674,0,
3.32482043096568,,,,,,0.173555610262415
3.3264,0.17250322440317,0.172502564239501,0.177384615397999,0.167621833408341,0,
3.32561851556265,,,,,,0.173023553864419
3.3272,0.171969891069836,0.171969230906149,0.176851282064666,0.167088500075007,0,
3.32641660015962,,,,,,0.172491497466423
3.328,0.171436557736503,0.171435897572798,0.176317948731332,0.166555166741674,0,
3.32721468475658,,,,,,0.171959441068426
3.3288,0.17090322440317,0.170902564239446,0.175784615397999,0.166021833408341,0,
3.32801276935355,,,,,,0.17142738467043
3.3296,0.170369891069837,0.170369230906098,0.175251282064666,0.165488500075008,0,
3.32881085395052,,,,,,0.170895328272434
3.3304,0.169836557736504,0.169835897572751,0.174717948731333,0.164955166741675,0,
3.32960893854749,,,,,,0.170363271874441
3.3312,0.169303224403171,0.169302564239404,0.174184615398,0.164421833408342,0,
3.33040702314445,,,,,,0.169831215476449
3.332,0.168769891069838,0.168769230906057,0.173651282064666,0.163888500075009,0,
3.33120510774142,,,,,,0.169299159078457
3.3328,0.168236557736504,0.168235897572711,0.173117948731333,0.163355166741675,0,
3.33200319233839,,,,,,0.168767102680465
3.3336,0.167703224403171,0.167702989884484,0.172584615398,0.162821833408342,0,
3.33280127693535,,,,,,0.168235046282475
3.33359936153232,,,,,,0.167702989884484
3.3344,0.167169891069838,0.16716923090602,0.172051282064667,0.162288500075009,0,
3.33439744612929,,,,,,0.167170933486494
3.3352,0.166636557736505,0.166635897572675,0.171517948731334,0.161755166741676,0,
3.33519553072626,,,,,,0.166638877088504
3.336,0.166103224403172,0.166102564239331,0.170984615398001,0.161221833408343,0,
3.33599361532322,,,,,,0.166106820690515
3.3368,0.165569891069839,0.165569230905987,0.170451282064668,0.16068850007501,0,
3.33679169992019,,,,,,0.165574764292526
3.3376,0.165036557736506,0.165035897572643,0.169917948731335,0.160155166741676,0,
3.33758978451716,,,,,,0.165042707894538
3.3384,0.164503224403172,0.1645025642393,0.169384615398002,0.159621833408343,0,
3.33838786911413,,,,,,0.16451065149655
3.3392,0.163969891069839,0.163969230905958,0.168851282064668,0.15908850007501,0,
3.33918595371109,,,,,,0.163978595098562
3.34,0.163436557736506,0.163435897572616,0.168317948731335,0.158555166741677,0,
3.33998403830806,,,,,,0.163446538700576
3.3408,0.162903224403173,0.162902564239274,0.167784615398002,0.158021833408343,0,
3.34078212290503,,,,,,0.162914482302589
3.3416,0.16236989106984,0.162369230905933,0.167251282064669,0.15748850007501,0,
3.341580207502,,,,,,0.162382425904604
3.3424,0.161836557736506,0.161835897572593,0.166717948731336,0.156955166741677,0,
3.34237829209896,,,,,,0.161850369506618
3.3432,0.161303224403173,0.161302564239254,0.166184615398002,0.156421833408344,0,
3.34317637669593,,,,,,0.161318313108634
3.344,0.16076989106984,0.160769230905914,0.165651282064669,0.155888500075011,0,
3.3439744612929,,,,,,0.16078625671065
3.3448,0.160236557736507,0.160235897572576,0.165117948731336,0.155355166741677,0,
3.34477254588986,,,,,,0.160254200312666
3.3456,0.159703224403173,0.159702564239238,0.164584615398003,0.154821833408344,0,
3.34557063048683,,,,,,0.159722143914684
3.3464,0.15916989106984,0.159169230905901,0.164051282064669,0.154288500075011,0,
3.3463687150838,,,,,,0.159190087516701
3.3472,0.158636557736507,0.158635897572564,0.163517948731336,0.153755166741678,0,
3.34716679968077,,,,,,0.15865803111872
3.348,0.158103224403174,0.158102564239228,0.162984615398003,0.153221833408344,0,
3.34796488427773,,,,,,0.158125974720739
3.3488,0.15756989106984,0.157569230905893,0.16245128206467,0.152688500075011,0,
3.3487629688747,,,,,,0.157593918322759
3.3496,0.157036557736507,0.157035897572558,0.161917948731336,0.152155166741678,0,
3.34956105347167,,,,,,0.15706186192478
3.3504,0.156503224403174,0.156502564239224,0.161384615398003,0.151621833408345,0,
3.35035913806864,,,,,,0.156529805526801
3.3512,0.155969891069841,0.155969230905891,0.16085128206467,0.151088500075012,0,
3.3511572226656,,,,,,0.155997749128823
3.352,0.155436557736507,0.155435897572559,0.160317948731336,0.150555166741678,0,
3.35195530726257,,,,,,0.155465692730846
3.3528,0.154903224403174,0.154902564239227,0.159784615398003,0.150021833408345,0,
3.35275339185954,,,,,,0.154933636332869
3.3536,0.154369891069841,0.154369230905897,0.15925128206467,0.149488500075011,0,
3.3535514764565,,,,,,0.154401579934894
3.3544,0.153836557736507,0.153835897572567,0.158717948731337,0.148955166741678,0,
3.35434956105347,,,,,,0.153869523536919
3.3552,0.153303224403174,0.153302564239238,0.158184615398003,0.148421833408345,0,
3.35514764565044,,,,,,0.153337467138945
3.356,0.152769891069841,0.152769230905909,0.15765128206467,0.147888500075011,0,
3.35594573024741,,,,,,0.152805410740971
3.3568,0.152236557736507,0.152235897572582,0.157117948731337,0.147355166741678,0,
3.35674381484437,,,,,,0.152273354342999
3.3576,0.151703224403174,0.151702564239255,0.156584615398003,0.146821833408345,0,
3.35754189944134,,,,,,0.151741297945027
3.3584,0.151169891069841,0.151169230905929,0.15605128206467,0.146288500075011,0,
3.35833998403831,,,,,,0.151209241547057
3.3592,0.150636557736508,0.150635897572604,0.155517948731337,0.145755166741678,0,
3.35913806863528,,,,,,0.150677185149087
3.36,0.150103224403174,0.15010256423928,0.154984615398003,0.145221833408344,0,
3.35993615323224,,,,,,0.150145128751118
3.3608,0.149569891069841,0.149569230905957,0.15445128206467,0.144688500075011,0,
3.36073423782921,,,,,,0.14961307235315
3.3616,0.149036557736507,0.149035897572635,0.153917948731337,0.144155166741678,0,
3.36153232242618,,,,,,0.149081015955183
3.3624,0.148503224403174,0.148502564239314,0.153384615398004,0.143621833408344,0,
3.36233040702314,,,,,,0.148548959557217
3.3632,0.147969891069841,0.147969230905994,0.15285128206467,0.143088500075011,0,
3.36312849162011,,,,,,0.148016903159251
3.364,0.147436557736507,0.147435897572671,0.152317948731337,0.142555166741677,0,
3.36392657621708,,,,,,0.147484846761285
3.3648,0.146903224403174,0.146902564239339,0.151784615398003,0.142021833408344,0,
3.36472466081405,,,,,,0.146952790363308
3.3656,0.14636989106984,0.146369230906008,0.15125128206467,0.141488500075011,0,
3.36552274541101,,,,,,0.146420733965332
3.3664,0.145836557736507,0.145835897572677,0.150717948731337,0.140955166741677,0,
3.36632083000798,,,,,,0.145888677567356
3.3672,0.145303224403174,0.145302564239346,0.150184615398003,0.140421833408344,0,
3.36711891460495,,,,,,0.14535662116938
3.368,0.14476989106984,0.144769230906015,0.14965128206467,0.13988850007501,0,
3.36791699920192,,,,,,0.144824564771404
3.3688,0.144236557736507,0.144235897572684,0.149117948731336,0.139355166741677,0,
3.36871508379888,,,,,,0.144292508373428
3.3696,0.143703224403173,0.143702564239353,0.148584615398003,0.138821833408343,0,
3.36951316839585,,,,,,0.143760451975453
3.3704,0.14316989106984,0.143169230906022,0.148051282064669,0.13828850007501,0,
3.37031125299282,,,,,,0.143228395577477
3.3712,0.142636557736506,0.142635897572692,0.147517948731336,0.137755166741676,0,
3.37110933758978,,,,,,0.142696339179502
3.372,0.142103224403173,0.142102564239361,0.146984615398002,0.137221833408343,0,
3.37190742218675,,,,,,0.142164282781526
3.3728,0.141569891069839,0.141569230906031,0.146451282064669,0.136688500075009,0,
3.37270550678372,,,,,,0.141632226383551
3.3736,0.141036557736506,0.1410358975727,0.145917948731336,0.136155166741676,0,
3.37350359138069,,,,,,0.141100169985576
3.3744,0.140503224403172,0.14050256423937,0.145384615398002,0.135621833408342,0,
3.37430167597765,,,,,,0.1405681135876
3.3752,0.139969891069839,0.13996923090604,0.144851282064669,0.135088500075009,0,
3.37509976057462,,,,,,0.140036057189626
3.376,0.139436557736505,0.139435897572709,0.144317948731335,0.134555166741675,0,
3.37589784517159,,,,,,0.139504000791651
3.3768,0.138903224403172,0.138902564239379,0.143784615398002,0.134021833408342,0,
3.37669592976856,,,,,,0.138971944393676
3.3776,0.138369891069838,0.138369230906049,0.143251282064668,0.133488500075008,0,
3.37749401436552,,,,,,0.138439887995701
3.3784,0.137836557736505,0.137835897572719,0.142717948731335,0.132955166741675,0,
3.37829209896249,,,,,,0.137907831597726
3.3792,0.137303224403171,0.13730256423939,0.142184615398001,0.132421833408341,0,
3.37909018355946,,,,,,0.137375775199751
3.38,0.136769891069837,0.136769230906059,0.141651282064667,0.131888500075007,0,
3.37988826815642,,,,,,0.136843718801776
3.3808,0.136236557736504,0.13623589757273,0.141117948731334,0.131355166741674,0,
3.38068635275339,,,,,,0.136311662403801
3.3816,0.13570322440317,0.1357025642394,0.140584615398,0.13082183340834,0,
3.38148443735036,,,,,,0.135779606005827
3.3824,0.135169891069837,0.13516923090607,0.140051282064667,0.130288500075007,0,
3.38228252194733,,,,,,0.135247549607852
3.3832,0.134636557736503,0.13463589757274,0.139517948731333,0.129755166741673,0,
3.38308060654429,,,,,,0.134715493209877
3.384,0.134103224403169,0.13410256423941,0.138984615398,0.129221833408339,0,
3.38387869114126,,,,,,0.134183436811903
3.3848,0.133569891069836,0.13356923090608,0.138451282064666,0.128688500075006,0,
3.38467677573823,,,,,,0.133651380413928
3.3856,0.133036557736502,0.133035897572751,0.137917948731332,0.128155166741672,0,
3.3854748603352,,,,,,0.133119324015953
3.3864,0.132503224403169,0.132502564239421,0.137384615397999,0.127621833408338,0,
3.38627294493216,,,,,,0.132587267617979
3.3872,0.131969891069835,0.131969230906091,0.136851282064665,0.127088500075005,0,
3.38707102952913,,,,,,0.132055211220004
3.388,0.131436557736501,0.131435897572761,0.136317948731332,0.126555166741671,0,
3.3878691141261,,,,,,0.131523154822029
3.3888,0.130903224403168,0.130902564239431,0.135784615397998,0.126021833408337,0,
3.38866719872306,,,,,,0.130991098424055
3.3896,0.130369891069834,0.130369230906102,0.135251282064664,0.125488500075004,0,
3.38946528332003,,,,,,0.13045904202608
3.3904,0.1298365577365,0.129835897572772,0.134717948731331,0.12495516674167,0,
3.390263367917,,,,,,0.129926985628105
3.3912,0.129303224403167,0.129302564239442,0.134184615397997,0.124421833408336,0,
3.39106145251397,,,,,,0.12939492923013
3.392,0.128769891069833,0.128769230906112,0.133651282064663,0.123888500075002,0,
3.39185953711093,,,,,,0.128862872832156
3.3928,0.128236557736499,0.128235897572782,0.13311794873133,0.123355166741669,0,
3.3926576217079,,,,,,0.128330816434181
3.3936,0.127703224403165,0.127702564239452,0.132584615397996,0.122821833408335,0,
3.39345570630487,,,,,,0.127798760036206
3.3944,0.127169891069832,0.127169230906122,0.132051282064662,0.122288500075001,0,
3.39425379090184,,,,,,0.127266703638231
3.3952,0.126636557736498,0.126635897572792,0.131517948731329,0.121755166741668,0,
3.3950518754988,,,,,,0.126734647240256
3.396,0.126103224403164,0.126102564239462,0.130984615397995,0.121221833408334,0,
3.39584996009577,,,,,,0.126202590842281
3.3968,0.125569891069831,0.125569230906132,0.130451282064661,0.120688500075001,0,
3.39664804469274,,,,,,0.125670534444306
3.3976,0.125036557736497,0.125035897572801,0.129917948731327,0.120155166741667,0,
3.3974461292897,,,,,,0.125138478046331
3.3984,0.124503224403164,0.124502564239471,0.129384615397994,0.119621833408334,0,
3.39824421388667,,,,,,0.124606421648356
3.3992,0.12396989106983,0.123969230906141,0.12885128206466,0.119088500075,0,
3.39904229848364,,,,,,0.124074365250381
3.4,0.123436557736497,0.12343589757281,0.128317948731327,0.118555166741667,0,
3.39984038308061,,,,,,0.123542308852405
3.4008,0.122903224403163,0.12290256423948,0.127784615397993,0.118021833408333,0,
3.40063846767757,,,,,,0.12301025245443
3.4016,0.12236989106983,0.122369230906149,0.12725128206466,0.117488500075,0,
3.40143655227454,,,,,,0.122478196056455
3.4024,0.121836557736496,0.121835897572818,0.126717948731326,0.116955166741666,0,
3.40223463687151,,,,,,0.121946139658479
3.4032,0.121303224403163,0.121302564239488,0.126184615397993,0.116421833408333,0,
3.40303272146848,,,,,,0.121414083260503
3.404,0.120769891069829,0.120769230906156,0.125651282064659,0.115888500074999,0,
3.40383080606544,,,,,,0.120882026862528
3.4048,0.120236557736496,0.120235897572825,0.125117948731326,0.115355166741666,0,
3.40462889066241,,,,,,0.120349970464552
3.4056,0.119703224403162,0.119702564239494,0.124584615397992,0.114821833408332,0,
3.40542697525938,,,,,,0.119817914066576
3.4064,0.119169891069829,0.119169230906163,0.124051282064659,0.114288500074999,0,
3.40622505985634,,,,,,0.1192858576686
3.4072,0.118636557736495,0.118635897572832,0.123517948731325,0.113755166741665,0,
3.40702314445331,,,,,,0.118753801270623
3.408,0.118103224403162,0.1181025642395,0.122984615397992,0.113221833408332,0,
3.40782122905028,,,,,,0.118221744872647
3.4088,0.117569891069828,0.117569230906169,0.122451282064658,0.112688500074998,0,
3.40861931364725,,,,,,0.117689688474671
3.4096,0.117036557736495,0.117035897572837,0.121917948731325,0.112155166741665,0,
3.40941739824421,,,,,,0.117157632076694
3.4104,0.116503224403161,0.116502564239505,0.121384615397991,0.111621833408331,0,
3.41021548284118,,,,,,0.116625575678717
3.4112,0.115969891069828,0.115969230906173,0.120851282064658,0.111088500074998,0,
3.41101356743815,,,,,,0.116093519280741
3.412,0.115436557736494,0.115435897572841,0.120317948731324,0.110555166741664,0,
3.41181165203512,,,,,,0.115561462882764
3.4128,0.114903224403161,0.114902564239509,0.119784615397991,0.110021833408331,0,
3.41260973663208,,,,,,0.115029406484787
3.4136,0.114369891069827,0.114369230906176,0.119251282064657,0.109488500074997,0,
3.41340782122905,,,,,,0.114497350086809
3.4144,0.113836557736494,0.113835897572844,0.118717948731324,0.108955166741664,0,
3.41420590582602,,,,,,0.113965293688832
3.4152,0.11330322440316,0.113302564239511,0.11818461539799,0.10842183340833,0,
3.41500399042298,,,,,,0.113433237290854
3.416,0.112769891069827,0.112769230906178,0.117651282064657,0.107888500074997,0,
3.41580207501995,,,,,,0.112901180892876
3.4168,0.112236557736493,0.112235897572845,0.117117948731323,0.107355166741663,0,
3.41660015961692,,,,,,0.112369124494899
3.4176,0.11170322440316,0.111702564239512,0.11658461539799,0.10682183340833,0,
3.41739824421389,,,,,,0.11183706809692
3.4184,0.111169891069826,0.111169230906178,0.116051282064656,0.106288500074997,0,
3.41819632881085,,,,,,0.111305011698942
3.4192,0.110636557736493,0.110635897572845,0.115517948731323,0.105755166741663,0,
3.41899441340782,,,,,,0.110772955300964
3.42,0.110103224403159,0.11010256423951,0.114984615397989,0.105221833408329,0,
3.41979249800479,,,,,,0.110240898902985
3.4208,0.109569891069826,0.109569230906176,0.114451282064656,0.104688500074996,0,
3.42059058260176,,,,,,0.109708842505006
3.4216,0.109036557736492,0.109035897572842,0.113917948731322,0.104155166741663,0,
3.42138866719872,,,,,,0.109176786107027
3.4224,0.108503224403159,0.108502564239508,0.113384615397989,0.103621833408329,0,
3.42218675179569,,,,,,0.108644729709048
3.4232,0.107969891069825,0.107969230906173,0.112851282064655,0.103088500074996,0,
3.42298483639266,,,,,,0.108112673311068
3.424,0.107436557736492,0.107435897572838,0.112317948731322,0.102555166741662,0,
3.42378292098963,,,,,,0.107580616913089
3.4248,0.106903224403158,0.106902564239503,0.111784615397988,0.102021833408329,0,
3.42458100558659,,,,,,0.107048560515109
3.4256,0.106369891069825,0.106369230906168,0.111251282064655,0.101488500074995,0,
3.42537909018356,,,,,,0.106516504117129
3.4264,0.105836557736492,0.105835897572832,0.110717948731321,0.100955166741662,0,
3.42617717478053,,,,,,0.105984447719149
3.4272,0.105303224403158,0.105302564239497,0.110184615397988,0.100421833408328,0,
3.42697525937749,,,,,,0.105452391321168
3.428,0.104769891069824,0.10476923090616,0.109651282064654,0.0998885000749948,0,
3.42777334397446,,,,,,0.104920334923187
3.4288,0.104236557736491,0.104235897572824,0.109117948731321,0.0993551667416614,0,
3.42857142857143,,,,,,0.104388278525206
3.4296,0.103703224403158,0.103702564239488,0.108584615397987,0.098821833408328,0,
3.4293695131684,,,,,,0.103856222127225
3.4304,0.103169891069824,0.103169230906151,0.108051282064654,0.0982885000749946,0,
3.43016759776536,,,,,,0.103324165729244
3.4312,0.102636557736491,0.102635897572814,0.107517948731321,0.0977551667416612,0,
3.43096568236233,,,,,,0.102792109331262
3.432,0.102103224403157,0.102102564239477,0.106984615397987,0.0972218334083275,0,
3.4317637669593,,,,,,0.10226005293328
3.4328,0.101569891069824,0.101569230906139,0.106451282064653,0.0966885000749942,0,
3.43256185155626,,,,,,0.101727996535298
3.4336,0.10103655773649,0.101035897572804,0.10591794873132,0.0961551667416608,0,
3.43335993615323,,,,,,0.101195940137315
3.4344,0.100503224403157,0.100502564239475,0.105384615397987,0.0956218334083274,0,
3.4341580207502,,,,,,0.100663883739341
3.4352,0.0999698910698237,0.099969230906145,0.104851282064653,0.095088500074994,0,
3.43495610534717,,,,,,0.100131827341366
3.436,0.0994365577364903,0.0994358975728155,0.10431794873132,0.0945551667416607,0,
3.43575418994413,,,,,,0.0995997709433916
3.4368,0.0989032244031567,0.0989025642394857,0.103784615397986,0.094021833408327,0,
3.4365522745411,,,,,,0.0990677145454172
3.4376,0.0983698910698233,0.0983692309061563,0.103251282064653,0.0934885000749936,0,
3.43735035913807,,,,,,0.0985356581474429
3.4384,0.0978365577364899,0.0978358975728269,0.10271794873132,0.0929551667416603,0,
3.43814844373504,,,,,,0.0980036017494686
3.4392,0.0973032244031566,0.0973025642394976,0.102184615397986,0.0924218334083269,0,
3.438946528332,,,,,,0.0974715453514943
3.44,0.0967698910698232,0.0967692309061683,0.101651282064653,0.0918885000749936,0,
3.43974461292897,,,,,,0.0969394889535201
3.4408,0.0962365577364896,0.0962358975728388,0.101117948731319,0.0913551667416599,0,
3.44054269752594,,,,,,0.0964074325555459
3.4416,0.0957032244031562,0.0957025642395097,0.100584615397986,0.0908218334083266,0,
3.4413407821229,,,,,,0.0958753761575718
3.4424,0.0951698910698229,0.0951692309061805,0.100051282064652,0.0902885000749932,0,
3.44213886671987,,,,,,0.0953433197595978
3.4432,0.0946365577364895,0.0946358975728514,0.0995179487313192,0.0897551667416599,0,
3.44293695131684,,,,,,0.0948112633616237
3.444,0.0941032244031562,0.0941025642395224,0.0989846153979858,0.0892218334083266,0,
3.44373503591381,,,,,,0.0942792069636498
3.4448,0.0935698910698226,0.0935692309061931,0.0984512820646522,0.0886885000749929,0,
3.44453312051077,,,,,,0.0937471505656758
3.4456,0.0930365577364892,0.0930358975728642,0.0979179487313189,0.0881551667416596,0,
3.44533120510774,,,,,,0.0932150941677019
3.4464,0.0925032244031559,0.0925025642395353,0.0973846153979855,0.0876218334083263,0,
3.44612928970471,,,,,,0.0926830377697281
3.4472,0.0919698910698226,0.0919692309062065,0.0968512820646522,0.087088500074993,0,
3.44692737430168,,,,,,0.0921509813717544
3.448,0.0914365577364893,0.0914358975728777,0.0963179487313189,0.0865551667416597,0,
3.44772545889864,,,,,,0.0916189249737806
3.4488,0.0909032244031557,0.0909025642395487,0.0957846153979853,0.0860218334083261,0,
3.44852354349561,,,,,,0.0910868685758069
3.4496,0.0903698910698224,0.09036923090622,0.095251282064652,0.0854885000749928,0,
3.44932162809258,,,,,,0.0905548121778333
3.4504,0.089836557736489,0.0898358975728911,0.0947179487313187,0.0849551667416595,0,
3.45011971268955,,,,,,0.0900227557798597
3.4512,0.0893032244031558,0.0893025642395615,0.0941846153979853,0.0844218334083262,0,
3.45091779728651,,,,,,0.0894906993818857
3.452,0.0887698910698225,0.0887692309062307,0.093651282064652,0.0838885000749929,0,
3.45171588188348,,,,,,0.08895864298391
3.4528,0.0882365577364889,0.0882358975728994,0.0931179487313184,0.0833551667416593,0,
3.45251396648045,,,,,,0.0884265865859342
3.4536,0.0877032244031556,0.0877025642395683,0.0925846153979852,0.082821833408326,0,
3.45331205107741,,,,,,0.0878945301879582
3.4544,0.0871698910698223,0.0871692309062371,0.0920512820646519,0.0822885000749927,0,
3.45411013567438,,,,,,0.0873624737899821
3.4552,0.086636557736489,0.0866358975729057,0.0915179487313186,0.0817551667416597,0,
3.45490822027135,,,,,,0.0868304173920059
3.456,0.0861032244031558,0.0861025642395742,0.0909846153979853,0.0812218334083265,0,
3.45570630486832,,,,,,0.0862983609940295
3.4568,0.0855698910698222,0.0855692309062422,0.0904512820646517,0.0806885000749929,0,
3.45650438946528,,,,,,0.0857663045960529
3.4576,0.0850365577364889,0.0850358975729104,0.0899179487313185,0.0801551667416597,0,
3.45730247406225,,,,,,0.0852342481980763
3.4584,0.0845032244031557,0.0845025642395785,0.0893846153979852,0.0796218334083264,0,
3.45810055865922,,,,,,0.0847021918000995
3.4592,0.0839698910698224,0.0839692309062464,0.0888512820646519,0.0790885000749932,0,
3.45889864325619,,,,,,0.0841701354021225
3.46,0.0834365577364892,0.0834358975729142,0.0883179487313184,0.0785551667416599,0,
3.45969672785315,,,,,,0.0836380790041454
3.4608,0.0829032244031557,0.0829025642395815,0.0877846153979849,0.0780218334083264,0,
3.46049481245012,,,,,,0.0831060226061682
3.4616,0.0823698910698224,0.082369230906249,0.0872512820646516,0.0774885000749932,0,
3.46129289704709,,,,,,0.0825739662081908
3.4624,0.0818365577364892,0.0818358975729164,0.0867179487313184,0.0769551667416599,0,
3.46209098164405,,,,,,0.0820419098102133
3.4632,0.081303224403156,0.0813025642395836,0.0861846153979852,0.0764218334083267,0,
3.46288906624102,,,,,,0.0815098534122357
3.464,0.0807698910698227,0.0807692309062506,0.0856512820646519,0.0758885000749936,0,
3.46368715083799,,,,,,0.0809777970142579
3.4648,0.0802365577364892,0.0802358975729173,0.0851179487313184,0.07535516674166,0,
3.46448523543496,,,,,,0.08044574061628
3.4656,0.079703224403156,0.0797025642395841,0.0845846153979852,0.0748218334083266,0,
3.46528332003192,,,,,,0.0799136842183019
3.4664,0.0791698910698229,0.0791692309062507,0.084051282064652,0.0742885000749933,0,
3.46608140462889,,,,,,0.0793816278203237
3.4672,0.0786365577364895,0.0786358975729172,0.0835179487313188,0.0737551667416599,0,
3.46687948922586,,,,,,0.0788495714223453
3.468,0.0781032244031562,0.0781025642395836,0.0829846153979857,0.0732218334083266,0,
3.46767757382283,,,,,,0.0783175150243668
3.4688,0.0775698910698226,0.0775692309062495,0.0824512820646521,0.0726885000749929,0,
3.46847565841979,,,,,,0.0777854586263882
3.4696,0.0770365577364893,0.0770358975729156,0.0819179487313189,0.0721551667416596,0,
3.46927374301676,,,,,,0.0772534022284094
3.4704,0.0765032244031559,0.0765025642395815,0.0813846153979856,0.0716218334083263,0,
3.47007182761373,,,,,,0.0767213458304305
3.4712,0.0759698910698226,0.0759692309062473,0.0808512820646522,0.071088500074993,0,
3.47086991221069,,,,,,0.0761892894324514
3.472,0.0754365577364893,0.075435897572913,0.0803179487313189,0.0705551667416597,0,
3.47166799680766,,,,,,0.0756572330344723
3.4728,0.0749032244031557,0.0749025642395782,0.0797846153979853,0.0700218334083261,0,
3.47246608140463,,,,,,0.0751251766364929
3.4736,0.0743698910698224,0.0743692309062436,0.079251282064652,0.0694885000749928,0,
3.4732641660016,,,,,,0.0745931202385134
3.4744,0.0738365577364891,0.0738358975729088,0.0787179487313187,0.0689551667416595,0,
3.47406225059856,,,,,,0.0740610638405338
3.4752,0.0733032244031557,0.0733025642395739,0.0781846153979854,0.0684218334083261,0,
3.47486033519553,,,,,,0.0735290074425541
3.476,0.0727698910698224,0.0727692309062389,0.0776512820646521,0.0678885000749928,0,
3.4756584197925,,,,,,0.0729969510445744
3.4768,0.0722365577364888,0.0722358975729034,0.0771179487313184,0.0673551667416592,0,
3.47645650438947,,,,,,0.0724648946465944
3.4776,0.0717032244031555,0.0717025642395681,0.0765846153979851,0.0668218334083259,0,
3.47725458898643,,,,,,0.0719328382486142
3.4784,0.0711698910698222,0.0711692309062326,0.0760512820646518,0.0662885000749926,0,
3.4780526735834,,,,,,0.0714007818506339
3.4792,0.0706365577364889,0.070635897572897,0.0755179487313185,0.0657551667416593,0,
3.47885075818037,,,,,,0.0708687254526534
3.48,0.0701032244031556,0.0701025642395612,0.0749846153979852,0.0652218334083261,0,
3.47964884277733,,,,,,0.0703366690546729
3.4808,0.069569891069822,0.069569230906225,0.0744512820646516,0.0646885000749924,0,
3.4804469273743,,,,,,0.0698046126566921
3.4816,0.0690365577364887,0.069035897572889,0.0739179487313184,0.0641551667416591,0,
3.48124501197127,,,,,,0.0692725562587112
3.4824,0.0685032244031555,0.0685025642395528,0.073384615397985,0.0636218334083259,0,
3.48204309656824,,,,,,0.0687404998607302
3.4832,0.0679698910698221,0.0679692309062165,0.0728512820646517,0.0630885000749926,0,
3.4828411811652,,,,,,0.068208443462749
3.484,0.0674365577364889,0.06743589757288,0.0723179487313184,0.0625551667416593,0,
3.48363926576217,,,,,,0.0676763870647677
3.4848,0.0669032244031553,0.0669025642395431,0.0717846153979848,0.0620218334083257,0,
3.48443735035914,,,,,,0.0671443306667863
3.4856,0.066369891069822,0.0663692309062068,0.0712512820646516,0.0614885000749924,0,
3.48523543495611,,,,,,0.0666122742688047
3.4864,0.0658365577364887,0.0658358975728711,0.0707179487313183,0.0609551667416591,0,
3.48603351955307,,,,,,0.0660802178708239
3.4872,0.0653032244031554,0.0653025642395356,0.070184615397985,0.0604218334083258,0,
3.48683160415004,,,,,,0.0655481614728435
3.488,0.0647698910698221,0.0647692309062001,0.0696512820646517,0.0598885000749925,0,
3.48762968874701,,,,,,0.0650161050748631
3.4888,0.0642365577364886,0.0642358975728642,0.0691179487313181,0.059355166741659,0,
3.48842777334397,,,,,,0.0644840486768826
3.4896,0.0637032244031553,0.0637025642395286,0.0685846153979848,0.0588218334083257,0,
3.48922585794094,,,,,,0.0639519922789021
3.4904,0.063169891069822,0.0631692309061933,0.0680512820646516,0.0582885000749924,0,
3.49002394253791,,,,,,0.0634199358809216
3.4912,0.0626365577364887,0.0626358975728582,0.0675179487313183,0.0577551667416592,0,
3.49082202713488,,,,,,0.0628878794829416
3.492,0.0621032244031555,0.0621025642395232,0.066984615397985,0.0572218334083259,0,
3.49162011173184,,,,,,0.0623558230849616
3.4928,0.0615698910698219,0.0615692309061881,0.0664512820646515,0.0566885000749924,0,
3.49241819632881,,,,,,0.0618237666869818
3.4936,0.0610365577364886,0.0610358975728535,0.0659179487313182,0.0561568418353463,0,
3.49321628092578,,,,,,0.0612917102890022
3.4944,0.0605032244031554,0.0605025642395189,0.0653846153979849,0.0556285836282933,0,
3.49401436552275,,,,,,0.0607596538910227
3.49515488812438,0.059999965653569,0.0599999112929413,0.0906646646574337,0.0293352122890767,,
3.49481245011971,,,,,,0.0602275974930433
3.49515488812438,0.059999965653569,0.0599999112929413,0.0906646646574337,0.0293352122890767,,
3.4952,0.0599698978413378,0.0599699165160781,0.0648512820646517,0.0551039884108035,0,
3.496,0.0594388582520872,0.0594395273920611,0.0643179487313184,0.0545828230466127,0,
3.49561053471668,,,,,,0.0596969529770525
3.4968,0.0589117022696678,0.0589124924700593,0.0637846153979848,0.0540648779986674,0,
3.49640861931365,,,,,,0.0591694415323981
3.4976,0.0583881913957627,0.0583889406728546,0.0632519142580784,0.0535499626708916,0,
3.49720670391061,,,,,,0.0586454834118057
3.4984,0.0578680815144937,0.0578686702956385,0.0627219768934616,0.0530379031829356,0,
3.49800478850758,,,,,,0.0581249015551683
3.4992,0.0573511667654614,0.0573515420907421,0.0621959052546272,0.0525285266474009,0,
3.49880287310455,,,,,,0.0576074717095914
3.5,0.0568372536977849,0.0568374014174365,0.0616734498636439,0.0520216925055216,0,
3.49960095770152,,,,,,0.0570931436974345
3.5008,0.0563261693022377,0.0563261054688907,0.0611543702812874,0.0515172786553841,0,
3.50039904229848,,,,,,0.0565816591374386
3.5016,0.0558177324462749,0.0558174948463976,0.0606384577923544,0.0510151896525741,0,
3.50119712689545,,,,,,0.0560729933959026
3.5024,0.0553118179816603,0.0553114238669891,0.0601255198170869,0.050515334395387,0,
3.50199521149242,,,,,,0.0555668552233495
3.5032,0.0548083001035259,0.0548078045614139,0.059615375101112,0.0500176520424612,0,
3.50279329608939,,,,,,0.0550632445049736
3.504,0.0543070971175045,0.0543065317759485,0.0591078579224138,0.0495220814317098,0,
3.50359138068635,,,,,,0.0545619887287576
3.5048,0.0538081083422189,0.0538075307089845,0.0586028394298017,0.0490285823564209,0,
3.50438946528332,,,,,,0.0540630493678022
3.5056,0.0533112957641208,0.0533107464769413,0.058100207568456,0.0485371193585109,0,
3.50518754988029,,,,,,0.0535663179159795
3.5064,0.052816580507632,0.0528161359416893,0.0575998710643364,0.0480476694598622,0,
3.50598563447725,,,,,,0.0530717911376551
3.5072,0.0523239471633717,0.0523236432508338,0.0571017520638788,0.0475602146416576,0,
3.50678371907422,,,,,,0.0525793889882603
3.508,0.0518333447421956,0.0518332274165667,0.0566057948400433,0.047074743649313,0,
3.50758180367119,,,,,,0.0520890789088383
3.5088,0.0513447698405476,0.051344857052625,0.0561119453145826,0.0465912556898657,0,
3.50837988826816,,,,,,0.051600812702213
3.5096,0.0508581927528378,0.0508585016070708,0.0556201725470561,0.0461097539189376,0,
3.50917797286512,,,,,,0.0511145747660659
3.5104,0.0503736162121487,0.0503741161586921,0.055130445122881,0.045630247755348,0,
3.50997605746209,,,,,,0.050630321439676
3.5112,0.0498910366468314,0.0498916834593365,0.0546427479517281,0.0451527471433721,0,
3.51077414205906,,,,,,0.0501480072811973
3.512,0.0494104630345232,0.04941124909144,0.0541570653156737,0.0446772668393122,0,
3.51157222665603,,,,,,0.0496676402986994
3.5128,0.048931905691086,0.0489328128248937,0.0536733971691141,0.0442038274615152,0,
3.51237031125299,,,,,,0.0491892984941108
3.5136,0.0484553747870722,0.0484563361940535,0.0531917457624168,0.0437324526229578,0,
3.51316839584996,,,,,,0.0487129135215682
3.5144,0.0479808900756387,0.0479818880019206,0.0527121209702612,0.0432631698929229,0,
3.51396648044693,,,,,,0.0482384731970219
3.5152,0.0475084740994711,0.0475095184870477,0.0522345333347864,0.0427960112259015,0,
3.51476456504389,,,,,,0.047766114590429
3.516,0.0470381528109699,0.0470392201391958,0.0517589980233989,0.0423310070800947,0,
3.51556264964086,,,,,,0.0472958138144369
3.5168,0.0465699569589202,0.0465710215532549,0.0512855367135943,0.0418681792891606,0,
3.51636073423783,,,,,,0.0468275771807851
3.5176,0.0461039215981309,0.0461049792616089,0.0508141742874829,0.0414075558371949,0,
3.5171588188348,,,,,,0.0463614514040226
3.5184,0.045640074023789,0.0456411263476764,0.0503449398769671,0.0409491749226165,0,
3.51795690343176,,,,,,0.0458975003504523
3.5192,0.0451784313233856,0.0451794833437125,0.0498778673311499,0.0404930644802269,0,
3.51875498802873,,,,,,0.0454357316134641
3.52,0.0447190360174196,0.0447200884575853,0.0494129885418255,0.0400392520170392,0,
3.5195530726257,,,,,,0.0449761758929625
3.5208,0.0442619235978147,0.0442629766237026,0.0489503260580137,0.0395877732827323,0,
3.52035115722267,,,,,,0.0445188769012174
3.5216,0.0438071144625927,0.0438081786139256,0.0484899115036101,0.039138659824547,0,
3.52114924181963,,,,,,0.0440638621830191
3.5224,0.0433546474534217,0.0433557256857162,0.0480317846926178,0.0386919405046816,0,
3.5219473264166,,,,,,0.0436111646456724
3.5232,0.042904556802701,0.0429056476531442,0.0475759735801807,0.0382476457251133,0,
3.52274541101357,,,,,,0.0431608138700091
3.524,0.0424568727580721,0.0424579765400692,0.0471225098989754,0.0378058082206381,0,
3.52354349561053,,,,,,0.0427128394724232
3.5248,0.0420116245516344,0.0420127448324185,0.0466714309733902,0.0373664569500614,0,
3.5243415802075,,,,,,0.0422672749053706
3.5256,0.0415688470493698,0.0415699814146832,0.0462227697362259,0.0369296194903262,0,
3.52513966480447,,,,,,0.0418241515193122
3.5264,0.0411285725185215,0.0411297160003284,0.0457765568050249,0.0364953267082703,0,
3.52593774940144,,,,,,0.0413834959981111
3.5272,0.0406908271140379,0.0406919792193316,0.0453328258758911,0.0360636066442135,0,
3.5267358339984,,,,,,0.0409453399245917
3.528,0.0402556437393408,0.0402568003551738,0.0448916113472534,0.0356344850412836,0,
3.52753391859537,,,,,,0.040509712852274
3.5288,0.0398230527325887,0.039824208185316,0.0444529426824978,0.03520798817479,0,
3.52833200319234,,,,,,0.0400766435079245
3.5296,0.0393930807869777,0.0393942313513666,0.0440168513630522,0.0347841425794958,0,
3.52913008778931,,,,,,0.0396461603520443
3.5304,0.0389657547619333,0.0389668981612643,0.0435833697636592,0.0343629721165087,0,
3.52992817238627,,,,,,0.0392182918046981
3.5312,0.0385411029637549,0.0385422364797154,0.0431525268753531,0.0339444987992293,0,
3.53072625698324,,,,,,0.0387930657501758
3.532,0.0381191513752222,0.0381202737966515,0.0427243505076277,0.0335287461890021,0,
3.53152434158021,,,,,,0.0383705097015567
3.5328,0.0376999220868489,0.0377010372272302,0.0422988695508979,0.033115735817077,0,
3.53232242617717,,,,,,0.0379506508007093
3.5336,0.0372834402650284,0.0372845440142768,0.041876111759481,0.0327054877794856,0,
3.53312051077414,,,,,,0.0375335158182915
3.5344,0.0368697288353197,0.0368708133773459,0.0414561013455624,0.0322980214744311,0,
3.53391859537111,,,,,,0.0371191153455643
3.5352,0.0364588089612644,0.0364598709419292,0.0410388635526482,0.0318933553679464,0,
3.53471667996808,,,,,,0.0367074741515685
3.536,0.0360507011348377,0.0360517399158473,0.0406244229113462,0.0314915067391456,0,
3.53551476456504,,,,,,0.0362986181250837
3.5368,0.0356454249613582,0.0356464411469262,0.0402128019795069,0.031092491767881,0,
3.53631284916201,,,,,,0.0358925684388397
3.5376,0.0352429987826986,0.035243994693462,0.0398040223166162,0.0306963255117471,0,
3.53711093375898,,,,,,0.0354893454835428
3.5384,0.03484343979781,0.0348444198242191,0.0393981046217647,0.0303030217679519,0,
3.53790901835595,,,,,,0.035088968867876
3.5392,0.0344467640366603,0.0344477253340854,0.0389950683761107,0.0299125926828225,0,
3.53870710295291,,,,,,0.034691457418499
3.54,0.0340529863341707,0.0340539249997897,0.0385949318413631,0.0295250498121121,0,
3.53950518754988,,,,,,0.0342968134994357
3.5408,0.0336621195674459,0.0336630369663145,0.0381977120665891,0.0291404033119829,0,
3.54030327214685,,,,,,0.0339050578548454
3.5416,0.0332741761337925,0.0332750756839365,0.0378034248590838,0.028758661995176,0,
3.54110135674381,,,,,,0.0335162068128616
3.5424,0.032889166950757,0.0328900537552992,0.0374120841336647,0.0283798333624856,0,
3.54189944134078,,,,,,0.0331302735079242
3.5432,0.0325071015171949,0.0325079827747916,0.0370237030184162,0.0280039243222103,0,
3.54269752593775,,,,,,0.0327472700758055
3.544,0.0321279879522465,0.0321288733285482,0.0366382932724376,0.0276309487111987,0,
3.54349561053472,,,,,,0.0323672076536107
3.5448,0.0317518329649343,0.0317527289586566,0.036255865155969,0.0272609131837287,0,
3.54429369513168,,,,,,0.0319900963797777
3.5456,0.0313786516603262,0.0313795571696453,0.0358764274742651,0.0268938201647682,0,
3.54509177972865,,,,,,0.0316159358799021
3.5464,0.0310084513936879,0.031009366496855,0.0354999875546949,0.0265296742686163,0,
3.54588986432562,,,,,,0.0312447381565092
3.5472,0.0306412347855713,0.0306421624446597,0.0351265603030503,0.0261684793048199,0,
3.54668794892259,,,,,,0.0308765096526699
3.548,0.0302770068463751,0.0302779492507584,0.0347561543428154,0.0258099947064509,0,
3.54748603351955,,,,,,0.0305112552760955
3.5488,0.0299157717355916,0.0299167300470752,0.0343887729955307,0.0254549983767069,0,
3.54828411811652,,,,,,0.0301489788392367
3.5496,0.0295575327827897,0.0295585071045188,0.0340244214671781,0.025102715104486,0,
3.54908220271349,,,,,,0.0297896830592838
3.5504,0.0292022928639255,0.0292032886022636,0.0336631043133501,0.0247533911865369,0,
3.54988028731045,,,,,,0.0294333699354168
3.5512,0.0288500541282351,0.0288510747296713,0.0333050708591284,0.0244070268608248,0,
3.55067837190742,,,,,,0.0290800509348746
3.552,0.0285008174428105,0.0285018631643156,0.0329496318876746,0.0240636217146495,0,
3.55147645650439,,,,,,0.0287297201435599
3.5528,0.0281545832309368,0.0281556528796981,0.0325974803845087,0.0237231747045146,0,
3.55227454110136,,,,,,0.0283823771873948
3.5536,0.0278113512235821,0.0278124418530189,0.0322483738129223,0.0233856836040722,0,
3.55307262569832,,,,,,0.0280380207054738
3.5544,0.0274711204826197,0.0274722270651779,0.0319023127398693,0.0230511443387517,0,
3.55387071029529,,,,,,0.027696648350064
3.5552,0.027133888790696,0.0271350060268231,0.0315592970016874,0.022719554479424,0,
3.55466879489226,,,,,,0.027358256786605
3.556,0.0267996519291465,0.0268007859059714,0.0312193256692436,0.0223909101991346,0,
3.55546687948923,,,,,,0.027022843986452
3.5568,0.0264684077011804,0.0264695606988111,0.0308823963810907,0.0220652069497021,0,
3.55626496408619,,,,,,0.0266904217102835
3.5576,0.026140152102547,0.0261413220850799,0.0305485051509027,0.0217424395839556,0,
3.55706304868316,,,,,,0.0263609750941253
3.5584,0.0258148804764771,0.0258160645134696,0.0302176496045928,0.0214226023712357,0,
3.55786113328013,,,,,,0.0260344991591591
3.5592,0.0254925875301875,0.0254937816302497,0.0298898256293223,0.0211056890128615,0,
3.5586592178771,,,,,,0.0257109881317754
3.56,0.025173267351387,0.0251744662792691,0.0295650284227091,0.0207916926575673,0,
3.55945730247406,,,,,,0.0253904354435734
3.5608,0.024856913424782,0.0248581128077058,0.0292432525103388,0.0204806063421329,0,
3.56025538707103,,,,,,0.0250728337313612
3.5616,0.024543518648581,0.0245447219966307,0.0289244917633073,0.0201724222972203,0,
3.561053471668,,,,,,0.0247581782160396
3.5624,0.0242330758999416,0.02423428381822,0.0286087394157958,0.019867132073567,0,
3.56185155626496,,,,,,0.0244464722881645
3.5632,0.0239255769975,0.0239267872187859,0.0282959882063899,0.0195647268484704,0,
3.56264964086193,,,,,,0.0241376997766038
3.564,0.0236210131228999,0.023622223117374,0.0279862306002213,0.0192651973792381,0,
3.5634477254589,,,,,,0.0238318520999536
3.5648,0.0233193751272557,0.0233205817943498,0.0276794580468328,0.0189685339805126,0,
3.56424581005587,,,,,,0.0235289200442027
3.5656,0.0230206533758955,0.0230218528913979,0.027375661401685,0.0186747265405271,0,
3.56504389465283,,,,,,0.0232288937627324
3.5664,0.0227248377659363,0.0227260270566398,0.027074831123913,0.0183837645373448,0,
3.5658419792498,,,,,,0.0229317627763168
3.5672,0.0224319177438576,0.0224330970951549,0.0267769571613193,0.0180956370701441,0,
3.56664006384677,,,,,,0.0226375183259779
3.568,0.0221418823230767,0.0221430508729187,0.0264820289692668,0.0178103329653124,0,
3.56743814844374,,,,,,0.0223461539718971
3.5688,0.0218547201244614,0.0218558759389788,0.0261900355295895,0.0175278405691316,0,
3.5682362330407,,,,,,0.0220576552517573
3.5696,0.0215704195237583,0.0215715604544343,0.0259009653773939,0.0172481478665351,0,
3.56903431763767,,,,,,0.0217720106979938
3.5704,0.0212889682508861,0.02129009217899,0.0256148066829074,0.0169712425552815,0,
3.56983240223464,,,,,,0.0214892084356356
3.5712,0.0210103537893225,0.0210114584850765,0.025331547205513,0.0166971120234857,0,
3.5706304868316,,,,,,0.0212092361962577
3.572,0.0207345632808178,0.0207356463719705,0.0250511741736734,0.0164257433659603,0,
3.57142857142857,,,,,,0.0209320813319342
3.5728,0.0204615835431629,0.0204626424799157,0.0247736745148587,0.0161571234005518,0,
3.57222665602554,,,,,,0.0206577308291916
3.5736,0.0201914010879578,0.0201924331042425,0.0244990348004948,0.0158912386844725,0,
3.57302474062251,,,,,,0.0203861713229612
3.5744,0.0199240021383802,0.0199250042094892,0.0242272412651603,0.0156280753867408,0,
3.57382282521947,,,,,,0.0201173891105324
3.5752,0.0196593726469535,0.0196603414435217,0.0239582798257863,0.0153676194018185,0,
3.57462090981644,,,,,,0.0198513701655059
3.576,0.0193974980392103,0.019398430151654,0.0236921361008612,0.0151098565949299,0,
3.57541899441341,,,,,,0.0195881001517461
3.5768,0.0191383636460524,0.0191392553907691,0.023428795299423,0.0148547726627703,0,
3.57621707901037,,,,,,0.0193275644373341
3.5776,0.0188819548225325,0.0188828058810949,0.0231682422834439,0.0146023530359219,0,
3.57701516360734,,,,,,0.0190697481085213
3.5784,0.0186282565487474,0.0186290693187469,0.022910461873655,0.0143525829744376,0,
3.57781324820431,,,,,,0.0188146413571208
3.5792,0.0183772536148247,0.0183780282824302,0.0226554387085098,0.0141054475837892,0,
3.57861133280128,,,,,,0.0185622310764165
3.58,0.0181289306382676,0.0181296666025586,0.0224031571276502,0.0138609318308248,0,
3.57940941739824,,,,,,0.0183124984381489
3.5808,0.0178832720812992,0.0178839690265005,0.0221536012786547,0.0136190205597322,0,
3.58020750199521,,,,,,0.018065428390054
3.5816,0.0176402622682071,0.0176409201899198,0.0219067551357774,0.013379696756447,0,
3.58100558659218,,,,,,0.0178210057559572
3.5824,0.0173998854026877,0.0174005046349782,0.0216626025186816,0.0131429433617044,0,
3.58180367118915,,,,,,0.0175792152537589
3.5832,0.0171621211619213,0.0171627068285364,0.0214211271111628,0.0129087460741145,0,
3.58260175578611,,,,,,0.0173400415134208
3.584,0.0169269557625332,0.0169275111803568,0.0211823098081619,0.0126770889210272,0,
3.58339984038308,,,,,,0.0171034690949519
3.5848,0.0166943726827917,0.0166949020613045,0.0209461335627501,0.0124479558002706,0,
3.58419792498005,,,,,,0.0168694825063947
3.5856,0.016464355243585,0.0164648638215499,0.0207125823712102,0.0122213305192005,0,
3.58499600957702,,,,,,0.0166380662218108
3.5864,0.0162368866657199,0.0162373808087706,0.0204816390053495,0.0119971968076413,0,
3.58579409417398,,,,,,0.0164092046992676
3.5872,0.0160119500839772,0.0160124373863525,0.0202532861090344,0.0117755383308381,0,
3.58659217877095,,,,,,0.0161828823988238
3.588,0.0157895285611682,0.0157900179515926,0.0200275062304966,0.0115563381284905,0,
3.58739026336792,,,,,,0.015959083800516
3.5888,0.0155696051021908,0.0155700831427916,0.0198042818375041,0.0113395776876249,0,
3.58818834796488,,,,,,0.015737793422344
3.5896,0.0153521606536667,0.0153526157238449,0.0195835953325208,0.0111252391642145,0,
3.58898643256185,,,,,,0.0155189647694833
3.5904,0.0151371755583851,0.0151376078462468,0.019365427627367,0.0109133071051948,0,
3.58978451715882,,,,,,0.0153025898401931
3.5912,0.0149246343731127,0.0149250440258715,0.019149758524427,0.0107037643890168,0,
3.59058260175579,,,,,,0.0150886609061342
3.592,0.0147145193452643,0.0147149063826066,0.0189365707672832,0.0104965938308502,0,
3.59138068635275,,,,,,0.014877160285319
3.5928,0.0145068126548534,0.0145071769516957,0.0187258466131822,0.0102917781917622,0,
3.59217877094972,,,,,,0.0146680702045041
3.5936,0.01430149642447,0.0143018376934742,0.0185175676111007,0.0100893001879083,0,
3.59297685554669,,,,,,0.0144613728088099
3.5944,0.0140985527292595,0.0140988705031048,0.0183117152484731,0.00988914249973421,0,
3.59377494014366,,,,,,0.0142570501713412
3.5952,0.0138979636069004,0.0138982572203124,0.0181082709619675,0.00969128738295533,0,
3.59457302474062,,,,,,0.0140550843028066
3.596,0.0136997110675826,0.01369997963912,0.0179072161482517,0.00949571562180534,0,
3.59537110933759,,,,,,0.0138554571611389
3.5968,0.0135037746915056,0.0135040195175841,0.0177085321747488,0.00930241038535571,0,
3.59616919393456,,,,,,0.013658150661115
3.5976,0.0133101371168982,0.0133103585875299,0.0175121983761329,0.00911135428010605,0,
3.59696727853152,,,,,,0.0134631466839758
3.5984,0.0131187803605636,0.0131189785642873,0.0173181961865985,0.00892252958108119,0,
3.59776536312849,,,,,,0.0132704270870462
3.5992,0.012929686048326,0.0129298611564255,0.0171265070921063,0.00873591854127381,0,
3.59856344772546,,,,,,0.0130799737133555
3.6,0.0127428357848353,0.0127429865414667,0.0169371121287835,0.00855150339885304,0,
3.59936153232243,,,,,,0.0128917684012568
3.6008,0.0125582111613651,0.0125583369704901,0.0167499922520801,0.00836926638438184,0,
3.60015961691939,,,,,,0.0127057910765192
3.6016,0.0123757937636109,0.0123758944512664,0.0165651284049264,0.00818918971235984,0,
3.60095770151636,,,,,,0.0125220247429835
3.6024,0.0121955651794882,0.0121956406847581,0.016382501526123,0.00801125535802069,0,
3.60175578611333,,,,,,0.0123404513188819
3.6032,0.0120175067611086,0.0120175573788057,0.0162020925587174,0.00783544491235004,0,
3.6025538707103,,,,,,0.0121610526145661
3.604,0.0118415993922285,0.0118416262843145,0.0160238822282369,0.00766174103214981,0,
3.60335195530726,,,,,,0.011983810475534
3.6048,0.0116678251285593,0.0116678292047025,0.0158478507953164,0.00749012589427046,0,
3.60415003990423,,,,,,0.0118087067917661
3.6056,0.0114961655162769,0.0114961480053483,0.0156739796084375,0.00732058169662788,0,
3.6049481245012,,,,,,0.0116357235070612
3.6064,0.0113266021272238,0.0113265646230398,0.0155022496126864,0.00715309613530965,0,
3.60574620909816,,,,,,0.0114648426283726
3.6072,0.0111591165659055,0.0111590610754216,0.0153326417492303,0.00698766457531726,0,
3.60654429369513,,,,,,0.0112960462351442
3.608,0.0109936904764889,0.0109936194704431,0.0151651424670772,0.00682425013154715,0,
3.6073423782921,,,,,,0.0111293164886464
3.6088,0.0108303055497989,0.0108302220158073,0.0149997458947407,0.00666283515799315,0,
3.60814046288907,,,,,,0.0109646356413123
3.6096,0.0106689435303163,0.0106688510284181,0.0148364139221221,0.00650340043314216,0,
3.60893854748603,,,,,,0.0108019860460739
3.6104,0.0105095845191342,0.0105094870700825,0.0146751276163083,0.00634592830689773,0,
3.609736632083,,,,,,0.0106413501656977
3.6112,0.0103522103001015,0.0103520978391964,0.0145158665123379,0.00619040159744186,0,
3.61053471667997,,,,,,0.0104827083278546
3.612,0.0101968031259759,0.0101966740321538,0.0143586118286356,0.00603680262742537,0,
3.61133280127694,,,,,,0.0103260258798481
3.6128,0.0100433446997296,0.010043199911787,0.0142033451982802,0.00588511373748937,0,
3.6121308858739,,,,,,0.0101712987893047
3.6136,0.00989181677464082,0.00989165745896003,0.014050047736881,0.00573531731696143,0,
3.61292897047087,,,,,,0.010018509097609
3.6144,0.00974220115935979,0.00974202874288053,0.0138987006170392,0.00558739580862503,0,
3.61372705506784,,,,,,0.00986763892795044
3.6152,0.00959447972297316,0.00959429592800424,0.0137492850737079,0.00544133171349739,0,
3.6145251396648,,,,,,0.0097186704921465
3.616,0.00944863440006953,0.00944844128094012,0.0136017824095453,0.00529710759561639,0,
3.61532322426177,,,,,,0.00957158609746551
3.6168,0.00930464719580449,0.00930444717735515,0.0134561740002576,0.00515470608683604,0,
3.61612130885874,,,,,,0.00942636815344971
3.6176,0.00916250019096571,0.00916229610887913,0.0133124412999342,0.00501410989162978,0,
3.61691939345571,,,,,,0.0092829991787383
3.6184,0.00902217554703837,0.00902197069000988,0.0131705658463743,0.0048753017919038,0,
3.61771747805267,,,,,,0.00914146180789035
3.6192,0.00888365551126987,0.00888345366501759,0.0130305292664044,0.00473826465181728,0,
3.61851556264964,,,,,,0.00900173879820788
3.62,0.00874692242173527,0.00874672791485009,0.0128923132811879,0.00460298142261211,0,
3.61931364724661,,,,,,0.00886381303655876
3.6208,0.00861195871240233,0.00861177646403756,0.0127558997115255,0.0044694351474509,0,
3.62011173184358,,,,,,0.00872766754619982
3.6216,0.00847874691819665,0.00847857739452864,0.0126212704831481,0.00433760896626295,0,
3.62090981644054,,,,,,0.00859328549359976
3.6224,0.00834726968006703,0.00834710403635382,0.0124884076320007,0.00420748612059921,0,
3.62170790103751,,,,,,0.00846064430595974
3.6232,0.00821750975005024,0.00821734712557564,0.012357293309518,0.00407904879923576,0,
3.62250598563448,,,,,,0.0083297168732961
3.624,0.00808944849781128,0.00808929086357767,0.0122279094486258,0.00395227984127506,0,
3.62330407023144,,,,,,0.00820049683221922
3.6248,0.00796306850582921,0.00796291808728356,0.0121002371623654,0.00382716344415552,0,
3.62410215482841,,,,,,0.00807296705166697
3.6256,0.00783835383213165,0.00783821174291475,0.0119742588938053,0.00370368340865305,0,
3.62490023942538,,,,,,0.00794711050502534
3.6264,0.00771528757721218,0.00771515489043103,0.0118499580006908,0.00358182340581466,0,
3.62569832402235,,,,,,0.00782291027451609
3.6272,0.0075938529655175,0.00759373070797041,0.011727317136915,0.00346156722520392,0,
3.62649640861931,,,,,,0.00770034955558413
3.628,0.00747403335004357,0.00747392249628961,0.0116063190903572,0.00334289877935366,0,
3.62729449321628,,,,,,0.00757941166128551
3.6288,0.00735581221693138,0.00735571368320432,0.0114869467876213,0.00322580210822554,0,
3.62809257781325,,,,,,0.00746008002667482
3.6296,0.00723917319006269,0.00723908782802938,0.0113691832987685,0.00311026138367627,0,
3.62889066241022,,,,,,0.0073423382131928
3.6304,0.00712410003565623,0.0071240286260193,0.0112530118420426,0.00299626091393109,0,
3.62968874700718,,,,,,0.00722616991305403
3.6312,0.00701057666686307,0.00701051991280816,0.0111384157885882,0.00288378514806314,0,
3.63048683160415,,,,,,0.00711155895363453
3.632,0.0068985871483628,0.00689854566885012,0.0110253786671627,0.00277281868047993,0,
3.63128491620112,,,,,,0.00699848930185933
3.6328,0.00678811570095928,0.00678808383653302,0.0109138841688422,0.00266334625541565,0,
3.63208300079808,,,,,,0.00688694506859016
3.6336,0.00667914670617642,0.0066791154732923,0.01080391615172,0.00255535277142998,0,
3.63288108539505,,,,,,0.00677690362596203
3.6344,0.00657166471085432,0.00657162923520806,0.0106954586456008,0.00244881694563995,0,
3.63367916999202,,,,,,0.00666834661811383
3.6352,0.00646564456902417,0.00646560962715419,0.0105884923342385,0.00234371815713223,0,
3.63447725458899,,,,,,0.00656126359895339
3.636,0.00636106724609774,0.00636104069983865,0.0104829936579897,0.00224004491047803,0,
3.63527533918595,,,,,,0.0064556386300939
3.6368,0.00625792498368598,0.0062579066218788,0.0103789473193057,0.00213778474081241,0,
3.63607342378292,,,,,,0.00635145588752207
3.6376,0.00615620208800254,0.00615619168251133,0.0102763423308761,0.0020369224152858,0,
3.63687150837989,,,,,,0.00624869966427597
3.6384,0.00605588297940076,0.00605588029430239,0.0101751626521175,0.00193744280881688,0,
3.63766959297686,,,,,,0.00614735437312284
3.6392,0.00595695219442705,0.00595695699585727,0.0100753923650109,0.00183933090613788,0,
3.63846767757382,,,,,,0.00604740454923691
3.64,0.00585939438787499,0.00585940645453055,0.00997701567616417,0.00174257180384323,0,
3.63926576217079,,,,,,0.00594883485287728
3.6408,0.00576319433483904,0.00576321346913599,0.0098800169188708,0.00164715071244129,0,
3.64006384676776,,,,,,0.00585163007206565
3.6416,0.00566833693276829,0.00566836297265645,0.00978438055516604,0.00155305295840875,0,
3.64086193136472,,,,,,0.00575577512526421
3.6424,0.00557480720352045,0.00557484003495409,0.00969009117788,0.00146026398624802,0,
3.64166001596169,,,,,,0.00566125506405346
3.6432,0.00548259029541538,0.00548262986547994,0.00959713351268781,0.00136876936054707,0,
3.64245810055866,,,,,,0.00556805507581001
3.644,0.00539167148528904,0.00539171278568801,0.00950549242015734,0.0012785547680423,0,
3.64325618515563,,,,,,0.00547616048638441
3.6448,0.00530203618054728,0.00530207502315847,0.00941515289779402,0.00118960601968377,0,
3.64405426975259,,,,,,0.00538555136546555
3.6456,0.0052136699212196,0.0052137037603624,0.0093261000820831,0.00110190710262513,0,
3.64485235434956,,,,,,0.0052962145265239
3.6464,0.00512655470025678,0.00512658454639261,0.00923831751885124,0.00101544136708108,0,
3.64565043894653,,,,,,0.00520813727827299
3.6472,0.00504067434047087,0.00504070292565726,0.00915178767364656,0.000930195671022777,0,
3.6464485235435,,,,,,0.00512130515318745
3.648,0.00495601786790164,0.0049560445686872,0.00906649653734972,0.000846157604324622,0,
3.64724660814046,,,,,,0.00503570380704242
3.6488,0.0048725710098809,0.00487259527389252,0.00898243127345791,0.000763313259876186,0,
3.64804469273743,,,,,,0.0049513190206492
3.6496,0.00479031960924045,0.00479034096931904,0.00889957735924516,0.000681648840002561,0,
3.6488427773344,,,,,,0.00486813670159101
3.6504,0.00470924962547357,0.00470926771440483,0.00881792039471146,0.000601150657665508,0,
3.64964086193136,,,,,,0.00478614288595866
3.6512,0.00462934713589669,0.00462936170173691,0.00873744610370476,0.000521805137666108,0,
3.65043894652833,,,,,,0.00470532374008628
3.652,0.00455059833681072,0.00455060925880754,0.00865814033504131,0.000443598817848243,0,
3.6512370311253,,,,,,0.00462566556228704
3.6528,0.00447298954466267,0.00447299684977093,0.00857998906362515,0.000366518350303888,0,
3.65203511572227,,,,,,0.00454715478458883
3.6536,0.00439650719720722,0.00439651107719972,0.008502978391566,0.000290550502579252,0,
3.65283320031923,,,,,,0.00446977797446999
3.6544,0.00432113785466813,0.00432113868384149,0.0084270945492961,0.000215682158882097,0,
3.6536312849162,,,,,,0.00439352183659501
3.6552,0.0042468682009,0.00424686128551521,0.00835232389668604,0.000141900321290405,0,
3.65442936951317,,,,,,0.00431837321455027
3.656,0.00417368504454951,0.00417366874728313,0.0082786529241591,6.91909605797527e-05,0,
3.65522745411014,,,,,,0.00424431363601356
3.6568,0.00410157270107024,0.00410154856802268,0.00820606678504,-2.45957027847419e-06,0,
3.6560255387071,,,,,,0.00417133337906065
3.6576,0.00403051949537742,0.00403048779190082,0.00813455176672614,-7.3063108108468e-05,0,
3.65682362330407,,,,,,0.00409941992992836
3.6584,0.00396051285273799,0.00396047357299677,0.00806409545622387,-0.000142632103277581,0,
3.65762170790104,,,,,,0.00402856041304149
3.6592,0.00389153993144706,0.00389149319305246,0.00799468488746263,-0.000211179109717722,0,
3.658419792498,,,,,,0.00395874207829508
3.66,0.00382358800801728,0.0038235340624949,0.00792630704918207,-0.000278716568533956,0,
3.65921787709497,,,,,,0.00388995230206492
3.6608,0.0037566444779334,0.0037565837214589,0.00785894905448464,-0.000345256807192398,0,
3.66001596169194,,,,,,0.00382217858821797
3.6616,0.00369069685640669,0.00369062984080966,0.00779259814153249,-0.000410812038707785,0,
3.66081404628891,,,,,,0.00375540856912283
3.6624,0.00362573277912937,0.00362566022316526,0.00772724167424385,-0.000475394360830593,0,
3.66161213088587,,,,,,0.00368963000666022
3.6632,0.00356174000302921,0.00356166280391946,0.00766286714298917,-0.000539015755233613,0,
3.66241021548284,,,,,,0.00362483079323342
3.664,0.00349870640702371,0.003498625652264,0.00759946216528653,-0.000601688086698604,0,
3.66320830007981,,,,,,0.00356099895277874
3.6648,0.00343661999277479,0.00343653697221137,0.00753701448649711,-0.000663423102302183,0,
3.66400638467678,,,,,,0.00349812264177598
3.6656,0.00337546888544311,0.00337538454658288,0.00747551198052008,-0.000724232517221734,0,
3.66480446927374,,,,,,0.00343619015025887
3.6664,0.00331524109859313,0.003315103506371,0.00741494250125797,-0.000784128274357781,0,
3.66560255387071,,,,,,0.00337518934400285
3.6672,0.00325592421310609,0.00325583201380271,0.007355293586057,-0.000843122036040826,0,
3.66640063846768,,,,,,0.003315103506371
3.66719872306465,,,,,,0.00325592526514742
3.668,0.00319750735959463,0.0031974135856309,0.00729655360874154,-0.000901224693382922,0,
3.66799680766161,,,,,,0.00319764317470539
3.6688,0.0031399791026022,0.00313988415466601,0.00723871115557976,-0.00095844745573577,0,
3.66879489225858,,,,,,0.00314024590608251
3.6696,0.00308332812880685,0.00308323242918677,0.00718175468714482,-0.00101480141497142,0,
3.66959297685555,,,,,,0.00308372224725268
3.6704,0.00302754324759432,0.00302744723580832,0.00712567279137258,-0.00107029754484673,0,
3.67039106145251,,,,,,0.00302806110339797
3.6712,0.00297261339163128,0.00297251751975755,0.00707045418407234,-0.00112494670036769,0,
3.67118914604948,,,,,,0.00297325149718061
3.672,0.00291852761743821,0.00291843234514806,0.00701608770943718,-0.001178759617154,0,
3.67198723064645,,,,,,0.00291928256901487
3.6728,0.00286527510596268,0.0028651808952555,0.00696256234055488,-0.00123174691080367,0,
3.67278531524342,,,,,,0.002866143577339
3.6736,0.00281284516315239,0.00281275247279273,0.00690986717991875,-0.00128391907625773,0,
3.67358339984038,,,,,,0.00281382389888718
3.6744,0.00276122722052827,0.00276113650018499,0.0068579914599384,-0.00133528648716511,0,
3.67438148443735,,,,,,0.00276231302896138
3.6752,0.00271041083575767,0.00271032251984515,0.00680692454345105,-0.00138585939524766,0,
3.67517956903432,,,,,,0.0027116005817034
3.676,0.00266038569322731,0.00266030016171928,0.00675665592423264,-0.00143564854805058,0,
3.67597765363128,,,,,,0.00266167629036662
3.6768,0.00261113954721361,0.00261105799525595,0.0067071737884915,-0.0014846654475586,0,
3.67677573822825,,,,,,0.00261252883867664
3.6776,0.00256266207949507,0.00256258368879229,0.00665846707426728,-0.00153291986624439,0,
3.67757382282522,,,,,,0.00256414583141767
3.6784,0.00251494435072426,0.00251486937073054,0.00661052629646372,-0.00158042092612066,0,
3.67837190742219,,,,,,0.00251651953186364
3.6792,0.00246797635417507,0.00246790498732846,0.00656334163101999,-0.00162717846570855,0,
3.67916999201915,,,,,,0.00246963995421942
3.68,0.00242174819586215,0.00242168059091116,0.00651690301574577,-0.00167320221457568,0,
3.67996807661612,,,,,,0.00242349721775834
3.6808,0.0023762500945154,0.00237618633962513,0.00647120050495322,-0.00171850179329679,0,
3.68076616121309,,,,,,0.00237808154657912
3.6816,0.00233147238155436,0.00233141249719224,0.00642622426936655,-0.00176308671341518,0,
3.68156424581006,,,,,,0.00233338326936271
3.6824,0.00228740550106261,0.00228734943266364,0.00638196459603216,-0.00180696637740473,0,
3.68236233040702,,,,,,0.00228939281912921
3.6832,0.00224404000976221,0.00224398762017387,0.00633841188822954,-0.00185015007863249,0,
3.68316041500399,,,,,,0.00224610073299478
3.684,0.002201366576988,0.00220131763869467,0.210006092541835,-0.00189264700132216,0,
3.68395849960096,,,,,,0.00220349765192848
3.6848,0.00215937598466207,0.00215933017178902,0.214246125999476,-0.00193446622051801,0,
3.68475658419792,,,,,,0.0021615743205092
3.6856,0.00211805912726815,0.00211801600736516,0.2142074096885,-0.00197561670204943,0,
3.68555466879489,,,,,,0.00212032158668253
3.6864,0.00207740701182598,0.00207736603743047,0.214168693377524,-0.00201610807598969,0,
3.68635275339186,,,,,,0.00207973040151766
3.6872,0.0020374075913884,0.00203737121503076,0.214129977066549,-0.00205610749642728,0,
3.68715083798883,,,,,,0.00203979181896427
3.688,0.209998054096769,0.00199802196239663,0.214091260755573,-0.00209610691686486,0,
3.68794892258579,,,,,,0.00200049630056356
3.6888,0.209959337785793,0.00195930919996295,0.214052544444597,-0.00213610633730245,0,
3.68874700718276,,,,,,0.00196183476670548
3.6896,0.209921249925798,0.00192122473977843,0.214014309180227,-0.00217610575774003,0,
3.68954509177973,,,,,,0.00192379912299267
3.6904,0.209883781881002,0.00188375991962109,0.213976698114302,-0.00221610517817764,0,
3.6903431763767,,,,,,0.00188638076232061
3.6912,0.209846925111927,0.00184690617442166,0.213939702588038,0.002029369146334,0.000182462971912347,
3.69114126097366,,,,,,0.00184957117384447
3.692,0.209810671174826,0.00181065503583571,0.21390331404126,0.205718158884156,0.20390750384832,
3.69193934557063,,,,,,0.00181336194255643
3.6928,0.209775011721103,0.00177499813181603,0.213867524011773,0.205682626083121,0.203907627951305,
3.6927374301676,,,,,,0.00177774474886297
3.6936,0.209739938496744,0.0017399271861848,0.213832324134726,0.205647675696499,0.203907748510314,
3.69353551476456,,,,,,0.00174271136816226
3.6944,0.209705443341733,0.00170543401820589,0.213797706141978,0.205613299669747,0.203907865651542,
3.69433359936153,,,,,,0.00170825367042144
3.6952,0.209671518189483,0.00167151054215715,0.213763661861468,0.205579490039155,0.203907979496998,
3.6951316839585,,,,,,0.00167436361975396
3.696,0.209638155066257,0.00163814876690258,0.213730183216584,0.205546238886583,0.20390809011968,
3.69592976855547,,,,,,0.00164103327399694
3.6968,0.209605345867435,0.00160534079546467,0.213697262047108,0.205513538180418,0.203908197384953,
3.69672785315243,,,,,,0.00160825478428845
3.6976,0.209573082442795,0.00157307882459658,0.213664890129812,0.205481380003205,0.203908301178608,
3.6975259377494,,,,,,0.00157602039464488
3.6984,0.209541357423737,0.00154135508582067,0.213633059863327,0.205449757005551,0.20390840191973,
3.69832402234637,,,,,,0.00154432244153824
3.6992,0.20951016316221,0.00151016141351608,0.213601763580396,0.205418661629805,0.203908500216289,
3.69912210694334,,,,,,0.00151315273862273
3.7,0.209479492096769,0.00147949040224182,0.213570993629174,0.205388086402642,0.203908596000401,
3.6999201915403,,,,,,0.0014825039158088
3.7008,0.209449336751875,0.0014493347920146,0.213540742446001,0.205358023934419,0.203908689142404,
3.70071827613727,,,,,,0.00145236878013913
3.7016,0.209419689737194,0.0014196871973376,0.21351100255465,0.205328466918521,0.203908779721183,
3.70151636073424,,,,,,0.00142273998986061
3.7024,0.209390543746907,0.00139054032048542,0.213481766565581,0.205299408130714,0.203908867810229,
3.70231444533121,,,,,,0.00139361029021359
3.7032,0.209361891559004,0.00136188695096457,0.213453027175197,0.205270840428497,0.203908953477532,
3.70311252992817,,,,,,0.0013649725128987
3.704,0.209333726034593,0.00133371996497373,0.2134247771651,0.205242756750444,0.203909036785471,
3.70391061452514,,,,,,0.0013368195755436
3.7048,0.209306040117195,0.00130603232486426,0.213397009401343,0.205215150115558,0.203909117790694,
3.70470869912211,,,,,,0.00130914448116983
3.7056,0.209278826832055,0.00127881707860058,0.213369716833692,0.205188013622613,0.203909196544012,
3.70550678371907,,,,,,0.00128194031765962
3.7064,0.209252079285435,0.00125206735922053,0.213342892494877,0.205161340505059,0.203909273145839,
3.70630486831604,,,,,,0.00125520025722263
3.7072,0.209225791009736,0.00122577638429588,0.213316529790112,0.205135124297143,0.203909347912847,
3.70710295291301,,,,,,0.00122891755586282
3.708,0.209199955204946,0.00119993745539261,0.213290621917539,0.205109358263293,0.2039094208079,
3.70790103750998,,,,,,0.00120308555284524
3.7088,0.209174565123597,0.00117454395753138,0.21326516206525,0.2050840357415,0.203909491783969,
3.70869912210694,,,,,,0.00117769767016277
3.7096,0.209149614217797,0.00114958935864795,0.213240143599894,0.205059150248466,0.203909560889818,
3.70949720670391,,,,,,0.00115274741200304
3.7104,0.209125096019571,0.00112506720905352,0.213215559988902,0.205034695379105,0.203909628170051,
3.71029529130088,,,,,,0.0011282283642151
3.7112,0.209101004140243,0.00110097114089523,0.213191404780709,0.000978685325143253,0,
3.71109337589785,,,,,,0.00110413419377632
3.712,0.209077332269825,0.00107729486761645,0.2131676716041,-0.00301668465696266,0,
3.71189146049481,,,,,,0.00108045864825917
3.7128,0.209054074176406,0.00105403218341728,0.213144354167559,-0.00303834842141316,0,
3.71268954509178,,,,,,0.001057195555298
3.7136,0.20903122370554,0.00103117696271491,0.213121446258624,-0.00306001218586366,0,
3.71348762968875,,,,,,0.00103433882205584
3.7144,0.209008774779629,0.001008723159604,0.213098941743233,-0.00308167595031417,0,
3.71428571428571,,,,,,0.00101188243469124
3.7152,0.000986721397314848,0.000986664807317176,0.213076492817322,-0.00310333971476467,0,
3.71508379888268,,,,,,0.000989820457825056
3.716,0.00096505763286435,0.00096499601768533,0.213054043891411,-0.00312495311103892,0,
3.71588188347965,,,,,,0.000968147034007227
3.7168,0.000943777640427137,0.000943710980598079,0.2130315949655,-0.00314618436520333,0,
3.71667996807662,,,,,,0.000946856383183612
3.7176,0.000922875703474041,0.00092280396346416,0.213009146039589,-0.00316703915772657,0,
3.71747805267358,,,,,,0.000925942802162777
3.7184,0.000902346077487494,0.000902269310671821,0.209016810851794,-0.00318752317931931,0,
3.71827613727055,,,,,,0.0009054006640828
3.7192,0.000882183136747187,0.000882101443049274,0.00497205239355398,-0.00320764200910332,0,
3.71907422186752,,,,,,0.000885224417878074
3.72,0.000862381328405408,0.000862294830260675,0.00495220647425591,-0.0032274011546095,0,
3.71987230646449,,,,,,0.00086540858774611
3.7208,0.000842935171885801,0.000842843595048616,0.00493271765490071,-0.00324680605234832,0,
3.72067039106145,,,,,,0.000845947603462141
3.7216,0.000823839258282076,0.000823741065392955,0.00491358048251619,-0.0032658620683809,0,
3.72146847565842,,,,,,0.000826834251162099
3.7224,0.000805088249756703,0.000804983335298687,0.00489478957641968,-0.00328457449889079,0,
3.72226656025539,,,,,,0.000808064920038629
3.7232,0.000786676878939679,0.000786565158313641,0.00487633962758717,-0.00330294857075619,0,
3.72306464485235,,,,,,0.000789634389297373
3.724,0.000768599948327173,0.000768481358912927,0.00485822539802305,-0.00332098944212291,0,
3.72386272944932,,,,,,0.000771537508497078
3.7248,0.000750852329680287,0.000750726831903633,0.00484044172013037,-0.00333870220297772,0,
3.72466081404629,,,,,,0.000753769196961315
3.7256,0.00073342896342376,0.000733296541829467,0.00482298349608177,-0.00335609187572249,0,
3.72545889864326,,,,,,0.000736324443190198
3.7264,0.000716324858044669,0.000716185522375403,0.00480584569719092,-0.00337316343411994,0,
3.72625698324022,,,,,,0.000719198304272063
3.7272,0.000699534910504057,0.000699388875772375,0.00478902320266866,-0.00338992194045449,0,
3.72705506783719,,,,,,0.000702385905295236
3.728,0.000683054130715686,0.000682901772201868,0.00477251098167423,-0.00340637232102391,0,
3.72785315243416,,,,,,0.000685882438759711
3.7288,0.000666877887769248,0.000666719449200618,0.00475630433950885,-0.00342251919236051,0,
3.72865123703113,,,,,,0.00066968316398887
3.7296,0.000651001432644969,0.000650837211065251,0.00474039851277473,-0.00343836727138794,0,
3.72944932162809,,,,,,0.000653783406541199
3.7304,0.00063542007938811,0.000635250428256929,0.00472478878342102,-0.00345392121288759,0,
3.73024740622506,,,,,,0.000638178557622001
3.7312,0.000620129204435884,0.000619954536806043,0.00470947049671158,-0.00346918561014789,0,
3.73104549082203,,,,,,0.00062286407349511
3.732,0.000605124245944267,0.000604945037716809,0.00469443906052804,-0.00348416499561436,0,
3.73184357541899,,,,,,0.000607835474894601
3.7328,0.00059040070311491,0.000590217496371962,0.00467968994467354,-0.00349886384153995,0,
3.73264166001596,,,,,,0.000593088346436511
3.7336,0.000575954135522002,0.000575767541937398,0.00466521868017687,-0.003513286560636,0,
3.73343974461293,,,,,,0.000578618336030543
3.7344,0.000561780162439134,0.000561590866766824,0.00465102085859714,-0.00352743750672363,0,
3.7342378292099,,,,,,0.00056442115429179
3.7352,0.000547874462166201,0.000547683225806439,0.00463709213132897,-0.00354132097538565,0,
3.73503591380686,,,,,,0.000550492573952439
3.736,0.00053423277135623,0.000534040435999544,0.00462342820890807,-0.00355494120461891,0,
3.73583399840383,,,,,,0.00053682842927349
3.7368,0.000520850884342282,0.000520658375691226,0.00461002486031742,-0.00356830238649979,0,
3.7366320830008,,,,,,0.00052342461545647
3.7376,0.000507724515236551,0.000507532984033007,0.00459687778607863,-0.00358140876705033,0,
3.73743016759777,,,,,,0.000510277088055142
3.7384,0.00049484962958217,0.000494660260387487,0.00458398291186905,-0.0035942643610986,0,
3.73822825219473,,,,,,0.000497381862387225
3.7392,0.000482222206265865,0.000482036263733029,0.00457133619694663,-0.00360687316926774,0,
3.7390263367917,,,,,,0.0004847350129461
3.74,0.00046983825387682,0.000469657112068372,0.00455893362941042,-0.0036192391611804,0,
3.73982442138867,,,,,,0.000472332672812531
3.7408,0.000457693834516304,0.00045751898181731,0.00454677124957352,-0.00363136625359802,0,
3.74062250598563,,,,,,0.000460171033066374
3.7416,0.000445785063095966,0.00044561810723334,0.00453484515121029,-0.00364325831110479,0,
3.7414205905826,,,,,,0.000448246342198292
3.7424,0.000434108106636131,0.000433949863344911,0.00452315148083689,-0.00365491914679208,0,
3.74221867517957,,,,,,0.000436554905521467
3.7432,0.000422659183564129,0.000422507134116157,0.00451168643699234,-0.00366635252294322,0,
3.74301675977654,,,,,,0.000425089050871162
3.744,0.000411434563012559,0.000411286139227813,0.00450044626951991,-0.00367756215171869,0,
3.7438148443735,,,,,,0.000413843768837191
3.7448,0.00040043056411762,0.00040028637900244,0.00448942727884887,-0.00368855169584174,0,
3.74461292897047,,,,,,0.000402819503279541
3.7456,0.000389643555317405,0.000389504243897194,0.00447862581527677,-0.00369932476928434,0,
3.74541101356744,,,,,,0.000392012659093968
3.7464,0.000379069953650203,0.000378936173002473,0.00446803827825195,-0.00370988493450825,0,
3.74620909816441,,,,,,0.000381419689513003
3.7472,0.00036870627842585,0.000368578653333034,0.0044576611665843,-0.00372023564542934,0,
3.74700718276137,,,,,,0.000371037095405456
3.748,0.00035854926435757,0.00035842821911906,0.00444749118821276,-0.00373038017606567,0,
3.74780526735834,,,,,,0.000360861424575912
3.7488,0.000348595299380934,0.000348481451097272,0.00443752473980416,-0.00374032211111384,0,
3.74860335195531,,,,,,0.000350889271064236
3.7496,0.000338841004826496,0.000338734975802024,0.00442775841532127,-0.00375006481415429,0,
3.74940143655227,,,,,,0.000341117274445073
3.7504,0.000329283048551343,0.000329185464856387,0.00441818886753213,-0.00375961160270671,0,
3.75019952114924,,,,,,0.000331542119127353
3.7512,0.000319918144289679,0.000319829634263272,0.00440881279554773,-0.00376896574886641,0,
3.75099760574621,,,,,,0.000322160533653783
3.752,0.00031074305100336,0.000310664243696486,0.00439962694415945,-0.00377813047994087,0,
3.75179569034318,,,,,,0.00031296929000036
3.7528,0.000301754572232476,0.000301686095791858,0.0043906281031767,-0.00378710897908667,0,
3.75259377494014,,,,,,0.000303965202875863
3.7536,0.000292949555445913,0.000292892035438319,0.00438181310676506,-0.00379590438594672,0,
3.75339185953711,,,,,,0.000295145129021359
3.7544,0.000284324891391918,0.000284278949069005,0.00437317883278455,-0.00380451979728774,0,
3.75418994413408,,,,,,0.000286505966509703
3.7552,0.000275877513448656,0.000275843763952344,0.00436472220212832,-0.00381295826763815,0,
3.75498802873105,,,,,,0.000278044654045041
3.756,0.000267604396974797,0.00026758344748317,0.0043564401780616,-0.00382122280992609,0,
3.75578611332801,,,,,,0.000269758170262307
3.7568,0.000259502558660046,0.000259495006473792,0.00434832976556093,-0.00382931637860769,0,
3.75658419792498,,,,,,0.000261643533026729
3.7576,0.000251569416865624,0.000251575486445106,0.00434038835413336,-0.0038372415587869,0,
3.75738228252195,,,,,,0.000253697798733327
3.7584,0.000243802148811701,0.000243821970917688,0.00433261312446422,-0.00384500117567635,0,
3.75818036711891,,,,,,0.000245918061606418
3.7592,0.000236197694712877,0.000236231580702882,0.00432500101920092,-0.00385259826748979,0,
3.75897845171588,,,,,,0.000238301452999112
3.76,0.000228753267981757,0.000228801473193916,0.00431754923018443,-0.00386003561079889,0,
3.75977653631285,,,,,,0.000230845140692818
3.7608,0.000221466123275352,0.000221528841656967,0.004310255002056,-0.00386731594125241,0,
3.76057462090982,,,,,,0.000223546328196743
3.7616,0.000214333555959241,0.000214410914522278,0.00430311562048701,-0.00387444195410278,0,
3.76137270550678,,,,,,0.000216402254047394
3.7624,0.000207352901571711,0.000207444954675248,0.00429612841163373,-0.00388141630473274,0,
3.76217079010375,,,,,,0.00020941019110808
3.7632,0.000200521535287897,0.00020062825874752,0.00428929074159235,-0.00388824160918241,0,
3.76296887470072,,,,,,0.00020256744586841
3.764,0.000193836871383948,0.000193958156408098,0.00428260001585425,-0.00389492044467636,0,
3.76376695929769,,,,,,0.000195871357743798
3.7648,0.000187296362701142,0.000187433396099986,0.00427605367876145,-0.00390145535015114,0,
3.76456504389465,,,,,,0.000189319298374965
3.7656,0.000180897500110051,0.000181053761801591,0.00426964921296233,-0.0039078488267828,0,
3.76536312849162,,,,,,0.000182913380321368
3.7664,0.000174637811974682,0.000174814221860555,0.00426338413886753,-0.00391410333851477,0,
3.76616121308859,,,,,,0.000176647819270904
3.7672,0.000168514863616617,0.000168711832391634,0.00425725601410608,-0.00392022131258592,0,
3.76695929768555,,,,,,0.000170519485680161
3.768,0.000162526256779174,0.000162744146147936,0.00425126243298171,-0.0039262051400587,0,
3.76775738228252,,,,,,0.000164525940293802
3.7688,0.000156669629091529,0.000156908747469268,0.0042454010259294,-0.00393205717634769,0,
3.76855546687949,,,,,,0.000158664775340297
3.7696,0.000150942653532877,0.000151203251623745,0.0042396694589721,-0.00393777974174818,0,
3.76935355147646,,,,,,0.000152933613881324
3.7704,0.000145343037896572,0.000145625304149392,0.00423406543317762,-0.00394337512196496,0,
3.77015163607342,,,,,,0.000147330109161182
3.7712,0.000139868524254274,0.00014017258019574,0.0042285866841158,-0.00394884556864138,0,
3.77094972067039,,,,,,0.000141851943956197
3.772,0.000134516888420097,0.000134842783865439,0.00422323098131575,-0.00395419329988848,0,
3.77174780526736,,,,,,0.000136496829924131
3.7728,0.000129285939414745,0.000129633647555839,0.00421799612772332,-0.00395942050081441,0,
3.77254588986433,,,,,,0.000131262506953587
3.7736,0.000124173518929664,0.000124542931300605,0.00421287995915882,-0.00396452932405391,0,
3.77334397446129,,,,,,0.000126146742513421
3.7744,0.000119177500791188,0.000119568422111316,0.00420788034377476,-0.00396952189029805,0,
3.77414205905826,,,,,,0.000121147331002147
3.7752,0.000114295790424677,0.00011470793331906,0.00420299518151392,-0.00397440028882411,0,
3.77494014365523,,,,,,0.000116262093097345
3.776,0.000109526324318676,0.000109959303916045,0.00419822240356746,-0.00397916657802556,0,
3.77573822825219,,,,,,0.000111488875105073
3.7768,0.000104867069489044,0.00010532039789719,0.00419355997183328,-0.00398382278930107,0,
3.77653631284916,,,,,,0.000106825548309265
3.7776,0.00010031590224455,0.000100789103601728,0.00418900576103466,-0.00398837104341481,0,
3.77733439744613,,,,,,0.000102270008321151
3.7784,9.58706516811138e-05,9.63633330548101e-05,0.00418455759734047,-0.00399281349492396,0,
3.7781324820431,,,,,,9.78201744286583e-05
3.7792,9.152960384121e-05,9.20410213091021e-05,0.00418021375044628,-0.00399715185999336,0,
3.77893056664006,,,,,,9.34739889458203e-05
3.78,8.72908332013026e-05,8.78201257863944e-05,0.00417597229703587,-0.00400138805984363,0,
3.77972865123703,,,,,,8.92294165621844e-05
3.7808,8.31524415321367e-05,8.3698625619189e-05,0.00417183133457707,-0.00400552398854844,0,
3.780526735834,,,,,,8.50844436922202e-05
3.7816,7.91125573481934e-05,7.96745209923098e-05,0.00416778898742877,-0.00400956151358027,0,
3.78132482043097,,,,,,8.10370778247274e-05
3.7824,7.51693353571336e-05,7.5745832484501e-05,0.0041638434062856,-0.00401350247635634,0,
3.78212290502793,,,,,,7.70853468722436e-05
3.7832,7.13209559092409e-05,7.19106004100256e-05,0.00415999276762271,-0.00401734869278467,0,
3.7829209896249,,,,,,7.32272985204523e-05
3.784,6.75656244468766e-05,6.81668841602751e-05,0.00415623527314079,-0.00402110195381024,0,
3.78371907422187,,,,,,6.94609995775908e-05
3.7848,6.39015709539123e-05,6.4512761545357e-05,0.00415256914921103,-0.00402476402596136,0,
3.78451715881883,,,,,,6.57845353238581e-05
3.7856,6.03270494051846e-05,6.09463281357046e-05,0.00414899264632046,-0.00402833665189604,0,
3.7853152434158,,,,,,6.21960088608226e-05
3.7864,5.68403372159383e-05,5.74671936985179e-05,0.00414550403851716,-0.0040318215509486,0,
3.78611332801277,,,,,,5.86935404608306e-05
3.7872,5.34397346912705e-05,5.40794865852525e-05,0.00414210162285581,-0.00403522041967635,0,
3.78691141260974,,,,,,5.52794347751062e-05
3.788,5.01235644755844e-05,5.07833325232103e-05,0.0041387837188432,-0.00403853493240635,0,
3.7877094972067,,,,,,5.19609939845869e-05
3.7888,4.68901710020229e-05,4.75700891474577e-05,0.00413554866788396,-0.00404176674178237,0,
3.78850758180367,,,,,,4.87256602994902e-05
3.7896,4.37379199419226e-05,4.44381279258777e-05,0.00413239483272632,-0.00404491747931189,0,
3.78930566640064,,,,,,4.55718089020246e-05
3.7904,4.06651976542575e-05,4.13858419921951e-05,0.00412932059690807,-0.00404798875591325,0,
3.79010375099761,,,,,,4.24978366239708e-05
3.7912,3.76704106350831e-05,3.84116456237112e-05,0.00412632436420259,-0.00405098216246286,0,
3.79090183559457,,,,,,3.95021614306103e-05
3.792,3.4751984966989e-05,3.55139737190451e-05,0.00412340455806494,-0.00405389927034259,0,
3.79169992019154,,,,,,3.65832219046532e-05
3.7928,3.19083657685345e-05,3.269128127586e-05,0.00412055962107811,-0.00405674163198718,0,
3.79249800478851,,,,,,3.37394767301668e-05
3.7936,2.91380166437011e-05,2.99420428686048e-05,0.00411778801439941,-0.00405951078143181,0,
3.79329608938547,,,,,,3.09694041765041e-05
3.7944,2.64394191313368e-05,2.7264752126248e-05,0.00411508821720684,-0.00406220823485974,0,
3.79409417398244,,,,,,2.82715015822319e-05
3.7952,2.38110721546003e-05,2.46579212100121e-05,0.00411245872614567,-0.00406483549115005,0,
3.79489225857941,,,,,,2.56442848390593e-05
3.796,2.12514914704126e-05,2.21200802911144e-05,0.00410989805477506,-0.00406739403242548,0,
3.79569034317638,,,,,,2.3086287875766e-05
3.7968,1.87592091188941e-05,1.96497770284939e-05,0.00410740473301479,-0.00406988531874351,0,
3.79648842777334,,,,,,2.05960621421304e-05
3.7976,1.63331676665364e-05,1.72455760465528e-05,0.00410497769552894,-0.00407231031170669,0,
3.79728651237031,,,,,,1.81721760928583e-05
3.7984,1.39788683632678e-05,1.49060584128903e-05,0.00410262234773649,-0.00407466369730158,0,
3.79808459696728,,,,,,1.58132146715111e-05
3.7992,1.16889209797577e-05,1.26298211160368e-05,0.00410033148664461,-0.00407695277378356,0,
3.79888268156425,,,,,,1.35177787944341e-05
3.8,9.46204095511639e-06,1.04154765431949e-05,0.00409810373571843,-0.0040791788239662,0,
3.79968076616121,,,,,,1.12844848346849e-05
3.8008,7.2969634642161e-06,8.26165195796639e-06,0.00409593782838553,-0.00408134311099209,0,
3.80047885075818,,,,,,9.1119641059616e-06
3.8016,5.19244300506131e-06,6.16698897809372e-06,0.00409383251746136,-0.00408344687874323,0,
3.80127693535515,,,,,,6.99886234653128e-06
3.8024,3.14725298615219e-06,4.13014305319367e-06,0.00409178657473444,-0.00408549135225145,0,
3.80207501995211,,,,,,4.94383920315835e-06
3.8032,1.16018531384846e-06,2.1497829424919e-06,0.00408979879055146,-0.00408747773810896,0,
3.80287310454908,,,,,,2.94556771503279e-06
3.804,-7.69950020261342e-07,2.24590192562782e-07,0.00408786797340255,-0.00408940722487885,0,
3.80367118914605,,,,,,1.00273379769858e-06
3.8048,-2.64432535200165e-06,-1.6467413849417e-06,0.00408599294950659,-0.00409128098350581,0,
3.80446927374302,,,,,,-8.85964273018034e-07
3.8056,-4.46409575724046e-06,-3.46550623555206e-06,0.00408417256239657,-0.00409310016772679,0,
3.80526735833998,,,,,,-2.72181637708016e-06
3.8064,-6.23039946452558e-06,-5.23298758424695e-06,0.00408240567250503,-0.00409486591448178,0,
3.80606544293695,,,,,,-4.50610106631193e-06
3.8072,-7.94435826772073e-06,-6.9504579577186e-06,0.00408069115674954,-0.00409657934432463,0,
3.80686352753392,,,,,,-6.24008608047016e-06
3.808,-9.60707793863679e-06,-8.61917970663358e-06,0.00407902790811827,-0.00409824156183392,0,
3.80766161213089,,,,,,-7.92502886331601e-06
3.8088,-1.12196486396727e-05,-1.02354942692581e-05,0.0040774148352556,-0.00409985365602392,0,
3.80845969672785,,,,,,-9.56217707868666e-06
3.8096,-1.27831453364467e-05,-1.17953582027336e-05,0.0040758508620478,-0.0041014167007556,0,
3.80925778132482,,,,,,-1.11412511653922e-05
3.8104,-1.42986282104324e-05,-1.33042036004112e-05,0.00407433492720872,-0.00410293175514765,0,
3.81005586592179,,,,,,-1.26666873532218e-05
3.8112,-1.57671430715946e-05,-1.47662925207168e-05,0.00407286598386562,-0.00410439986398758,0,
3.81085395051876,,,,,,-1.41451573142366e-05
3.812,-1.71897217710215e-05,-1.61826290699339e-05,0.00407144299914496,-0.00410582205814291,0,
3.81165203511572,,,,,,-1.55776647092544e-05
3.8128,-1.85673826135643e-05,-1.75542018155096e-05,0.00407006495375833,-0.00410719935497236,0,
3.81245011971269,,,,,,-1.69651976465921e-05
3.8136,-1.99011307704693e-05,-1.8881984162241e-05,0.00406873084158833,-0.0041085327587371,0,
3.81324820430966,,,,,,-1.83087290537942e-05
3.8144,-2.11919586920135e-05,-2.01669347284664e-05,0.00406743966927461,-0.00410982326101204,0,
3.81404628890662,,,,,,-1.96092170493632e-05
3.8152,-2.2440846520141e-05,-2.14099977222563e-05,0.00406619045579988,-0.00411107184109722,0,
3.81484437350359,,,,,,-2.08676053144882e-05
3.816,-2.36487625010946e-05,-2.26121033176006e-05,0.00406498223207599,-0.00411227946642919,0,
3.81564245810056,,,,,,-2.20848234647749e-05
3.8168,-2.48166633980558e-05,-2.37741680306028e-05,0.00406381404053004,-0.00411344709299244,0,
3.81644054269753,,,,,,-2.32617874219746e-05
3.8176,-2.59454949037765e-05,-2.48970950956681e-05,0.00406268493469061,-0.00411457563901857,0,
3.81723862729449,,,,,,-2.43993997857139e-05
3.8184,-2.7032179277166e-05,-2.59817748416932e-05,0.00406159796483763,-0.00411566206902737,0,
3.81803671189146,,,,,,-2.54985502052241e-05
3.8192,-2.80798828197999e-05,-2.70290850682579e-05,0.00406055000693041,-0.00411670953843021,0,
3.81883479648843,,,,,,-2.65601157510704e-05
3.82,-2.90903766789226e-05,-2.80398914218127e-05,0.00405953927893149,-0.00411771981156137,0,
3.8196328810854,,,,,,-2.75849612868817e-05
3.8208,-3.00644915843712e-05,-2.90150477718724e-05,0.00405856494329808,-0.0041186937185254,0,
3.82043096568236,,,,,,-2.85739398410794e-05
3.8216,-3.10030459076773e-05,-2.99553965872038e-05,0.00405762618103335,-0.00411963207709362,0,
3.82122905027933,,,,,,-2.95278929786075e-05
3.8224,-3.19068460087203e-05,-3.08617693120168e-05,0.00405672218517722,-0.00412053569304981,0,
3.8220271348763,,,,,,-3.04476511726617e-05
3.8232,-3.27766865823803e-05,-3.17349867421549e-05,0.00405585216045871,-0.00412140536053589,0,
3.82282521947326,,,,,,-3.13340341764188e-05
3.824,-3.36133510051897e-05,-3.25758594012832e-05,0.00405501532294832,-0.00412224186239772,0,
3.82362330407023,,,,,,-3.21878513947661e-05
3.8248,-3.44176116819881e-05,-3.33851879170818e-05,0.00405421089971054,-0.0041230459705308,0,
3.8244213886672,,,,,,-3.30099022560309e-05
3.8256,-3.51902303925738e-05,-3.41637633974342e-05,0.00405343812845624,-0.00412381844622618,0,
3.82521947326417,,,,,,-3.38009765837095e-05
3.8264,-3.59319586383564e-05,-3.49123678066172e-05,0.00405269625719525,-0.00412456004051622,0,
3.82601755786113,,,,,,-3.45618549681984e-05
3.8272,-3.66435379890108e-05,-3.56317743414923e-05,0.00405198454388885,-0.0041252714945205,0,
3.8268156424581,,,,,,-3.52933091385209e-05
3.828,-3.73257004291277e-05,-3.63227478076938e-05,0.00405130225610236,-0.0041259535397917,0,
3.82761372705507,,,,,,-3.59961023340584e-05
3.8288,-3.79791687048691e-05,-3.69860449958215e-05,0.0040506486706577,-0.00412660689866156,0,
3.82841181165203,,,,,,-3.66709896762794e-05
3.8296,-3.86046566706197e-05,-3.76224150576293e-05,0.00405002307328608,-0.00412723228458683,0,
3.829209896249,,,,,,-3.73187185404689e-05
3.8304,-3.92028696356394e-05,-3.82323923117581e-05,0.00404942475828057,-0.00412783040249522,0,
3.83000798084597,,,,,,-3.79400289274578e-05
3.8312,-3.97745047107172e-05,-3.88120664941953e-05,0.00404885302814887,-0.00412840194913146,0,
3.83080606544294,,,,,,-3.85352312570591e-05
3.832,-4.03202511548223e-05,-3.936150657919e-05,0.00404830719326592,-0.0041289476134033,0,
3.8316041500399,,,,,,-3.90960806029583e-05
3.8328,-4.08407907217586e-05,-3.98854077157525e-05,0.00404778657152672,-0.00412946807672762,0,
3.83240223463687,,,,,,-3.96312136195539e-05
3.8336,-4.1336798006817e-05,-4.03843728234504e-05,0.00404729048799904,-0.00412996401337645,0,
3.83320031923384,,,,,,-4.01412338767737e-05
3.8344,-4.18089407934275e-05,-4.08589948977729e-05,0.0040468182745762,-0.00413043609082315,0,
3.83399840383081,,,,,,-4.06267349683802e-05
3.8352,-4.2257880399813e-05,-4.13098573074915e-05,0.00404636926962991,-0.00413088497008853,0,
3.83479648842777,,,,,,-4.10883008058058e-05
3.836,-4.26842720256408e-05,-4.17375340920202e-05,0.00404594281766307,-0.00413131130608697,0,
3.83559457302474,,,,,,-4.15265059119874e-05
3.8368,-4.30887650986768e-05,-4.21425902587777e-05,0.00404553826896265,-0.00413171574797264,0,
3.83639265762171,,,,,,-4.19419157152012e-05
3.8376,-4.34720036214375e-05,-4.25255820805472e-05,0.00404515497925253,-0.00413209893100199,0,
3.83719074221868,,,,,,-4.23350868428978e-05
3.8384,-4.38307798949762e-05,-4.28870573928378e-05,0.00404479614748557,-0.0041324576560988,0,
3.83798882681564,,,,,,-4.27065674155369e-05
3.8392,-4.41654155334569e-05,-4.32275558912454e-05,0.00404446146067036,-0.00413279225084638,0,
3.83878691141261,,,,,,-4.30568973404222e-05
3.84,-4.44794314593538e-05,-4.35476094288126e-05,0.00404414740385357,-0.00413310622942187,0,
3.83958499600958,,,,,,-4.33866086055362e-05
3.8408,-4.47733516048226e-05,-4.38477423133912e-05,0.0040438534463577,-0.00413340011555068,0,
3.84038308060654,,,,,,-4.36962255733752e-05
3.8416,-4.50476917875577e-05,-4.41284716050019e-05,0.0040435790721583,-0.00413367442485297,0,
3.84118116520351,,,,,,-4.39862652747839e-05
3.8424,-4.53029599740904e-05,-4.43903074131957e-05,0.00404332377309132,-0.00413392966510659,0,
3.84197924980048,,,,,,-4.42572377027907e-05
3.8432,-4.55396565430866e-05,-4.46337531944144e-05,0.00404308704858941,-0.00413416633650994,0,
3.84277733439745,,,,,,-4.45096461064419e-05
3.844,-4.57582745486448e-05,-4.48593060493516e-05,0.00404286840541821,-0.00413438493194494,0,
3.84357541899441,,,,,,-4.47439872846374e-05
3.8448,-4.59592999835943e-05,-4.50674570203139e-05,0.0040426673574127,-0.00413458593723993,0,
3.84437350359138,,,,,,-4.49607518799646e-05
3.8456,-4.61432120427927e-05,-4.52586913885814e-05,0.00404248342521355,-0.00413476983143267,0,
3.84517158818835,,,,,,-4.51604246725342e-05
3.8464,-4.63104833864242e-05,-4.54334889717688e-05,0.00404231597319236,-0.00413493693996521,0,
3.84596967278532,,,,,,-4.53434848738143e-05
3.8472,-4.64615804032972e-05,-4.55923244211862e-05,0.00404216489090605,-0.00413508805171264,0,
3.84676775738228,,,,,,-4.55104064204658e-05
3.848,-4.65969634741422e-05,-4.57356675191997e-05,0.00404202952065508,-0.00413522344760336,0,
3.84756584197925,,,,,,-4.56616582681769e-05
3.8488,-4.67170872349103e-05,-4.58639834765927e-05,0.00404190940793731,-0.00413534358240714,0,
3.84836392657622,,,,,,-4.57977046854981e-05
3.8496,-4.68224008400703e-05,-4.59777332299267e-05,0.00404180410372611,-0.00413544890540625,0,
3.84916201117318,,,,,,-4.59190055476771e-05
3.8504,-4.69133482259073e-05,-4.60773737389021e-05,0.00404171316420726,-0.00413553986065908,0,
3.84996009577015,,,,,,-4.60260166304935e-05
3.8512,-4.69903683738201e-05,-4.61633582837189e-05,0.004041636150516,-0.00413561688726364,0,
3.85075818036712,,,,,,-4.6119189904094e-05
3.852,-4.70538955736196e-05,-4.62361367624377e-05,0.00404157262847389,-0.00413568041962113,0,
3.85155626496409,,,,,,-4.61989738268268e-05
3.8528,-4.71043596868262e-05,-4.62945955057178e-05,0.00404152216832581,-0.00413573088769946,0,
3.85235434956105,,,,,,-4.62658136390767e-05
3.8536,-4.71421864099684e-05,-4.633710274851e-05,0.00404148434447682,-0.00413576871729676,0,
3.85315243415802,,,,,,-4.63173570965285e-05
3.8544,-4.71677975378798e-05,-4.63652673246169e-05,0.00404145873522913,-0.00413579433030489,0,
3.85395051875499,,,,,,-4.63525668896482e-05
3.8552,-4.7181611226998e-05,-4.6380914780929e-05,0.00404144492251895,-0.00413580814497295,0,
3.85474860335196,,,,,,-4.63751173778738e-05
3.856,-4.71840422586619e-05,-4.63844037938215e-05,0.00404144249165343,-0.00413581057617075,0,
3.85554668794892,,,,,,-4.63853673832755e-05
3.8568,-4.71755023024098e-05,-4.63760883259546e-05,0.00404145103104747,-0.00413580203565229,0,
3.85634477254589,,,,,,-4.63836709229692e-05
3.8576,-4.71564001792771e-05,-4.63563178699895e-05,0.00404147013186499,-0.00413578293222354,0,
3.85714285714286,,,,,,-4.63703774499421e-05
3.8584,-4.71255038718344e-05,-4.63254376923049e-05,0.00404150102569152,-0.00413575203343519,0,
3.85794094173982,,,,,,-4.63458320938795e-05
3.8592,-4.7080137034335e-05,-4.62837890767125e-05,0.00404154638908277,-0.00413570666315144,0,
3.85873902633679,,,,,,-4.63103759019903e-05
3.86,-4.70243936489617e-05,-4.62317095681737e-05,0.00404160212898536,-0.00413565091628328,0,
3.85953711093376,,,,,,-4.62643460798335e-05
3.8608,-4.69585905888383e-05,-4.61695332165148e-05,0.00404166792806064,-0.00413558510923832,0,
3.86033519553073,,,,,,-4.62080762321442e-05
3.8616,-4.68830395599049e-05,-4.6097590820144e-05,0.00404174347465726,-0.00413550955377707,0,
3.86113328012769,,,,,,-4.61418966036598e-05
3.8624,-4.67980472953668e-05,-4.60162101697665e-05,0.00404182846209377,-0.00413542455668451,0,
3.86193136472466,,,,,,-4.6066134319946e-05
3.8632,-4.67039157501432e-05,-4.59257162921013e-05,0.00404192258846429,-0.00413533041996457,0,
3.86272944932163,,,,,,-4.59811136282234e-05
3.864,-4.66009422953161e-05,-4.58264316935968e-05,0.00404202555644419,-0.00413522744103482,0,
3.8635275339186,,,,,,-4.58871561381927e-05
3.8648,-4.64894199125799e-05,-4.57186766041473e-05,0.00404213707309582,-0.00413511591292098,0,
3.86432561851556,,,,,,-4.57845810628619e-05
3.8656,-4.63696373886895e-05,-4.56027692208084e-05,0.00404225684967417,-0.00413499612445154,0,
3.86512370311253,,,,,,-4.56737054593717e-05
3.8664,-4.62418795099097e-05,-4.54790259515135e-05,0.00404238460143252,-0.00413486836045234,0,
3.8659217877095,,,,,,-4.55548444698219e-05
3.8672,-4.61064272564641e-05,-4.53477616587898e-05,0.00404252004742814,-0.00413473290194107,0,
3.86671987230646,,,,,,-4.54283115620975e-05
3.868,-4.59635579969839e-05,-4.52092899034743e-05,0.00404266291032796,-0.00413459002632192,0,
3.86751795690343,,,,,,-4.5294418770695e-05
3.8688,-4.58135456829572e-05,-4.50639231884298e-05,0.00404281291621415,-0.00413444000758007,0,
3.8683160415004,,,,,,-4.51534769375481e-05
3.8696,-4.56566610431772e-05,-4.49119732022611e-05,0.00404296979438988,-0.00413428311647624,0,
3.86911412609737,,,,,,-4.50057959528544e-05
3.8704,-4.54931717781922e-05,-4.47537510630308e-05,0.00404313345024764,-0.00413411978734355,0,
3.86991221069433,,,,,,-4.4851684995901e-05
3.8712,-4.53233427547535e-05,-4.45895675619755e-05,0.00404330328569506,-0.00413394996478059,0,
3.8707102952913,,,,,,-4.46914527758909e-05
3.872,-4.51474362002649e-05,-4.44197334072218e-05,0.0040434791986105,-0.00413377406465007,0,
3.87150837988827,,,,,,-4.45254077727693e-05
3.8728,-4.49657118972318e-05,-4.42445594675026e-05,0.00404366092918633,-0.004133592346708,0,
3.87230646448524,,,,,,-4.43538584780494e-05
3.8736,-4.47784273777097e-05,-4.40643570158727e-05,0.00404384821986664,-0.00413340506846127,0,
3.8731045490822,,,,,,-4.41771136356387e-05
3.8744,-4.45858381177533e-05,-4.38794379734251e-05,0.00404404081515276,-0.0041332124853621,0,
3.87390263367917,,,,,,-4.39954824826651e-05
3.8752,-4.43881977318655e-05,-4.36854994580097e-05,0.00404423846140875,-0.00413301485100238,0,
3.87470071827614,,,,,,-4.3809274990303e-05
3.876,-4.41857581674464e-05,-4.34829789802539e-05,0.00404444090666691,-0.00413281241730807,0,
3.8754988028731,,,,,,-4.3611424075512e-05
3.8768,-4.39787698992421e-05,-4.32747550106185e-05,0.00404464790043324,-0.0041326054347336,0,
3.87629688747007,,,,,,-4.34068936690502e-05
3.8776,-4.37674821237938e-05,-4.30615592281745e-05,0.00404485919365461,-0.00413239415245627,0,
3.87709497206704,,,,,,-4.31972828530102e-05
3.8784,-4.3552020219021e-05,-4.28436018807129e-05,0.00404507466672645,-0.00413217869599743,0,
3.87789305666401,,,,,,-4.29828017771006e-05
3.8792,-4.3328242499628e-05,-4.26210910747936e-05,0.00404529845041512,-0.00413195492944509,0,
3.87869114126097,,,,,,-4.27636583633922e-05
3.88,-4.31001439208353e-05,-4.23942329468331e-05,0.00404552655481655,-0.00413172683683558,0,
3.87948922585794,,,,,,-4.25400584753769e-05
3.8808,-4.28679080749602e-05,-4.21632318341935e-05,0.00404575879632888,-0.00413149460681235,0,
3.88028731045491,,,,,,-4.23122060870274e-05
3.8816,-4.26317155028093e-05,-4.19282904462694e-05,0.00404599499440248,-0.00413125841990665,0,
3.88108539505188,,,,,,-4.20803034518565e-05
3.8824,-4.23917438358738e-05,-4.16896100355767e-05,0.00404623497139767,-0.00413101845374117,0,
3.88188347964884,,,,,,-4.1844551271976e-05
3.8832,-4.21481679385245e-05,-4.144739056884e-05,0.00404647855244246,-0.00413077488317206,0,
3.88268156424581,,,,,,-4.16051488671564e-05
3.884,-4.19011600502063e-05,-4.12018308980812e-05,0.00404672556529038,-0.00413052788043119,0,
3.88347964884278,,,,,,-4.13622943438862e-05
3.8848,-4.16508899276341e-05,-4.09531289317073e-05,0.00404697584017818,-0.00413027761526822,0,
3.88427773343974,,,,,,-4.11161847644309e-05
3.8856,-4.13975249869866e-05,-4.07014818055984e-05,0.00404722920968362,-0.0041300242550928,0,
3.88507581803671,,,,,,-4.08670163158926e-05
3.8864,-4.11412304461019e-05,-4.04470860541954e-05,0.00404748550858324,-0.00412976796511671,0,
3.88587390263368,,,,,,-4.06149844792693e-05
3.8872,-4.08821694666724e-05,-4.01901377815887e-05,0.00404774457371013,-0.00412950890849602,0,
3.88667198723065,,,,,,-4.03602841985141e-05
3.888,-4.06205032964393e-05,-3.99308328326056e-05,0.00404800624381171,-0.00412924724647324,0,
3.88747007182761,,,,,,-4.01031100495943e-05
3.8888,-4.03563914113885e-05,-3.96693669638989e-05,0.00404827035940748,-0.00412898313851954,0,
3.88826815642458,,,,,,-3.98436564095513e-05
3.8896,-4.00899916579446e-05,-3.94059360150343e-05,0.00404853676264685,-0.00412871674247682,0,
3.88906624102155,,,,,,-3.95821176255593e-05
3.8904,-3.98214603951663e-05,-3.91407360795789e-05,0.00404880529716686,-0.00412844821469996,0,
3.88986432561852,,,,,,-3.9318688183985e-05
3.8912,-3.9550952636941e-05,-3.88739636761888e-05,0.00404907580795001,-0.00412817771019896,0,
3.89066241021548,,,,,,-3.90535628794467e-05
3.892,-3.92786221941801e-05,-3.86058159196975e-05,0.00404934814118202,-0.00412790538278113,0,
3.89146049481245,,,,,,-3.87869369838738e-05
3.8928,-3.90046218170142e-05,-3.8336490692204e-05,0.00404962214410963,-0.00412763138519321,0,
3.89225857940942,,,,,,-3.85190064155658e-05
3.8936,-3.87291033369873e-05,-3.80661868141603e-05,0.00404989766489839,-0.00412735586926363,0,
3.89305666400638,,,,,,-3.82499679082519e-05
3.8944,-3.84522178092522e-05,-3.77951042154599e-05,0.00405017455249043,-0.00412707898604463,0,
3.89385474860335,,,,,,-3.79800191801504e-05
3.8952,-3.81741156547654e-05,-3.75234441065255e-05,0.00405045265646227,-0.00412680088595444,0,
3.89465283320032,,,,,,-3.77093591030274e-05
3.896,-3.78949468024818e-05,-3.72514091493971e-05,0.00405073182688263,-0.00412652171891952,0,
3.89545091779729,,,,,,-3.74381878712568e-05
3.8968,-3.76148608315504e-05,-3.69779200740882e-05,0.0040510119141702,-0.00412624163451666,0,
3.89624900239425,,,,,,-3.71667071708795e-05
3.8976,-3.73340071135083e-05,-3.66988855068544e-05,0.00405129276895145,-0.00412596078211526,0,
3.89704708699122,,,,,,-3.68932612021784e-05
3.8984,-3.70525349544761e-05,-3.64169218097849e-05,0.00405157424682165,-0.00412567931101944,0,
3.89784517158819,,,,,,-3.66126958220919e-05
3.8992,-3.67677637452621e-05,-3.61339862661806e-05,0.00405185902099047,-0.00412539454552139,0,
3.89864325618516,,,,,,-3.63310876340784e-05
3.9,-3.64812978644447e-05,-3.58501873704065e-05,0.00405214548831766,-0.00412510808260018,0,
3.89944134078212,,,,,,-3.6048545535601e-05
3.9008,-3.61940074312845e-05,-3.55656319740352e-05,0.00405243278002822,-0.00412482079361339,0,
3.90023942537909,,,,,,-3.57651767281804e-05
3.9016,-3.59059907319312e-05,-3.52804253858799e-05,0.00405272079783754,-0.00412453277819144,0,
3.90103750997606,,,,,,-3.54810868162426e-05
3.9024,-3.56173444445362e-05,-3.49946714720279e-05,0.00405300944506902,-0.00412424413301401,0,
3.90183559457302,,,,,,-3.51963799059664e-05
3.9032,-3.53281637391557e-05,-3.47084727558748e-05,0.00405329862655417,-0.00412395495325272,0,
3.90263367916999,,,,,,-3.49111587041303e-05
3.904,-3.50385423776535e-05,-3.44219305181572e-05,0.00405358824853267,-0.00412366533267098,0,
3.90343176376696,,,,,,-3.46255246169607e-05
3.9048,-3.4748572813604e-05,-3.41351448969875e-05,0.00405387821855251,-0.00412337536372393,0,
3.90422984836393,,,,,,-3.43395778489784e-05
3.9056,-3.44583462921947e-05,-3.38482149878862e-05,0.00405416844537005,-0.00412308513765831,0,
3.90502793296089,,,,,,-3.40534175018468e-05
3.9064,-3.41679529501296e-05,-3.35612389438159e-05,0.00405445883885008,-0.00412279474461237,0,
3.90582601755786,,,,,,-3.37671416732187e-05
3.9072,-3.38774819155317e-05,-3.32743140752154e-05,0.00405474930986599,-0.00412250427371574,0,
3.90662410215483,,,,,,-3.34808475555842e-05
3.908,-3.35870214078462e-05,-3.29875369500324e-05,0.00405503977019976,-0.00412221381318936,0,
3.9074221867518,,,,,,-3.31946315351175e-05
3.9088,-3.32966588377437e-05,-3.2701003493758e-05,0.00405533013244215,-0.00412192345044535,0,
3.90822027134876,,,,,,-3.2908589290525e-05
3.9096,-3.30064809070221e-05,-3.24148090894593e-05,0.00405562030989274,-0.00412163327218692,0,
3.90901835594573,,,,,,-3.26228158918921e-05
3.9104,-3.27165737085104e-05,-3.21290486778139e-05,0.00405591021646002,-0.00412134336450827,0,
3.9098164405427,,,,,,-3.23374058995311e-05
3.9112,-3.24270228259713e-05,-3.18438168571426e-05,0.00405619976656151,-0.0041210538129945,0,
3.91061452513966,,,,,,-3.20524534628281e-05
3.912,-3.21379134340042e-05,-3.15592079834434e-05,0.00405648887502385,-0.00412076470282148,0,
3.91141260973663,,,,,,-3.17680524190909e-05
3.9128,-3.18493303979481e-05,-3.12753162704257e-05,0.00405677745698289,-0.0041204761188558,0,
3.9122106943336,,,,,,-3.1484296392396e-05
3.9136,-3.15613583737842e-05,-3.09922358895426e-05,0.00405706542778378,-0.00412018814575462,0,
3.91300877893057,,,,,,-3.12012788924363e-05
3.9144,-3.12740819080394e-05,-3.07100610700252e-05,0.0040573527028811,-0.00411990086806561,0,
3.91380686352753,,,,,,-3.09190934133681e-05
3.9152,-3.09875855376886e-05,-3.04288861989162e-05,0.00405763919773893,-0.00411961437032683,0,
3.9146049481245,,,,,,-3.06378335326591e-05
3.916,-3.07019538900577e-05,-3.01488059211032e-05,0.00405792482773095,-0.00411932873716668,0,
3.91540303272147,,,,,,-3.03575930099352e-05
3.9168,-3.04172717827273e-05,-2.98699152393528e-05,0.00405820950804054,-0.00411904405340373,0,
3.91620111731844,,,,,,-3.00784658858284e-05
3.9176,-3.01336243234345e-05,-2.95923096143434e-05,0.00405849315356092,-0.0041187604041467,0,
3.9169992019154,,,,,,-2.98005465808237e-05
3.9184,-2.98510970099764e-05,-2.93160850646991e-05,0.00405877568130677,-0.00411847787489433,0,
3.91779728651237,,,,,,-2.9523929994107e-05
3.9192,-2.95683195126966e-05,-2.90391590990721e-05,0.00405905845955823,-0.00411819509782944,0,
3.91859537110934,,,,,,-2.92487116024122e-05
3.92,-2.9285106170767e-05,-2.87613082150663e-05,0.00405934167138812,-0.00411791188524169,0,
3.91939345570631,,,,,,-2.89721111492177e-05
3.9208,-2.90027673253435e-05,-2.84839801690922e-05,0.00405962400864457,-0.00411762954488423,0,
3.92019154030327,,,,,,-2.86947388674397e-05
3.9216,-2.87213504004957e-05,-2.82076207079399e-05,0.00405990542390581,-0.00411734812637041,0,
3.92098962490024,,,,,,-2.84182977625769e-05
3.9224,-2.84409019441183e-05,-2.79322723307481e-05,0.00406018587062616,-0.00411706767625042,0,
3.92178770949721,,,,,,-2.81428309024344e-05
3.9232,-2.81614676945354e-05,-2.76579764268226e-05,0.00406046530306941,-0.00411678824026481,0,
3.92258579409417,,,,,,-2.78683802094126e-05
3.924,-2.78830926471059e-05,-2.73847733368706e-05,0.00406074367624223,-0.00411650986341105,0,
3.92338387869114,,,,,,-2.7594986521016e-05
3.9248,-2.76058211208287e-05,-2.71127024142361e-05,0.00406102094582753,-0.00411623259001016,0,
3.92418196328811,,,,,,-2.73226896503615e-05
3.9256,-2.73296968249468e-05,-2.68418020861337e-05,0.00406129706811792,-0.00411595646377331,0,
3.92498004788508,,,,,,-2.70515284466872e-05
3.9264,-2.70547629255532e-05,-2.65721099148843e-05,0.00406157199994904,-0.00411568152786842,0,
3.92577813248204,,,,,,-2.67815408558615e-05
3.9272,-2.67810621121953e-05,-2.63036626591492e-05,0.00406184569863298,-0.00411540782498678,0,
3.92657621707901,,,,,,-2.65127639808909e-05
3.928,-2.65086366644797e-05,-2.60364963351653e-05,0.0040621181218917,-0.00411513539740965,0,
3.92737430167598,,,,,,-2.62452341424293e-05
3.9288,-2.62375285186782e-05,-2.57706462779799e-05,0.0040623892277904,-0.00411486428707486,0,
3.92817238627294,,,,,,-2.59789869392867e-05
3.9296,-2.59677793343314e-05,-2.5506147202685e-05,0.00406265897467093,-0.00411459453564341,0,
3.92897047086991,,,,,,-2.57140573089375e-05
3.9304,-2.56994305608546e-05,-2.52430332656524e-05,0.00406292732108515,-0.00411432618456611,0,
3.92976855546688,,,,,,-2.54504795880293e-05
3.9312,-2.54325235041424e-05,-2.49813381257684e-05,0.00406319422572841,-0.00411405927515015,0,
3.93056664006385,,,,,,-2.51882875728918e-05
3.932,-2.51670993931736e-05,-2.47210950056686e-05,0.00406345964737285,-0.00411379384862572,0,
3.93136472466081,,,,,,-2.49275145800449e-05
3.9328,-2.49031994466168e-05,-2.44623367529727e-05,0.00406372354480087,-0.00411352994621264,0,
3.93216280925778,,,,,,-2.4668193506708e-05
3.9336,-2.46408649394344e-05,-2.42050959015192e-05,0.0040639858767385,-0.00411326760918692,0,
3.93296089385475,,,,,,-2.44103568913083e-05
3.9344,-2.4380137269488e-05,-2.39494047326001e-05,0.00406424660178879,-0.00411300687894742,0,
3.93375897845172,,,,,,-2.41540369739894e-05
3.9352,-2.41210580241437e-05,-2.36952953361956e-05,0.00406450567836524,-0.00411274779708242,0,
3.93455706304868,,,,,,-2.38992657571203e-05
3.936,-2.38636690468764e-05,-2.34427996722091e-05,0.00406476306462516,-0.00411249040543626,0,
3.93535514764565,,,,,,-2.36460750658037e-05
3.9368,-2.36080125038756e-05,-2.31919496317022e-05,0.0040650187184031,-0.00411223474617591,0,
3.93615323224262,,,,,,-2.33944966083849e-05
3.9376,-2.33541309506496e-05,-2.29427770981287e-05,0.00406527259714423,-0.00411198086185762,0,
3.93695131683958,,,,,,-2.31445620369602e-05
3.9384,-2.31020673986307e-05,-2.26953140085698e-05,0.00406552465860887,-0.00411172879549351,0,
3.93774940143655,,,,,,-2.28963030078861e-05
3.9392,-2.28513618480354e-05,-2.24495924149691e-05,0.00406577536377035,-0.00411147808785553,0,
3.93854748603352,,,,,,-2.26497512422872e-05
3.94,-2.26009102599001e-05,-2.22056445453669e-05,0.00406602581291346,-0.00411122763587828,0,
3.93934557063049,,,,,,-2.24049385865656e-05
3.9408,-2.23520603982593e-05,-2.1963489906203e-05,0.00406627466031974,-0.00411097878357162,0,
3.94014365522745,,,,,,-2.21618970729089e-05
3.9416,-2.21048294741538e-05,-2.17216524209558e-05,0.00406652188877934,-0.00411073155019215,0,
3.94094173982442,,,,,,-2.19206432223425e-05
3.9424,-2.18592342505074e-05,-2.14811280982061e-05,0.00406676748153043,-0.004110485952504,0,
3.94173982442139,,,,,,-2.16793837638233e-05
3.9432,-2.16152910852902e-05,-2.12422103392959e-05,0.00406701142221609,-0.00411024200686623,0,
3.94253790901836,,,,,,-2.14397129881739e-05
3.944,-2.13730159746819e-05,-2.10049112957272e-05,0.0040672536948411,-0.00410999972927607,0,
3.94333599361532,,,,,,-2.12016432571252e-05
3.9448,-2.11324245962353e-05,-2.07692427940185e-05,0.00406749428372877,-0.00410975913541201,0,
3.94413407821229,,,,,,-2.09651865727528e-05
3.9456,-2.0893532352039e-05,-2.05352163819418e-05,0.00406773317347785,-0.00410952024067704,0,
3.94493216280926,,,,,,-2.07303546231672e-05
3.9464,-2.06563544118809e-05,-2.03028433747618e-05,0.00406797034891929,-0.00410928306024177,0,
3.94573024740623,,,,,,-2.04971588282038e-05
3.9472,-2.04209057564118e-05,-2.00721349014742e-05,0.00406820579507312,-0.00410904760908758,0,
3.94652833200319,,,,,,-2.02656103851129e-05
3.948,-2.0187201220308e-05,-1.98431019510433e-05,0.0040684394971053,-0.00410881390204984,0,
3.94732641660016,,,,,,-2.00357203142494e-05
3.9488,-1.99552555354352e-05,-1.96157554186412e-05,0.00406867144028452,-0.00410858195386105,0,
3.94812450119713,,,,,,-1.98074995047636e-05
3.9496,-1.97250833740114e-05,-1.93901061518853e-05,0.00406890160993904,-0.00410835177919396,0,
3.94892258579409,,,,,,-1.95809587602902e-05
3.9504,-1.94966993917701e-05,-1.9166164997077e-05,0.0040691299914136,-0.00410812339270482,0,
3.94972067039106,,,,,,-1.93561088446389e-05
3.9512,-1.92701182711236e-05,-1.89439428454399e-05,0.00406935657002616,-0.00410789680907649,0,
3.95051875498803,,,,,,-1.91329605274845e-05
3.952,-1.90453547643264e-05,-1.87234506793579e-05,0.00406958133102481,-0.00410767204306161,0,
3.951316839585,,,,,,-1.89115246300564e-05
3.9528,-1.88224237366386e-05,-1.85046996186139e-05,0.00406980425954457,-0.00410744910952577,0,
3.95211492418196,,,,,,-1.86918120708292e-05
3.9536,-1.86013402094886e-05,-1.82877009666278e-05,0.00407002534056426,-0.0041072280234907,0,
3.95291300877893,,,,,,-1.84738339112122e-05
3.9544,-1.83821194036367e-05,-1.80724662566946e-05,0.00407024455886333,-0.00410700880017739,0,
3.9537110933759,,,,,,-1.82576014012397e-05
3.9552,-1.81647767823384e-05,-1.78590072982232e-05,0.00407046189897865,-0.0041067914550493,0,
3.95450917797287,,,,,,-1.80431260252608e-05
3.956,-1.79493280945076e-05,-1.7647336222974e-05,0.00407067734516145,-0.0041065760038555,0,
3.95530726256983,,,,,,-1.78304195476296e-05
3.9568,-1.77357894178799e-05,-1.74374655312981e-05,0.00407089088133407,-0.00410636246267384,0,
3.9561053471668,,,,,,-1.76194940583951e-05
3.9576,-1.75241772021755e-05,-1.72294081383747e-05,0.00407110249104684,-0.00410615084795413,0,
3.95690343176377,,,,,,-1.74103620189914e-05
3.9584,-1.73145083122631e-05,-1.70231774204497e-05,0.00407131215743741,-0.00410594117656128,0,
3.95770151636073,,,,,,-1.72030363079273e-05
3.9592,-1.71067980940917e-05,-1.68187872610743e-05,0.00407151986685917,-0.00410573346384377,0,
3.9584996009577,,,,,,-1.69975302664767e-05
3.96,-1.68997159001628e-05,-1.66162520973428e-05,0.00407172694681692,-0.00410552638085343,0,
3.95929768555467,,,,,,-1.67938577443682e-05
3.9608,-1.66944073488891e-05,-1.64155869661312e-05,0.00407193225315039,-0.00410532107006597,0,
3.96009577015164,,,,,,-1.65920331454758e-05
3.9616,-1.64908731200557e-05,-1.62168075503355e-05,0.00407213578518006,-0.00410511753361934,0,
3.9608938547486,,,,,,-1.63920714735079e-05
3.9624,-1.62891137201511e-05,-1.60199302251096e-05,0.00407233754239961,-0.00410491577202026,0,
3.96169193934557,,,,,,-1.61939883776983e-05
3.9632,-1.60891295102155e-05,-1.58243944419651e-05,0.00407253752444817,-0.00410471578562998,0,
3.96249002394254,,,,,,-1.59978001984955e-05
3.964,-1.5890920733689e-05,-1.56297048324115e-05,0.00407273573108241,-0.00410451757469207,0,
3.96328810853951,,,,,,-1.58028746628273e-05
3.9648,-1.56944875442597e-05,-1.54366100650463e-05,0.00407293216214872,-0.00410432113936036,0,
3.96408619313647,,,,,,-1.56087380816436e-05
3.9656,-1.54998300337134e-05,-1.52452092459793e-05,0.00407312681755535,-0.00410412647972669,0,
3.96488427773344,,,,,,-1.54162872580778e-05
3.9664,-1.53069482597804e-05,-1.50555026139242e-05,0.0040733196972446,-0.00410393359584885,0,
3.96568236233041,,,,,,-1.5225522302571e-05
3.9672,-1.5115842273985e-05,-1.48674905797443e-05,0.0040735108011649,-0.00410374248777837,0,
3.96648044692737,,,,,,-1.50364434673321e-05
3.968,-1.49265121494934e-05,-1.46811737590281e-05,0.00407370012924305,-0.00410355315558838,0,
3.96727853152434,,,,,,-1.48490511785258e-05
3.9688,-1.47389580089625e-05,-1.44965530046631e-05,0.00407388768135629,-0.0041033655994015,0,
3.96807661612131,,,,,,-1.46633460684619e-05
3.9696,-1.45531800523882e-05,-1.43136294394124e-05,0.00407407345730452,-0.00410317981941764,0,
3.96887470071828,,,,,,-1.44793290077837e-05
3.9704,-1.43691785849536e-05,-1.41324044884883e-05,0.00407425745678242,-0.00410299581594186,0,
3.96967278531524,,,,,,-1.42970011376569e-05
3.9712,-1.41869540448776e-05,-1.39528799121279e-05,0.00407443967935161,-0.00410281358941225,0,
3.97047086991221,,,,,,-1.41163639019583e-05
3.972,-1.40065070312632e-05,-1.37750578381682e-05,0.00407462012441279,-0.00410263314042775,0,
3.97126895450918,,,,,,-1.39374190794644e-05
3.9728,-1.38278383319462e-05,-1.35989407946206e-05,0.00407479879117793,-0.004102454469776,0,
3.97206703910615,,,,,,-1.37601688160405e-05
3.9736,-1.36509489513436e-05,-1.34245317422468e-05,0.00407497567864237,-0.00410227757846122,0,
3.97286512370311,,,,,,-1.3584615656829e-05
3.9744,-1.34758401383015e-05,-1.32518341071327e-05,0.00407515078555703,-0.00410210246773202,0,
3.97366320830008,,,,,,-1.34107625784382e-05
3.9752,-1.33025134139441e-05,-1.30808518132642e-05,0.00407532411040051,-0.00410192913910928,0,
3.97446129289705,,,,,,-1.32386130211315e-05
3.976,-1.31309705995218e-05,-1.29115893151019e-05,0.00407549565135128,-0.00410175759441398,0,
3.97525937749401,,,,,,-1.30681709210156e-05
3.9768,-1.29612138442598e-05,-1.2744051630156e-05,0.00407566540625983,-0.00410158783579507,0,
3.97605746209098,,,,,,-1.28994407422293e-05
3.9776,-1.27932456532065e-05,-1.25782443715618e-05,0.00407583337262079,-0.0041014198657573,0,
3.97685554668795,,,,,,-1.27324275091326e-05
3.9784,-1.26270689150819e-05,-1.2414173780654e-05,0.00407599954754513,-0.00410125368718908,0,
3.97765363128492,,,,,,-1.25671368384951e-05
3.9792,-1.24626869301258e-05,-1.22518467595421e-05,0.00407616392838395,-0.00410108930339034,0,
3.97845171588188,,,,,,-1.24035749716848e-05
3.98,-1.22994492259758e-05,-1.20912709036854e-05,0.0040763270038814,-0.00410092590233336,0,
3.97924980047885,,,,,,-1.22417488068569e-05
3.9808,-1.21376626925136e-05,-1.19324545344678e-05,0.00407648879194899,-0.00410076411733402,0,
3.98004788507582,,,,,,-1.20816659311426e-05
3.9816,-1.19775265862081e-05,-1.17754067317732e-05,0.00407664892966775,-0.00410060398284017,0,
3.98084596967279,,,,,,-1.19233346528375e-05
3.9824,-1.18190336157293e-05,-1.16201373665601e-05,0.00407680742422708,-0.00410044549145854,0,
3.98164405426975,,,,,,-1.17667640335909e-05
3.9832,-1.16621764996101e-05,-1.14666571334365e-05,0.00407696428290868,-0.0041002886359079,0,
3.98244213886672,,,,,,-1.16119639205939e-05
3.984,-1.15069479839388e-05,-1.13149775832355e-05,0.00407711951296671,-0.00410013340893459,0,
3.98324022346369,,,,,,-1.14589449787686e-05
3.9848,-1.1353340860051e-05,-1.11651111555897e-05,0.00407727312161011,-0.00409997980333021,0,
3.98403830806065,,,,,,-1.13077187229566e-05
3.9856,-1.12013479822223e-05,-1.10156340885829e-05,0.00407742511598488,-0.00409982781194932,0,
3.98483639265762,,,,,,-1.11582975501079e-05
3.9864,-1.10509622853602e-05,-1.08673090011674e-05,0.0040775755031564,-0.00409967742772712,0,
3.98563447725459,,,,,,-1.10091927617248e-05
3.9872,-1.09021768026966e-05,-1.07205167205322e-05,0.00407772429009174,-0.00409952864369714,0,
3.98643256185156,,,,,,-1.08612739121029e-05
3.988,-1.07549846834803e-05,-1.05752665980375e-05,0.00407787148364198,-0.00409938145300894,0,
3.98723064644852,,,,,,-1.07148958010685e-05
3.9888,-1.06093792106687e-05,-1.04315525379147e-05,0.00407801709052447,-0.00409923584894581,0,
3.98802873104549,,,,,,-1.05700522294596e-05
3.9896,-1.04653538186208e-05,-1.0289368615363e-05,0.0040781611173052,-0.00409909182494244,0,
3.98882681564246,,,,,,-1.04267371512883e-05
3.9904,-1.0322902110789e-05,-1.01487090935991e-05,0.00407830357038104,-0.00409894937460262,0,
3.98962490023943,,,,,,-1.02849446905893e-05
3.9912,-1.01820178774114e-05,-1.00095684409085e-05,0.00407844445596212,-0.00409880849171694,0,
3.99042298483639,,,,,,-1.01446691582683e-05
3.992,-1.00426951132045e-05,-9.87194134769599e-06,0.00407858378005406,-0.00409866917028047,0,
3.99122106943336,,,,,,-1.00059050689506e-05
3.9928,-9.90492803505483e-06,-9.73582274353603e-06,0.00407872154844036,-0.00409853140451047,0,
3.99201915403033,,,,,,-9.86864715782909e-06
3.9936,-9.76871109971206e-06,-9.60120781422381e-06,0.00407885776666461,-0.00409839518886404,0,
3.99281723862729,,,,,,-9.73289039751327e-06
3.9944,-9.63403902148056e-06,-9.46809201882537e-06,0.0040789924400129,-0.00409826051805586,0,
3.99361532322426,,,,,,-9.59863001487725e-06
3.9952,-9.50090678991207e-06,-9.33647110672852e-06,0.00407912557349605,-0.00409812738707587,0,
3.99441340782123,,,,,,-9.46586150790833e-06
3.996,-9.36930968749788e-06,-9.20634113469335e-06,0.00407925717183194,-0.00409799579120693,0,
3.9952114924182,,,,,,-9.33458066255546e-06
3.9968,-9.23924330736111e-06,-9.07769848390281e-06,0.00407938723942783,-0.00409786572604255,0,
3.99600957701516,,,,,,-9.20478356957762e-06
3.9976,-9.11070357094922e-06,-8.95053987701357e-06,0.00407951578036265,-0.00409773718750455,0,
3.99680766161213,,,,,,-9.07646664139229e-06
3.9984,-8.98368674572591e-06,-8.82486239520625e-06,0.00407964279836933,-0.00409761017186078,0,
3.9976057462091,,,,,,-8.94962662892384e-06
3.9992,-8.85818946286367e-06,-8.70066349523628e-06,0.00407976829681282,-0.00409748467573855,0,
3.99840383080607,,,,,,-8.82426063845201e-06
4,-8.73419763384692e-06,-8.57794102648449e-06,0.0306559648062308,-0.0306734332014985,,
3.99920191540303,,,,,,-8.70036614846032e-06
4,-8.73419763384692e-06,-8.57794102648449e-06,0.0306561210628381,-0.0306734332014985,,-8.57794102648449e-06

